bio_data|adult data|larval site data|IR data|source_ID|citation (DOI)|author|article title|journal title|publication year|study/sampling design|contact authors|source notes|country|site|latitude_1|longitude_1|latitude_2|longitude_2|latitude_3|longitude_3|latitude_4|longitude_4|latitude_5|longitude_5|latitude_6|longitude_6|latitude_7|longitude_7|latitude_8|longitude_8|confidence in georef|area type|georef source|admin level_1|admin level_2|site notes|insecticide control|control type|ITN use?|control notes|sampling method_1|n_1|sampling method_2|n_2|sampling method_3|n_3|sampling method_4|n_4|n_tot|sampling method notes|binary presence|binary absence|abundance data in a graph|month_st|month_end|year_st|year_end|season (given)|season (calc)|rainfall/time|season notes |species|species notes|id_1|id_2|roof|walls|house screening|open eaves|cooking|housing notes|common occupation_1|common occupation_2|common occupation_3|outdoor activities at night|sleeping outdoors|outdoor timings/hours|outdoor activities notes|average bedtime|average wake time|time people leave home  in morning|hours spent away from home per day|seasonal labour|community notes|forest|farming|farming notes|livestock_1|livestock_2|livestock_3|livestock_4|livestock notes|local plants|environment notes|sampling (biology)_1|sampling (biology)_2|sampling (biology)_3|sampling (biology)_n|parity (n)|parity (total)|parity (%)|daily survival rate (%)|fecundity (mean batch size)|gonotrophic cycle (days)|biology notes|sampling (infection)_1|sampling (infection)_2|sampling (infection)_3|sampling (infection)_n|SR by dissection (n)|SR by dissection (total)|SR by dissection (%)|SR by CSP (n_pool)|SR by CSP (total_pool)|SR by CSP(%)|SR by Pf (n)|SR by Pf (total)|SR by P. falciparum|SR by Pv (n)|SR by Pv (total)|SR by P. vivax|oocyst (n)|oocyst (total)|oocyst rate (%)|EIR|EIR (period)|Ext. incubation period (days)|infection notes|HBR sampling (indoor)|indoor HBR|HBR sampling (outdoor)|outdoor HBR|HBR sampling (combined)_1|HBR sampling (combined)_2|HBR sampling (combined)_3|HBR sampling (combined)_n|combined HBR|HBR (unit)|ABR sampling_1|ABR sampling_2|ABR sampling_3|ABR sampling_n|ABR|ABR unit|biting rate notes|host sampling (indoor)|indoor host (n)|indoor host (total)|indoor host %|host sampling (outdoor)|outdoor host (n)|outdoor host (total)|outdoor host (%)|host sampling (combined)_1|host sampling (combined)_2|host sampling (combined)_3|host sampling (combined)_n|combined host (n)|combined host (total)|combined host|host (unit)|host sampling (other)_1|host sampling (other)_2|host sampling (other)_3|host sampling (other)_n|other host (n)|other host (total)|host (other)|host (other) unit|host notes|biting -  No. of sampling nights (indoors)|biting sampling (indoor)|indoor biting (n)|indoor biting (total)|indoor biting data|Biting - No. of sampling nights (outdoors).|biting sampling (outdoor)|outdoor biting (n)|outdoor biting (total)|outdoor biting data|indoor/outdoor biting (unit)|indoor/outdoor biting notes|biting activity (indoor)  -  No. of sampling nights|18.00-19.00 (in)|19.00-20.00 (in)|20.00-21.00 (in)|21.00-22.00 (in)|22.00-23.00 (in)|23.00-00.00 (in)|00.00-01.00 (in)|01.00-02.00 (in)|02.00-03.00 (in)|03.00-04.00 (in)|04.00-05.00 (in)|05.00-06.00 (in)|18.30-21.30 (in)|21.30-00.30 (in)|00.30-03.30 (in)|03.30-06.30 (in)|biting activity (outdoor)  -  No. of sampling nights|18.00-19.00 (out)|19.00-20.00 (out)|20.00-21.00 (out)|21.00-22.00 (out)|22.00-23.00 (out)|23.00-00.00 (out)|00.00-01.00 (out)|01.00-02.00 (out)|02.00-03.00 (out)|03.00-04.00 (out)|04.00-05.00 (out)|05.00-06.00 (out)|18.30-21.30 (out)|21.30-00.30 (out)|00.30-03.30 (out)|03.30-06.30 (out)|biting activity (combined)  -  No. of sampling nights|18.00-19.00 (combined)|19.00-20.00 (combined)|20.00-21.00 (combined)|21.00-22.00 (combined)|22.00-23.00 (combined)|23.00-00.00 (combined)|00.00-01.00 (combined)|01.00-02.00 (combined)|02.00-03.00 (combined)|03.00-04.00 (combined)|04.00-05.00 (combined)|05.00-06.00 (combined)|18.30-21.30 (combined)|21.30-00.30 (combined)|00.30-03.30 (combined)|03.30-06.30 (combined)|biting notes|resting sampling (indoor)|unfed (indoor)|fed (indoor)|gravid (indoor)|total (indoor)|resting sampling (outdoor)|unfed (outdoor)|fed (outdoor)|gravid (outdoor)|total (outdoor)|resting sampling (other)|unfed (other)|fed (other)|gravid (other)|total (other)|resting (unit)|resting notes|larval instar(s) found_1|larval habitat_1|LH-1_site character|LH-1_turbidity?|LH-1_salinity?|LH-1_vegetation?|LH-1_shade?|LH-1_water current|LH-1_size (diameter/widest point)|LH-1_depth|LH-1_permanence|LH-1_other fauna?|LH-1_larval control present?|larval instar(s) found_2|larval habitat_2|LH-2_site character|LH-2_turbididity?|LH-2_salinity?|LH-2_vegetation?|LH-2_shade?|LH-2_water current|LH-2_size|LH-2_depth|LH-2_permenance|LH-2_other fauna?|LH-2_larval control present?|larval instar(s) found_3|Larval habitat_3|LH-1_site character_3|LH-3_turbidity?|LH-3_salinity?|LH-3_vegetation?|LH-3_shade?|LH-3_water current|LH-3_size|LH-3_depth|LH-3_other fauna?|LH-3_larval control present?|Larval notes|Bioassay representative of complex at site|Bioassay representative of complex at site if disaggregated values combined without adjustments?|Bioassay representative if adjusted using % species?|Generation|Wild caught larvae or adults|Lower age (days)|Upper age (days)|Test protocol|Insecticide tested|Insecticide class|IRAC MoA|IRAC MoA Code|Concentration (%)|Concentration (µg)|Exposure period (min)|Intensity (multiplier)|Synergist tested|Synergist concentration|Synergist concentration unit|No. mosquitoes tested|No. mosquitoes dead|Percent mortality|Knock down exposure time (min)|No. mosquitoes knocked down|% KD|KDT50% (min)|KDT90% (min)|KDT95% (min)|Bioassay notes|Total no. mosquitoes test in full sample|Original sample (MAP)|Representative of complex at site?|Representative of complex at site if disaggregated values combined without adjustments?|Representative if adjusted using % species?|Representative if adjusted using % dead/alive|Minor species missing allele frequency data|Notes on population representative|Same set as identified (including when dead/survived combined)|Subset of identified|Representative of a species|Species|Same set as susceptibilty tests|Subset of susceptibility tests|Match to a bioassay|Match to a bioassay if combined without adjustments?|Match to a bioassay if adjust values using % mortality?|Notes on bioassay matching|Vgsc Method 1|Vgsc Number of mosquitoes tested |Vgsc Generation|Vgsc/kdr notes|L/L (no.)|L/L (%)|L/F (no.)|L/F (%)|F/F (no.)|F/F (%)|L/S (no.)|L/S (%)|S/S (no.)|S/S (%)|L/C (no.)|L/C (%)|C/C (no.)|C/C (%)|null/C or C/C (no.)|null/C or C/C (%)|F/S (no.)|F/S (%)|F/C (no.)|F/C (%)|SS (no.)|SS (%)|RS (no.)|RS (%)|RR (no.)|RR (%)|Vgsc-995L|Vgsc-995F|Vgsc-995S|Vgsc-995C|"""kdr"""|402/402  (wildtype no.)|402/402(%) (wildtype percent)|402/402L (heterozygote no.)|402/402L (%) (heterzygote percent)|402L/402L (no.) (homozygote no.)|402L/402L (%) (homozygote percent)|Vgsc-402|Vgsc-402L|1570/1570  (wildtype no.)|1570/1570(%) (wildtype percent)|1570/1570Y (heterozygote no.)|1570/1570Y (%) (heterozygote percent)|1570Y/1570Y (no.) (homozygote no.)|1570Y/1570Y (%) (homozygote percent)|Vgsc-1570 (wildtype)|Vgsc-1570Y (resistant)|Rdl Method 1|Rdl Number of mosquitoes tested |Rdl Generation|Rdl notes|C/C (no.)|C/C (%)|C/G (no.)|C/G (%)|G/G (no.)|G/G (%)|C/S (no.)|C/S (%)|S/S (no.)|S/S (%)|G/S (no.)|G/S (%)|Rdl-296C|Rdl-296G|Rdl-296S|Ace-1 Method 1|Ace-1 Number of mosquitoes tested |Ace-1 Generation|Ace-1 notes|280/280  (wildtype no.)|280/280(%) (wildtype percent)|280/280S (heterozygote no.)|280/280S (%) (heterozygote percent)|280S/280S (no.) (homozygote no.)|280S/280S (%) (homozygote percent)|Ace-280 (wildtype)|Ace-280S (resistant)|Gste Method 1|Gste Number of mosquitoes tested |Gste Generation|Gste notes|114I/114I  (wildtype no.)|114I/114I (%) (wildtype percent)|114I/114T (heterozygote no.)|114I/114T (%) (heterozygote percent)|114T/114T (no.) (homozygote no.)|114T/114T (%) (homozygote percent)|Gste-114I (wildtype)|Gste-114T (resistant)|119/119  (wildtype no.)|119/119 (%) (wildtype percent)|119/119V (heterozygote no.)|119/119V (%) (heterozygote percent)|119V/119V (no.) (homozygote no.)|119V/119V (%) (homozygote percent)|Gste-119 (wildtype)|Gste-119V (resistant)|Cyp Method 1|Cyp Number of mosquitoes tested |Cyp Generation|Cyp notes|L43L/L43L  (wildtype no.)|L43L/L43L (%) (wildtype percent)|L43L/L43F (heterozygote no.)|L43L/L43F (%) (heterozygote percent)|L43F/L43F (no.) (homozygote no.)|L43F/L43F (%) (homozygote percent)|Cyp4j5-L43L (wildtype)|Cyp4j5-L43F (resistant)|Cyp6p4-236WT/Cyp6p4-236WT  (wildtype no.)|Cyp6p4-236WT/Cyp6p4-236WT (%) (wildtype percent)|Cyp6p4-236WT/Cyp6p4-236M (heterozygote no.)|Cyp6p4-236WT/Cyp6p4-236M (%) (heterozygote percent)|Cyp6p4-236M/Cyp6p4-236M (no.) (homozygote no.)|Cyp6p4-236M/Cyp6p4-236M (%) (homozygote percent)|Cyp6p4-236WT (wildtype)|Cyp6p4-236M (resistant)|Cyp6aap-WT/Cyp6aap-WT  (wildtype no.)|Cyp6aap-WT/Cyp6aap-WT (%) (wildtype percent)|Cyp6aap-WT/Cyp6aap-Dup1 (heterozygote no.)|Cyp6aap-WT/Cyp6aap-Dup1 (%) (heterozygote percent)|Cyp6aap-Dup1/Cyp6aap-Dup1 (no.) (homozygote no.)|Cyp6aap-Dup1/Cyp6aap-Dup1 (%) (homozygote percent)|Cyp6aap-WT (wildtype)|Cyp6aap-Dup1 (resistant)|data abstracted by|data checked by|final check||||||
no|yes|no|none|VA1|10.1186/s13071-022-05320-9|Boussougou‑Sambe|"Assessment of malaria transmission intensity 
and insecticide resistance mechanisms in three 
rural areas of the Moyen Ogooué Province 
of Gabon
"|Parasites & Vectors|2022||||Gabon|Zilé|-0.70391|10.34014|||||||||||||||within 5km|gps coords|paper/map|Moyen Ogooué Province||Zilé is an area located approximately 12 km from Lambaréné|no||||HLC - in||HLC - out||||||||yes|no|no|5|8|2017|2018|cross|||"Mosquitoes were collected in both the rainy and dry sea_x0002_sons by overnight human landing catches (HLC), indoor and outdoor,in Zilé where three collections were performed in 
the rainy seasons and one during the dry season"|coustani||morph|genetic/molecular|||||||||||||||||||||||||||||||||||||||||||||||||||||||||||||day|||||||HLC - in|HLC - out||||HBR (night)||||||||||||||||||||||||||||||||||||||||||||||||||||||||||||||||||||||||||||||||||||||||||||||||||||||||||||||||||||||||||||||||||||||||||||||||||||||||||||||||||||||||||||||||||||||||||||||||||||||||||||||||||||||||||||||||||||||||||||||||||||||||||||||||||||||||||||||||||||||||||||||||||||||||||||||||||||||||||||||||||||||||||CNK||||||||
no|yes|no|none|VA1|10.1186/s13071-022-05320-9|Boussougou‑Sambe|"Assessment of malaria transmission intensity 
and insecticide resistance mechanisms in three 
rural areas of the Moyen Ogooué Province 
of Gabon
"|Parasites & Vectors|2022||||Gabon|Zilé|-0.70391|10.34014|||||||||||||||within 5km|gps coords|paper/map|Moyen Ogooué Province||Zilé is an area located approximately 12 km from Lambaréné|no||||HLC - in||HLC - out||||||||yes|no|no|5|8|2017|2018|cross|||"Mosquitoes were collected in both the rainy and dry sea_x0002_sons by overnight human landing catches (HLC), indoor and outdoor,in Zilé where three collections were performed in 
the rainy seasons and one during the dry season"|moucheti||morph|genetic/molecular|||||||||||||||||||||||||||||||||||||||||||||||||||||||||||||day|||||||HLC - in|HLC - out||||HBR (night)||||||||||||||||||||||||||||||||||||||||||||||||||||||||||||||||||||||||||||||||||||||||||||||||||||||||||||||||||||||||||||||||||||||||||||||||||||||||||||||||||||||||||||||||||||||||||||||||||||||||||||||||||||||||||||||||||||||||||||||||||||||||||||||||||||||||||||||||||||||||||||||||||||||||||||||||||||||||||||||||||||||||||CNK||||||||
no|yes|no|none|VA1|10.1186/s13071-022-05320-9|Boussougou‑Sambe|"Assessment of malaria transmission intensity 
and insecticide resistance mechanisms in three 
rural areas of the Moyen Ogooué Province 
of Gabon
"|Parasites & Vectors|2022||||Gabon|Zilé|-0.70391|10.34014|||||||||||||||within 5km|gps coords|paper/map|Moyen Ogooué Province||Zilé is an area located approximately 12 km from Lambaréné|no||||HLC - in||HLC - out||||||||yes|no|no|5|8|2017|2018|cross|||"Mosquitoes were collected in both the rainy and dry sea_x0002_sons by overnight human landing catches (HLC), indoor and outdoor,in Zilé where three collections were performed in 
the rainy seasons and one during the dry season"|gambiae (S)||morph|genetic/molecular|||||||||||||||||||||||||||||||||||||||||||||||||||||||||||||day|||||||HLC - in|HLC - out||||HBR (night)||||||||||||||||||||||||||||||||||||||||||||||||||||||||||||||||||||||||||||||||||||||||||||||||||||||||||||||||||||||||||||||||||||||||||||||||||||||||||||||||||||||||||||||||||||||||||||||||||||||||||||||||||||||||||||||||||||||||||||||||||||||||||||||||||||||||||||||||||||||||||||||||||||||||||||||||||||||||||||||||||||||||||CNK||||||||
no|yes|no|none|VA1|10.1186/s13071-022-05320-9|Boussougou‑Sambe|"Assessment of malaria transmission intensity 
and insecticide resistance mechanisms in three 
rural areas of the Moyen Ogooué Province 
of Gabon
"|Parasites & Vectors|2022||||Gabon|Zilé|-0.70391|10.34014|||||||||||||||within 5km|gps coords|paper/map|Moyen Ogooué Province||Zilé is an area located approximately 12 km from Lambaréné|no||||HLC - in||HLC - out||||||||yes|no|no|5|8|2017|2018|cross|||"Mosquitoes were collected in both the rainy and dry sea_x0002_sons by overnight human landing catches (HLC), indoor and outdoor,in Zilé where three collections were performed in 
the rainy seasons and one during the dry season"|coluzzii (gambiae M)||morph|genetic/molecular|||||||||||||||||||||||||||||||||||||||||||||||||||||||||||||day|||||||HLC - in|HLC - out||||HBR (night)||||||||||||||||||||||||||||||||||||||||||||||||||||||||||||||||||||||||||||||||||||||||||||||||||||||||||||||||||||||||||||||||||||||||||||||||||||||||||||||||||||||||||||||||||||||||||||||||||||||||||||||||||||||||||||||||||||||||||||||||||||||||||||||||||||||||||||||||||||||||||||||||||||||||||||||||||||||||||||||||||||||||||CNK||||||||
yes|yes|no|none|VA1|10.1186/s13071-022-05320-9|Boussougou‑Sambe|"Assessment of malaria transmission intensity 
and insecticide resistance mechanisms in three 
rural areas of the Moyen Ogooué Province 
of Gabon
"|Parasites & Vectors|2022||||Gabon|Zilé|-0.70391|10.34014|||||||||||||||within 5km|gps coords|paper/map|Moyen Ogooué Province||Zilé is an area located approximately 12 km from Lambaréné|no||||HLC - in||HLC - out||||||||yes|no|no|8|8|2017|2017||||"Mosquitoes were collected in both the rainy and dry sea_x0002_sons by overnight human landing catches (HLC), indoor and outdoor,in Zilé where three collections were performed in 
the rainy seasons and one during the dry season"||||||||||||||||||||||||||||||||||||||||||||||||||||||||||||||||0.6|day|||||||HLC - in|HLC - out|||4.38|HBR (night)||||||||||||||||||||||||||||||||||||||||||||||||||||||||||||||||||||||||||||||||||||||||||||||||||||||||||||||||||||||||||||||||||||||||||||||||||||||||||||||||||||||||||||||||||||||||||||||||||||||||||||||||||||||||||||||||||||||||||||||||||||||||||||||||||||||||||||||||||||||||||||||||||||||||||||||||||||||||||||||||||||||||||CNK||||||||
yes|yes|no|none|VA1|10.1186/s13071-022-05320-9|Boussougou‑Sambe|"Assessment of malaria transmission intensity 
and insecticide resistance mechanisms in three 
rural areas of the Moyen Ogooué Province 
of Gabon
"|Parasites & Vectors|2022||||Gabon|Zilé|-0.70391|10.34014|||||||||||||||within 5km|gps coords|paper/map|Moyen Ogooué Province||Zilé is an area located approximately 12 km from Lambaréné|no||||HLC - in||HLC - out||||||||yes|no|no|6|9||||||"Mosquitoes were collected in both the rainy and dry sea_x0002_sons by overnight human landing catches (HLC), indoor and outdoor,in Zilé where three collections were performed in 
the rainy seasons and one during the dry season"||||||||||||||||||||||||||||||||||||||||||||||||||||||||||||||||0.6|day|||||||HLC - in|HLC - out|||4.38|HBR (night)||||||||||||||||||||||||||||||||||||||||||||||||||||||||||||||||||||||||||||||||||||||||||||||||||||||||||||||||||||||||||||||||||||||||||||||||||||||||||||||||||||||||||||||||||||||||||||||||||||||||||||||||||||||||||||||||||||||||||||||||||||||||||||||||||||||||||||||||||||||||||||||||||||||||||||||||||||||||||||||||||||||||||CNK||||||||
yes|yes|no|none|VA1|10.1186/s13071-022-05320-9|Boussougou‑Sambe|"Assessment of malaria transmission intensity 
and insecticide resistance mechanisms in three 
rural areas of the Moyen Ogooué Province 
of Gabon
"|Parasites & Vectors|2022||||Gabon|Zilé|-0.70391|10.34014|||||||||||||||within 5km|gps coords|paper/map|Moyen Ogooué Province||Zilé is an area located approximately 12 km from Lambaréné|no||||HLC - in||HLC - out||||||||yes|no|no|5|5|2017|2017||||"Mosquitoes were collected in both the rainy and dry sea_x0002_sons by overnight human landing catches (HLC), indoor and outdoor,in Zilé where three collections were performed in 
the rainy seasons and one during the dry season"||||||||||||||||||||||||||||||||||||||||||||||||||||||||||||||||0.41|day|||||||HLC - in|HLC - out|||27.38|HBR (night)||||||||||||||||||||||||||||||||||||||||||||||||||||||||||||||||||||||||||||||||||||||||||||||||||||||||||||||||||||||||||||||||||||||||||||||||||||||||||||||||||||||||||||||||||||||||||||||||||||||||||||||||||||||||||||||||||||||||||||||||||||||||||||||||||||||||||||||||||||||||||||||||||||||||||||||||||||||||||||||||||||||||||CNK||||||||
yes|yes|no|none|VA1|10.1186/s13071-022-05320-9|Boussougou‑Sambe|"Assessment of malaria transmission intensity 
and insecticide resistance mechanisms in three 
rural areas of the Moyen Ogooué Province 
of Gabon
"|Parasites & Vectors|2022||||Gabon|Zilé|-0.70391|10.34014|||||||||||||||within 5km|gps coords|paper/map|Moyen Ogooué Province||Zilé is an area located approximately 12 km from Lambaréné|no||||HLC - in||HLC - out||||||||yes|no|no|11|11|2017|2017||||"Mosquitoes were collected in both the rainy and dry sea_x0002_sons by overnight human landing catches (HLC), indoor and outdoor,in Zilé where three collections were performed in 
the rainy seasons and one during the dry season"||||||||||||||||||||||||||||||||||||||||||||||||||||||||||||||||1.69|day|||||||HLC - in|HLC - out|||62.5|HBR (night)||||||||||||||||||||||||||||||||||||||||||||||||||||||||||||||||||||||||||||||||||||||||||||||||||||||||||||||||||||||||||||||||||||||||||||||||||||||||||||||||||||||||||||||||||||||||||||||||||||||||||||||||||||||||||||||||||||||||||||||||||||||||||||||||||||||||||||||||||||||||||||||||||||||||||||||||||||||||||||||||||||||||||CNK||||||||
yes|yes|no|none|VA1|10.1186/s13071-022-05320-9|Boussougou‑Sambe|"Assessment of malaria transmission intensity 
and insecticide resistance mechanisms in three 
rural areas of the Moyen Ogooué Province 
of Gabon
"|Parasites & Vectors|2022||||Gabon|Zilé|-0.70391|10.34014|||||||||||||||within 5km|gps coords|paper/map|Moyen Ogooué Province||Zilé is an area located approximately 12 km from Lambaréné|no||||HLC - in||HLC - out||||||||yes|no|no|2|2|2018|2018||||"Mosquitoes were collected in both the rainy and dry sea_x0002_sons by overnight human landing catches (HLC), indoor and outdoor,in Zilé where three collections were performed in 
the rainy seasons and one during the dry season"||||||||||||||||||||||||||||||||||||||||||||||||||||||||||||||||0|day|||||||HLC - in|HLC - out|||5.75|HBR (night)||||||||||||||||||||||||||||||||||||||||||||||||||||||||||||||||||||||||||||||||||||||||||||||||||||||||||||||||||||||||||||||||||||||||||||||||||||||||||||||||||||||||||||||||||||||||||||||||||||||||||||||||||||||||||||||||||||||||||||||||||||||||||||||||||||||||||||||||||||||||||||||||||||||||||||||||||||||||||||||||||||||||||CNK||||||||
yes|yes|no|none|VA1|10.1186/s13071-022-05320-9|Boussougou‑Sambe|"Assessment of malaria transmission intensity 
and insecticide resistance mechanisms in three 
rural areas of the Moyen Ogooué Province 
of Gabon
"|Parasites & Vectors|2022||||Gabon|Zilé|-0.70391|10.34014|||||||||||||||within 5km|gps coords|paper/map|Moyen Ogooué Province||Zilé is an area located approximately 12 km from Lambaréné|no||||HLC - in||HLC - out||||||||yes|no|no|10|5||||||"Mosquitoes were collected in both the rainy and dry sea_x0002_sons by overnight human landing catches (HLC), indoor and outdoor,in Zilé where three collections were performed in 
the rainy seasons and one during the dry season"||||||||||||||||||||||||||||||||||||||||||||||||||||||||||||||||0.7|day|||||||HLC - in|HLC - out|||31.88|HBR (night)||||||||||||||||||||||||||||||||||||||||||||||||||||||||||||||||||||||||||||||||||||||||||||||||||||||||||||||||||||||||||||||||||||||||||||||||||||||||||||||||||||||||||||||||||||||||||||||||||||||||||||||||||||||||||||||||||||||||||||||||||||||||||||||||||||||||||||||||||||||||||||||||||||||||||||||||||||||||||||||||||||||||||CNK||||||||
no|yes|no|none|VA1|10.1186/s13071-022-05320-9|Boussougou‑Sambe|"Assessment of malaria transmission intensity 
and insecticide resistance mechanisms in three 
rural areas of the Moyen Ogooué Province 
of Gabon
"|Parasites & Vectors|2022||||Gabon|Nombakélé|-0.84749|10.3781|||||||||||||||within 5km|gps coords|paper/map|Moyen Ogooué Province||Nombakélé is located along the National 1 road|no||||HLC - in||HLC - out||||||||yes|no|no|5|8|2017|2018|cross|||A total of four rounds of collections were performed in the three study areas, two during the rainy seasons and two during the dry seasons|coustani||morph|genetic/molecular|||||||||||||||||||||||||||||||||||||||||||||||||||||||||||||day|||||||HLC - in|HLC - out||||HBR (night)||||||||||||||||||||||||||||||||||||||||||||||||||||||||||||||||||||||||||||||||||||||||||||||||||||||||||||||||||||||||||||||||||||||||||||||||||||||||||||||||||||||||||||||||||||||||||||||||||||||||||||||||||||||||||||||||||||||||||||||||||||||||||||||||||||||||||||||||||||||||||||||||||||||||||||||||||||||||||||||||||||||||||CNK||||||||
no|yes|no|none|VA1|10.1186/s13071-022-05320-9|Boussougou‑Sambe|"Assessment of malaria transmission intensity 
and insecticide resistance mechanisms in three 
rural areas of the Moyen Ogooué Province 
of Gabon
"|Parasites & Vectors|2022||||Gabon|Nombakélé|-0.84749|10.3781|||||||||||||||within 5km|gps coords|paper/map|Moyen Ogooué Province||Nombakélé is located along the National 1 road|no||||HLC - in||HLC - out||||||||yes|no|no|5|8|2017|2018|cross|||A total of four rounds of collections were performed in the three study areas, two during the rainy seasons and two during the dry seasons|gambiae (S)||morph|genetic/molecular|||||||||||||||||||||||||||||||||||||||||||||||||||||||||||||day|||||||HLC - in|HLC - out||||HBR (night)||||||||||||||||||||||||||||||||||||||||||||||||||||||||||||||||||||||||||||||||||||||||||||||||||||||||||||||||||||||||||||||||||||||||||||||||||||||||||||||||||||||||||||||||||||||||||||||||||||||||||||||||||||||||||||||||||||||||||||||||||||||||||||||||||||||||||||||||||||||||||||||||||||||||||||||||||||||||||||||||||||||||||CNK||||||||
no|yes|no|none|VA1|10.1186/s13071-022-05320-9|Boussougou‑Sambe|"Assessment of malaria transmission intensity 
and insecticide resistance mechanisms in three 
rural areas of the Moyen Ogooué Province 
of Gabon
"|Parasites & Vectors|2022||||Gabon|Nombakélé|-0.84749|10.3781|||||||||||||||within 5km|gps coords|paper/map|Moyen Ogooué Province||Nombakélé is located along the National 1 road|no||||HLC - in||HLC - out||||||||yes|no|no|5|8|2017|2018|cross|||A total of four rounds of collections were performed in the three study areas, two during the rainy seasons and two during the dry seasons|coluzzii (gambiae M)||morph|genetic/molecular|||||||||||||||||||||||||||||||||||||||||||||||||||||||||||||day|||||||HLC - in|HLC - out||||HBR (night)||||||||||||||||||||||||||||||||||||||||||||||||||||||||||||||||||||||||||||||||||||||||||||||||||||||||||||||||||||||||||||||||||||||||||||||||||||||||||||||||||||||||||||||||||||||||||||||||||||||||||||||||||||||||||||||||||||||||||||||||||||||||||||||||||||||||||||||||||||||||||||||||||||||||||||||||||||||||||||||||||||||||||CNK||||||||
yes|yes|no|none|VA1|10.1186/s13071-022-05320-9|Boussougou‑Sambe|"Assessment of malaria transmission intensity 
and insecticide resistance mechanisms in three 
rural areas of the Moyen Ogooué Province 
of Gabon
"|Parasites & Vectors|2022||||Gabon|Nombakélé|-0.84749|10.3781|||||||||||||||within 5km|gps coords|paper/map|Moyen Ogooué Province||Nombakélé is located along the National 1 road|no||||HLC - in||HLC - out||||||||yes|no|no|7|7|2017|2017||||A total of four rounds of collections were performed in the three study areas, two during the rainy seasons and two during the dry seasons||||||||||||||||||||||||||||||||||||||||||||||||||||||||||||||||0|day|||||||HLC - in|HLC - out|||0.13|HBR (night)||||||||||||||||||||||||||||||||||||||||||||||||||||||||||||||||||||||||||||||||||||||||||||||||||||||||||||||||||||||||||||||||||||||||||||||||||||||||||||||||||||||||||||||||||||||||||||||||||||||||||||||||||||||||||||||||||||||||||||||||||||||||||||||||||||||||||||||||||||||||||||||||||||||||||||||||||||||||||||||||||||||||||CNK||||||||
yes|yes|no|none|VA1|10.1186/s13071-022-05320-9|Boussougou‑Sambe|"Assessment of malaria transmission intensity 
and insecticide resistance mechanisms in three 
rural areas of the Moyen Ogooué Province 
of Gabon
"|Parasites & Vectors|2022||||Gabon|Nombakélé|-0.84749|10.3781|||||||||||||||within 5km|gps coords|paper/map|Moyen Ogooué Province||Nombakélé is located along the National 1 road|no||||HLC - in||HLC - out||||||||yes|no|no|7|7|2018|2018||||A total of four rounds of collections were performed in the three study areas, two during the rainy seasons and two during the dry seasons||||||||||||||||||||||||||||||||||||||||||||||||||||||||||||||||0|day|||||||HLC - in|HLC - out|||0|HBR (night)||||||||||||||||||||||||||||||||||||||||||||||||||||||||||||||||||||||||||||||||||||||||||||||||||||||||||||||||||||||||||||||||||||||||||||||||||||||||||||||||||||||||||||||||||||||||||||||||||||||||||||||||||||||||||||||||||||||||||||||||||||||||||||||||||||||||||||||||||||||||||||||||||||||||||||||||||||||||||||||||||||||||||CNK||||||||
yes|yes|no|none|VA1|10.1186/s13071-022-05320-9|Boussougou‑Sambe|"Assessment of malaria transmission intensity 
and insecticide resistance mechanisms in three 
rural areas of the Moyen Ogooué Province 
of Gabon
"|Parasites & Vectors|2022||||Gabon|Nombakélé|-0.84749|10.3781|||||||||||||||within 5km|gps coords|paper/map|Moyen Ogooué Province||Nombakélé is located along the National 1 road|no||||HLC - in||HLC - out||||||||yes|no|no|6|9||||||A total of four rounds of collections were performed in the three study areas, two during the rainy seasons and two during the dry seasons||||||||||||||||||||||||||||||||||||||||||||||||||||||||||||||||0|day|||||||HLC - in|HLC - out|||0.06|HBR (night)||||||||||||||||||||||||||||||||||||||||||||||||||||||||||||||||||||||||||||||||||||||||||||||||||||||||||||||||||||||||||||||||||||||||||||||||||||||||||||||||||||||||||||||||||||||||||||||||||||||||||||||||||||||||||||||||||||||||||||||||||||||||||||||||||||||||||||||||||||||||||||||||||||||||||||||||||||||||||||||||||||||||||CNK||||||||
yes|yes|no|none|VA1|10.1186/s13071-022-05320-9|Boussougou‑Sambe|"Assessment of malaria transmission intensity 
and insecticide resistance mechanisms in three 
rural areas of the Moyen Ogooué Province 
of Gabon
"|Parasites & Vectors|2022||||Gabon|Nombakélé|-0.84749|10.3781|||||||||||||||within 5km|gps coords|paper/map|Moyen Ogooué Province||Nombakélé is located along the National 1 road|no||||HLC - in||HLC - out||||||||yes|no|no|11|11|2017|2017||||A total of four rounds of collections were performed in the three study areas, two during the rainy seasons and two during the dry seasons||||||||||||||||||||||||||||||||||||||||||||||||||||||||||||||||0.14|day|||||||HLC - in|HLC - out|||9.25|HBR (night)||||||||||||||||||||||||||||||||||||||||||||||||||||||||||||||||||||||||||||||||||||||||||||||||||||||||||||||||||||||||||||||||||||||||||||||||||||||||||||||||||||||||||||||||||||||||||||||||||||||||||||||||||||||||||||||||||||||||||||||||||||||||||||||||||||||||||||||||||||||||||||||||||||||||||||||||||||||||||||||||||||||||||CNK||||||||
yes|yes|no|none|VA1|10.1186/s13071-022-05320-9|Boussougou‑Sambe|"Assessment of malaria transmission intensity 
and insecticide resistance mechanisms in three 
rural areas of the Moyen Ogooué Province 
of Gabon
"|Parasites & Vectors|2022||||Gabon|Nombakélé|-0.84749|10.3781|||||||||||||||within 5km|gps coords|paper/map|Moyen Ogooué Province||Nombakélé is located along the National 1 road|no||||HLC - in||HLC - out||||||||yes|no|no|5|5|2018|||||A total of four rounds of collections were performed in the three study areas, two during the rainy seasons and two during the dry seasons||||||||||||||||||||||||||||||||||||||||||||||||||||||||||||||||0|day|||||||HLC - in|HLC - out|||0|HBR (night)||||||||||||||||||||||||||||||||||||||||||||||||||||||||||||||||||||||||||||||||||||||||||||||||||||||||||||||||||||||||||||||||||||||||||||||||||||||||||||||||||||||||||||||||||||||||||||||||||||||||||||||||||||||||||||||||||||||||||||||||||||||||||||||||||||||||||||||||||||||||||||||||||||||||||||||||||||||||||||||||||||||||||CNK||||||||
yes|yes|no|none|VA1|10.1186/s13071-022-05320-9|Boussougou‑Sambe|"Assessment of malaria transmission intensity 
and insecticide resistance mechanisms in three 
rural areas of the Moyen Ogooué Province 
of Gabon
"|Parasites & Vectors|2022||||Gabon|Nombakélé|-0.84749|10.3781|||||||||||||||within 5km|gps coords|paper/map|Moyen Ogooué Province||Nombakélé is located along the National 1 road|no||||HLC - in||HLC - out||||||||yes|no|no|10|5||||||A total of four rounds of collections were performed in the three study areas, two during the rainy seasons and two during the dry seasons||||||||||||||||||||||||||||||||||||||||||||||||||||||||||||||||0.07|day|||||||HLC - in|HLC - out|||4.63|HBR (night)||||||||||||||||||||||||||||||||||||||||||||||||||||||||||||||||||||||||||||||||||||||||||||||||||||||||||||||||||||||||||||||||||||||||||||||||||||||||||||||||||||||||||||||||||||||||||||||||||||||||||||||||||||||||||||||||||||||||||||||||||||||||||||||||||||||||||||||||||||||||||||||||||||||||||||||||||||||||||||||||||||||||||CNK||||||||
no|yes|no|none|VA1|10.1186/s13071-022-05320-9|Boussougou‑Sambe|"Assessment of malaria transmission intensity 
and insecticide resistance mechanisms in three 
rural areas of the Moyen Ogooué Province 
of Gabon
"|Parasites & Vectors|2022||||Gabon|Bindo|-0.436095|10.387816|||||||||||||||within 5km|gps coords|paper/map|Moyen Ogooué Province||Bindo is located approximately 61  km from Lambaréné|no||||HLC - in||HLC - out||||||||yes|no|no|5|8|2017|2018|cross|||A total of four rounds of collections were performed in the three study areas, two during the rainy seasons and two during the dry seasons|moucheti||morph|genetic/molecular||||||||||||||||||||yes|||||||||||||||||||||||||||||||||||||||||day|||||||HLC - in|HLC - out||||HBR (night)||||||||||||||||||||||||||||||||||||||||||||||||||||||||||||||||||||||||||||||||||||||||||||||||||||||||||||||||||||||||||||||||||||||||||||||||||||||||||||||||||||||||||||||||||||||||||||||||||||||||||||||||||||||||||||||||||||||||||||||||||||||||||||||||||||||||||||||||||||||||||||||||||||||||||||||||||||||||||||||||||||||||||CNK||||||||
no|yes|no|none|VA1|10.1186/s13071-022-05320-9|Boussougou‑Sambe|"Assessment of malaria transmission intensity 
and insecticide resistance mechanisms in three 
rural areas of the Moyen Ogooué Province 
of Gabon
"|Parasites & Vectors|2022||||Gabon|Bindo|-0.436095|10.387816|||||||||||||||within 5km|gps coords|paper/map|Moyen Ogooué Province||Bindo is located approximately 61  km from Lambaréné|no||||HLC - in||HLC - out||||||||yes|no|no|5|8|2017|2018|cross|||A total of four rounds of collections were performed in the three study areas, two during the rainy seasons and two during the dry seasons|gambiae (S)||morph|genetic/molecular||||||||||||||||||||yes|||||||||||||||||||||||||||||||||||||||||day|||||||HLC - in|HLC - out||||HBR (night)||||||||||||||||||||||||||||||||||||||||||||||||||||||||||||||||||||||||||||||||||||||||||||||||||||||||||||||||||||||||||||||||||||||||||||||||||||||||||||||||||||||||||||||||||||||||||||||||||||||||||||||||||||||||||||||||||||||||||||||||||||||||||||||||||||||||||||||||||||||||||||||||||||||||||||||||||||||||||||||||||||||||||CNK||||||||
no|yes|no|none|VA1|10.1186/s13071-022-05320-9|Boussougou‑Sambe|"Assessment of malaria transmission intensity 
and insecticide resistance mechanisms in three 
rural areas of the Moyen Ogooué Province 
of Gabon
"|Parasites & Vectors|2022||||Gabon|Bindo|-0.436095|10.387816|||||||||||||||within 5km|gps coords|paper/map|Moyen Ogooué Province||Bindo is located approximately 61  km from Lambaréné|no||||HLC - in||HLC - out||||||||yes|no|no|5|8|2017|2018|cross|||A total of four rounds of collections were performed in the three study areas, two during the rainy seasons and two during the dry seasons|coluzzii (gambiae M)||morph|genetic/molecular||||||||||||||||||||yes|||||||||||||||||||||||||||||||||||||||||day|||||||HLC - in|HLC - out||||HBR (night)||||||||||||||||||||||||||||||||||||||||||||||||||||||||||||||||||||||||||||||||||||||||||||||||||||||||||||||||||||||||||||||||||||||||||||||||||||||||||||||||||||||||||||||||||||||||||||||||||||||||||||||||||||||||||||||||||||||||||||||||||||||||||||||||||||||||||||||||||||||||||||||||||||||||||||||||||||||||||||||||||||||||||CNK||||||||
no|yes|no|none|VA1|10.1186/s13071-022-05320-9|Boussougou‑Sambe|"Assessment of malaria transmission intensity 
and insecticide resistance mechanisms in three 
rural areas of the Moyen Ogooué Province 
of Gabon
"|Parasites & Vectors|2022||||Gabon|Bindo|-0.436095|10.387816|||||||||||||||within 5km|gps coords|paper/map|Moyen Ogooué Province||Bindo is located approximately 61  km from Lambaréné|no||||HLC - in||HLC - out||||||||yes|no|no|5|8|2017|2018|cross|||A total of four rounds of collections were performed in the three study areas, two during the rainy seasons and two during the dry seasons|gambiae (S/M)||morph|genetic/molecular||||||||||||||||||||yes|||||||||||||||||||||||||||||||||||||||||day|||||||HLC - in|HLC - out||||HBR (night)||||||||||||||||||||||||||||||||||||||||||||||||||||||||||||||||||||||||||||||||||||||||||||||||||||||||||||||||||||||||||||||||||||||||||||||||||||||||||||||||||||||||||||||||||||||||||||||||||||||||||||||||||||||||||||||||||||||||||||||||||||||||||||||||||||||||||||||||||||||||||||||||||||||||||||||||||||||||||||||||||||||||||CNK||||||||
yes|yes|no|none|VA1|10.1186/s13071-022-05320-9|Boussougou‑Sambe|"Assessment of malaria transmission intensity 
and insecticide resistance mechanisms in three 
rural areas of the Moyen Ogooué Province 
of Gabon
"|Parasites & Vectors|2022||||Gabon|Bindo|-0.436095|10.387816|||||||||||||||within 5km|gps coords|paper/map|Moyen Ogooué Province||Bindo is located approximately 61  km from Lambaréné|no||||HLC - in||HLC - out||||||||yes|no|no|7|7|2017|2017||||A total of four rounds of collections were performed in the three study areas, two during the rainy seasons and two during the dry seasons||||||||||||||||||||||||||||||||||||||||||||||||||||||||||||||||0|day|||||||HLC - in|HLC - out||||HBR (night)||||||||||||||||||||||||||||||||||||||||||||||||||||||||||||||||||||||||||||||||||||||||||||||||||||||||||||||||||||||||||||||||||||||||||||||||||||||||||||||||||||||||||||||||||||||||||||||||||||||||||||||||||||||||||||||||||||||||||||||||||||||||||||||||||||||||||||||||||||||||||||||||||||||||||||||||||||||||||||||||||||||||||CNK||||||||
yes|yes|no|none|VA1|10.1186/s13071-022-05320-9|Boussougou‑Sambe|"Assessment of malaria transmission intensity 
and insecticide resistance mechanisms in three 
rural areas of the Moyen Ogooué Province 
of Gabon
"|Parasites & Vectors|2022||||Gabon|Bindo|-0.436095|10.387816|||||||||||||||within 5km|gps coords|paper/map|Moyen Ogooué Province||Bindo is located approximately 61  km from Lambaréné|no||||HLC - in||HLC - out||||||||yes|no|no|8|8|2018|2018||||A total of four rounds of collections were performed in the three study areas, two during the rainy seasons and two during the dry seasons||||||||||||||||||||||||||||||||||||||||||||||||||||||||||||||||0|day|||||||HLC - in|HLC - out||||HBR (night)||||||||||||||||||||||||||||||||||||||||||||||||||||||||||||||||||||||||||||||||||||||||||||||||||||||||||||||||||||||||||||||||||||||||||||||||||||||||||||||||||||||||||||||||||||||||||||||||||||||||||||||||||||||||||||||||||||||||||||||||||||||||||||||||||||||||||||||||||||||||||||||||||||||||||||||||||||||||||||||||||||||||||CNK||||||||
yes|yes|no|none|VA1|10.1186/s13071-022-05320-9|Boussougou‑Sambe|"Assessment of malaria transmission intensity 
and insecticide resistance mechanisms in three 
rural areas of the Moyen Ogooué Province 
of Gabon
"|Parasites & Vectors|2022||||Gabon|Bindo|-0.436095|10.387816|||||||||||||||within 5km|gps coords|paper/map|Moyen Ogooué Province||Bindo is located approximately 61  km from Lambaréné|no||||HLC - in||HLC - out||||||||yes|no|no|6|9||||||A total of four rounds of collections were performed in the three study areas, two during the rainy seasons and two during the dry seasons||||||||||||||||||||||||||||||||||||||||||||||||||||||||||||||||0|day|||||||HLC - in|HLC - out||||HBR (night)||||||||||||||||||||||||||||||||||||||||||||||||||||||||||||||||||||||||||||||||||||||||||||||||||||||||||||||||||||||||||||||||||||||||||||||||||||||||||||||||||||||||||||||||||||||||||||||||||||||||||||||||||||||||||||||||||||||||||||||||||||||||||||||||||||||||||||||||||||||||||||||||||||||||||||||||||||||||||||||||||||||||||CNK||||||||
yes|yes|no|none|VA1|10.1186/s13071-022-05320-9|Boussougou‑Sambe|"Assessment of malaria transmission intensity 
and insecticide resistance mechanisms in three 
rural areas of the Moyen Ogooué Province 
of Gabon
"|Parasites & Vectors|2022||||Gabon|Bindo|-0.436095|10.387816|||||||||||||||within 5km|gps coords|paper/map|Moyen Ogooué Province||Bindo is located approximately 61  km from Lambaréné|no||||HLC - in||HLC - out||||||||yes|no|no|12|12|2017|2017||||A total of four rounds of collections were performed in the three study areas, two during the rainy seasons and two during the dry seasons||||||||||||||||||||||||||||||||||||||||||||||||||||||||||||||||0.71|day|||||||HLC - in|HLC - out||||HBR (night)||||||||||||||||||||||||||||||||||||||||||||||||||||||||||||||||||||||||||||||||||||||||||||||||||||||||||||||||||||||||||||||||||||||||||||||||||||||||||||||||||||||||||||||||||||||||||||||||||||||||||||||||||||||||||||||||||||||||||||||||||||||||||||||||||||||||||||||||||||||||||||||||||||||||||||||||||||||||||||||||||||||||||CNK||||||||
yes|yes|no|none|VA1|10.1186/s13071-022-05320-9|Boussougou‑Sambe|"Assessment of malaria transmission intensity 
and insecticide resistance mechanisms in three 
rural areas of the Moyen Ogooué Province 
of Gabon
"|Parasites & Vectors|2022||||Gabon|Bindo|-0.436095|10.387816|||||||||||||||within 5km|gps coords|paper/map|Moyen Ogooué Province||Bindo is located approximately 61  km from Lambaréné|no||||HLC - in||HLC - out||||||||yes|no|no|5|5|2018|2018||||A total of four rounds of collections were performed in the three study areas, two during the rainy seasons and two during the dry seasons||||||||||||||||||||||||||||||||||||||||||||||||||||||||||||||||0|day|||||||HLC - in|HLC - out||||HBR (night)||||||||||||||||||||||||||||||||||||||||||||||||||||||||||||||||||||||||||||||||||||||||||||||||||||||||||||||||||||||||||||||||||||||||||||||||||||||||||||||||||||||||||||||||||||||||||||||||||||||||||||||||||||||||||||||||||||||||||||||||||||||||||||||||||||||||||||||||||||||||||||||||||||||||||||||||||||||||||||||||||||||||||CNK||||||||
yes|yes|no|none|VA1|10.1186/s13071-022-05320-9|Boussougou‑Sambe|"Assessment of malaria transmission intensity 
and insecticide resistance mechanisms in three 
rural areas of the Moyen Ogooué Province 
of Gabon
"|Parasites & Vectors|2022||||Gabon|Bindo|-0.436095|10.387816|||||||||||||||within 5km|gps coords|paper/map|Moyen Ogooué Province||Bindo is located approximately 61  km from Lambaréné|no||||HLC - in||HLC - out||||||||yes|no|no|10|5||||||A total of four rounds of collections were performed in the three study areas, two during the rainy seasons and two during the dry seasons||||||||||||||||||||||||||||||||||||||||||||||||||||||||||||||||0.33|day|||||||HLC - in|HLC - out||||HBR (night)||||||||||||||||||||||||||||||||||||||||||||||||||||||||||||||||||||||||||||||||||||||||||||||||||||||||||||||||||||||||||||||||||||||||||||||||||||||||||||||||||||||||||||||||||||||||||||||||||||||||||||||||||||||||||||||||||||||||||||||||||||||||||||||||||||||||||||||||||||||||||||||||||||||||||||||||||||||||||||||||||||||||||CNK||||||||
no|yes|no|none|VA1|10.1186/s13071-022-05320-9|Boussougou‑Sambe|"Assessment of malaria transmission intensity 
and insecticide resistance mechanisms in three 
rural areas of the Moyen Ogooué Province 
of Gabon
"|Parasites & Vectors|2022||||||||||||||||||||||||||||||||HLC - in||HLC - out|||||||||||||||||||||||||||||||||||||||||||||||||||||||||||||||||||||||||||||||||||||||||||||||||||||||||||||||||||||||||||||||||||||||||||||||||||||||||||||||||||||||||||||||||||||||||||||||||||||||||||||||||||||||||||||||||||||||||||||||||||||||||||||||||||||||||||||||||||||||||||||||||||||||||||||||||||||||||||||||||||||||||||||||||||||||||||||||||||||||||||||||||||||||||||||||||||||||||||||||||||||||||||||||||||||||||CNK||||||||
no|no|no|none|VA2|10.1186/s13071-022-05341-4|Werling|Sexual transmission of Anopheles gambiae densovirus (AgDNV) leads to disseminated infection in mated females|Parasites & Vectors|2022|||||||||||||||||||||||||||||||||||||||||||||||||||||||||||||||||||||||||||||||||||||||||||||||||||||||||||||||||||||||||||||||||||||||||||||||||||||||||||||||||||||||||||||||||||||||||||||||||||||||||||||||||||||||||||||||||||||||||||||||||||||||||||||||||||||||||||||||||||||||||||||||||||||||||||||||||||||||||||||||||||||||||||||||||||||||||||||||||||||||||||||||||||||||||||||||||||||||||||||||||||||||||||||||||||||||||||||||||||||||||||||||||||||||||||CNK||||||||
no|no|no|none|VA3||John|Chemical Composition, Antioxidant, and Mosquito Larvicidal Activity of Essential Oils from Hyptis capitata Jacq|Journal of Experimental Pharmacology|2022|||||||||||||||||||||||||||||||||||||||||||||||||||||||||||||||||||||||||||||||||||||||||||||||||||||||||||||||||||||||||||||||||||||||||||||||||||||||||||||||||||||||||||||||||||||||||||||||||||||||||||||||||||||||||||||||||||||||||||||||||||||||||||||||||||||||||||||||||||||||||||||||||||||||||||||||||||||||||||||||||||||||||||||||||||||||||||||||||||||||||||||||||||||||||||||||||||||||||||||||||||||||||||||||||||||||||||||||||||||||||||||||||||||||||||CNK||||||||
yes|no|yes|phenotypic|VA4|https://doi.org/10.1186/s13071-022-05318-3|Urio|"Effects of agricultural pesticides
on the susceptibility and fitness of malaria
vectors in rural south‑eastern Tanzania"|Parasites & Vectors|2022||||Tanzania|Minepa|-8.23|36.75|||||||||||||||within 5km|gps coords|paper/map|Ulanga||coordinates were provided in the paper and confirmed in google earth which fall around the sampled locality.|yes|ITN|yes|The source says the main vector control method in the area is ITN |||||||||||yes|no|no|||2021|2021|dry||1300–3600 mm/year |"source says the area experiences 15–35 °C daily temperatures
and 1300–3600 mm annual precipitation ["|GAMBIAE COMPLEX||morph (emerg adult)||||||||Farmer (subsistence)||||||||||||||rice|||||||||Larvae||||||||||source says dippers were used to do the collections/sampling|||||||||||||||||||||||||||||||||||||||||||||||||||||||||||||||||||||||||||||||||||||||||||||||||||||||||||||||||||||||||||||||||||||||||||||||||||||||||||||||||||||||||||||||||||||||||||||||||||F1|larvae|3|5|WHO Bioassay 2016|permethrin|pyrethroid|Sodium channel modulators|3A|0.75||60||PBO|4|%|120||||||17.2||||||||||||||||||||||||morph (emerg adult)||||||||||||||||||||||||||||||||||||||||||||||||||||||||||||||||||||||||||||||||||||||||||||||||||||||||||||||||||||||||||||||||||DNN
yes|no|yes|phenotypic|VA4|https://doi.org/10.1186/s13071-022-05318-3|Urio|"Effects of agricultural pesticides
on the susceptibility and fitness of malaria
vectors in rural south‑eastern Tanzania"|Parasites & Vectors|2022||||Tanzania|Minepa|-8.23|36.75|||||||||||||||within 5km|gps coords|paper/map|Ulanga||coordinates were provided in the paper and confirmed in google earth which fall around the sampled locality.|yes|ITN|yes|The source says the main vector control method in the area is ITN |||||||||||yes|no|no|||2021|2021|dry||1300–3600 mm/year |"source says the area experiences 15–35 °C daily temperatures
and 1300–3600 mm annual precipitation ["|GAMBIAE COMPLEX||morph (emerg adult)||||||||Farmer (subsistence)||||||||||||||rice|||||||||Larvae||||||||||source says dippers were used to do the collections/sampling|||||||||||||||||||||||||||||||||||||||||||||||||||||||||||||||||||||||||||||||||||||||||||||||||||||||||||||||||||||||||||||||||||||||||||||||||||||||||||||||||||||||||||||||||||||||||||||||||||F1|larvae|3|5|WHO Bioassay 2016|permethrin|pyrethroid|Sodium channel modulators|3A|0.75||60|||||120||97.5||||||||||||||||||||||||||||morph (emerg adult)|||||||||||||||||||||||||||||1.9|||||||||||||||||||||||||||||||||||||||||||||||||||||||||||||||||||||||||||||||||||||||||||||||||||||DNN
yes|no|yes|phenotypic|VA4|https://doi.org/10.1186/s13071-022-05318-3|Urio|"Effects of agricultural pesticides
on the susceptibility and fitness of malaria
vectors in rural south‑eastern Tanzania"|Parasites & Vectors|2022||||Tanzania|Minepa|-8.23|36.75|||||||||||||||within 5km|gps coords|paper/map|Ulanga||coordinates were provided in the paper and confirmed in google earth which fall around the sampled locality.|yes|ITN|yes|The source says the main vector control method in the area is ITN |||||||||||yes|no|no|||2021|2021|dry||1300–3600 mm/year |"source says the area experiences 15–35 °C daily temperatures
and 1300–3600 mm annual precipitation ["|GAMBIAE COMPLEX||morph (emerg adult)||||||||Farmer (subsistence)||||||||||||||rice|||||||||Larvae||||||||||source says dippers were used to do the collections/sampling|||||||||||||||||||||||||||||||||||||||||||||||||||||||||||||||||||||||||||||||||||||||||||||||||||||||||||||||||||||||||||||||||||||||||||||||||||||||||||||||||||||||||||||||||||||||||||||||||||F1|larvae|3|5|WHO Bioassay 2016|lambdacyhalothrin|pyrethroid|Sodium channel modulators|3A|0.05||60|||||120||97.5||||9||||||||||||||||||||||||morph (emerg adult)|||||||||||||||||||||||||||||4.2|||||||||||||||||||||||||||||||||||||||||||||||||||||||||||||||||||||||||||||||||||||||||||||||||||||DNN
yes|no|yes|phenotypic|VA4|https://doi.org/10.1186/s13071-022-05318-3|Urio|"Effects of agricultural pesticides
on the susceptibility and fitness of malaria
vectors in rural south‑eastern Tanzania"|Parasites & Vectors|2022||||Tanzania|Minepa|-8.23|36.75|||||||||||||||within 5km|gps coords|paper/map|Ulanga||coordinates were provided in the paper and confirmed in google earth which fall around the sampled locality.|yes|ITN|yes|The source says the main vector control method in the area is ITN |||||||||||yes|no|no|||2021|2021|dry||1300–3600 mm/year |"source says the area experiences 15–35 °C daily temperatures
and 1300–3600 mm annual precipitation ["|GAMBIAE COMPLEX||morph (emerg adult)||||||||Farmer (subsistence)||||||||||||||rice|||||||||Larvae||||||||||source says dippers were used to do the collections/sampling|||||||||||||||||||||||||||||||||||||||||||||||||||||||||||||||||||||||||||||||||||||||||||||||||||||||||||||||||||||||||||||||||||||||||||||||||||||||||||||||||||||||||||||||||||||||||||||||||||F1|larvae|3|5|WHO Bioassay 2016|DDT|organochlorine|Sodium channel modulators|3B|4||60|||||120||100||||||||||||||||||||||||||||morph (emerg adult)|||||||||||||||||||||||||||||1.4|||||||||||||||||||||||||||||||||||||||||||||||||||||||||||||||||||||||||||||||||||||||||||||||||||||DNN
yes|no|yes|phenotypic|VA4|https://doi.org/10.1186/s13071-022-05318-3|Urio|"Effects of agricultural pesticides
on the susceptibility and fitness of malaria
vectors in rural south‑eastern Tanzania"|Parasites & Vectors|2022||||Tanzania|Lupiro|-8.41|36.81|||||||||||||||within 5km|gps coords|paper/map|Ulanga||coordinates were provided in the paper and confirmed in google earth which fall around the sampled locality.|yes|ITN|yes|The source says the main vector control method in the area is ITN |||||||||||yes|no|no|||2021|2021|dry||1300–3600 mm/year |"source says the area experiences 15–35 °C daily temperatures
and 1300–3600 mm annual precipitation ["|GAMBIAE COMPLEX||morph (emerg adult)||||||||Farmer (subsistence)||||||||||||||rice|||||||||Larvae||||||||||source says dippers were used to do the collections/sampling|||||||||||||||||||||||||||||||||||||||||||||||||||||||||||||||||||||||||||||||||||||||||||||||||||||||||||||||||||||||||||||||||||||||||||||||||||||||||||||||||||||||||||||||||||||||||||||||||||F1|larvae|3|5|WHO Bioassay 2016|DDT|organochlorine|Sodium channel modulators|3B|4||60|||||120||98.75||||35.5||||||||||||||||||||||||morph (emerg adult)|||||||||||||||||||||||||||||1.13|||||||||||||||||||||||||||||||||||||||||||||||||||||||||||||||||||||||||||||||||||||||||||||||||||||DNN
yes|no|yes|phenotypic|VA4|https://doi.org/10.1186/s13071-022-05318-3|Urio|"Effects of agricultural pesticides
on the susceptibility and fitness of malaria
vectors in rural south‑eastern Tanzania"|Parasites & Vectors|2022||||Tanzania|Lupiro|-8.41|36.81|||||||||||||||within 5km|gps coords|paper/map|Ulanga||coordinates were provided in the paper and confirmed in google earth which fall around the sampled locality.|yes|ITN|yes|The source says the main vector control method in the area is ITN |||||||||||yes|no|no|||2021|2021|dry||1300–3600 mm/year |"source says the area experiences 15–35 °C daily temperatures
and 1300–3600 mm annual precipitation ["|GAMBIAE COMPLEX||morph (emerg adult)||||||||Farmer (subsistence)||||||||||||||rice|||||||||Larvae||||||||||source says dippers were used to do the collections/sampling|||||||||||||||||||||||||||||||||||||||||||||||||||||||||||||||||||||||||||||||||||||||||||||||||||||||||||||||||||||||||||||||||||||||||||||||||||||||||||||||||||||||||||||||||||||||||||||||||||F1|larvae|3|5|WHO Bioassay 2016|permethrin|pyrethroid|Sodium channel modulators|3A|0.75||60|||||120||63.75||||28.5||||||||||||||||||||||||morph (emerg adult)|||||||||||||||||||||||||||||1.6|||||||||||||||||||||||||||||||||||||||||||||||||||||||||||||||||||||||||||||||||||||||||||||||||||||DNN
yes|no|yes|phenotypic|VA4|https://doi.org/10.1186/s13071-022-05318-3|Urio|"Effects of agricultural pesticides
on the susceptibility and fitness of malaria
vectors in rural south‑eastern Tanzania"|Parasites & Vectors|2022||||Tanzania|Lupiro|-8.41|36.81|||||||||||||||within 5km|gps coords|paper/map|Ulanga||coordinates were provided in the paper and confirmed in google earth which fall around the sampled locality.|yes|ITN|yes|The source says the main vector control method in the area is ITN |||||||||||yes|no|no|||2021|2021|dry||1300–3600 mm/year |"source says the area experiences 15–35 °C daily temperatures
and 1300–3600 mm annual precipitation ["|GAMBIAE COMPLEX||morph (emerg adult)||||||||Farmer (subsistence)||||||||||||||rice|||||||||Larvae||||||||||source says dippers were used to do the collections/sampling|||||||||||||||||||||||||||||||||||||||||||||||||||||||||||||||||||||||||||||||||||||||||||||||||||||||||||||||||||||||||||||||||||||||||||||||||||||||||||||||||||||||||||||||||||||||||||||||||||F1|larvae|3|5|WHO Bioassay 2016|permethrin|pyrethroid|Sodium channel modulators|3A|0.75||60||PBO|4|%|120||||||||||||||||||||||||||||||morph (emerg adult)||||||||||||||||||||||||||||||||||||||||||||||||||||||||||||||||||||||||||||||||||||||||||||||||||||||||||||||||||||||||||||||||||DNN
yes|no|yes|phenotypic|VA4|https://doi.org/10.1186/s13071-022-05318-3|Urio|"Effects of agricultural pesticides
on the susceptibility and fitness of malaria
vectors in rural south‑eastern Tanzania"|Parasites & Vectors|2022||||Tanzania|Lupiro|-8.41|36.81|||||||||||||||within 5km|gps coords|paper/map|Ulanga||coordinates were provided in the paper and confirmed in google earth which fall around the sampled locality.|yes|ITN|yes|The source says the main vector control method in the area is ITN |||||||||||yes|no|no|||2021|2021|dry||1300–3600 mm/year |"source says the area experiences 15–35 °C daily temperatures
and 1300–3600 mm annual precipitation ["|GAMBIAE COMPLEX||morph (emerg adult)||||||||Farmer (subsistence)||||||||||||||rice|||||||||Larvae||||||||||source says dippers were used to do the collections/sampling|||||||||||||||||||||||||||||||||||||||||||||||||||||||||||||||||||||||||||||||||||||||||||||||||||||||||||||||||||||||||||||||||||||||||||||||||||||||||||||||||||||||||||||||||||||||||||||||||||F1|larvae|3|5|WHO Bioassay 2016|lambdacyhalothrin|pyrethroid|Sodium channel modulators|3A|0.05||60|||||120||85||||17.3||||||||||||||||||||||||morph (emerg adult)|||||||||||||||||||||||||||||1.9|||||||||||||||||||||||||||||||||||||||||||||||||||||||||||||||||||||||||||||||||||||||||||||||||||||DNN
yes|no|yes|phenotypic|VA4|https://doi.org/10.1186/s13071-022-05318-3|Urio|"Effects of agricultural pesticides
on the susceptibility and fitness of malaria
vectors in rural south‑eastern Tanzania"|Parasites & Vectors|2022||||Tanzania|Kisawasawa|-7.91|36.82|||||||||||||||within 5km|gps coords|paper/map|Kilombero||coordinates were provided in the paper and confirmed in google earth which fall around the sampled locality.|yes|ITN|yes|The source says the main vector control method in the area is ITN |||||||||||yes|no|no|||2021|2021|dry||1300–3600 mm/year |"source says the area experiences 15–35 °C daily temperatures
and 1300–3600 mm annual precipitation ["|GAMBIAE COMPLEX||morph (emerg adult)||||||||Farmer (subsistence)||||||||||||||rice|||||||||Larvae||||||||73.23||source says dippers were used to do the collections/sampling|||||||||||||||||||||||||||||||||||||||||||||||||||||||||||||||||||||||||||||||||||||||||||||||||||||||||||||||||||||||||||||||||||||||||||||||||||||||||||||||||||||||||||||||||||||||||||||||||||F1|larvae|3|5|WHO Bioassay 2016|DDT|organochlorine|Sodium channel modulators|3B|4||60|||||120||100||||28.6||||||||||||||||||||||||morph (emerg adult)|||||||||||||||||||||||||||||0.9|||||||||||||||||||||||||||||||||||||||||||||||||||||||||||||||||||||||||||||||||||||||||||||||||||||DNN
yes|no|yes|phenotypic|VA4|https://doi.org/10.1186/s13071-022-05318-3|Urio|"Effects of agricultural pesticides
on the susceptibility and fitness of malaria
vectors in rural south‑eastern Tanzania"|Parasites & Vectors|2022||||Tanzania|Kisawasawa|-7.91|36.82|||||||||||||||within 5km|gps coords|paper/map|Kilombero||coordinates were provided in the paper and confirmed in google earth which fall around the sampled locality.|yes|ITN|yes|The source says the main vector control method in the area is ITN |||||||||||yes|no|no|||2021|2021|dry||1300–3600 mm/year |"source says the area experiences 15–35 °C daily temperatures
and 1300–3600 mm annual precipitation ["|GAMBIAE COMPLEX||morph (emerg adult)||||||||Farmer (subsistence)||||||||||||||rice|||||||||Larvae||||||||73.23||source says dippers were used to do the collections/sampling|||||||||||||||||||||||||||||||||||||||||||||||||||||||||||||||||||||||||||||||||||||||||||||||||||||||||||||||||||||||||||||||||||||||||||||||||||||||||||||||||||||||||||||||||||||||||||||||||||F1|larvae|3|5|WHO Bioassay 2016|permethrin|pyrethroid|Sodium channel modulators|3A|0.75||60|||||120||58.71||||18.3||||||||||||||||||||||||morph (emerg adult)|||||||||||||||||||||||||||||1.5|||||||||||||||||||||||||||||||||||||||||||||||||||||||||||||||||||||||||||||||||||||||||||||||||||||DNN
yes|no|yes|phenotypic|VA4|https://doi.org/10.1186/s13071-022-05318-3|Urio|"Effects of agricultural pesticides
on the susceptibility and fitness of malaria
vectors in rural south‑eastern Tanzania"|Parasites & Vectors|2022||||Tanzania|Kisawasawa|-7.91|36.82|||||||||||||||within 5km|gps coords|paper/map|Kilombero||coordinates were provided in the paper and confirmed in google earth which fall around the sampled locality.|yes|ITN|yes|The source says the main vector control method in the area is ITN |||||||||||yes|no|no|||2021|2021|dry||1300–3600 mm/year |"source says the area experiences 15–35 °C daily temperatures
and 1300–3600 mm annual precipitation ["|GAMBIAE COMPLEX||morph (emerg adult)||||||||Farmer (subsistence)||||||||||||||rice|||||||||Larvae||||||||73.23||source says dippers were used to do the collections/sampling|||||||||||||||||||||||||||||||||||||||||||||||||||||||||||||||||||||||||||||||||||||||||||||||||||||||||||||||||||||||||||||||||||||||||||||||||||||||||||||||||||||||||||||||||||||||||||||||||||F1|larvae|3|5|WHO Bioassay 2016|permethrin|pyrethroid|Sodium channel modulators|3A|0.75||60||PBO|4|%|120||||||||||||||||||||||||||||||morph (emerg adult)||||||||||||||||||||||||||||||||||||||||||||||||||||||||||||||||||||||||||||||||||||||||||||||||||||||||||||||||||||||||||||||||||DNN
yes|no|yes|phenotypic|VA4|https://doi.org/10.1186/s13071-022-05318-3|Urio|"Effects of agricultural pesticides
on the susceptibility and fitness of malaria
vectors in rural south‑eastern Tanzania"|Parasites & Vectors|2022||||Tanzania|Kisawasawa|-7.91|36.82|||||||||||||||within 5km|gps coords|paper/map|Kilombero||coordinates were provided in the paper and confirmed in google earth which fall around the sampled locality.|yes|ITN|yes|The source says the main vector control method in the area is ITN |||||||||||yes|no|no|||2021|2021|dry||1300–3600 mm/year |"source says the area experiences 15–35 °C daily temperatures
and 1300–3600 mm annual precipitation ["|GAMBIAE COMPLEX||morph (emerg adult)||||||||Farmer (subsistence)||||||||||||||rice|||||||||Larvae||||||||73.23||source says dippers were used to do the collections/sampling|||||||||||||||||||||||||||||||||||||||||||||||||||||||||||||||||||||||||||||||||||||||||||||||||||||||||||||||||||||||||||||||||||||||||||||||||||||||||||||||||||||||||||||||||||||||||||||||||||F1|larvae|3|5|WHO Bioassay 2016|lambdacyhalothrin|pyrethroid|Sodium channel modulators|3A|0.05||60|||||120||85||||18.4||||||||||||||||||||||||morph (emerg adult)|||||||||||||||||||||||||||||2.04|||||||||||||||||||||||||||||||||||||||||||||||||||||||||||||||||||||||||||||||||||||||||||||||||||||DNN
yes|no|yes|phenotypic|VA4|https://doi.org/10.1186/s13071-022-05318-3|Urio|"Effects of agricultural pesticides
on the susceptibility and fitness of malaria
vectors in rural south‑eastern Tanzania"|Parasites & Vectors|2022||||Tanzania|Njage|-8.3|36.14|||||||||||||||within 5km|gps coords|paper/map|Kilombero||coordinates were provided in the paper and confirmed in google earth which fall around the sampled locality.|yes|ITN|yes|The source says the main vector control method in the area is ITN |||||||||||yes|no|no|||2021|2021|dry||1300–3600 mm/year |"source says the area experiences 15–35 °C daily temperatures
and 1300–3600 mm annual precipitation ["|GAMBIAE COMPLEX||morph (emerg adult)||||||||Farmer (subsistence)||||||||||||||rice|||||||||Larvae||||||||||source says dippers were used to do the collections/sampling|||||||||||||||||||||||||||||||||||||||||||||||||||||||||||||||||||||||||||||||||||||||||||||||||||||||||||||||||||||||||||||||||||||||||||||||||||||||||||||||||||||||||||||||||||||||||||||||||||F1|larvae|3|5|WHO Bioassay 2016|DDT|organochlorine|Sodium channel modulators|3B|4||60|||||120||100||||26.5||||||||||||||||||||||||morph (emerg adult)|||||||||||||||||||||||||||||0.8|||||||||||||||||||||||||||||||||||||||||||||||||||||||||||||||||||||||||||||||||||||||||||||||||||||DNN
yes|no|yes|phenotypic|VA4|https://doi.org/10.1186/s13071-022-05318-3|Urio|"Effects of agricultural pesticides
on the susceptibility and fitness of malaria
vectors in rural south‑eastern Tanzania"|Parasites & Vectors|2022||||Tanzania|Njage|-8.3|36.14|||||||||||||||within 5km|gps coords|paper/map|Kilombero||coordinates were provided in the paper and confirmed in google earth which fall around the sampled locality.|yes|ITN|yes|The source says the main vector control method in the area is ITN |||||||||||yes|no|no|||2021|2021|dry||1300–3600 mm/year |"source says the area experiences 15–35 °C daily temperatures
and 1300–3600 mm annual precipitation ["|GAMBIAE COMPLEX||morph (emerg adult)||||||||Farmer (subsistence)||||||||||||||rice|||||||||Larvae||||||||||source says dippers were used to do the collections/sampling|||||||||||||||||||||||||||||||||||||||||||||||||||||||||||||||||||||||||||||||||||||||||||||||||||||||||||||||||||||||||||||||||||||||||||||||||||||||||||||||||||||||||||||||||||||||||||||||||||F1|larvae|3|5|WHO Bioassay 2016|permethrin|pyrethroid|Sodium channel modulators|3A|0.75||60|||||120||100||||21.5||||||||||||||||||||||||morph (emerg adult)|||||||||||||||||||||||||||||1.3|||||||||||||||||||||||||||||||||||||||||||||||||||||||||||||||||||||||||||||||||||||||||||||||||||||DNN
yes|no|yes|phenotypic|VA4|https://doi.org/10.1186/s13071-022-05318-3|Urio|"Effects of agricultural pesticides
on the susceptibility and fitness of malaria
vectors in rural south‑eastern Tanzania"|Parasites & Vectors|2022||||Tanzania|Njage|-8.3|36.14|||||||||||||||within 5km|gps coords|paper/map|Kilombero||coordinates were provided in the paper and confirmed in google earth which fall around the sampled locality.|yes|ITN|yes|The source says the main vector control method in the area is ITN |||||||||||yes|no|no|||2021|2021|dry||1300–3600 mm/year |"source says the area experiences 15–35 °C daily temperatures
and 1300–3600 mm annual precipitation ["|GAMBIAE COMPLEX||morph (emerg adult)||||||||Farmer (subsistence)||||||||||||||rice|||||||||Larvae||||||||||source says dippers were used to do the collections/sampling|||||||||||||||||||||||||||||||||||||||||||||||||||||||||||||||||||||||||||||||||||||||||||||||||||||||||||||||||||||||||||||||||||||||||||||||||||||||||||||||||||||||||||||||||||||||||||||||||||F1|larvae|3|5|WHO Bioassay 2016|lambdacyhalothrin|pyrethroid|Sodium channel modulators|3A|0.05||60|||||120||98.5||||19.4||||||||||||||||||||||||morph (emerg adult)|||||||||||||||||||||||||||||2.2|||||||||||||||||||||||||||||||||||||||||||||||||||||||||||||||||||||||||||||||||||||||||||||||||||||DNN
yes|no|yes|phenotypic|VA4|https://doi.org/10.1186/s13071-022-05318-3|Urio|"Effects of agricultural pesticides
on the susceptibility and fitness of malaria
vectors in rural south‑eastern Tanzania"|Parasites & Vectors|2022||||Tanzania|Njage|-8.3|36.14|||||||||||||||within 5km|gps coords|paper/map|Kilombero||coordinates were provided in the paper and confirmed in google earth which fall around the sampled locality.|yes|ITN|yes|The source says the main vector control method in the area is ITN |||||||||||yes|no|no|||2021|2021|dry||1300–3600 mm/year |"source says the area experiences 15–35 °C daily temperatures
and 1300–3600 mm annual precipitation ["|GAMBIAE COMPLEX||morph (emerg adult)||||||||Farmer (subsistence)||||||||||||||rice|||||||||Larvae||||||||||source says dippers were used to do the collections/sampling|||||||||||||||||||||||||||||||||||||||||||||||||||||||||||||||||||||||||||||||||||||||||||||||||||||||||||||||||||||||||||||||||||||||||||||||||||||||||||||||||||||||||||||||||||||||||||||||||||||||||||||||||||||||||||||||||||||||||||||||||morph (emerg adult)||||||||||||||||||||||||||||||||||||||||||||||||||||||||||||||||||||||||||||||||||||||||||||||||||||||||||||||||||||||||||||||||||DNN
no|no|yes|none|VA5|https://doi.org/10.1186/s13071-022-05323-6|Djossou|"Diversity of larval habitats of Anopheles
mosquitoes in urban areas of Benin
and influence of their physicochemical
and bacteriological characteristics on larval
density"|Parasites & Vectors|2022||yes|No data.Source did not mention of any specific anopheles species.Kept saying anopheles larvae were collected but did not mention which species were collected.|Benin|||||||||||||||||||||||||||||||||||||||||||||||||||||||||||||||||||||||||||||||||||||||||||||||||||||||||||||||||||||||||||||||||||||||||||||||||||||||||||||||||||||||||||||||||||||||||||||||||||||||||||||||||||||||||||||||||||||||||||||||||||||||||||||||||||||||||||||||||||||||||||||||||||||||||||||||||||||||||||||||||||||||||||||||||||||||||||||||||||||||||||||||||||||||||||||||||||||||||||||||||||||||||||||||||||||||||||||||||||||||||||||||||||||||||||||||DNN
no|yes|no|none|VA6|https://doi.org/10.1186/s12936-022-04202-w|Chan|"Cattle‑related risk factors for malaria
in southwest Ethiopia: a cross‑sectional study"|Malaria Journal|2022||||Ethiopia|Shelle Mella|5.86639|37.47583|||||||||||||||within 5km|gps coords|paper/map|Arba Minch||coordinates were provided in the paper and confirmed in google earth which fall around the sampled locality.|yes|combination|yes|"source mentions that Indoor
residual spraying using bendiocarb (carbamate) was per
formed
in July and August 2016, whereas deltamethrin
treated
LLINs were distributed in January 2017."|CDC-LT - indoor|85|CDC-LT - outdoor|45|||||||yes|no|no|7|7|2017|2017|||63mm/month|"source says 
main and secondary wet seasons in April–May and Sep
tember–
October, respectively"|GAMBIAE COMPLEX||morph||mix|mix||||"source says wall surfaces were rough, smooth, or painted
mud walls, whereas roofs were thatched or metal"|Farmer (subsistence)||||||||||||"source says inhabitants were subsistence farm
ers
where their main source of income were cash crops,
such as bananas and mangoes"|no|na|"source says inhabitan ts were subsistence farm
ers
where their main source of income were cash crops,
such as bananas and mangoes"|cattle||||||||||||||||||||||||||||||||||||||||||||||||||||||||||||||||||||||||||||||||||||||||||||||||||||||||||||||||||||||||||||||||||||||||||||||||||||||||||||||||||||||||||||||||||||||||||||||||||||||||||||||||||||||||||||||||||||||||||||||||||||||||||||||||||||||||||||||||||||||||||||||||||||||||||||||||||||||||||||||||||||||||||||||||||||||||||||||||||||||||||||||||||||||||||||||||||||DNN
no|yes|no|none|VA6|https://doi.org/10.1186/s12936-022-04202-w|Chan|"Cattle‑related risk factors for malaria
in southwest Ethiopia: a cross‑sectional study"|Malaria Journal|2022||||Ethiopia|Shelle Mella|5.86639|37.47583|||||||||||||||within 5km|gps coords|paper/map|Arba Minch||coordinates were provided in the paper and confirmed in google earth which fall around the sampled locality.|yes|combination|yes|"source mentions that Indoor
residual spraying using bendiocarb (carbamate) was per
formed
in July and August 2016, whereas deltamethrin
treated
LLINs were distributed in January 2017."|CDC-LT - indoor|3|CDC-LT - outdoor|5|||||||yes|no|no|7|7|2017|2017|||63mm/month|"source says 
main and secondary wet seasons in April–May and Sep
tember–
October, respectively"|garnhami||morph||mix|mix||||"source says wall surfaces were rough, smooth, or painted
mud walls, whereas roofs were thatched or metal"|Farmer (subsistence)||||||||||||"source says inhabitants were subsistence farm
ers
where their main source of income were cash crops,
such as bananas and mangoes"|no|na|"source says inhabitan ts were subsistence farm
ers
where their main source of income were cash crops,
such as bananas and mangoes"|cattle||||||||||||||||||||||||||||||||||||||||||||||||||||||||||||||||||||||||||||||||||||||||||||||||||||||||||||||||||||||||||||||||||||||||||||||||||||||||||||||||||||||||||||||||||||||||||||||||||||||||||||||||||||||||||||||||||||||||||||||||||||||||||||||||||||||||||||||||||||||||||||||||||||||||||||||||||||||||||||||||||||||||||||||||||||||||||||||||||||||||||||||||||||||||||||||||||||DNN
no|yes|no|none|VA6|https://doi.org/10.1186/s12936-022-04202-w|Chan|"Cattle‑related risk factors for malaria
in southwest Ethiopia: a cross‑sectional study"|Malaria Journal|2022||||Ethiopia|Shelle Mella|5.86639|37.47583|||||||||||||||within 5km|gps coords|paper/map|Arba Minch||coordinates were provided in the paper and confirmed in google earth which fall around the sampled locality.|yes|combination|yes|"source mentions that Indoor
residual spraying using bendiocarb (carbamate) was per
formed
in July and August 2016, whereas deltamethrin
treated
LLINs were distributed in January 2017."|CDC-LT - indoor|5|CDC-LT - outdoor|2|||||||yes|no|no|7|7|2017|2017|||63mm/month|"source says 
main and secondary wet seasons in April–May and Sep
tember–
October, respectively"|tenebrosus||morph||mix|mix||||"source says wall surfaces were rough, smooth, or painted
mud walls, whereas roofs were thatched or metal"|Farmer (subsistence)||||||||||||"source says inhabitants were subsistence farm
ers
where their main source of income were cash crops,
such as bananas and mangoes"|no|na|"source says inhabitan ts were subsistence farm
ers
where their main source of income were cash crops,
such as bananas and mangoes"|cattle||||||||||||||||||||||||||||||||||||||||||||||||||||||||||||||||||||||||||||||||||||||||||||||||||||||||||||||||||||||||||||||||||||||||||||||||||||||||||||||||||||||||||||||||||||||||||||||||||||||||||||||||||||||||||||||||||||||||||||||||||||||||||||||||||||||||||||||||||||||||||||||||||||||||||||||||||||||||||||||||||||||||||||||||||||||||||||||||||||||||||||||||||||||||||||||||||||DNN
no|yes|no|none|VA6|https://doi.org/10.1186/s12936-022-04202-w|Chan|"Cattle‑related risk factors for malaria
in southwest Ethiopia: a cross‑sectional study"|Malaria Journal|2022||||Ethiopia|Shelle Mella|5.86639|37.47583|||||||||||||||within 5km|gps coords|paper/map|Arba Minch||coordinates were provided in the paper and confirmed in google earth which fall around the sampled locality.|yes|combination|yes|"source mentions that Indoor
residual spraying using bendiocarb (carbamate) was per
formed
in July and August 2016, whereas deltamethrin
treated
LLINs were distributed in January 2017."|CDC-LT - indoor|3|CDC-LT - outdoor|2|||||||yes|no|no|7|7|2017|2017|||63mm/month|"source says 
main and secondary wet seasons in April–May and Sep
tember–
October, respectively"|FUNESTUS COMPLEX||morph||mix|mix||||"source says wall surfaces were rough, smooth, or painted
mud walls, whereas roofs were thatched or metal"|Farmer (subsistence)||||||||||||"source says inhabitants were subsistence farm
ers
where their main source of income were cash crops,
such as bananas and mangoes"|no|na|"source says inhabitan ts were subsistence farm
ers
where their main source of income were cash crops,
such as bananas and mangoes"|cattle||||||||||||||||||||||||||||||||||||||||||||||||||||||||||||||||||||||||||||||||||||||||||||||||||||||||||||||||||||||||||||||||||||||||||||||||||||||||||||||||||||||||||||||||||||||||||||||||||||||||||||||||||||||||||||||||||||||||||||||||||||||||||||||||||||||||||||||||||||||||||||||||||||||||||||||||||||||||||||||||||||||||||||||||||||||||||||||||||||||||||||||||||||||||||||||||||||DNN
no|yes|no|none|VA6|https://doi.org/10.1186/s12936-022-04202-w|Chan|"Cattle‑related risk factors for malaria
in southwest Ethiopia: a cross‑sectional study"|Malaria Journal|2022||||Ethiopia|Shelle Mella|5.86639|37.47583|||||||||||||||within 5km|gps coords|paper/map|Arba Minch||coordinates were provided in the paper and confirmed in google earth which fall around the sampled locality.|yes|combination|yes|"source mentions that Indoor
residual spraying using bendiocarb (carbamate) was per
formed
in July and August 2016, whereas deltamethrin
treated
LLINs were distributed in January 2017."|CDC-LT - indoor|0|CDC-LT - outdoor|3|||||||yes|no|no|7|7|2017|2017|||63mm/month|"source says 
main and secondary wet seasons in April–May and Sep
tember–
October, respectively"|marshallii||morph||mix|mix||||"source says wall surfaces were rough, smooth, or painted
mud walls, whereas roofs were thatched or metal"|Farmer (subsistence)||||||||||||"source says inhabitants were subsistence farm
ers
where their main source of income were cash crops,
such as bananas and mangoes"|no|na|"source says inhabitan ts were subsistence farm
ers
where their main source of income were cash crops,
such as bananas and mangoes"|cattle||||||||||||||||||||||||||||||||||||||||||||||||||||||||||||||||||||||||||||||||||||||||||||||||||||||||||||||||||||||||||||||||||||||||||||||||||||||||||||||||||||||||||||||||||||||||||||||||||||||||||||||||||||||||||||||||||||||||||||||||||||||||||||||||||||||||||||||||||||||||||||||||||||||||||||||||||||||||||||||||||||||||||||||||||||||||||||||||||||||||||||||||||||||||||||||||||||DNN
no|yes|no|none|VA6|https://doi.org/10.1186/s12936-022-04202-w|Chan|"Cattle‑related risk factors for malaria
in southwest Ethiopia: a cross‑sectional study"|Malaria Journal|2022||||Ethiopia|Shelle Mella|5.86639|37.47583|||||||||||||||within 5km|gps coords|paper/map|Arba Minch||coordinates were provided in the paper and confirmed in google earth which fall around the sampled locality.|yes|combination|yes|"source mentions that Indoor
residual spraying using bendiocarb (carbamate) was per
formed
in July and August 2016, whereas deltamethrin
treated
LLINs were distributed in January 2017."|CDC-LT - indoor|1|CDC-LT - outdoor|2|||||||yes|no|no|7|7|2017|2017|||63mm/month|"source says 
main and secondary wet seasons in April–May and Sep
tember–
October, respectively"|pharoensis||morph||mix|mix||||"source says wall surfaces were rough, smooth, or painted
mud walls, whereas roofs were thatched or metal"|Farmer (subsistence)||||||||||||"source says inhabitants were subsistence farm
ers
where their main source of income were cash crops,
such as bananas and mangoes"|no|na|"source says inhabitan ts were subsistence farm
ers
where their main source of income were cash crops,
such as bananas and mangoes"|cattle||||||||||||||||||||||||||||||||||||||||||||||||||||||||||||||||||||||||||||||||||||||||||||||||||||||||||||||||||||||||||||||||||||||||||||||||||||||||||||||||||||||||||||||||||||||||||||||||||||||||||||||||||||||||||||||||||||||||||||||||||||||||||||||||||||||||||||||||||||||||||||||||||||||||||||||||||||||||||||||||||||||||||||||||||||||||||||||||||||||||||||||||||||||||||||||||||||DNN
no|yes|yes|none|VA7|10.3390/ijerph19116699 |Hakizimana |Community-Based Control of Malaria Vectors Using Bacillus thuringiensis var. Israelensis (Bti) in Rwanda |Int. J. Environ. Res. Public Health |2022|other|yes|The author could provide clarity on the species discussed in order to link it to the data on larval habitats.|Rwanda|||||||||||||||||||||||||||||||||||||||||||||||||||||||||||||||||||||||||||||||||||||||||||||||||||||||||||||||||||||||||||||||||||||||||||||||||||||||||||||||||||||||||||||||||||||||||||||||||||||||||||||||||||||||||||||||||||||||||||||||||||||||||||||||||||||||||||||||||||||||||||||||||||||||||||||||||||||||||||||||||||||||||||||||||||||||||||||||||||||||||||||||||||||||||||||||||||||||||||||||||||||||||||||||||||||||||||||||||||||||||||||||||||||||JO||||||||
yes|yes|yes|none|VA8|10.1186/s12936-022-04200-y |Musiba|Outdoor biting and pyrethroid resistance as potential drivers of persistent malaria transmission in Zanzibar |Malaria Journal |2022|Preferential|yes|The author could provide IR related to specific species|Tanzania|Tunduni|||||||||||||||||within 5km|small polygon|GoogleMaps|Zanzibar|Ugunja|The paper do not the coordinates for the sites, instead it provides the coordinates for Ugunja|no|na|||HBN (in)|90|HBN (out)|199|Larvae||CDC-LT - outdoor|||Mosquitoes were collected inside and outside households using the miniaturized double net trap (DN-Mini) which is an adaptation of the original bed net trap design. Additional collections were also done indoors using prokopack aspirators to retrieve mosquitoes from walls and ceiling surfaces, and outdoors using resting bucket traps and artificially constructed pit traps.|yes|no|no|12|12|2016|2017|cross|||The paper states that 90% of collected mosquitoes were caught during wet season. Generalized Linear Mixed Models (GLLMs) statistical model was used to examine the difference in mosquito bites between dry and wet season|GAMBIAE COMPLEX||morph|genetic/molecular|||||||||||||||||||||||||||||||||||||||||||||||||||||||||||||||||||||||||||||||||||||||||||||||||||||||||||||||||||||||||||||||||||||||||||||||||||||||||||||||||||||||||||||||||||||||||||||||||||||||||||||||||||||||||||||||||||||||||||||||||||||||||||||||||||||||||||||||||||||||||||||||||||||||||||||||||||||||||||||||||||||||||||||||||||||||||||||||||||||||||||||||||||||||||||||||||||||||||||||||||||JO||||||||
yes|yes|yes|none|VA8|10.1186/s12936-022-04200-y |Musiba|Outdoor biting and pyrethroid resistance as potential drivers of persistent malaria transmission in Zanzibar |Malaria Journal |2022|Preferential|yes|The author could provide IR related to specific species|Tanzania|Tunduni|||||||||||||||||within 5km|small polygon|GoogleMaps|Zanzibar|Ugunja|The paper do not the coordinates for the sites, instead it provides the coordinates for Ugunja|no|na|||HBN (in)|5|HBN (out)|48|Larvae||CDC-LT - outdoor|||Mosquitoes were collected inside and outside households using the miniaturized double net trap (DN-Mini) which is an adaptation of the original bed net trap design. Additional collections were also done indoors using prokopack aspirators to retrieve mosquitoes from walls and ceiling surfaces, and outdoors using resting bucket traps and artificially constructed pit traps.|yes|no|no|12|12|2016|2017|cross|||The paper states that 90% of collected mosquitoes were caught during wet season. Generalized Linear Mixed Models (GLLMs) statistical model was used to examine the difference in mosquito bites between dry and wet season|squamosus||morph||||||||||||||||||||||||||||||||||||||||||||||||||||||||||||||||||||||||||||||||||||||||||||||||||||||||||||||||||||||||||||||||||||||||||||||||||||||||||||||||||||||||||||||||||||||||||||||||||||||||||||||||||||||||||||||||||||||||||||||||||||||||||||||||||||||||||||||||||||||||||||||||||||||||||||||||||||||||||||||||||||||||||||||||||||||||||||||||||||||||||||||||||||||||||||||||||||||||||||||||||||JO||||||||
yes|yes|yes|none|VA8|10.1186/s12936-022-04200-y |Musiba|Outdoor biting and pyrethroid resistance as potential drivers of persistent malaria transmission in Zanzibar |Malaria Journal |2022|Preferential|yes|The author could provide IR related to specific species|Tanzania|Tunduni|||||||||||||||||within 5km|small polygon|GoogleMaps|Zanzibar|Ugunja|The paper do not the coordinates for the sites, instead it provides the coordinates for Ugunja|no|na|||HBN (in)|0|HBN (out)|1|Larvae||CDC-LT - outdoor|||Mosquitoes were collected inside and outside households using the miniaturized double net trap (DN-Mini) which is an adaptation of the original bed net trap design. Additional collections were also done indoors using prokopack aspirators to retrieve mosquitoes from walls and ceiling surfaces, and outdoors using resting bucket traps and artificially constructed pit traps.|yes|no|no|12|12|2016|2017|cross|||The paper states that 90% of collected mosquitoes were caught during wet season. Generalized Linear Mixed Models (GLLMs) statistical model was used to examine the difference in mosquito bites between dry and wet season|coustani||morph||||||||||||||||||||||||||||||||||||||||||||||||||||||||||||||||||||||||||||||||||||||||||||||||||||||||||||||||||||||||||||||||||||||||||||||||||||||||||||||||||||||||||||||||||||||||||||||||||||||||||||||||||||||||||||||||||||||||||||||||||||||||||||||||||||||||||||||||||||||||||||||||||||||||||||||||||||||||||||||||||||||||||||||||||||||||||||||||||||||||||||||||||||||||||||||||||||||||||||||||||||JO||||||||
yes|yes|yes|none|VA8|10.1186/s12936-022-04200-y |Musiba|Outdoor biting and pyrethroid resistance as potential drivers of persistent malaria transmission in Zanzibar |Malaria Journal |2022|Preferential|yes|The author could provide IR related to specific species|Tanzania|Tunduni|||||||||||||||||within 5km|small polygon|GoogleMaps|Zanzibar|Ugunja|The paper do not the coordinates for the sites, instead it provides the coordinates for Ugunja|no|na|||HBN (in)|0|HBN (out)|0|Larvae||CDC-LT - outdoor|||Mosquitoes were collected inside and outside households using the miniaturized double net trap (DN-Mini) which is an adaptation of the original bed net trap design. Additional collections were also done indoors using prokopack aspirators to retrieve mosquitoes from walls and ceiling surfaces, and outdoors using resting bucket traps and artificially constructed pit traps.|yes|no|no|12|12|2016|2017|cross|||The paper states that 90% of collected mosquitoes were caught during wet season. Generalized Linear Mixed Models (GLLMs) statistical model was used to examine the difference in mosquito bites between dry and wet season|pharoensis||morph||||||||||||||||||||||||||||||||||||||||||||||||||||||||||||||||||||||||||||||||||||||||||||||||||||||||||||||||||||||||||||||||||||||||||||||||||||||||||||||||||||||||||||||||||||||||||||||||||||||||||||||||||||||||||||||||||||||||||||||||||||||||||||||||||||||||||||||||||||||||||||||||||||||||||||||||||||||||||||||||||||||||||||||||||||||||||||||||||||||||||||||||||||||||||||||||||||||||||||||||||||JO||||||||
yes|yes|yes|none|VA8|10.1186/s12936-022-04200-y |Musiba|Outdoor biting and pyrethroid resistance as potential drivers of persistent malaria transmission in Zanzibar |Malaria Journal |2022|Preferential|yes|The author could provide IR related to specific species|Tanzania|Miwani|||||||||||||||||within 5km|small polygon|GoogleMaps|Zanzibar|Ugunja|The paper do not the coordinates for the sites, instead it provides the coordinates for Ugunja|no|na|||HBN (in)|90|HBN (out)|199|Larvae||CDC-LT - outdoor|||Mosquitoes were collected inside and outside households using the miniaturized double net trap (DN-Mini) which is an adaptation of the original bed net trap design. Additional collections were also done indoors using prokopack aspirators to retrieve mosquitoes from walls and ceiling surfaces, and outdoors using resting bucket traps and artificially constructed pit traps.|yes|no|no|12|12|2016|2017|cross|||The paper states that 90% of collected mosquitoes were caught during wet season. Generalized Linear Mixed Models (GLLMs) statistical model was used to examine the difference in mosquito bites between dry and wet season|GAMBIAE COMPLEX||morph|genetic/molecular||||||||||||||||||||||||||||||||||||||||||||||||||||||||||||||||||||HBN (in)|HBN (out)||||||||||||||||||||||||||||||||||||60% of blood-fed mosquitoes obtained blood from domestic animals (Goat, Bovine, Dog and Chicken) compared to 40% from human by An. gambiae s.l. caught by MD-Min both outdoor and indoor dwellings ||||||||||||||||||||||1|||||||||1|||||||||1||||||||||||||||||||||||Overall for the three sites, the mean numbers of An. gambiae s.l. caught by DN-Mini show that the highest frequency of mosquito bites occurred at 1800 h, 2100 h, 0100 h, 0200 h, and 0500 h for outdoor biting mosqui- toes and at 0000 h, 0100 h, and 0200 h for indoor biting mosquitoes. While, the lowest frequency of mosquito bites occurred indoors in the early evening and early morning ||||||||||||||||||||||||||||||||||||||||||||||||||||||||||||||||||||||||||||||||||||||||||||||||||||||||||||||||||||||||||||||||||||||||||||||||||||||||||||||||||||||||||||||||||||||||||||||||||||||||||||||||||||||||||||||||||||||||||JO||||||||
yes|yes|yes|none|VA8|10.1186/s12936-022-04200-y |Musiba|Outdoor biting and pyrethroid resistance as potential drivers of persistent malaria transmission in Zanzibar |Malaria Journal |2022|Preferential|yes|The author could provide IR related to specific species|Tanzania|Miwani|||||||||||||||||within 5km|small polygon|GoogleMaps|Zanzibar|Ugunja|The paper do not the coordinates for the sites, instead it provides the coordinates for Ugunja|no|na|||HBN (in)|5|HBN (out)|48|Larvae||CDC-LT - outdoor|||Mosquitoes were collected inside and outside households using the miniaturized double net trap (DN-Mini) which is an adaptation of the original bed net trap design. Additional collections were also done indoors using prokopack aspirators to retrieve mosquitoes from walls and ceiling surfaces, and outdoors using resting bucket traps and artificially constructed pit traps.|yes|no|no|12|12|2016|2017|cross|||The paper states that 90% of collected mosquitoes were caught during wet season. Generalized Linear Mixed Models (GLLMs) statistical model was used to examine the difference in mosquito bites between dry and wet season|squamosus||morph||||||||||||||||||||||||||||||||||||||||||||||||||||||||||||||||||||||||||||||||||||||||||||||||||||||||||||||||||||||||||||||||||||||||||||||||||||||||||||||||||||||||||||||||||||||||||||||||||||||||||||||||||||||||||||||||||||||||||||||||||||||||||||||||||||||||||||||||||||||||||||||||||||||||||||||||||||||||||||||||||||||||||||||||||||||||||||||||||||||||||||||||||||||||||||||||||||||||||||||||||||JO||||||||
yes|yes|yes|none|VA8|10.1186/s12936-022-04200-y |Musiba|Outdoor biting and pyrethroid resistance as potential drivers of persistent malaria transmission in Zanzibar |Malaria Journal |2022|Preferential|yes|The author could provide IR related to specific species|Tanzania|Miwani|||||||||||||||||within 5km|small polygon|GoogleMaps|Zanzibar|Ugunja|The paper do not the coordinates for the sites, instead it provides the coordinates for Ugunja|no|na|||HBN (in)|0|HBN (out)|1|Larvae||CDC-LT - outdoor|||Mosquitoes were collected inside and outside households using the miniaturized double net trap (DN-Mini) which is an adaptation of the original bed net trap design. Additional collections were also done indoors using prokopack aspirators to retrieve mosquitoes from walls and ceiling surfaces, and outdoors using resting bucket traps and artificially constructed pit traps.|yes|no|no|12|12|2016|2017|cross|||The paper states that 90% of collected mosquitoes were caught during wet season. Generalized Linear Mixed Models (GLLMs) statistical model was used to examine the difference in mosquito bites between dry and wet season|coustani||morph||||||||||||||||||||||||||||||||||||||||||||||||||||||||||||||||||||||||||||||||||||||||||||||||||||||||||||||||||||||||||||||||||||||||||||||||||||||||||||||||||||||||||||||||||||||||||||||||||||||||||||||||||||||||||||||||||||||||||||||||||||||||||||||||||||||||||||||||||||||||||||||||||||||||||||||||||||||||||||||||||||||||||||||||||||||||||||||||||||||||||||||||||||||||||||||||||||||||||||||||||||JO||||||||
yes|yes|yes|none|VA8|10.1186/s12936-022-04200-y |Musiba|Outdoor biting and pyrethroid resistance as potential drivers of persistent malaria transmission in Zanzibar |Malaria Journal |2022|Preferential|yes|The author could provide IR related to specific species|Tanzania|Miwani|||||||||||||||||within 5km|small polygon|GoogleMaps|Zanzibar|Ugunja|The paper do not the coordinates for the sites, instead it provides the coordinates for Ugunja|no|na|||HBN (in)|0|HBN (out)|0|Larvae||CDC-LT - outdoor|||Mosquitoes were collected inside and outside households using the miniaturized double net trap (DN-Mini) which is an adaptation of the original bed net trap design. Additional collections were also done indoors using prokopack aspirators to retrieve mosquitoes from walls and ceiling surfaces, and outdoors using resting bucket traps and artificially constructed pit traps.|yes|no|no|12|12|2016|2017|cross|||The paper states that 90% of collected mosquitoes were caught during wet season. Generalized Linear Mixed Models (GLLMs) statistical model was used to examine the difference in mosquito bites between dry and wet season|pharoensis||morph||||||||||||||||||||||||||||||||||||||||||||||||||||||||||||||||||||||||||||||||||||||||||||||||||||||||||||||||||||||||||||||||||||||||||||||||||||||||||||||||||||||||||||||||||||||||||||||||||||||||||||||||||||||||||||||||||||||||||||||||||||||||||||||||||||||||||||||||||||||||||||||||||||||||||||||||||||||||||||||||||||||||||||||||||||||||||||||||||||||||||||||||||||||||||||||||||||||||||||||||||||JO||||||||
yes|yes|yes|none|VA8|10.1186/s12936-022-04200-y |Musiba|Outdoor biting and pyrethroid resistance as potential drivers of persistent malaria transmission in Zanzibar |Malaria Journal |2022|Preferential|yes|The author could provide IR related to specific species|Tanzania|Donge Mchangani|||||||||||||||||within 5km|small polygon|GoogleMaps|Zanzibar|Ugunja|The paper do not the coordinates for the sites, instead it provides the coordinates for Ugunja|no|na|||HBN (in)|90|HBN (out)|199|Larvae||CDC-LT - outdoor|||Mosquitoes were collected inside and outside households using the miniaturized double net trap (DN-Mini) which is an adaptation of the original bed net trap design. Additional collections were also done indoors using prokopack aspirators to retrieve mosquitoes from walls and ceiling surfaces, and outdoors using resting bucket traps and artificially constructed pit traps.|yes|no|no|12|12|2016|2017|cross|||The paper states that 90% of collected mosquitoes were caught during wet season. Generalized Linear Mixed Models (GLLMs) statistical model was used to examine the difference in mosquito bites between dry and wet season|GAMBIAE COMPLEX||morph|genetic/molecular||||||||||||||||||||||||||||||||||||||||||||||||||||||||||||||||||||HBN (in)|HBN (out)||||||||||||||||||||||||||||||||||||60% of blood-fed mosquitoes obtained blood from domestic animals (Goat, Bovine, Dog and Chicken) compared to 40% from human by An. gambiae s.l. caught by MD-Min both outdoor and indoor dwellings ||||||||||||||||||||1||||||||||||||||||1|1|||||||||||||||||||||||||Overall for the three sites, the mean numbers of An. gambiae s.l. caught by DN-Mini show that the highest frequency of mosquito bites occurred at 1800 h, 2100 h, 0100 h, 0200 h, and 0500 h for outdoor biting mosqui- toes and at 0000 h, 0100 h, and 0200 h for indoor biting mosquitoes. While, the lowest frequency of mosquito bites occurred indoors in the early evening and early morning ||||||||||||||||||||||||||||||||||||||||||||||||||||||||||||||||||||||||||||||||||||||||||||||||||||||||||||||||||||||||||||||||||||||||||||||||||||||||||||||||||||||||||||||||||||||||||||||||||||||||||||||||||||||||||||||||||||||||||JO||||||||
yes|yes|yes|none|VA8|10.1186/s12936-022-04200-y |Musiba|Outdoor biting and pyrethroid resistance as potential drivers of persistent malaria transmission in Zanzibar |Malaria Journal |2022|Preferential|yes|The author could provide IR related to specific species|Tanzania|Donge Mchangani|||||||||||||||||within 5km|small polygon|GoogleMaps|Zanzibar|Ugunja|The paper do not the coordinates for the sites, instead it provides the coordinates for Ugunja|no|na|||HBN (in)|5|HBN (out)|48|Larvae||CDC-LT - outdoor|||Mosquitoes were collected inside and outside households using the miniaturized double net trap (DN-Mini) which is an adaptation of the original bed net trap design. Additional collections were also done indoors using prokopack aspirators to retrieve mosquitoes from walls and ceiling surfaces, and outdoors using resting bucket traps and artificially constructed pit traps.|yes|no|no|12|12|2016|2017|cross|||The paper states that 90% of collected mosquitoes were caught during wet season. Generalized Linear Mixed Models (GLLMs) statistical model was used to examine the difference in mosquito bites between dry and wet season|squamosus||morph||||||||||||||||||||||||||||||||||||||||||||||||||||||||||||||||||||||||||||||||||||||||||||||||||||||||||||||||||||||||||||||||||||||||||||||||||||||||||||||||||||||||||||||||||||||||||||||||||||||||||||||||||||||||||||||||||||||||||||||||||||||||||||||||||||||||||||||||||||||||||||||||||||||||||||||||||||||||||||||||||||||||||||||||||||||||||||||||||||||||||||||||||||||||||||||||||||||||||||||||||||JO||||||||
yes|yes|yes|none|VA8|10.1186/s12936-022-04200-y |Musiba|Outdoor biting and pyrethroid resistance as potential drivers of persistent malaria transmission in Zanzibar |Malaria Journal |2022|Preferential|yes|The author could provide IR related to specific species|Tanzania|Donge Mchangani|||||||||||||||||within 5km|small polygon|GoogleMaps|Zanzibar|Ugunja|The paper do not the coordinates for the sites, instead it provides the coordinates for Ugunja|no|na|||HBN (in)|0|HBN (out)|1|Larvae||CDC-LT - outdoor|||Mosquitoes were collected inside and outside households using the miniaturized double net trap (DN-Mini) which is an adaptation of the original bed net trap design. Additional collections were also done indoors using prokopack aspirators to retrieve mosquitoes from walls and ceiling surfaces, and outdoors using resting bucket traps and artificially constructed pit traps.|yes|no|no|12|12|2016|2017|cross|||The paper states that 90% of collected mosquitoes were caught during wet season. Generalized Linear Mixed Models (GLLMs) statistical model was used to examine the difference in mosquito bites between dry and wet season|coustani||morph||||||||||||||||||||||||||||||||||||||||||||||||||||||||||||||||||||||||||||||||||||||||||||||||||||||||||||||||||||||||||||||||||||||||||||||||||||||||||||||||||||||||||||||||||||||||||||||||||||||||||||||||||||||||||||||||||||||||||||||||||||||||||||||||||||||||||||||||||||||||||||||||||||||||||||||||||||||||||||||||||||||||||||||||||||||||||||||||||||||||||||||||||||||||||||||||||||||||||||||||||||JO||||||||
yes|yes|yes|none|VA8|10.1186/s12936-022-04200-y |Musiba|Outdoor biting and pyrethroid resistance as potential drivers of persistent malaria transmission in Zanzibar |Malaria Journal |2022|Preferential|yes|The author could provide IR related to specific species|Tanzania|Donge Mchangani|||||||||||||||||within 5km|small polygon|GoogleMaps|Zanzibar|Ugunja|The paper do not the coordinates for the sites, instead it provides the coordinates for Ugunja|no|na|||HBN (in)|0|HBN (out)|0|Larvae||CDC-LT - outdoor|||Mosquitoes were collected inside and outside households using the miniaturized double net trap (DN-Mini) which is an adaptation of the original bed net trap design. Additional collections were also done indoors using prokopack aspirators to retrieve mosquitoes from walls and ceiling surfaces, and outdoors using resting bucket traps and artificially constructed pit traps.|yes|no|no|12|12|2016|2017|cross|||The paper states that 90% of collected mosquitoes were caught during wet season. Generalized Linear Mixed Models (GLLMs) statistical model was used to examine the difference in mosquito bites between dry and wet season|pharoensis||morph||||||||||||||||||||||||||||||||||||||||||||||||||||||||||||||||||||||||||||||||||||||||||||||||||||||||||||||||||||||||||||||||||||||||||||||||||||||||||||||||||||||||||||||||||||||||||||||||||||||||||||||||||||||||||||||||||||||||||||||||||||||||||||||||||||||||||||||||||||||||||||||||||||||||||||||||||||||||||||||||||||||||||||||||||||||||||||||||||||||||||||||||||||||||||||||||||||||||||||||||||||JO||||||||
yes|yes|yes|none|VA8|10.1186/s12936-022-04200-y |Musiba|Outdoor biting and pyrethroid resistance as potential drivers of persistent malaria transmission in Zanzibar |Malaria Journal |2022|Preferential|yes|The author could provide IR related to specific species|Tanzania|Mbaleni|||||||||||||||||within 5km|small polygon|GoogleMaps|Zanzibar|Ugunja|The paper do not the coordinates for the sites, instead it provides the coordinates for Ugunja|no|na|||HBN (in)|90|HBN (out)|199|Larvae||CDC-LT - outdoor|||Mosquitoes were collected inside and outside households using the miniaturized double net trap (DN-Mini) which is an adaptation of the original bed net trap design. Additional collections were also done indoors using prokopack aspirators to retrieve mosquitoes from walls and ceiling surfaces, and outdoors using resting bucket traps and artificially constructed pit traps.|yes|no|no|12|12|2016|2017|cross|||The paper states that 90% of collected mosquitoes were caught during wet season. Generalized Linear Mixed Models (GLLMs) statistical model was used to examine the difference in mosquito bites between dry and wet season|GAMBIAE COMPLEX||morph|genetic/molecular||||||||||||||||||||||||||||||||||||||||||||||||||||||||||||||||||||HBN (in)|HBN (out)||||||||||||||||||||||||||||||||||||60% of blood-fed mosquitoes obtained blood from domestic animals (Goat, Bovine, Dog and Chicken) compared to 40% from human by An. gambiae s.l. caught by MD-Min both outdoor and indoor dwellings |||||||||||||||||||||1|||||||||||||1||||||||1||||||||||||||||||||||Overall for the three sites, the mean numbers of An. gambiae s.l. caught by DN-Mini show that the highest frequency of mosquito bites occurred at 1800 h, 2100 h, 0100 h, 0200 h, and 0500 h for outdoor biting mosqui- toes and at 0000 h, 0100 h, and 0200 h for indoor biting mosquitoes. While, the lowest frequency of mosquito bites occurred indoors in the early evening and early morning ||||||||||||||||||||||||||||||||||||||||||||||||||||||||||||||||||||||||||||||||||||||||||||||||||||||||||||||||||||||||||||||||||||||||||||||||||||||||||||||||||||||||||||||||||||||||||||||||||||||||||||||||||||||||||||||||||||||||||JO||||||||
yes|yes|yes|none|VA8|10.1186/s12936-022-04200-y |Musiba|Outdoor biting and pyrethroid resistance as potential drivers of persistent malaria transmission in Zanzibar |Malaria Journal |2022|Preferential|yes|The author could provide IR related to specific species|Tanzania|Mbaleni|||||||||||||||||within 5km|small polygon|GoogleMaps|Zanzibar|Ugunja|The paper do not the coordinates for the sites, instead it provides the coordinates for Ugunja|no|na|||HBN (in)|5|HBN (out)|48|Larvae||CDC-LT - outdoor|||Mosquitoes were collected inside and outside households using the miniaturized double net trap (DN-Mini) which is an adaptation of the original bed net trap design. Additional collections were also done indoors using prokopack aspirators to retrieve mosquitoes from walls and ceiling surfaces, and outdoors using resting bucket traps and artificially constructed pit traps.|yes|no|no|12|12|2016|2017|cross|||The paper states that 90% of collected mosquitoes were caught during wet season. Generalized Linear Mixed Models (GLLMs) statistical model was used to examine the difference in mosquito bites between dry and wet season|squamosus||morph||||||||||||||||||||||||||||||||||||||||||||||||||||||||||||||||||||||||||||||||||||||||||||||||||||||||||||||||||||||||||||||||||||||||||||||||||||||||||||||||||||||||||||||||||||||||||||||||||||||||||||||||||||||||||||||||||||||||||||||||||||||||||||||||||||||||||||||||||||||||||||||||||||||||||||||||||||||||||||||||||||||||||||||||||||||||||||||||||||||||||||||||||||||||||||||||||||||||||||||||||||JO||||||||
yes|yes|yes|none|VA8|10.1186/s12936-022-04200-y |Musiba|Outdoor biting and pyrethroid resistance as potential drivers of persistent malaria transmission in Zanzibar |Malaria Journal |2022|Preferential|yes|The author could provide IR related to specific species|Tanzania|Mbaleni|||||||||||||||||within 5km|small polygon|GoogleMaps|Zanzibar|Ugunja|The paper do not the coordinates for the sites, instead it provides the coordinates for Ugunja|no|na|||HBN (in)|0|HBN (out)|1|Larvae||CDC-LT - outdoor|||Mosquitoes were collected inside and outside households using the miniaturized double net trap (DN-Mini) which is an adaptation of the original bed net trap design. Additional collections were also done indoors using prokopack aspirators to retrieve mosquitoes from walls and ceiling surfaces, and outdoors using resting bucket traps and artificially constructed pit traps.|yes|no|no|12|12|2016|2017|cross|||The paper states that 90% of collected mosquitoes were caught during wet season. Generalized Linear Mixed Models (GLLMs) statistical model was used to examine the difference in mosquito bites between dry and wet season|coustani||morph||||||||||||||||||||||||||||||||||||||||||||||||||||||||||||||||||||||||||||||||||||||||||||||||||||||||||||||||||||||||||||||||||||||||||||||||||||||||||||||||||||||||||||||||||||||||||||||||||||||||||||||||||||||||||||||||||||||||||||||||||||||||||||||||||||||||||||||||||||||||||||||||||||||||||||||||||||||||||||||||||||||||||||||||||||||||||||||||||||||||||||||||||||||||||||||||||||||||||||||||||||JO||||||||
yes|yes|yes|none|VA8|10.1186/s12936-022-04200-y |Musiba|Outdoor biting and pyrethroid resistance as potential drivers of persistent malaria transmission in Zanzibar |Malaria Journal |2022|Preferential|yes|The author could provide IR related to specific species|Tanzania|Mbaleni|||||||||||||||||within 5km|small polygon|GoogleMaps|Zanzibar|Ugunja|The paper do not the coordinates for the sites, instead it provides the coordinates for Ugunja|no|na|||HBN (in)|0|HBN (out)|0|Larvae||CDC-LT - outdoor|||Mosquitoes were collected inside and outside households using the miniaturized double net trap (DN-Mini) which is an adaptation of the original bed net trap design. Additional collections were also done indoors using prokopack aspirators to retrieve mosquitoes from walls and ceiling surfaces, and outdoors using resting bucket traps and artificially constructed pit traps.|yes|no|no|12|12|2016|2017|cross|||The paper states that 90% of collected mosquitoes were caught during wet season. Generalized Linear Mixed Models (GLLMs) statistical model was used to examine the difference in mosquito bites between dry and wet season|pharoensis||morph||||||||||||||||||||||||||||||||||||||||||||||||||||||||||||||||||||||||||||||||||||||||||||||||||||||||||||||||||||||||||||||||||||||||||||||||||||||||||||||||||||||||||||||||||||||||||||||||||||||||||||||||||||||||||||||||||||||||||||||||||||||||||||||||||||||||||||||||||||||||||||||||||||||||||||||||||||||||||||||||||||||||||||||||||||||||||||||||||||||||||||||||||||||||||||||||||||||||||||||||||||JO||||||||
no|no|no|none|VA9|10.1016/ S2666-5247(22)00039-8 |Ahmed |Vector control strategy for Anopheles stephensi in Africa ||2022|na||No data||||||||||||||||||||||||||||||||||||||||||||||||||||||||||||||||||||||||||||||||||||||||||||||||||||||||||||||||||||||||||||||||||||||||||||||||||||||||||||||||||||||||||||||||||||||||||||||||||||||||||||||||||||||||||||||||||||||||||||||||||||||||||||||||||||||||||||||||||||||||||||||||||||||||||||||||||||||||||||||||||||||||||||||||||||||||||||||||||||||||||||||||||||||||||||||||||||||||||||||||||||||||||||||||||||||||||||||||||||||||||||||||||||||||JO||||||||
no|yes|yes|none|VA10|10.1186/s12936-022-04189-4|Ngowo|Using Bayesian state-space models to understand the population dynamics of the dominant malaria vector, Anopheles funestus in rural Tanzania||2022|Preferential|||Tanzania|Kilombero|-8.1539|36.687|||||||||||||||between 5 - 10km|wide area|paper/map||||na||||CDC-LT - indoor||||||||||yes|no|no|6|5|2018|2019|||(1200-1800)mm/year|Annual rainfall was 1200– 1800  mm, and temperature, 20–32  °C|FUNESTUS COMPLEX||morph||||||||||||||||||||||||||||||||||||||||||||||||||||||||||||||||||||||||||||||||||||||||||||||||||||||||||||||||||||||||||||||||||||||||||||||||||||||||||||||||||||||||||||||||||||||||||||||||||||||||||||||||||||||||||||||||||||||||||||||||||||||||||||||||||||||||||||||||||||||||||||||||||||||||||||||||||||||||||||||||||||||||||||||||||||||||||||||||||||||||||||||||||||||||||||||||||||||||||||||||||||||||||||
no|yes|yes|none|VA10|10.1186/s12936-022-04189-4|Ngowo|Using Bayesian state-space models to understand the population dynamics of the dominant malaria vector, Anopheles funestus in rural Tanzania||2022|Preferential|||Tanzania|Ulanga|-8.3124|36.6879|||||||||||||||between 5 - 10km|wide area|paper/map||||na||||CDC-LT - indoor||||||||||yes|no|no|6|5|2018|2019|||(1200-1800)mm/year|Annual rainfall was 1200– 1800  mm, and temperature, 20–32  °C|FUNESTUS COMPLEX||morph||||||||||||||||||||||||||||||||||||||||||||||||||||||||||||||||||||||||||||||||||||||||||||||||||||||||||||||||||||||||||||||||||||||||||||||||||||||||||||||||||||||||||||||||||||||||||||||||||||||||||||||||||||||||||||||||||||||||||||||||||||||||||||||||||||||||||||||||||||||||||||||||||||||||||||||||||||||||||||||||||||||||||||||||||||||||||||||||||||||||||||||||||||||||||||||||||||||||||||||||||||||||||||
no|no|no|none|VA11|10.1186/s12936-022-04198-3|Kahamba|Using ecological observations to improve malaria control in areas where Anopheles funestus is the dominant vector|Malaria Journal|2022|||No data||||||||||||||||||||||||||||||||||||||||||||||||||||||||||||||||||||||||||||||||||||||||||||||||||||||||||||||||||||||||||||||||||||||||||||||||||||||||||||||||||||||||||||||||||||||||||||||||||||||||||||||||||||||||||||||||||||||||||||||||||||||||||||||||||||||||||||||||||||||||||||||||||||||||||||||||||||||||||||||||||||||||||||||||||||||||||||||||||||||||||||||||||||||||||||||||||||||||||||||||||||||||||||||||||||||||||||||||||||||||||||||||||||||||||||||||
no|no|no|none|VA12|10.1371/journal.pcbi.1009526|Beeton|Spatial modelling for population replacement of mosquito vectors at continental scale|PLOS Computational Biology|2022|||No data||||||||||||||||||||||||||||||||||||||||||||||||||||||||||||||||||||||||||||||||||||||||||||||||||||||||||||||||||||||||||||||||||||||||||||||||||||||||||||||||||||||||||||||||||||||||||||||||||||||||||||||||||||||||||||||||||||||||||||||||||||||||||||||||||||||||||||||||||||||||||||||||||||||||||||||||||||||||||||||||||||||||||||||||||||||||||||||||||||||||||||||||||||||||||||||||||||||||||||||||||||||||||||||||||||||||||||||||||||||||||||||||||||||||||||||||
no|no|no|none|VA13|10.1186/s12936-022-04197-4|Mnzava|Anopheles stephensi in Africa requires a more integrated response|Malaria Journal|2022|||No data|||||||||||||||||||||||||||||||||||||||||||||||||||||||||||||||||||||||||||||||||||||||||||||||||||||||||||||||||||||||||||||||||||||||||||||||||||||||||||||||||||||||||||||||||||||||||||||||||||||||||||||||||||||||||||||||||||||||||||||||||||||||||||||||||||||||||||||||||||||||||||||||||||||||||||||||||||||||||||||||||||||||||||||||||||||||||||||||||||||||||||||||||||||||||||||||||||||||||||||||||||||||||||||||||||||||||||||||||||||||||||||||||||||||||LC|||||||
no|no|no|none|VA15|10.3791/63546|Erlank|Standard Membrane Feeding Assay for the Detection of Plasmodium falciparum Infection in Anopheles Mosquito Vectors|jove|2022|||No data|||||||||||||||||||||||||||||||||||||||||||||||||||||||||||||||||||||||||||||||||||||||||||||||||||||||||||||||||||||||||||||||||||||||||||||||||||||||||||||||||||||||||||||||||||||||||||||||||||||||||||||||||||||||||||||||||||||||||||||||||||||||||||||||||||||||||||||||||||||||||||||||||||||||||||||||||||||||||||||||||||||||||||||||||||||||||||||||||||||||||||||||||||||||||||||||||||||||||||||||||||||||||||||||||||||||||||||||||||||||||||||||||||||||||LC|||||||
no|yes|no|none|VA17|10.1111/mve.12583|Sandeu|Seasonal variation of microbiota composition in Anopheles gambiae and Anopheles coluzzii in two different eco-geographical localities in Cameroon|Medical and Veterinary Entomology|2022|na|no||Cameroon|Gounougou|9.05|13.7331|||||||||||||||within 5km|point|paper/map|Bénoué||The coordinates were obtained from the paper. Confirmed it in google earth|na||||HRI|221|||||||221|Prokopack electrical aspirators was used to collect indoor resting mosquitoes|yes|no|no|12|1|2018|2019|||||gambiae (S)||morph|genetic/molecular||||||||||||||||||||na|rice|cotton farming is also practiced in the Gounougou||||||||||||||||||||||||||||||||||||||||||||||||||||||||||||||||||||||||||||||||||||||||||||||||||||||||||||||||||||||||||||||||||||||||||||||||||||||||||||||||||||||||||||||||||||||||||||||||||||||||||||||||||||||||||||||||||||||||||||||||||||||||||||||||||||||||||||||||||||||||||||||||||||||||||||||||||||||||||||||||||||||||||||||||||||||||||||||||||||||||||||||||||||||||||||||LC|||||||
no|yes|no|none|VA17|10.1111/mve.12583|Sandeu|Seasonal variation of microbiota composition in Anopheles gambiae and Anopheles coluzzii in two different eco-geographical localities in Cameroon|Medical and Veterinary Entomology|2022|na|no||Cameroon|Gounougou|9.05|13.7331|||||||||||||||within 5km|point|paper/map|Bénoué||The coordinates were obtained from the paper. Confirmed it in google earth|na||||HRI|754|||||||754|Prokopack electrical aspirators was used to collect indoor resting mosquitoes|yes|no|no|8|8|2019|2019|||||gambiae (S)||morph|genetic/molecular||||||||||||||||||||na|rice|cotton farming is also practiced in the Gounougou||||||||||||||||||||||||||||||||||||||||||||||||||||||||||||||||||||||||||||||||||||||||||||||||||||||||||||||||||||||||||||||||||||||||||||||||||||||||||||||||||||||||||||||||||||||||||||||||||||||||||||||||||||||||||||||||||||||||||||||||||||||||||||||||||||||||||||||||||||||||||||||||||||||||||||||||||||||||||||||||||||||||||||||||||||||||||||||||||||||||||||||||||||||||||||||LC|||||||
no|yes|no|none|VA17|10.1111/mve.12583|Sandeu|Seasonal variation of microbiota composition in Anopheles gambiae and Anopheles coluzzii in two different eco-geographical localities in Cameroon|Medical and Veterinary Entomology|2022|na|no||Cameroon|Bankeng|4.674|12.375|||||||||||||||within 5km|point|paper/map|Haute Sanaga||The coordinates were obtained from the paper. Confirmed it in google earth|na||||HRI|204|||||||204|Prokopack electrical aspirators was used to collect indoor resting mosquitoes|yes|no|no|12|1|2018|2019|||||coluzzii (gambiae M)||morph|genetic/molecular||||||||||||||||||||yes|rice|||||||||||||||||||||||||||||||||||||||||||||||||||||||||||||||||||||||||||||||||||||||||||||||||||||||||||||||||||||||||||||||||||||||||||||||||||||||||||||||||||||||||||||||||||||||||||||||||||||||||||||||||||||||||||||||||||||||||||||||||||||||||||||||||||||||||||||||||||||||||||||||||||||||||||||||||||||||||||||||||||||||||||||||||||||||||||||||||||||||||||||||||||||||||||||||LC|||||||
no|yes|no|none|VA17|10.1111/mve.12583|Sandeu|Seasonal variation of microbiota composition in Anopheles gambiae and Anopheles coluzzii in two different eco-geographical localities in Cameroon|Medical and Veterinary Entomology|2022|na|no||Cameroon|Bankeng|4.674|12.375|||||||||||||||within 5km|point|paper/map|Haute Sanaga||The coordinates were obtained from the paper. Confirmed it in google earth|na||||HRI|806|||||||806|Prokopack electrical aspirators was used to collect indoor resting mosquitoes|yes|no|no|8|8|2019|2019|||||coluzzii (gambiae M)||morph|genetic/molecular||||||||||||||||||||yes|rice|||||||||||||||||||||||||||||||||||||||||||||||||||||||||||||||||||||||||||||||||||||||||||||||||||||||||||||||||||||||||||||||||||||||||||||||||||||||||||||||||||||||||||||||||||||||||||||||||||||||||||||||||||||||||||||||||||||||||||||||||||||||||||||||||||||||||||||||||||||||||||||||||||||||||||||||||||||||||||||||||||||||||||||||||||||||||||||||||||||||||||||||||||||||||||||||LC|||||||
no|yes|no|none|VA019|doi.org/10.1073/pnas.2104282119|Sangbakembi-Ngounou|Diurnal biting of malaria mosquitoes in the Central African Republic indicates residual transmission may be “out of control|pnas|2022|na|||Central African Republic|Gbanikola|4.33108333333333|18.5404666666667|||||||||||||||within 5km|gps coords|paper/map|Bangui||Bangui is located at the country southern border and lies on the northern banks of the Ubangi River|yes|ITN|ITN||HLC - in|618|HLC - out|428|||||1046||yes|no|no|6|5|2016|2017|wet||The rainy season extends from May to October||gambiae (S)||||||||||||||||||||||||||||||||||||||||||||||||||||||||||||||||||||||||||||||||||||||||||||||||||||||||||||||||||||||||||||||||||||||||||||||||||||||||||||||||||||||||||||||||||||||||||||||||||||||||||||||||||||||||||||||||||||||||||||||||||||||||||||||||||||||||||||||||||||||||||||||||||||||||||||||||||||||||||||||||||||||||||||||||||||||||||||||||||||||||||||||||||||||||||||||||||||||||||||||||||||||CNK||||||||
no|yes|no|none|VA019|doi.org/10.1073/pnas.2104282119|Sangbakembi-Ngounou|Diurnal biting of malaria mosquitoes in the Central African Republic indicates residual transmission may be “out of control|pnas|2022||||Central African Republic|Iles_des_singes|4.3549|18.5667166666667|||||||||||||||within 5km|gps coords|paper/map|Bangui||Bangui is located at the country southern border and lies on the northern banks of the Ubangi River|yes|ITN|ITN||HLC - in|447|HLC - out|253|||||700||yes|no|no|6|5|2016|2017|wet||The rainy season extends from May to October||gambiae (S)||||||||||||||||||||||||||||||||||||||||||||||||||||||||||||||||||||||||||||||||||||||||||||||||||||||||||||||||||||||||||||||||||||||||||||||||||||||||||||||||||||||||||||||||||||||||||||||||||||||||||||||||||||||||||||||||||||||||||||||||||||||||||||||||||||||||||||||||||||||||||||||||||||||||||||||||||||||||||||||||||||||||||||||||||||||||||||||||||||||||||||||||||||||||||||||||||||||||||||||||||||||CNK||||||||
no|yes|no|none|VA019|doi.org/10.1073/pnas.2104282119|Sangbakembi-Ngounou|Diurnal biting of malaria mosquitoes in the Central African Republic indicates residual transmission may be “out of control|pnas|||||Central African Republic|Ouango|4.37666666666667|18.6082666666667|||||||||||||||within 5km|gps coords|paper/map|Bangui||Bangui is located at the country southern border and lies on the northern banks of the Ubangi River|yes|ITN|ITN||HLC - in|1394|HLC - out|968|||||2362||yes|no|no|6|5|2016|2017|wet||The rainy season extends from May to October||gambiae (S)||||||||||||||||||||||||||||||||||||||||||||||||||||||||||||||||||||||||||||||||||||||||||||||||||||||||||||||||||||||||||||||||||||||||||||||||||||||||||||||||||||||||||||||||||||||||||||||||||||||||||||||||||||||||||||||||||||||||||||||||||||||||||||||||||||||||||||||||||||||||||||||||||||||||||||||||||||||||||||||||||||||||||||||||||||||||||||||||||||||||||||||||||||||||||||||||||||||||||||||||||||||CNK||||||||
no|yes|no|none|VA019|doi.org/10.1073/pnas.2104282119|Sangbakembi-Ngounou|Diurnal biting of malaria mosquitoes in the Central African Republic indicates residual transmission may be “out of control|pnas|||||Central African Republic|PK10|4.43041666666667|18.5468|||||||||||||||within 5km|gps coords|paper/map|Bangui||Bangui is located at the country southern border and lies on the northern banks of the Ubangi River|yes|ITN|ITN||HLC - in|708|HLC - out|371|||||1079||yes|no|no|6|5|2016|2017|wet||The rainy season extends from May to October||gambiae (S)||||||||||||||||||||||||||||||||||||||||||||||||||||||||||||||||||||||||||||||||||||||||||||||||||||||||||||||||||||||||||||||||||||||||||||||||||||||||||||||||||||||||||||||||||||||||||||||||||||||||||||||||||||||||||||||||||||||||||||||||||||||||||||||||||||||||||||||||||||||||||||||||||||||||||||||||||||||||||||||||||||||||||||||||||||||||||||||||||||||||||||||||||||||||||||||||||||||||||||||||||||||CNK||||||||
no|yes|no|none|VA019|doi.org/10.1073/pnas.2104282119|Sangbakembi-Ngounou|Diurnal biting of malaria mosquitoes in the Central African Republic indicates residual transmission may be “out of control|pnas|||||Central African Republic|Gbanikola|4.33108333333333|18.5404666666667|||||||||||||||within 5km|gps coords|paper/map|Bangui||Bangui is located at the country southern border and lies on the northern banks of the Ubangi River|yes|ITN|ITN||HLC - in|347|HLC - out|228|||||575||yes|no|no|6|5|2016|2017|wet||The rainy season extends from May to October||coluzzii (gambiae M)||||||||||||||||||||||||||||||||||||||||||||||||||||||||||||||||||||||||||||||||||||||||||||||||||||||||||||||||||||||||||||||||||||||||||||||||||||||||||||||||||||||||||||||||||||||||||||||||||||||||||||||||||||||||||||||||||||||||||||||||||||||||||||||||||||||||||||||||||||||||||||||||||||||||||||||||||||||||||||||||||||||||||||||||||||||||||||||||||||||||||||||||||||||||||||||||||||||||||||||||||||||CNK||||||||
no|yes|no|none|VA019|doi.org/10.1073/pnas.2104282119|Sangbakembi-Ngounou|Diurnal biting of malaria mosquitoes in the Central African Republic indicates residual transmission may be “out of control|pnas|||||Central African Republic|Iles_des_singes|4.3549|18.5667166666667|||||||||||||||within 5km|gps coords|paper/map|Bangui||Bangui is located at the country southern border and lies on the northern banks of the Ubangi River|yes|ITN|ITN||HLC - in|122|HLC - out|83|||||205||yes|no|no|6|5|2016|2017|wet||The rainy season extends from May to October||coluzzii (gambiae M)||||||||||||||||||||||||||||||||||||||||||||||||||||||||||||||||||||||||||||||||||||||||||||||||||||||||||||||||||||||||||||||||||||||||||||||||||||||||||||||||||||||||||||||||||||||||||||||||||||||||||||||||||||||||||||||||||||||||||||||||||||||||||||||||||||||||||||||||||||||||||||||||||||||||||||||||||||||||||||||||||||||||||||||||||||||||||||||||||||||||||||||||||||||||||||||||||||||||||||||||||||||CNK||||||||
no|yes|no|none|VA019|doi.org/10.1073/pnas.2104282119|Sangbakembi-Ngounou|Diurnal biting of malaria mosquitoes in the Central African Republic indicates residual transmission may be “out of control|pnas|||||Central African Republic|Ouango|4.37666666666667|18.6082666666667|||||||||||||||within 5km|gps coords|paper/map|Bangui||Bangui is located at the country southern border and lies on the northern banks of the Ubangi River|yes|ITN|ITN||HLC - in|124|HLC - out|66|||||190||yes|no|no|6|5|2016|2017|wet||The rainy season extends from May to October||coluzzii (gambiae M)||||||||||||||||||||||||||||||||||||||||||||||||||||||||||||||||||||||||||||||||||||||||||||||||||||||||||||||||||||||||||||||||||||||||||||||||||||||||||||||||||||||||||||||||||||||||||||||||||||||||||||||||||||||||||||||||||||||||||||||||||||||||||||||||||||||||||||||||||||||||||||||||||||||||||||||||||||||||||||||||||||||||||||||||||||||||||||||||||||||||||||||||||||||||||||||||||||||||||||||||||||||CNK||||||||
no|yes|no|none|VA019|doi.org/10.1073/pnas.2104282119|Sangbakembi-Ngounou|Diurnal biting of malaria mosquitoes in the Central African Republic indicates residual transmission may be “out of control|pnas|||||Central African Republic|PK10|4.43041666666667|18.5468|||||||||||||||within 5km|gps coords|paper/map|Bangui||Bangui is located at the country southern border and lies on the northern banks of the Ubangi River|yes|ITN|ITN||HLC - in|16|HLC - out|5|||||21||yes|no|no|6|5|2016|2017|wet||The rainy season extends from May to October||coluzzii (gambiae M)||||||||||||||||||||||||||||||||||||||||||||||||||||||||||||||||||||||||||||||||||||||||||||||||||||||||||||||||||||||||||||||||||||||||||||||||||||||||||||||||||||||||||||||||||||||||||||||||||||||||||||||||||||||||||||||||||||||||||||||||||||||||||||||||||||||||||||||||||||||||||||||||||||||||||||||||||||||||||||||||||||||||||||||||||||||||||||||||||||||||||||||||||||||||||||||||||||||||||||||||||||||CNK||||||||
no|yes|no|none|VA019|doi.org/10.1073/pnas.2104282119|Sangbakembi-Ngounou|Diurnal biting of malaria mosquitoes in the Central African Republic indicates residual transmission may be “out of control|pnas|||||Central African Republic|Gbanikola|4.33108333333333|18.5404666666667|||||||||||||||within 5km|gps coords|paper/map|Bangui||Bangui is located at the country southern border and lies on the northern banks of the Ubangi River|yes|ITN|ITN||HLC - in|114|HLC - out|79|||||193||yes|no|no|6|5|2016|2017|wet||The rainy season extends from May to October||funestus||||||||||||||||||||||||||||||||||||||||||||||||||||||||||||||||||||||||||||||||||||||||||||||||||||||||||||||||||||||||||||||||||||||||||||||||||||||||||||||||||||||||||||||||||||||||||||||||||||||||||||||||||||||||||||||||||||||||||||||||||||||||||||||||||||||||||||||||||||||||||||||||||||||||||||||||||||||||||||||||||||||||||||||||||||||||||||||||||||||||||||||||||||||||||||||||||||||||||||||||||||||CNK||||||||
no|yes|no|none|VA019|doi.org/10.1073/pnas.2104282119|Sangbakembi-Ngounou|Diurnal biting of malaria mosquitoes in the Central African Republic indicates residual transmission may be “out of control|pnas|||||Central African Republic|Iles_des_singes|4.3549|18.5667166666667|||||||||||||||within 5km|gps coords|paper/map|Bangui||Bangui is located at the country southern border and lies on the northern banks of the Ubangi River|yes|ITN|ITN||HLC - in|102|HLC - out|37|||||139||yes|no|no|6|5|2016|2017|wet||The rainy season extends from May to October||funestus||||||||||||||||||||||||||||||||||||||||||||||||||||||||||||||||||||||||||||||||||||||||||||||||||||||||||||||||||||||||||||||||||||||||||||||||||||||||||||||||||||||||||||||||||||||||||||||||||||||||||||||||||||||||||||||||||||||||||||||||||||||||||||||||||||||||||||||||||||||||||||||||||||||||||||||||||||||||||||||||||||||||||||||||||||||||||||||||||||||||||||||||||||||||||||||||||||||||||||||||||||||CNK||||||||
no|yes|no|none|VA019|doi.org/10.1073/pnas.2104282119|Sangbakembi-Ngounou|Diurnal biting of malaria mosquitoes in the Central African Republic indicates residual transmission may be “out of control|pnas|||||Central African Republic|Ouango|4.37666666666667|18.6082666666667|||||||||||||||within 5km|gps coords|paper/map|Bangui||Bangui is located at the country southern border and lies on the northern banks of the Ubangi River|yes|ITN|ITN||HLC - in|145|HLC - out|67|||||212||yes|no|no|6|5|2016|2017|wet||The rainy season extends from May to October||funestus||||||||||||||||||||||||||||||||||||||||||||||||||||||||||||||||||||||||||||||||||||||||||||||||||||||||||||||||||||||||||||||||||||||||||||||||||||||||||||||||||||||||||||||||||||||||||||||||||||||||||||||||||||||||||||||||||||||||||||||||||||||||||||||||||||||||||||||||||||||||||||||||||||||||||||||||||||||||||||||||||||||||||||||||||||||||||||||||||||||||||||||||||||||||||||||||||||||||||||||||||||||CNK||||||||
no|yes|no|none|VA019|doi.org/10.1073/pnas.2104282119|Sangbakembi-Ngounou|Diurnal biting of malaria mosquitoes in the Central African Republic indicates residual transmission may be “out of control|pnas|||||Central African Republic|PK10|4.43041666666667|18.5468|||||||||||||||within 5km|gps coords|paper/map|Bangui||Bangui is located at the country southern border and lies on the northern banks of the Ubangi River|yes|ITN|ITN||HLC - in|190|HLC - out|40|||||230||yes|no|no|6|5|2016|2017|wet||The rainy season extends from May to October||funestus||||||||||||||||||||||||||||||||||||||||||||||||||||||||||||||||||||||||||||||||||||||||||||||||||||||||||||||||||||||||||||||||||||||||||||||||||||||||||||||||||||||||||||||||||||||||||||||||||||||||||||||||||||||||||||||||||||||||||||||||||||||||||||||||||||||||||||||||||||||||||||||||||||||||||||||||||||||||||||||||||||||||||||||||||||||||||||||||||||||||||||||||||||||||||||||||||||||||||||||||||||||CNK||||||||
no|yes|no|none|VA019|doi.org/10.1073/pnas.2104282119|Sangbakembi-Ngounou|Diurnal biting of malaria mosquitoes in the Central African Republic indicates residual transmission may be “out of control|pnas|||||Central African Republic|Gbanikola|4.33108333333333|18.5404666666667|||||||||||||||within 5km|gps coords|paper/map|Bangui||Bangui is located at the country southern border and lies on the northern banks of the Ubangi River|yes|ITN|ITN||HLC - in|212|HLC - out|315|||||527||yes|no|no|6|5|2016|2017|wet||The rainy season extends from May to October||pharoensis||||||||||||||||||||||||||||||||||||||||||||||||||||||||||||||||||||||||||||||||||||||||||||||||||||||||||||||||||||||||||||||||||||||||||||||||||||||||||||||||||||||||||||||||||||||||||||||||||||||||||||||||||||||||||||||||||||||||||||||||||||||||||||||||||||||||||||||||||||||||||||||||||||||||||||||||||||||||||||||||||||||||||||||||||||||||||||||||||||||||||||||||||||||||||||||||||||||||||||||||||||||CNK||||||||
no|yes|no|none|VA019|doi.org/10.1073/pnas.2104282119|Sangbakembi-Ngounou|Diurnal biting of malaria mosquitoes in the Central African Republic indicates residual transmission may be “out of control|pnas|||||Central African Republic|Iles_des_singes|4.3549|18.5667166666667|||||||||||||||within 5km|gps coords|paper/map|Bangui||Bangui is located at the country southern border and lies on the northern banks of the Ubangi River|yes|ITN|ITN||HLC - in|13|HLC - out|13|||||26||yes|no|no|6|5|2016|2017|wet||The rainy season extends from May to October||pharoensis||||||||||||||||||||||||||||||||||||||||||||||||||||||||||||||||||||||||||||||||||||||||||||||||||||||||||||||||||||||||||||||||||||||||||||||||||||||||||||||||||||||||||||||||||||||||||||||||||||||||||||||||||||||||||||||||||||||||||||||||||||||||||||||||||||||||||||||||||||||||||||||||||||||||||||||||||||||||||||||||||||||||||||||||||||||||||||||||||||||||||||||||||||||||||||||||||||||||||||||||||||||CNK||||||||
no|yes|no|none|VA019|doi.org/10.1073/pnas.2104282119|Sangbakembi-Ngounou|Diurnal biting of malaria mosquitoes in the Central African Republic indicates residual transmission may be “out of control|pnas|||||Central African Republic|Ouango|4.37666666666667|18.6082666666667|||||||||||||||within 5km|gps coords|paper/map|Bangui||Bangui is located at the country southern border and lies on the northern banks of the Ubangi River|yes|ITN|ITN||HLC - in|103|HLC - out|114|||||217||yes|no|no|6|5|2016|2017|wet||The rainy season extends from May to October||pharoensis||||||||||||||||||||||||||||||||||||||||||||||||||||||||||||||||||||||||||||||||||||||||||||||||||||||||||||||||||||||||||||||||||||||||||||||||||||||||||||||||||||||||||||||||||||||||||||||||||||||||||||||||||||||||||||||||||||||||||||||||||||||||||||||||||||||||||||||||||||||||||||||||||||||||||||||||||||||||||||||||||||||||||||||||||||||||||||||||||||||||||||||||||||||||||||||||||||||||||||||||||||||CNK||||||||
no|yes|no|none|VA019|doi.org/10.1073/pnas.2104282119|Sangbakembi-Ngounou|Diurnal biting of malaria mosquitoes in the Central African Republic indicates residual transmission may be “out of control|pnas|||||Central African Republic|PK10|4.43041666666667|18.5468|||||||||||||||within 5km|gps coords|paper/map|Bangui||Bangui is located at the country southern border and lies on the northern banks of the Ubangi River|yes|ITN|ITN||HLC - in|17|HLC - out|25|||||42||yes|no|no|6|5|2016|2017|wet||The rainy season extends from May to October||pharoensis||||||||||||||||||||||||||||||||||||||||||||||||||||||||||||||||||||||||||||||||||||||||||||||||||||||||||||||||||||||||||||||||||||||||||||||||||||||||||||||||||||||||||||||||||||||||||||||||||||||||||||||||||||||||||||||||||||||||||||||||||||||||||||||||||||||||||||||||||||||||||||||||||||||||||||||||||||||||||||||||||||||||||||||||||||||||||||||||||||||||||||||||||||||||||||||||||||||||||||||||||||||CNK||||||||
no|yes|no|genotypic|VA021|10.1111/mec.16497|Hearn|Multi-omics analysis identifies a CYP9K1 haplotype conferring pyrethroid resistance in the malaria vector Anopheles funestus in East Africa|Molecular Ecology-Wiley|||||Cameroon|Mibellon|6.7667|12.1666|||||||||||||||within 5km|gps coords|paper/map||||no|||||||||||||||||2|2|2015|2015|||||funestus||morph|genetic/molecular||||||||||||||||||||||||||||||||||||||||||||||||||||||||||||||||||||||||||||||||||||||||||||||||||||||||||||||||||||||||||||||||||||||||||||||||||||||||||||||||||||||||||||||||||||||||||||||||||||||||||||||||||||||||||||||||||Yes|No||||2|5|||||||||||||||||||||||||||||||||||||||||||||||||||||||||||||||||||||||||||||||||||||||||||||||||||||||||||||||||||||||||||||||||||||||||||||||||||||||||||||||||||||||||||CNK||||||||
no|yes|no|genotypic|VA021|10.1111/mec.16497|Hearn|Multi-omics analysis identifies a CYP9K1 haplotype conferring pyrethroid resistance in the malaria vector Anopheles funestus in East Africa|Molecular Ecology-Wiley|||||Uganda|Tororo|0.68195|34.1804|||||||||||||||within 5km|point|GoogleEarth|||geo-ref provided in the paper did not match when checked in google earth|no|||||||||||||||||3|3|2014|2014|||||funestus||morph|genetic/molecular||||||||||||||||||||||||||||||||||||||||||||||||||||||||||||||||||||||||||||||||||||||||||||||||||||||||||||||||||||||||||||||||||||||||||||||||||||||||||||||||||||||||||||||||||||||||||||||||||||||||||||||||||||||||||||||||||Yes|No||||2|5|||||||||||||||||||||||||||||||||||||||||||||||||||||||||||||||||||||||||||||||||||||||||||||||||||||||||||||||||||||||||||||||||||||||||||||||||||||||||||||||||||||||||||CNK||||||||
no|yes|no|genotypic|VA021|10.1111/mec.16497|Hearn|Multi-omics analysis identifies a CYP9K1 haplotype conferring pyrethroid resistance in the malaria vector Anopheles funestus in East Africa|Molecular Ecology-Wiley|||||Malawi|Chikwawa|-16.01666|34.78333|||||||||||||||within 5km|gps coords|paper/map||||no|||||||||||||||||1|1|2014|2014|||||funestus||morph|genetic/molecular||||||||||||||||||||||||||||||||||||||||||||||||||||||||||||||||||||||||||||||||||||||||||||||||||||||||||||||||||||||||||||||||||||||||||||||||||||||||||||||||||||||||||||||||||||||||||||||||||||||||||||||||||||||||||||||||||Yes|No||||2|5|||||||||||||||||||||||||||||||||||||||||||||||||||||||||||||||||||||||||||||||||||||||||||||||||||||||||||||||||||||||||||||||||||||||||||||||||||||||||||||||||||||||||||CNK||||||||
no|yes|no|none|VA023|10.1371/journal.pone.0266714.g001|Murindahabi|A handmade trap for malaria mosquito surveillance by citizens in Rwanda|PLOS ONE|2022|Cluster|||Rwanda|Kibaza|-1.87166|30.26972|||||||||||||||within 5km|gps coords|paper/map|Bugesera district|Eastern province||yes|ITN|||CDC-LT - indoor|340|CDC-LT - outdoor|475|unknown|1|unknown|38|492||yes|no|no|9|11|2018|2018|||||GAMBIAE COMPLEX||morph||||||||||||||||||||||||||||||||||||||||||||||||||||||||||||||||||||||||||||||||||||||||||||||||||||||||||||||||||||||||||||||||||||||||||||||||||||||||||||||||||||||||||||||||||||||||||||||||||||||||||||||||||||||||||||||||||||||||||||||||||||||||||||||||||||||||||||||||||||||||||||||||||||||||||||||||||||||||||||||||||||||||||||||||||||||||||||||||||||||||||||||||||||||||||||||||||||||||||||||||||||CNK||||||||
no|yes|no|none|VA023|10.1371/journal.pone.0266714.g001|Murindahabi|A handmade trap for malaria mosquito surveillance by citizens in Rwanda|PLOS ONE|2022|Cluster|||Rwanda|Kibaza|-1.87166|30.26972|||||||||||||||within 5km|gps coords|paper/map|Bugesera district|Eastern province||yes|ITN|||||||||||239|Unknown methods used to collect mosquitoes were sugar yeast baited, light-baited (n=1),and sugar-yeast-light baited.|yes|no|no|9|11|2018|2018|||||arabiensis||genetic/molecular||other|mud||||the selected houses were mainly made of mud walls with iron sheet roofs|||||||||||||||rice||||||||||||||||||||||||||||||||||||||||||||||||||||||||||||||||||||||||||||||||||||||||||||||||||||||||||||||||||||||||||||||||||||||||||||||||||||||||||||||||||||||||||||||||||||||||||||||||||||||||||||||||||||||||||||||||||||||||||||||||||||||||||||||||||||||||||||||||||||||||||||||||||||||||||||||||||||||||||||||||||||||||||||||||||||||||||||||||||||||||||||||||||||||||||||||CNK||||||||
no|yes|no|none|VA023|10.1371/journal.pone.0266714.g001|Murindahabi|A handmade trap for malaria mosquito surveillance by citizens in Rwanda|PLOS ONE|2022|Cluster|||Rwanda|Kibaza|-1.87166|30.26972|||||||||||||||within 5km|gps coords|paper/map|Bugesera district|Eastern province||yes|ITN|||||||||||11||yes|no|no|9|11|2018|2018|||||gambiae (S)||genetic/molecular||||||||||||||||||||||||||||||||||||||||||||||||||||||||||||||||||||||||||||||||||||||||||||||||||||||||||||||||||||||||||||||||||||||||||||||||||||||||||||||||||||||||||||||||||||||||||||||||||||||||||||||||||||||||||||||||||||||||||||||||||||||||||||||||||||||||||||||||||||||||||||||||||||||||||||||||||||||||||||||||||||||||||||||||||||||||||||||||||||||||||||||||||||||||||||||||||||||||||||||||||||CNK||||||||
no|yes|no|none|VA023|10.1371/journal.pone.0266714.g001|Murindahabi|A handmade trap for malaria mosquito surveillance by citizens in Rwanda|PLOS ONE|2022|Cluster|||Rwanda|Kibaza|-1.87166|30.26972|||||||||||||||within 5km|gps coords|paper/map|Bugesera district|Eastern province||yes|ITN|||||||||||69||yes|no|no|9|11|2018|2018|||||ziemanni||morph||||||||||||||||||||||||||||||||||||||||||||||||||||||||||||||||||||||||||||||||||||||||||||||||||||||||||||||||||||||||||||||||||||||||||||||||||||||||||||||||||||||||||||||||||||||||||||||||||||||||||||||||||||||||||||||||||||||||||||||||||||||||||||||||||||||||||||||||||||||||||||||||||||||||||||||||||||||||||||||||||||||||||||||||||||||||||||||||||||||||||||||||||||||||||||||||||||||||||||||||||||CNK||||||||
no|yes|no|none|VA023|10.1371/journal.pone.0266714.g001|Murindahabi|A handmade trap for malaria mosquito surveillance by citizens in Rwanda|PLOS ONE|2022|Cluster|||Rwanda|Kibaza|-1.87166|30.26972|||||||||||||||within 5km|gps coords|paper/map|Bugesera district|Eastern province||yes|ITN|||||||||||39||yes|no|no|9|11|2018|2018|||||maculipalpis||morph||||||||||||||||||||||||||||||||||||||||||||||||||||||||||||||||||||||||||||||||||||||||||||||||||||||||||||||||||||||||||||||||||||||||||||||||||||||||||||||||||||||||||||||||||||||||||||||||||||||||||||||||||||||||||||||||||||||||||||||||||||||||||||||||||||||||||||||||||||||||||||||||||||||||||||||||||||||||||||||||||||||||||||||||||||||||||||||||||||||||||||||||||||||||||||||||||||||||||||||||||||CNK||||||||
no|yes|no|none|VA023|10.1371/journal.pone.0266714.g001|Murindahabi|A handmade trap for malaria mosquito surveillance by citizens in Rwanda|PLOS ONE|2022|Cluster|||Rwanda|Kibaza|-1.87166|30.26972|||||||||||||||within 5km|gps coords|paper/map|Bugesera district|Eastern province||yes|ITN|||||||||||3||yes|no|no|9|11|2018|2018|||||brohieri||morph||||||||||||||||||||||||||||||||||||||||||||||||||||||||||||||||||||||||||||||||||||||||||||||||||||||||||||||||||||||||||||||||||||||||||||||||||||||||||||||||||||||||||||||||||||||||||||||||||||||||||||||||||||||||||||||||||||||||||||||||||||||||||||||||||||||||||||||||||||||||||||||||||||||||||||||||||||||||||||||||||||||||||||||||||||||||||||||||||||||||||||||||||||||||||||||||||||||||||||||||||||CNK||||||||
no|yes|no|none|VA023|10.1371/journal.pone.0266714.g001|Murindahabi|A handmade trap for malaria mosquito surveillance by citizens in Rwanda|PLOS ONE|2022|Cluster|||Rwanda|Kibaza|-1.87166|30.26972|||||||||||||||within 5km|gps coords|paper/map|Bugesera district|Eastern province||yes|ITN|||||||||||1||yes|no|no|9|11|2018|2018|||||pharoensis||morph||||||||||||||||||||||||||||||||||||||||||||||||||||||||||||||||||||||||||||||||||||||||||||||||||||||||||||||||||||||||||||||||||||||||||||||||||||||||||||||||||||||||||||||||||||||||||||||||||||||||||||||||||||||||||||||||||||||||||||||||||||||||||||||||||||||||||||||||||||||||||||||||||||||||||||||||||||||||||||||||||||||||||||||||||||||||||||||||||||||||||||||||||||||||||||||||||||||||||||||||||||CNK||||||||
no|yes|no|none|VA023|10.1371/journal.pone.0266714.g001|Murindahabi|A handmade trap for malaria mosquito surveillance by citizens in Rwanda|PLOS ONE|2022|Cluster|||Rwanda|Kibaza|-1.87166|30.26972|||||||||||||||within 5km|gps coords|paper/map|Bugesera district|Eastern province||yes|ITN|||||||||||1||yes|no|no|9|11|2018|2018|||||rufipes||morph||||||||||||||||||||||||||||||||||||||||||||||||||||||||||||||||||||||||||||||||||||||||||||||||||||||||||||||||||||||||||||||||||||||||||||||||||||||||||||||||||||||||||||||||||||||||||||||||||||||||||||||||||||||||||||||||||||||||||||||||||||||||||||||||||||||||||||||||||||||||||||||||||||||||||||||||||||||||||||||||||||||||||||||||||||||||||||||||||||||||||||||||||||||||||||||||||||||||||||||||||||CNK||||||||
no|yes|no|none|VA024|10.1038/s41598-022-11917-y|Akeju|Molecular identifcation and wing variations among malaria vectors inAkure North Local Government Area, Nigeria|Scientifc Reports|2022|Random|||Nigeria|Igoba|7.2924|5.2307|||||||||||||||within 5km|point|GoogleEarth|Akure North Local Government Area (LGA)|Ondo State||no||||Larvae||||||||81||yes|no|no|||||||||gambiae (S)||genetic/molecular||||||||||||||||||||||||||||||||||||||||||||||||||||||||||||||||||||||||||||||||||||||||||||||||||||||||||||||||||||||||||||||||||||||||||||||||||||||||||||||||||||||||||||||||||||||||||||||||||||||||||||||||||||||||||||||||||||||||||||||||||||||||||||||||||||||||||||||||||||||||||||||||||||||||||||||||||||||||||||||||||||||||||||||||||||||||||||||||||||||||||||||||||||||||||||||||||||||||||||||||||||CNK||||||||
no|yes|no|none|VA024|10.1038/s41598-022-11917-y|Akeju|Molecular identifcation and wing variations among malaria vectors inAkure North Local Government Area, Nigeria|Scientifc Reports|||||Nigeria|Igoba|7.2924|5.2307|||||||||||||||within 5km|point|GoogleEarth|Akure North Local Government Area (LGA)|Ondo State||no||||Larvae||||||||26||yes|no|no|||||||||arabiensis||genetic/molecular||||||||||||||||||||||||||||||||||||||||||||||||||||||||||||||||||||||||||||||||||||||||||||||||||||||||||||||||||||||||||||||||||||||||||||||||||||||||||||||||||||||||||||||||||||||||||||||||||||||||||||||||||||||||||||||||||||||||||||||||||||||||||||||||||||||||||||||||||||||||||||||||||||||||||||||||||||||||||||||||||||||||||||||||||||||||||||||||||||||||||||||||||||||||||||||||||||||||||||||||||||CNK||||||||
no|yes|no|none|VA024|10.1038/s41598-022-11917-y|Akeju|Molecular identifcation and wing variations among malaria vectors inAkure North Local Government Area, Nigeria|Scientifc Reports|||||Nigeria|Igoba|7.2924|5.2307|||||||||||||||within 5km|point|GoogleEarth|Akure North Local Government Area (LGA)|Ondo State||no||||Larvae||||||||36||yes|no|no|||||||||leesoni||genetic/molecular||||||||||||||||||||||||||||||||||||||||||||||||||||||||||||||||||||||||||||||||||||||||||||||||||||||||||||||||||||||||||||||||||||||||||||||||||||||||||||||||||||||||||||||||||||||||||||||||||||||||||||||||||||||||||||||||||||||||||||||||||||||||||||||||||||||||||||||||||||||||||||||||||||||||||||||||||||||||||||||||||||||||||||||||||||||||||||||||||||||||||||||||||||||||||||||||||||||||||||||||||||CNK||||||||
no|yes|no|none|VA024|10.1038/s41598-022-11917-y|Akeju|Molecular identifcation and wing variations among malaria vectors inAkure North Local Government Area, Nigeria|Scientifc Reports|||||Nigeria|Igoba|7.2924|5.2307|||||||||||||||within 5km|point|GoogleEarth|Akure North Local Government Area (LGA)|Ondo State||no||||Larvae||||||||4||yes|no|no|||||||||FUNESTUS COMPLEX||genetic/molecular||||||||||||||||||||||||||||||||||||||||||||||||||||||||||||||||||||||||||||||||||||||||||||||||||||||||||||||||||||||||||||||||||||||||||||||||||||||||||||||||||||||||||||||||||||||||||||||||||||||||||||||||||||||||||||||||||||||||||||||||||||||||||||||||||||||||||||||||||||||||||||||||||||||||||||||||||||||||||||||||||||||||||||||||||||||||||||||||||||||||||||||||||||||||||||||||||||||||||||||||||||CNK||||||||
no|yes|no|none|VA024|10.1038/s41598-022-11917-y|Akeju|Molecular identifcation and wing variations among malaria vectors inAkure North Local Government Area, Nigeria|Scientifc Reports|||||Nigeria|Isinigbo|7.3091|5.2652|||||||||||||||within 5km|point|GoogleEarth|Akure North Local Government Area (LGA)|Ondo State||no||||Larvae||||||||83||yes|no|no|||||||||gambiae (S)||genetic/molecular||||||||||||||||||||||||||||||||||||||||||||||||||||||||||||||||||||||||||||||||||||||||||||||||||||||||||||||||||||||||||||||||||||||||||||||||||||||||||||||||||||||||||||||||||||||||||||||||||||||||||||||||||||||||||||||||||||||||||||||||||||||||||||||||||||||||||||||||||||||||||||||||||||||||||||||||||||||||||||||||||||||||||||||||||||||||||||||||||||||||||||||||||||||||||||||||||||||||||||||||||||CNK||||||||
no|yes|no|none|VA024|10.1038/s41598-022-11917-y|Akeju|Molecular identifcation and wing variations among malaria vectors inAkure North Local Government Area, Nigeria|Scientifc Reports|||||Nigeria|Isinigbo|7.3091|5.2652|||||||||||||||within 5km|point|GoogleEarth|Akure North Local Government Area (LGA)|Ondo State||no||||Larvae||||||||26||yes|no|no|||||||||arabiensis||genetic/molecular||||||||||||||||||||||||||||||||||||||||||||||||||||||||||||||||||||||||||||||||||||||||||||||||||||||||||||||||||||||||||||||||||||||||||||||||||||||||||||||||||||||||||||||||||||||||||||||||||||||||||||||||||||||||||||||||||||||||||||||||||||||||||||||||||||||||||||||||||||||||||||||||||||||||||||||||||||||||||||||||||||||||||||||||||||||||||||||||||||||||||||||||||||||||||||||||||||||||||||||||||||CNK||||||||
no|yes|no|none|VA024|10.1038/s41598-022-11917-y|Akeju|Molecular identifcation and wing variations among malaria vectors inAkure North Local Government Area, Nigeria|Scientifc Reports|||||Nigeria|Isinigbo|7.3091|5.2652|||||||||||||||within 5km|point|GoogleEarth|Akure North Local Government Area (LGA)|Ondo State||no||||Larvae||||||||37||yes|no|no|||||||||leesoni||genetic/molecular||||||||||||||||||||||||||||||||||||||||||||||||||||||||||||||||||||||||||||||||||||||||||||||||||||||||||||||||||||||||||||||||||||||||||||||||||||||||||||||||||||||||||||||||||||||||||||||||||||||||||||||||||||||||||||||||||||||||||||||||||||||||||||||||||||||||||||||||||||||||||||||||||||||||||||||||||||||||||||||||||||||||||||||||||||||||||||||||||||||||||||||||||||||||||||||||||||||||||||||||||||CNK||||||||
no|yes|no|none|VA024|10.1038/s41598-022-11917-y|Akeju|Molecular identifcation and wing variations among malaria vectors inAkure North Local Government Area, Nigeria|Scientifc Reports|||||Nigeria|Isinigbo|7.3091|5.2652|||||||||||||||within 5km|point|GoogleEarth|Akure North Local Government Area (LGA)|Ondo State||no||||Larvae||||||||30||yes|no|no|||||||||FUNESTUS COMPLEX||genetic/molecular||||||||||||||||||||||||||||||||||||||||||||||||||||||||||||||||||||||||||||||||||||||||||||||||||||||||||||||||||||||||||||||||||||||||||||||||||||||||||||||||||||||||||||||||||||||||||||||||||||||||||||||||||||||||||||||||||||||||||||||||||||||||||||||||||||||||||||||||||||||||||||||||||||||||||||||||||||||||||||||||||||||||||||||||||||||||||||||||||||||||||||||||||||||||||||||||||||||||||||||||||||CNK||||||||
no|yes|no|none|VA024|10.1038/s41598-022-11917-y|Akeju|Molecular identifcation and wing variations among malaria vectors inAkure North Local Government Area, Nigeria|Scientifc Reports|||||Nigeria|Oba–Ile|7.2587|5.2547|||||||||||||||within 5km|point|GoogleEarth|Akure North Local Government Area (LGA)|Ondo State||no||||Larvae||||||||98||yes|no|no|||||||||arabiensis||genetic/molecular||||||||||||||||||||||||||||||||||||||||||||||||||||||||||||||||||||||||||||||||||||||||||||||||||||||||||||||||||||||||||||||||||||||||||||||||||||||||||||||||||||||||||||||||||||||||||||||||||||||||||||||||||||||||||||||||||||||||||||||||||||||||||||||||||||||||||||||||||||||||||||||||||||||||||||||||||||||||||||||||||||||||||||||||||||||||||||||||||||||||||||||||||||||||||||||||||||||||||||||||||||CNK||||||||
no|yes|no|none|VA024|10.1038/s41598-022-11917-y|Akeju|Molecular identifcation and wing variations among malaria vectors inAkure North Local Government Area, Nigeria|Scientifc Reports|||||Nigeria|Oba–Ile|7.2587|5.2547|||||||||||||||within 5km|point|GoogleEarth|Akure North Local Government Area (LGA)|Ondo State||no||||Larvae||||||||10||yes|no|no|||||||||gambiae (S)||genetic/molecular||||||||||||||||||||||||||||||||||||||||||||||||||||||||||||||||||||||||||||||||||||||||||||||||||||||||||||||||||||||||||||||||||||||||||||||||||||||||||||||||||||||||||||||||||||||||||||||||||||||||||||||||||||||||||||||||||||||||||||||||||||||||||||||||||||||||||||||||||||||||||||||||||||||||||||||||||||||||||||||||||||||||||||||||||||||||||||||||||||||||||||||||||||||||||||||||||||||||||||||||||||CNK||||||||
no|yes|no|none|VA024|10.1038/s41598-022-11917-y|Akeju|Molecular identifcation and wing variations among malaria vectors inAkure North Local Government Area, Nigeria|Scientifc Reports|||||Nigeria|Oba–Ile|7.2587|5.2547|||||||||||||||within 5km|point|GoogleEarth|Akure North Local Government Area (LGA)|Ondo State||no||||Larvae||||||||38||yes|no|no|||||||||leesoni||genetic/molecular||||||||||||||||||||||||||||||||||||||||||||||||||||||||||||||||||||||||||||||||||||||||||||||||||||||||||||||||||||||||||||||||||||||||||||||||||||||||||||||||||||||||||||||||||||||||||||||||||||||||||||||||||||||||||||||||||||||||||||||||||||||||||||||||||||||||||||||||||||||||||||||||||||||||||||||||||||||||||||||||||||||||||||||||||||||||||||||||||||||||||||||||||||||||||||||||||||||||||||||||||||CNK||||||||
no|yes|no|none|VA024|10.1038/s41598-022-11917-y|Akeju|Molecular identifcation and wing variations among malaria vectors inAkure North Local Government Area, Nigeria|Scientifc Reports|||||Nigeria|Oba–Ile|7.2587|5.2547|||||||||||||||within 5km|point|GoogleEarth|Akure North Local Government Area (LGA)|Ondo State||no||||Larvae||||||||2||yes|no|no|||||||||FUNESTUS COMPLEX||genetic/molecular||||||||||||||||||||||||||||||||||||||||||||||||||||||||||||||||||||||||||||||||||||||||||||||||||||||||||||||||||||||||||||||||||||||||||||||||||||||||||||||||||||||||||||||||||||||||||||||||||||||||||||||||||||||||||||||||||||||||||||||||||||||||||||||||||||||||||||||||||||||||||||||||||||||||||||||||||||||||||||||||||||||||||||||||||||||||||||||||||||||||||||||||||||||||||||||||||||||||||||||||||||CNK||||||||
no|yes|no|none|VA024|10.1038/s41598-022-11917-y|Akeju|Molecular identifcation and wing variations among malaria vectors inAkure North Local Government Area, Nigeria|Scientifc Reports|||||Nigeria|Iju|7.3916|5.2601|||||||||||||||within 5km|point|GoogleEarth|Akure North Local Government Area (LGA)|Ondo State||no||||Larvae||||||||87||yes|no|no|||||||||gambiae (S)||genetic/molecular||||||||||||||||||||||||||||||||||||||||||||||||||||||||||||||||||||||||||||||||||||||||||||||||||||||||||||||||||||||||||||||||||||||||||||||||||||||||||||||||||||||||||||||||||||||||||||||||||||||||||||||||||||||||||||||||||||||||||||||||||||||||||||||||||||||||||||||||||||||||||||||||||||||||||||||||||||||||||||||||||||||||||||||||||||||||||||||||||||||||||||||||||||||||||||||||||||||||||||||||||||CNK||||||||
no|yes|no|none|VA024|10.1038/s41598-022-11917-y|Akeju|Molecular identifcation and wing variations among malaria vectors inAkure North Local Government Area, Nigeria|Scientifc Reports|||||Nigeria|Iju|7.3916|5.2601|||||||||||||||within 5km|point|GoogleEarth|Akure North Local Government Area (LGA)|Ondo State||no||||Larvae||||||||18||yes|no|no|||||||||arabiensis||genetic/molecular||||||||||||||||||||||||||||||||||||||||||||||||||||||||||||||||||||||||||||||||||||||||||||||||||||||||||||||||||||||||||||||||||||||||||||||||||||||||||||||||||||||||||||||||||||||||||||||||||||||||||||||||||||||||||||||||||||||||||||||||||||||||||||||||||||||||||||||||||||||||||||||||||||||||||||||||||||||||||||||||||||||||||||||||||||||||||||||||||||||||||||||||||||||||||||||||||||||||||||||||||||CNK||||||||
no|yes|no|none|VA024|10.1038/s41598-022-11917-y|Akeju|Molecular identifcation and wing variations among malaria vectors inAkure North Local Government Area, Nigeria|Scientifc Reports|||||Nigeria|Iju|7.3916|5.2601|||||||||||||||within 5km|point|GoogleEarth|Akure North Local Government Area (LGA)|Ondo State||no||||Larvae||||||||37||yes|no|no|||||||||leesoni||genetic/molecular||||||||||||||||||||||||||||||||||||||||||||||||||||||||||||||||||||||||||||||||||||||||||||||||||||||||||||||||||||||||||||||||||||||||||||||||||||||||||||||||||||||||||||||||||||||||||||||||||||||||||||||||||||||||||||||||||||||||||||||||||||||||||||||||||||||||||||||||||||||||||||||||||||||||||||||||||||||||||||||||||||||||||||||||||||||||||||||||||||||||||||||||||||||||||||||||||||||||||||||||||||CNK||||||||
no|yes|no|none|VA024|10.1038/s41598-022-11917-y|Akeju|Molecular identifcation and wing variations among malaria vectors inAkure North Local Government Area, Nigeria|Scientifc Reports|||||Nigeria|Iju|7.3916|5.2601|||||||||||||||within 5km|point|GoogleEarth|Akure North Local Government Area (LGA)|Ondo State||no||||Larvae||||||||3||yes|no|no|||||||||FUNESTUS COMPLEX||genetic/molecular||||||||||||||||||||||||||||||||||||||||||||||||||||||||||||||||||||||||||||||||||||||||||||||||||||||||||||||||||||||||||||||||||||||||||||||||||||||||||||||||||||||||||||||||||||||||||||||||||||||||||||||||||||||||||||||||||||||||||||||||||||||||||||||||||||||||||||||||||||||||||||||||||||||||||||||||||||||||||||||||||||||||||||||||||||||||||||||||||||||||||||||||||||||||||||||||||||||||||||||||||||CNK||||||||
no|yes|no|none|VA024|10.1038/s41598-022-11917-y|Akeju|Molecular identifcation and wing variations among malaria vectors inAkure North Local Government Area, Nigeria|Scientifc Reports|||||Nigeria|Ita–Ogbolu|7.367|5.245|||||||||||||||within 5km|point|GoogleEarth|Akure North Local Government Area (LGA)|Ondo State||no||||Larvae||||||||84||yes|no|no|||||||||gambiae (S)||genetic/molecular||||||||||||||||||||||||||||||||||||||||||||||||||||||||||||||||||||||||||||||||||||||||||||||||||||||||||||||||||||||||||||||||||||||||||||||||||||||||||||||||||||||||||||||||||||||||||||||||||||||||||||||||||||||||||||||||||||||||||||||||||||||||||||||||||||||||||||||||||||||||||||||||||||||||||||||||||||||||||||||||||||||||||||||||||||||||||||||||||||||||||||||||||||||||||||||||||||||||||||||||||||CNK||||||||
no|yes|no|none|VA024|10.1038/s41598-022-11917-y|Akeju|Molecular identifcation and wing variations among malaria vectors inAkure North Local Government Area, Nigeria|Scientifc Reports|||||Nigeria|Ita–Ogbolu|7.367|5.245|||||||||||||||within 5km|point|GoogleEarth|Akure North Local Government Area (LGA)|Ondo State||no||||Larvae||||||||20||yes|no|no|||||||||arabiensis||genetic/molecular||||||||||||||||||||||||||||||||||||||||||||||||||||||||||||||||||||||||||||||||||||||||||||||||||||||||||||||||||||||||||||||||||||||||||||||||||||||||||||||||||||||||||||||||||||||||||||||||||||||||||||||||||||||||||||||||||||||||||||||||||||||||||||||||||||||||||||||||||||||||||||||||||||||||||||||||||||||||||||||||||||||||||||||||||||||||||||||||||||||||||||||||||||||||||||||||||||||||||||||||||||CNK||||||||
no|yes|no|none|VA024|10.1038/s41598-022-11917-y|Akeju|Molecular identifcation and wing variations among malaria vectors inAkure North Local Government Area, Nigeria|Scientifc Reports|||||Nigeria|Ita–Ogbolu|7.367|5.245|||||||||||||||within 5km|point|GoogleEarth|Akure North Local Government Area (LGA)|Ondo State||no||||Larvae||||||||34||yes|no|no|||||||||leesoni||genetic/molecular||||||||||||||||||||||||||||||||||||||||||||||||||||||||||||||||||||||||||||||||||||||||||||||||||||||||||||||||||||||||||||||||||||||||||||||||||||||||||||||||||||||||||||||||||||||||||||||||||||||||||||||||||||||||||||||||||||||||||||||||||||||||||||||||||||||||||||||||||||||||||||||||||||||||||||||||||||||||||||||||||||||||||||||||||||||||||||||||||||||||||||||||||||||||||||||||||||||||||||||||||||CNK||||||||
no|yes|no|none|VA024|10.1038/s41598-022-11917-y|Akeju|Molecular identifcation and wing variations among malaria vectors inAkure North Local Government Area, Nigeria|Scientifc Reports|||||Nigeria|Ita–Ogbolu|7.367|5.245|||||||||||||||within 5km|point|GoogleEarth|Akure North Local Government Area (LGA)|Ondo State||no||||Larvae||||||||6||yes|no|no|||||||||FUNESTUS COMPLEX||genetic/molecular||||||||||||||||||||||||||||||||||||||||||||||||||||||||||||||||||||||||||||||||||||||||||||||||||||||||||||||||||||||||||||||||||||||||||||||||||||||||||||||||||||||||||||||||||||||||||||||||||||||||||||||||||||||||||||||||||||||||||||||||||||||||||||||||||||||||||||||||||||||||||||||||||||||||||||||||||||||||||||||||||||||||||||||||||||||||||||||||||||||||||||||||||||||||||||||||||||||||||||||||||||CNK||||||||
no|yes|yes|none|VA025|10.1111/mve.12577|Tene-Fossog|Temporal variation of high-level pyrethroid resistance in the major malaria vector Anopheles gambiae s.l. in Yaoundé, Cameroon, is mediated by target-site and metabolic resistance|Med Vet Entomol|2022|Preferential||Collections were performed for 2 years, from March 2019 to December 2020 and were made over 2 weeks each season, around season’s medium period to be sure to capture the real seasonal profile|Cameroon|Etoa-Meki|3.88222|11.5302|||||||||||||||within 5km|gps coords|paper/map|Yaoundé||The collection points are located at Etoa-Meki (3_x0003_520 5600, 11_x0003_310 4900), in the slums, and around the railway station|no||||Larvae||||||||||yes|no|no|3|12|2019|2020|cross|||Collections were performed for 2 years, from March 2019 to December 2020 and were made over 2 weeks each season, around season’s medium period to be sure to capture the real seasonal profile_x0002_|coluzzii (gambiae M)||genetic/molecular||||||||||||||||||||||||||||||||||||||||||||||||||||||||||||||||||||||||||||||||||||||||||||||||||||||||||||||||||||||||||||||||||||||||||||||||||||||||||||||||||||||||||||||||||||||||||||||||||||||||||||||||||||||||||||||||||||||||||||||||||||||||||||||||||||||||||||||||||||||||||||||||||||||||||||||||||||||||||||||||||||||||||||||||||||||||||||||||||||||||||||||||||||||||||||||||||||||||||||||||||||CNK||||||||
no|yes|yes|none|VA025|10.1111/mve.12577|Tene-Fossog|Temporal variation of high-level pyrethroid resistance in the major malaria vector Anopheles gambiae s.l. in Yaoundé, Cameroon, is mediated by target-site and metabolic resistance|Med Vet Entomol|2022|Preferential||Collections were performed for 2 years, from March 2019 to December 2020 and were made over 2 weeks each season, around season’s medium period to be sure to capture the real seasonal profile|Cameroon|Nkolondom|3.95138|11.49|||||||||||||||within 5km|gps coords|paper/map|Yaoundé||On the other hand, the peri-urban site of Nkolondom (3_x0003_570 0500, 11_x0003_290 2400) is located around 10 km from the urban sites|no||||Larvae||||||||||yes|no|no|3|12|2019|2020|cross|||Collections were performed for 2 years, from March 2019 to December 2020 and were made over 2 weeks each season, around season’s medium period to be sure to capture the real seasonal profile_x0002_|gambiae (S)||genetic/molecular||||||||||||||||||||||other|In this locality, agriculture especially market gardening in swampy areas is the main activity for decades with aromatic herbs, lettuce, and other vegetables being the main products|||||||||||||||||||||||||||||||||||||||||||||||||||||||||||||||||||||||||||||||||||||||||||||||||||||||||||||||||||||||||||||||||||||||||||||||||||||||||||||||||||||||||||||||||||||||||||||||||||||||||||||||||||||||||||||||||||||||||||||||||||||||||||||||||||||||||||||||||||||||||||||||||||||||||||||||||||||||||||||||||||||||||||||||||||||||||||||||||||||||||||||||||||||||||||||CNK||||||||
no|yes|no|genotypic|VA025|10.1111/mve.12577|Tene-Fossog|Temporal variation of high-level pyrethroid resistance in the major malaria vector Anopheles gambiae s.l. in Yaoundé, Cameroon, is mediated by target-site and metabolic resistance|Med Vet Entomol|2022|Preferential||Collections were performed for 2 years, from March 2019 to December 2020 and were made over 2 weeks each season, around season’s medium period to be sure to capture the real seasonal profile|Cameroon|Nkolondom|3.95138|11.49|||||||||||||||within 5km|gps coords|paper/map|Yaoundé||On the other hand, the peri-urban site of Nkolondom (3_x0003_570 0500, 11_x0003_290 2400) is located around 10 km from the urban sites|no||||||||||||||yes|no|no|3|12|2019|2020|cross||||gambiae (S)|||||||||||||||||||||||||||||||||||||||||||||||||||||||||||||||||||||||||||||||||||||||||||||||||||||||||||||||||||||||||||||||||||||||||||||||||||||||||||||||||||||||||||||||||||||||||||||||||||||||||||||||||||||||||||||||||||||Yes|No||F0|larvae|3|5|WHO Bioassay 2016|DDT|pyrethroid|Sodium channel modulators|3B|4||60|||||112||0||||||||||||||||||||||||||genetic/molecular|70|F0||||||70|0.96|||0|0|||||||||||||||||||||||||||||||||||||||||||||||||||||||||||||||||||||||||||||||||||||||||||||||||||||||||||||||||||||CNK||||||||
no|yes|no|genotypic|VA025|10.1111/mve.12577|Tene-Fossog|Temporal variation of high-level pyrethroid resistance in the major malaria vector Anopheles gambiae s.l. in Yaoundé, Cameroon, is mediated by target-site and metabolic resistance|Med Vet Entomol|2022|Preferential||Collections were performed for 2 years, from March 2019 to December 2020 and were made over 2 weeks each season, around season’s medium period to be sure to capture the real seasonal profile|Cameroon|Nkolondom|3.95138|11.49|||||||||||||||within 5km|gps coords|paper/map|Yaoundé||On the other hand, the peri-urban site of Nkolondom (3_x0003_570 0500, 11_x0003_290 2400) is located around 10 km from the urban sites|no||||||||||||||yes|no|no|3|12|2019|2020|cross||||gambiae (S)|||||||||||||||||||||||||||||||||||||||||||||||||||||||||||||||||||||||||||||||||||||||||||||||||||||||||||||||||||||||||||||||||||||||||||||||||||||||||||||||||||||||||||||||||||||||||||||||||||||||||||||||||||||||||||||||||||||Yes|No||F0|larvae|3|5|WHO Bioassay 2016|permethrin|pyrethroid|Sodium channel modulators|3A|0.75||60|||||571||9.07||||||||||||||||||||||||||genetic/molecular|2|F0||||2|0.03||||0|0||||||||||||||||||||||||||||||||||||||||||||||||||||||||||||||||||||||||||||||||||||||||||||||||||||||||||||||||||||||CNK||||||||
no|yes|no|genotypic|VA025|10.1111/mve.12577|Tene-Fossog|Temporal variation of high-level pyrethroid resistance in the major malaria vector Anopheles gambiae s.l. in Yaoundé, Cameroon, is mediated by target-site and metabolic resistance|Med Vet Entomol|2022|Preferential||Collections were performed for 2 years, from March 2019 to December 2020 and were made over 2 weeks each season, around season’s medium period to be sure to capture the real seasonal profile|Cameroon|Nkolondom|3.95138|11.49|||||||||||||||within 5km|gps coords|paper/map|Yaoundé||On the other hand, the peri-urban site of Nkolondom (3_x0003_570 0500, 11_x0003_290 2400) is located around 10 km from the urban sites|no||||||||||||||yes|no|no|3|12|2019|2020|cross||||gambiae (S)|||||||||||||||||||||||||||||||||||||||||||||||||||||||||||||||||||||||||||||||||||||||||||||||||||||||||||||||||||||||||||||||||||||||||||||||||||||||||||||||||||||||||||||||||||||||||||||||||||||||||||||||||||||||||||||||||||||Yes|No||F0|larvae|3|5|WHO Bioassay 2016|permethrin|pyrethroid|Sodium channel modulators|3A|3.75||60|||||197||75.02||||||||||||||||||||||||||genetic/molecular|1|F0||1|0.01|||||||||||||||||||||||||||||||||||||||||||||||||||||||||||||||||||||||||||||||||||||||||||||||||||||||||||||||||||||||||||||CNK||||||||
no|yes|no|genotypic|VA025|10.1111/mve.12577|Tene-Fossog|Temporal variation of high-level pyrethroid resistance in the major malaria vector Anopheles gambiae s.l. in Yaoundé, Cameroon, is mediated by target-site and metabolic resistance|Med Vet Entomol|2022|Preferential||Collections were performed for 2 years, from March 2019 to December 2020 and were made over 2 weeks each season, around season’s medium period to be sure to capture the real seasonal profile|Cameroon|Nkolondom|3.95138|11.49|||||||||||||||within 5km|gps coords|paper/map|Yaoundé||On the other hand, the peri-urban site of Nkolondom (3_x0003_570 0500, 11_x0003_290 2400) is located around 10 km from the urban sites|no||||||||||||||yes|no|no|3|12|2019|2020|cross||||gambiae (S)|||||||||||||||||||||||||||||||||||||||||||||||||||||||||||||||||||||||||||||||||||||||||||||||||||||||||||||||||||||||||||||||||||||||||||||||||||||||||||||||||||||||||||||||||||||||||||||||||||||||||||||||||||||||||||||||||||||Yes|No||F0|larvae|3|5|WHO Bioassay 2016|permethrin|pyrethroid|Sodium channel modulators|3A|7.5||60|||||84||96.33||||||||||||||||||||||||||genetic/molecular|0|F0||||||||||||||||||||||||||||||||||||||||||||||||||||||||||||||||||||||||||||||||||||||||||||||||||||||||||||||||||||||||||||||||CNK||||||||
no|yes|no|genotypic|VA025|10.1111/mve.12577|Tene-Fossog|Temporal variation of high-level pyrethroid resistance in the major malaria vector Anopheles gambiae s.l. in Yaoundé, Cameroon, is mediated by target-site and metabolic resistance|Med Vet Entomol|2022|Preferential||Collections were performed for 2 years, from March 2019 to December 2020 and were made over 2 weeks each season, around season’s medium period to be sure to capture the real seasonal profile|Cameroon|Nkolondom|3.95138|11.49|||||||||||||||within 5km|gps coords|paper/map|Yaoundé||On the other hand, the peri-urban site of Nkolondom (3_x0003_570 0500, 11_x0003_290 2400) is located around 10 km from the urban sites|no||||||||||||||yes|no|no|3|12|2019|2020|cross||||gambiae (S)|||||||||||||||||||||||||||||||||||||||||||||||||||||||||||||||||||||||||||||||||||||||||||||||||||||||||||||||||||||||||||||||||||||||||||||||||||||||||||||||||||||||||||||||||||||||||||||||||||||||||||||||||||||||||||||||||||||Yes|No||F0|larvae|3|5|WHO Bioassay 2016|permethrin|pyrethroid|Sodium channel modulators|3A|0.75||60||PBO|4||270||46.99||||||||||||||||||||||||||genetic/molecular|0|F0||||||||||||||||||||||||||||||||||||||||||||||||||||||||||||||||||||||||||||||||||||||||||||||||||||||||||||||||||||||||||||||||CNK||||||||
no|yes|no|genotypic|VA025|10.1111/mve.12577|Tene-Fossog|Temporal variation of high-level pyrethroid resistance in the major malaria vector Anopheles gambiae s.l. in Yaoundé, Cameroon, is mediated by target-site and metabolic resistance|Med Vet Entomol|2022|Preferential||Collections were performed for 2 years, from March 2019 to December 2020 and were made over 2 weeks each season, around season’s medium period to be sure to capture the real seasonal profile|Cameroon|Nkolondom|3.95138|11.49|||||||||||||||within 5km|gps coords|paper/map|Yaoundé||On the other hand, the peri-urban site of Nkolondom (3_x0003_570 0500, 11_x0003_290 2400) is located around 10 km from the urban sites|no||||||||||||||yes|no|no|3|12|2019|2020|cross||||gambiae (S)|||||||||||||||||||||||||||||||||||||||||||||||||||||||||||||||||||||||||||||||||||||||||||||||||||||||||||||||||||||||||||||||||||||||||||||||||||||||||||||||||||||||||||||||||||||||||||||||||||||||||||||||||||||||||||||||||||||Yes|No||F0|larvae|3|5|WHO Bioassay 2016|deltamethrin|pyrethroid|Sodium channel modulators|3A|0.05||60|||||252||14.67||||||||||||||||||||||||||genetic/molecular|180|F0|||180|1||||||||||||||||||||||||||||||||||||||||||||||||||||||||||||||||||||||||||||||||||||||||||||||||||||||||||||||||||||||||||||CNK||||||||
no|yes|no|genotypic|VA025|10.1111/mve.12577|Tene-Fossog|Temporal variation of high-level pyrethroid resistance in the major malaria vector Anopheles gambiae s.l. in Yaoundé, Cameroon, is mediated by target-site and metabolic resistance|Med Vet Entomol|2022|Preferential||Collections were performed for 2 years, from March 2019 to December 2020 and were made over 2 weeks each season, around season’s medium period to be sure to capture the real seasonal profile|Cameroon|Nkolondom|3.95138|11.49|||||||||||||||within 5km|gps coords|paper/map|Yaoundé||On the other hand, the peri-urban site of Nkolondom (3_x0003_570 0500, 11_x0003_290 2400) is located around 10 km from the urban sites|no||||||||||||||yes|no|no|3|12|2019|2020|cross||||gambiae (S)|||||||||||||||||||||||||||||||||||||||||||||||||||||||||||||||||||||||||||||||||||||||||||||||||||||||||||||||||||||||||||||||||||||||||||||||||||||||||||||||||||||||||||||||||||||||||||||||||||||||||||||||||||||||||||||||||||||Yes|No||F0|larvae|3|5|WHO Bioassay 2016|deltamethrin|pyrethroid|Sodium channel modulators|3A|0.25||60|||||117||29.88||||||||||||||||||||||||||genetic/molecular|0|F0|A third substitution, the N1575Y, has been found in West and Central Africa and shown to increase resistance in association with L1014F|||||||||||||||||||||||||||||||||||||||||||||||||||||||||||||||||||||||||||||||||||||||||||||||||||||||||||||||||||||||||||||||CNK||||||||
no|yes|no|genotypic|VA025|10.1111/mve.12577|Tene-Fossog|Temporal variation of high-level pyrethroid resistance in the major malaria vector Anopheles gambiae s.l. in Yaoundé, Cameroon, is mediated by target-site and metabolic resistance|Med Vet Entomol|2022|Preferential||Collections were performed for 2 years, from March 2019 to December 2020 and were made over 2 weeks each season, around season’s medium period to be sure to capture the real seasonal profile|Cameroon|Nkolondom|3.95138|11.49|||||||||||||||within 5km|gps coords|paper/map|Yaoundé||On the other hand, the peri-urban site of Nkolondom (3_x0003_570 0500, 11_x0003_290 2400) is located around 10 km from the urban sites|no||||||||||||||yes|no|no|3|12|2019|2020|cross||||gambiae (S)|||||||||||||||||||||||||||||||||||||||||||||||||||||||||||||||||||||||||||||||||||||||||||||||||||||||||||||||||||||||||||||||||||||||||||||||||||||||||||||||||||||||||||||||||||||||||||||||||||||||||||||||||||||||||||||||||||||Yes|No||F0|larvae|3|5|WHO Bioassay 2016|deltamethrin|pyrethroid|Sodium channel modulators|3A|0.5||60|||||83||78.5||||||||||||||||||||||||||genetic/molecular|0|F0|A third substitution, the N1575Y, has been found in West and Central Africa and shown to increase resistance in association with L1014F|||||||||||||||||||||||||||||||||||||||||||||||||||||||||||||||||||||||||||||||||||||||||||||||||||||||||||||||||||||||||||||||CNK||||||||
no|yes|no|genotypic|VA025|10.1111/mve.12577|Tene-Fossog|Temporal variation of high-level pyrethroid resistance in the major malaria vector Anopheles gambiae s.l. in Yaoundé, Cameroon, is mediated by target-site and metabolic resistance|Med Vet Entomol|2022|Preferential||Collections were performed for 2 years, from March 2019 to December 2020 and were made over 2 weeks each season, around season’s medium period to be sure to capture the real seasonal profile|Cameroon|Nkolondom|3.95138|11.49|||||||||||||||within 5km|gps coords|paper/map|Yaoundé||On the other hand, the peri-urban site of Nkolondom (3_x0003_570 0500, 11_x0003_290 2400) is located around 10 km from the urban sites|no||||||||||||||yes|no|no|3|12|2019|2020|cross||||gambiae (S)|||||||||||||||||||||||||||||||||||||||||||||||||||||||||||||||||||||||||||||||||||||||||||||||||||||||||||||||||||||||||||||||||||||||||||||||||||||||||||||||||||||||||||||||||||||||||||||||||||||||||||||||||||||||||||||||||||||Yes|No||F0|larvae|3|5|WHO Bioassay 2016|deltamethrin|pyrethroid|Sodium channel modulators|3A|0.05||60||PBO|4||102||79.38||||||||||||||||||||||||||genetic/molecular|177|F0|A third substitution, the N1575Y, has been found in West and Central Africa and shown to increase resistance in association with L1014F|||||||||||||||||||||||||||||||||||||||||||||||||||||||||||||||||||||||||||||||||||||||||||||||||||||||||||||||||||||||||||||||CNK||||||||
no|yes|no|none|VA026|10.1038/s41598-022-11333-2|Kinya|Outdoor malaria vector species profle in dryland ecosystems of Kenya|Scientifc ReportS|2022||||Kenya|Kerio Valley|||||||||||||||||greater than 10km|large polygon|GoogleEarth|Baringo county||area of the site given by the paper is too big;exact site not provided contact author|no|||The source only mentions the use of interventions used in the country but not at that particular site|CDC-LT - outdoor||||||||478|Traps were set outdoors about 10–15 m away from randomly selected homesteads from 18:00 h to 06:00 h|yes|no|yes|8|5|2019|2020|||mean daily rainfall is 4.1mm||FUNESTUS COMPLEX||morph||||||||||||||||||||||||||||||||||||||||||||||||||||||||||||||||||||||||||||||||||||||||||||||||||||||||||||||||||||||||||||||||||||||||||||||||||||||||||||||||||||||||||||||||||||||||||||||||||||||||||||||||||||||||||||||||||||||||||||||||||||||||||||||||||||||||||||||||||||||||||||||||||||||||||||||||||||||||||||||||||||||||||||||||||||||||||||||||||||||||||||||||||||||||||||||||||||||||||||||||||||CNK||||||||
no|yes|no|none|VA026|10.1038/s41598-022-11333-2|Kinya|Outdoor malaria vector species profle in dryland ecosystems of Kenya|Scientifc ReportS|2022||||Kenya|Kerio Valley|||||||||||||||||greater than 10km|large polygon|GoogleEarth|Baringo county||area of the site given by the paper is too big;exact site not provided contact author||||The source only mentions the use of interventions used in the country but not at that particular site|CDC-LT - outdoor||||||||46||yes|no|yes|8|5|2019|2020|||mean daily rainfall is 4.1mm||GAMBIAE COMPLEX||morph||||||||||||||||||||||||||||||||||||||||||||||||||||||||||||||||||||||||||||||||||||||||||||||||||||||||||||||||||||||||||||||||||||||||||||||||||||||||||||||||||||||||||||||||||||||||||||||||||||||||||||||||||||||||||||||||||||||||||||||||||||||||||||||||||||||||||||||||||||||||||||||||||||||||||||||||||||||||||||||||||||||||||||||||||||||||||||||||||||||||||||||||||||||||||||||||||||||||||||||||||||CNK||||||||
no|yes|no|none|VA026|10.1038/s41598-022-11333-2|Kinya|Outdoor malaria vector species profle in dryland ecosystems of Kenya|Scientifc ReportS|2022||||Kenya|Nguruman|||||||||||||||||greater than 10km|large polygon|GoogleEarth|Kajiado county||area of the site given by the paper is too big;exact site not provided contact author|no|||The source only mentions the use of interventions used in the country but not at that particular site|CDC-LT - outdoor||||||||89|Traps were set outdoors about 10–15 m away from randomly selected homesteads from 18:00 h to 06:00 h|yes|no|yes|8|5|2019|2020|||mean daily rainfall: 0.9 mm||FUNESTUS COMPLEX||morph||||||||||||||||||||||||||||||||||||||||||||||||||||||||||||||||||||||||||||||||||||||||||||||||||||||||||||||||||||||||||||||||||||||||||||||||||||||||||||||||||||||||||||||||||||||||||||||||||||||||||||||||||||||||||||||||||||||||||||||||||||||||||||||||||||||||||||||||||||||||||||||||||||||||||||||||||||||||||||||||||||||||||||||||||||||||||||||||||||||||||||||||||||||||||||||||||||||||||||||||||||CNK||||||||
no|yes|no|none|VA026|10.1038/s41598-022-11333-2|Kinya|Outdoor malaria vector species profle in dryland ecosystems of Kenya|Scientifc ReportS|2022||||Kenya|Nguruman|||||||||||||||||greater than 10km|large polygon|GoogleEarth|Kajiado county||area of the site given by the paper is too big;exact site not provided contact author||||The source only mentions the use of interventions used in the country but not at that particular site|CDC-LT - outdoor||||||||20||yes|no|yes|8|5|2019|2020|||mean daily rainfall: 0.9 mm||GAMBIAE COMPLEX||morph||||||||||||||||||||||||||||||||||||||||||||||||||||||||||||||||||||||||||||||||||||||||||||||||||||||||||||||||||||||||||||||||||||||||||||||||||||||||||||||||||||||||||||||||||||||||||||||||||||||||||||||||||||||||||||||||||||||||||||||||||||||||||||||||||||||||||||||||||||||||||||||||||||||||||||||||||||||||||||||||||||||||||||||||||||||||||||||||||||||||||||||||||||||||||||||||||||||||||||||||||||CNK||||||||
no|yes|no|none|VA026|10.1038/s41598-022-11333-2|Kinya|Outdoor malaria vector species profle in dryland ecosystems of Kenya|Scientifc ReportS|2022||||Kenya|Rabai|||||||||||||||||greater than 10km|large polygon|GoogleEarth|Kilifi county||area of the site given by the paper is too big;exact site not provided contact author||||The source only mentions the use of interventions used in the country but not at that particular site|CDC-LT - outdoor||||||||72||yes|no|yes|8|5|2019|2020|||mean daily rainfall is 2.1||FUNESTUS COMPLEX||morph||||||||||||||||||||||||||||||||||||||||||||||||||||||||||||||||||||||||||||||||||||||||||||||||||||||||||||||||||||||||||||||||||||||||||||||||||||||||||||||||||||||||||||||||||||||||||||||||||||||||||||||||||||||||||||||||||||||||||||||||||||||||||||||||||||||||||||||||||||||||||||||||||||||||||||||||||||||||||||||||||||||||||||||||||||||||||||||||||||||||||||||||||||||||||||||||||||||||||||||||||||CNK||||||||
no|yes|no|none|VA026|10.1038/s41598-022-11333-2|Kinya|Outdoor malaria vector species profle in dryland ecosystems of Kenya|Scientifc ReportS|2022||||Kenya|Rabai|||||||||||||||||greater than 10km|large polygon|GoogleEarth|Kilifi county||area of the site given by the paper is too big;exact site not provided contact author||||The source only mentions the use of interventions used in the country but not at that particular site|CDC-LT - outdoor||||||||0||yes|no|yes|8|5|2019|2020|||mean daily rainfall is 2.1||GAMBIAE COMPLEX||morph||||||||||||||||||||||||||||||||||||||||||||||||||||||||||||||||||||||||||||||||||||||||||||||||||||||||||||||||||||||||||||||||||||||||||||||||||||||||||||||||||||||||||||||||||||||||||||||||||||||||||||||||||||||||||||||||||||||||||||||||||||||||||||||||||||||||||||||||||||||||||||||||||||||||||||||||||||||||||||||||||||||||||||||||||||||||||||||||||||||||||||||||||||||||||||||||||||||||||||||||||||CNK||||||||
yes|yes|no|none|VA026|10.1038/s41598-022-11333-2|Kinya|Outdoor malaria vector species profle in dryland ecosystems of Kenya|Scientifc ReportS|2022||||Kenya|Kerio Valley|||||||||||||||||greater than 10km|large polygon|GoogleEarth|Baringo county||area of the site given by the paper is too big;exact site not provided contact author||||The source only mentions the use of interventions used in the country but not at that particular site|||||||||||yes|no|yes|8|5|2019|2020|||mean daily rainfall is 4.1mm||longipalpis||genetic/molecular||||||||||||||||||||||||||||||||||||||||||CDC-LT - outdoor||||19|362|5.2||||||||||||||||||||||||||||||||||||||||||||||||||||||||||||||||||||||||||||||||||||||||||||||||||||||||||||||||||||||||||||||||||||||||||||||||||||||||||||||||||||||||||||||||||||||||||||||||||||||||||||||||||||||||||||||||||||||||||||||||||||||||||||||||||||||||||||||||||||||||||||||||||||||||||||||||||||||||||||||||||||||||||||||||||||||||||||||||||||CNK||||||||
yes|yes|no|none|VA026|10.1038/s41598-022-11333-2|Kinya|Outdoor malaria vector species profle in dryland ecosystems of Kenya|Scientifc ReportS|2022||||Kenya|Kerio Valley|||||||||||||||||greater than 10km|large polygon|GoogleEarth|Baringo county||area of the site given by the paper is too big;exact site not provided contact author||||The source only mentions the use of interventions used in the country but not at that particular site|||||||||||yes|no|yes|8|5|2019|2020|||mean daily rainfall is 4.1mm||funestus||genetic/molecular||||||||||||||||||||||||||||||||||||||||||CDC-LT - outdoor||||1|20|5||||||||||||||||||||||||||||||||||||||||||||||||||||||||||||||||||||||||||||||||||||||||||||||||||||||||||||||||||||||||||||||||||||||||||||||||||||||||||||||||||||||||||||||||||||||||||||||||||||||||||||||||||||||||||||||||||||||||||||||||||||||||||||||||||||||||||||||||||||||||||||||||||||||||||||||||||||||||||||||||||||||||||||||||||||||||||||||||||||CNK||||||||
yes|yes|no|none|VA026|10.1038/s41598-022-11333-2|Kinya|Outdoor malaria vector species profle in dryland ecosystems of Kenya|Scientifc ReportS|2022||||Kenya|Kerio Valley|||||||||||||||||greater than 10km|large polygon|GoogleEarth|Baringo county||area of the site given by the paper is too big;exact site not provided contact author||||The source only mentions the use of interventions used in the country but not at that particular site|||||||||||yes|no|yes|8|5|2019|2020|||mean daily rainfall is 4.1mm||rivulorum||genetic/molecular||||||||||||||||||||||||||||||||||||||||||CDC-LT - outdoor||||0|4|0||||||||||||||||||||||||||||||||||||||||||||||||||||||||||||||||||||||||||||||||||||||||||||||||||||||||||||||||||||||||||||||||||||||||||||||||||||||||||||||||||||||||||||||||||||||||||||||||||||||||||||||||||||||||||||||||||||||||||||||||||||||||||||||||||||||||||||||||||||||||||||||||||||||||||||||||||||||||||||||||||||||||||||||||||||||||||||||||||||CNK||||||||
yes|yes|no|none|VA026|10.1038/s41598-022-11333-2|Kinya|Outdoor malaria vector species profle in dryland ecosystems of Kenya|Scientifc ReportS|2022||||Kenya|Kerio Valley|||||||||||||||||greater than 10km|large polygon|GoogleEarth|Baringo county||area of the site given by the paper is too big;exact site not provided contact author||||The source only mentions the use of interventions used in the country but not at that particular site|||||||||||yes|no|yes|8|5|2019|2020|||mean daily rainfall is 4.1mm||gambiae (S)||genetic/molecular||||||||||||||||||||||||||||||||||||||||||CDC-LT - outdoor||||1|5|20||||||||||||||||||||||||||||||||||||||||||||||||||||||||||||||||||||||||||||||||||||||||||||||||||||||||||||||||||||||||||||||||||||||||||||||||||||||||||||||||||||||||||||||||||||||||||||||||||||||||||||||||||||||||||||||||||||||||||||||||||||||||||||||||||||||||||||||||||||||||||||||||||||||||||||||||||||||||||||||||||||||||||||||||||||||||||||||||||||CNK||||||||
yes|yes|no|none|VA026|10.1038/s41598-022-11333-2|Kinya|Outdoor malaria vector species profle in dryland ecosystems of Kenya|Scientifc ReportS|2022||||Kenya|Kerio Valley|||||||||||||||||greater than 10km|large polygon|GoogleEarth|Baringo county||area of the site given by the paper is too big;exact site not provided contact author||||The source only mentions the use of interventions used in the country but not at that particular site|||||||||||yes|no|yes|8|5|2019|2020|||mean daily rainfall is 4.1mm||arabiensis||genetic/molecular||||||||||||||||||||||||||||||||||||||||||CDC-LT - outdoor||||1|41|2.4||||||||||||||||||||||||||||||||||||||||||||||||||||||||||||||||||||||||||||||||||||||||||||||||||||||||||||||||||||||||||||||||||||||||||||||||||||||||||||||||||||||||||||||||||||||||||||||||||||||||||||||||||||||||||||||||||||||||||||||||||||||||||||||||||||||||||||||||||||||||||||||||||||||||||||||||||||||||||||||||||||||||||||||||||||||||||||||||||||CNK||||||||
yes|yes|no|none|VA026|10.1038/s41598-022-11333-2|Kinya|Outdoor malaria vector species profle in dryland ecosystems of Kenya|Scientifc ReportS|2022||||Kenya|Rabai|||||||||||||||||greater than 10km|large polygon|GoogleEarth|Kilifi county||area of the site given by the paper is too big;exact site not provided contact author||||The source only mentions the use of interventions used in the country but not at that particular site|||||||||||yes|no|yes|8|5|2019|2020|||mean daily rainfall is 2.1||longipalpis||genetic/molecular||||||||||||||||||||||||||||||||||||||||||CDC-LT - outdoor||||0|8|0||||||||||||||||||||||||||||||||||||||||||||||||||||||||||||||||||||||||||||||||||||||||||||||||||||||||||||||||||||||||||||||||||||||||||||||||||||||||||||||||||||||||||||||||||||||||||||||||||||||||||||||||||||||||||||||||||||||||||||||||||||||||||||||||||||||||||||||||||||||||||||||||||||||||||||||||||||||||||||||||||||||||||||||||||||||||||||||||||||CNK||||||||
yes|yes|no|none|VA026|10.1038/s41598-022-11333-2|Kinya|Outdoor malaria vector species profle in dryland ecosystems of Kenya|Scientifc ReportS|2022||||Kenya|Rabai|||||||||||||||||greater than 10km|large polygon|GoogleEarth|Kilifi county||area of the site given by the paper is too big;exact site not provided contact author||||The source only mentions the use of interventions used in the country but not at that particular site|||||||||||yes|no|yes|8|5|2019|2020|||mean daily rainfall is 2.1||funestus||genetic/molecular||||||||||||||||||||||||||||||||||||||||||CDC-LT - outdoor||||0|2|0||||||||||||||||||||||||||||||||||||||||||||||||||||||||||||||||||||||||||||||||||||||||||||||||||||||||||||||||||||||||||||||||||||||||||||||||||||||||||||||||||||||||||||||||||||||||||||||||||||||||||||||||||||||||||||||||||||||||||||||||||||||||||||||||||||||||||||||||||||||||||||||||||||||||||||||||||||||||||||||||||||||||||||||||||||||||||||||||||||CNK||||||||
yes|yes|no|none|VA026|10.1038/s41598-022-11333-2|Kinya|Outdoor malaria vector species profle in dryland ecosystems of Kenya|Scientifc ReportS|2022||||Kenya|Rabai|||||||||||||||||greater than 10km|large polygon|GoogleEarth|Kilifi county||area of the site given by the paper is too big;exact site not provided contact author||||The source only mentions the use of interventions used in the country but not at that particular site|||||||||||yes|no|yes|8|5|2019|2020|||mean daily rainfall is 2.1||rivulorum||genetic/molecular||||||||||||||||||||||||||||||||||||||||||CDC-LT - outdoor||||1|19|5.3||||||||||||||||||||||||||||||||||||||||||||||||||||||||||||||||||||||||||||||||||||||||||||||||||||||||||||||||||||||||||||||||||||||||||||||||||||||||||||||||||||||||||||||||||||||||||||||||||||||||||||||||||||||||||||||||||||||||||||||||||||||||||||||||||||||||||||||||||||||||||||||||||||||||||||||||||||||||||||||||||||||||||||||||||||||||||||||||||||CNK||||||||
yes|yes|no|none|VA026|10.1038/s41598-022-11333-2|Kinya|Outdoor malaria vector species profle in dryland ecosystems of Kenya|Scientifc ReportS|2022||||Kenya|Rabai|||||||||||||||||greater than 10km|large polygon|GoogleEarth|Kilifi county||area of the site given by the paper is too big;exact site not provided contact author||||The source only mentions the use of interventions used in the country but not at that particular site|||||||||||yes|no|yes|8|5|2019|2020|||mean daily rainfall is 2.1||gambiae (S)||genetic/molecular||||||||||||||||||||||||||||||||||||||||||CDC-LT - outdoor||||0|0|0||||||||||||||||||||||||||||||||||||||||||||||||||||||||||||||||||||||||||||||||||||||||||||||||||||||||||||||||||||||||||||||||||||||||||||||||||||||||||||||||||||||||||||||||||||||||||||||||||||||||||||||||||||||||||||||||||||||||||||||||||||||||||||||||||||||||||||||||||||||||||||||||||||||||||||||||||||||||||||||||||||||||||||||||||||||||||||||||||||CNK||||||||
yes|yes|no|none|VA026|10.1038/s41598-022-11333-2|Kinya|Outdoor malaria vector species profle in dryland ecosystems of Kenya|Scientifc ReportS|2022||||Kenya|Rabai|||||||||||||||||greater than 10km|large polygon|GoogleEarth|Kilifi county||area of the site given by the paper is too big;exact site not provided contact author||||The source only mentions the use of interventions used in the country but not at that particular site|||||||||||yes|no|yes|8|5|2019|2020|||mean daily rainfall is 2.1||arabiensis||genetic/molecular||||||||||||||||||||||||||||||||||||||||||CDC-LT - outdoor||||0|0|0||||||||||||||||||||||||||||||||||||||||||||||||||||||||||||||||||||||||||||||||||||||||||||||||||||||||||||||||||||||||||||||||||||||||||||||||||||||||||||||||||||||||||||||||||||||||||||||||||||||||||||||||||||||||||||||||||||||||||||||||||||||||||||||||||||||||||||||||||||||||||||||||||||||||||||||||||||||||||||||||||||||||||||||||||||||||||||||||||||CNK||||||||
yes|yes|no|none|VA026|10.1038/s41598-022-11333-2|Kinya|Outdoor malaria vector species profle in dryland ecosystems of Kenya|Scientifc ReportS|2022||||Kenya|Nguruman|||||||||||||||||greater than 10km|large polygon|GoogleEarth|Kajiado county||area of the site given by the paper is too big;exact site not provided contact author||||The source only mentions the use of interventions used in the country but not at that particular site|||||||||||yes|no|yes|8|5|2019|2020|||mean daily rainfall: 0.9 mm||longipalpis||genetic/molecular||||||||||||||||||||||||||||||||||||||||||CDC-LT - outdoor||||0|1|0||||||||||||||||||||||||||||||||||||||||||||||||||||||||||||||||||||||||||||||||||||||||||||||||||||||||||||||||||||||||||||||||||||||||||||||||||||||||||||||||||||||||||||||||||||||||||||||||||||||||||||||||||||||||||||||||||||||||||||||||||||||||||||||||||||||||||||||||||||||||||||||||||||||||||||||||||||||||||||||||||||||||||||||||||||||||||||||||||||CNK||||||||
yes|yes|no|none|VA026|10.1038/s41598-022-11333-2|Kinya|Outdoor malaria vector species profle in dryland ecosystems of Kenya|Scientifc ReportS|2022||||Kenya|Nguruman|||||||||||||||||greater than 10km|large polygon|GoogleEarth|Kajiado county||area of the site given by the paper is too big;exact site not provided contact author||||The source only mentions the use of interventions used in the country but not at that particular site|||||||||||yes|no|yes|8|5|2019|2020|||mean daily rainfall: 0.9 mm||funestus||genetic/molecular||||||||||||||||||||||||||||||||||||||||||CDC-LT - outdoor||||1|1|100||||||||||||||||||||||||||||||||||||||||||||||||||||||||||||||||||||||||||||||||||||||||||||||||||||||||||||||||||||||||||||||||||||||||||||||||||||||||||||||||||||||||||||||||||||||||||||||||||||||||||||||||||||||||||||||||||||||||||||||||||||||||||||||||||||||||||||||||||||||||||||||||||||||||||||||||||||||||||||||||||||||||||||||||||||||||||||||||||||CNK||||||||
yes|yes|no|none|VA026|10.1038/s41598-022-11333-2|Kinya|Outdoor malaria vector species profle in dryland ecosystems of Kenya|Scientifc ReportS|2022||||Kenya|Nguruman|||||||||||||||||greater than 10km|large polygon|GoogleEarth|Kajiado county||area of the site given by the paper is too big;exact site not provided contact author||||The source only mentions the use of interventions used in the country but not at that particular site|||||||||||yes|no|yes|8|5|2019|2020|||mean daily rainfall: 0.9 mm||rivulorum||genetic/molecular||||||||||||||||||||||||||||||||||||||||||CDC-LT - outdoor||||8|41|19.5||||||||||||||||||||||||||||||||||||||||||||||||||||||||||||||||||||||||||||||||||||||||||||||||||||||||||||||||||||||||||||||||||||||||||||||||||||||||||||||||||||||||||||||||||||||||||||||||||||||||||||||||||||||||||||||||||||||||||||||||||||||||||||||||||||||||||||||||||||||||||||||||||||||||||||||||||||||||||||||||||||||||||||||||||||||||||||||||||||CNK||||||||
yes|yes|no|none|VA026|10.1038/s41598-022-11333-2|Kinya|Outdoor malaria vector species profle in dryland ecosystems of Kenya|Scientifc ReportS|2022||||Kenya|Nguruman|||||||||||||||||greater than 10km|large polygon|GoogleEarth|Kajiado county||area of the site given by the paper is too big;exact site not provided contact author||||The source only mentions the use of interventions used in the country but not at that particular site|||||||||||yes|no|yes|8|5|2019|2020|||mean daily rainfall: 0.9 mm||gambiae (S)||genetic/molecular||||||||||||||||||||||||||||||||||||||||||CDC-LT - outdoor||||1|9|11.1||||||||||||||||||||||||||||||||||||||||||||||||||||||||||||||||||||||||||||||||||||||||||||||||||||||||||||||||||||||||||||||||||||||||||||||||||||||||||||||||||||||||||||||||||||||||||||||||||||||||||||||||||||||||||||||||||||||||||||||||||||||||||||||||||||||||||||||||||||||||||||||||||||||||||||||||||||||||||||||||||||||||||||||||||||||||||||||||||||CNK||||||||
yes|yes|no|none|VA026|10.1038/s41598-022-11333-2|Kinya|Outdoor malaria vector species profle in dryland ecosystems of Kenya|Scientifc ReportS|2022||||Kenya|Nguruman|||||||||||||||||greater than 10km|large polygon|GoogleEarth|Kajiado county||area of the site given by the paper is too big;exact site not provided contact author||||The source only mentions the use of interventions used in the country but not at that particular site|||||||||||yes|no|yes|8|5|2019|2020|||mean daily rainfall: 0.9 mm||arabiensis||genetic/molecular||||||||||||||||||||||||||||||||||||||||||CDC-LT - outdoor||||0|11|0||||||||||||||||||||||||||||||||||||||||||||||||||||||||||||||||||||||||||||||||||||||||||||||||||||||||||||||||||||||||||||||||||||||||||||||||||||||||||||||||||||||||||||||||||||||||||||||||||||||||||||||||||||||||||||||||||||||||||||||||||||||||||||||||||||||||||||||||||||||||||||||||||||||||||||||||||||||||||||||||||||||||||||||||||||||||||||||||||||CNK||||||||
no|yes|no|genotypic|VA028|doi.org/10.1371/journal.pone.0267229|Fongnikin|Pirikool® 300 CS, a new long-lasting capsule suspension formulation of the organophosphate insecticide pirimiphos_x0002_methyl for indoor residual spraying against pyrethroid-resistant malaria vectors|PLOS ONE|||||Benin|Covè|7.2333|2.3|||||||||||||||within 5km|gps coords|paper/map||||||||HLC - in||||||||28, 635||yes|no|no|9|9|2019|2020||||The rainy season extends from March to October and the dry season from November to February|GAMBIAE COMPLEX||morph||other|brick||||The walls are made of brick plastered with either cement or mud on the inside, with a corrugated iron roof. The hut ceilings were covered with palm thatch. Each hut had window slits (1-cm gap) on each wall through which mosquitoes entered.|||||||||||||||rice||||||||||||||||||||||||||||||||||||||||||||||||||||||||||||||||||||||||||||||||||||||||||||||||||||||||||||||||||||||||||||||||||||||||||||||||||||||||||||||||||||||||||||||||||||||||||||||||||||||||||||||||||||||||||||||||||||||||||||||||||||||||||||||||||||||||||||||||||||||||||||||||||||||||||||||||||||||||||||||||||||||||||||||||||||||||||||||||||||||||||||||||||||||||||||||CNK||||||||
no|yes|no|genotypic|VA028|doi.org/10.1371/journal.pone.0267229|Fongnikin|Pirikool® 300 CS, a new long-lasting capsule suspension formulation of the organophosphate insecticide pirimiphos_x0002_methyl for indoor residual spraying against pyrethroid-resistant malaria vectors|PLOS ONE|||||Benin|Covè|7.2333|2.3|||||||||||||||within 5km|gps coords|paper/map||||||||HLC - in|||||||||||||||||||||GAMBIAE COMPLEX||morph|||||||||||||||||||||||||||||||||||||||||||||||||||||||||||||||||||||||||||||||||||||||||||||||||||||||||||||||||||||||||||||||||||||||||||||||||||||||||||||||||||||||||||||||||||||||||||||||||||||||||||||||||||||||||||||||||||Yes|No||F0|adults|2|5|WHO Bioassay (version unknown)|pirimiphos-methyl|organophosphate|Acetylcholinesterase (AChE) inhibitors|1A|0.25||60|||||100|100|100||||||||||||||||||||||||||||||||||||||||||||||||||||||||||||||||||||||||||||||||||||||||||||||||||||||||||||||||||||||||||||||||||||||||||||||||||||||||||||CNK||||||||
no|yes|no|genotypic|VA028|doi.org/10.1371/journal.pone.0267229|Fongnikin|Pirikool® 300 CS, a new long-lasting capsule suspension formulation of the organophosphate insecticide pirimiphos_x0002_methyl for indoor residual spraying against pyrethroid-resistant malaria vectors|PLOS ONE|||||Benin|Covè|7.2333|2.3|||||||||||||||within 5km|gps coords|paper/map||||||||HLC - in|||||||||||||||||||||GAMBIAE COMPLEX||morph|||||||||||||||||||||||||||||||||||||||||||||||||||||||||||||||||||||||||||||||||||||||||||||||||||||||||||||||||||||||||||||||||||||||||||||||||||||||||||||||||||||||||||||||||||||||||||||||||||||||||||||||||||||||||||||||||||Yes|No||F0|adults|2|5|WHO Bioassay (version unknown)|alphacypermethrin|pyrethroid|Sodium channel modulators|3A|0.05||60|||||100|9|9||||||||||||||||||||||||||||||||||||||||||||||||||||||||||||||||||||||||||||||||||||||||||||||||||||||||||||||||||||||||||||||||||||||||||||||||||||||||||||CNK||||||||
no|yes|no|genotypic|VA028|doi.org/10.1371/journal.pone.0267229|Fongnikin|Pirikool® 300 CS, a new long-lasting capsule suspension formulation of the organophosphate insecticide pirimiphos_x0002_methyl for indoor residual spraying against pyrethroid-resistant malaria vectors|PLOS ONE|||||Benin|Covè|7.2333|2.3|||||||||||||||within 5km|gps coords|paper/map||||||||HLC - in|||||||||||||||||||||GAMBIAE COMPLEX||morph|||||||||||||||||||||||||||||||||||||||||||||||||||||||||||||||||||||||||||||||||||||||||||||||||||||||||||||||||||||||||||||||||||||||||||||||||||||||||||||||||||||||||||||||||||||||||||||||||||||||||||||||||||||||||||||||||||Yes|No||F0|adults|2|5|WHO Bioassay (version unknown)|permethrin|pyrethroid|Sodium channel modulators|3A|0.75||60|||||97|8|8.2||||||||||||||||||||||||||||||||||||||||||||||||||||||||||||||||||||||||||||||||||||||||||||||||||||||||||||||||||||||||||||||||||||||||||||||||||||||||||||CNK||||||||
no|yes|no|genotypic|VA028|doi.org/10.1371/journal.pone.0267229|Fongnikin|Pirikool® 300 CS, a new long-lasting capsule suspension formulation of the organophosphate insecticide pirimiphos_x0002_methyl for indoor residual spraying against pyrethroid-resistant malaria vectors|PLOS ONE|||||Benin|Covè|7.2333|2.3|||||||||||||||within 5km|gps coords|paper/map||||||||HLC - in|||||||||||||||||||||GAMBIAE COMPLEX||morph|||||||||||||||||||||||||||||||||||||||||||||||||||||||||||||||||||||||||||||||||||||||||||||||||||||||||||||||||||||||||||||||||||||||||||||||||||||||||||||||||||||||||||||||||||||||||||||||||||||||||||||||||||||||||||||||||||Yes|No||F0|adults|2|5|WHO Bioassay (version unknown)|deltamethrin|pyrethroid|Sodium channel modulators|3A|0.05||60|||||98|5|5.1||||||||||||||||||||||||||||||||||||||||||||||||||||||||||||||||||||||||||||||||||||||||||||||||||||||||||||||||||||||||||||||||||||||||||||||||||||||||||||CNK||||||||
no|yes|no|none|VA033|doi.org/10.1093/jme/tjac037|Kpanou|Assessing Insecticide Susceptibility and Resistance Intensity of Anopheles gambiae s.l. Populations From Some Districts of Benin Republic, West Africa|Entomological Society of America|2022|Random|||Benin|Cotonou|6.36|2.44|||||||||||||||within 5km|point|paper/map|||The district of Cotonou (6°21ʹ36″N, 2°26ʹ24″ E) covers an area of 79 km²|yes|ITN|||Larvae|||||||||Mosquito larvae collection Mosquito larvae were collected from various breeding sites of the four study districts, using dippers|yes|no|no|9|11|2017|2017|wet||300-500nm|The climate is composed of two rainy seasons (mid_x0002_March to mid-July and, mid-September to mid-November) and two dry seasons (mid-July to mid-September and mid-November to mid_x0002_March)|GAMBIAE COMPLEX||morph|genetic/molecular||||||||||||||||||||||||||||||||||||||||||||||||||||||||||||||||||||||||||||||||||||||||||||||||||||||||||||||||||||||||||||||||||||||||||||||||||||||||||||||||||||||||||||||||||||||||||||||||||||||||||||||||||||||||||||||||| Mosquito larvae were collected from various breeding sites of the four study districts, using dippers. These larvae kept in different trays labeled by collection site and taken to the insectary for rearing to the adult stage.||||||||||||||||||||||||||||||||||||||||||||||||||||||||||||||||||||||||||||||||||||||||||||||||||||||||||||||||||||||||||||||||||||||||||||||||||||||||||||||||||||||||||||||||||CNK||||||||
no|yes|no|none|VA033|doi.org/10.1093/jme/tjac037|Kpanou|Assessing Insecticide Susceptibility and Resistance Intensity of Anopheles gambiae s.l. Populations From Some Districts of Benin Republic, West Africa|Entomological Society of America|2022|Random|||Benin|Porto-Novo|6.4972|2.605|||||||||||||||within 5km|point|paper/map|||The district of Porto-Novo (6 ° 29ʹ50 ″ N, 2 ° 36ʹ18 ″ E) is lo_x0002_cated at an altitude of about 245 meters and covers 52 km|yes|ITN|||Larvae|||||||||Mosquito larvae collection Mosquito larvae were collected from various breeding sites of the four study districts, using dippers|yes|no|no|9|11|2017|2017|wet||1200nm|The site has a humid tropical climate with four seasons similar to those observed in the district of Cotonou|GAMBIAE COMPLEX||morph|genetic/molecular||||||||||||||||||||||||||||||||||||||||||||||||||||||||||||||||||||||||||||||||||||||||||||||||||||||||||||||||||||||||||||||||||||||||||||||||||||||||||||||||||||||||||||||||||||||||||||||||||||||||||||||||||||||||||||||||| Mosquito larvae were collected from various breeding sites of the four study districts, using dippers. These larvae kept in different trays labeled by collection site and taken to the insectary for rearing to the adult stage.||||||||||||||||||||||||||||||||||||||||||||||||||||||||||||||||||||||||||||||||||||||||||||||||||||||||||||||||||||||||||||||||||||||||||||||||||||||||||||||||||||||||||||||||||CNK||||||||
no|yes|no|none|VA033|doi.org/10.1093/jme/tjac037|Kpanou|Assessing Insecticide Susceptibility and Resistance Intensity of Anopheles gambiae s.l. Populations From Some Districts of Benin Republic, West Africa|Entomological Society of America|2022|Random|||Benin|Parakou|9.3369|2.6302|||||||||||||||within 5km|point|paper/map|||It covers an area of 441 km2|yes|ITN|||Larvae|||||||||Mosquito larvae collection Mosquito larvae were collected from various breeding sites of the four study districts, using dippers|yes|no|no|9|11|2017|2017|wet||1200nm|The site has a South Sudanese climate is characterized by the alternation of a rainy season (May to October) and a dry season (November to April).|GAMBIAE COMPLEX||morph|genetic/molecular||||||||||||||||||||||||||||||||||||||||||||||||||||||||||||||||||||||||||||||||||||||||||||||||||||||||||||||||||||||||||||||||||||||||||||||||||||||||||||||||||||||||||||||||||||||||||||||||||||||||||||||||||||||||||||||||| Mosquito larvae were collected from various breeding sites of the four study districts, using dippers. These larvae kept in different trays labeled by collection site and taken to the insectary for rearing to the adult stage.||||||||||||||||||||||||||||||||||||||||||||||||||||||||||||||||||||||||||||||||||||||||||||||||||||||||||||||||||||||||||||||||||||||||||||||||||||||||||||||||||||||||||||||||||CNK||||||||
no|yes|no|none|VA033|doi.org/10.1093/jme/tjac037|Kpanou|Assessing Insecticide Susceptibility and Resistance Intensity of Anopheles gambiae s.l. Populations From Some Districts of Benin Republic, West Africa|Entomological Society of America|2022|Random|||Benin|Kandi|2.1286|2.9369|||||||||||||||within 5km|point|paper/map|||The district of Kandi (2.9369411°7ʹ43″ N, 2°56ʹ13″ E) covers an area of 3,421 km²|yes|ITN|||Larvae|||||||||Mosquito larvae collection Mosquito larvae were collected from various breeding sites of the four study districts, using dippers|yes|no|no|9|11|2017|2017|wet||800-1300nm|The climate prevailing there is characterized by a dry season (November to April) and a rainy season (May to October).|GAMBIAE COMPLEX||morph|genetic/molecular||||||||||||||||||||||||||||||||||||||||||||||||||||||||||||||||||||||||||||||||||||||||||||||||||||||||||||||||||||||||||||||||||||||||||||||||||||||||||||||||||||||||||||||||||||||||||||||||||||||||||||||||||||||||||||||||| Mosquito larvae were collected from various breeding sites of the four study districts, using dippers. These larvae kept in different trays labeled by collection site and taken to the insectary for rearing to the adult stage.||||||||||||||||||||||||||||||||||||||||||||||||||||||||||||||||||||||||||||||||||||||||||||||||||||||||||||||||||||||||||||||||||||||||||||||||||||||||||||||||||||||||||||||||||CNK||||||||
no|yes|no|genotypic|VA033|doi.org/10.1093/jme/tjac037|Kpanou|Assessing Insecticide Susceptibility and Resistance Intensity of Anopheles gambiae s.l. Populations From Some Districts of Benin Republic, West Africa|Entomological Society of America|2022|Random|||Benin|Cotonou|6.36|2.44|||||||||||||||within 5km|point|paper/map|||The district of Cotonou (6°21ʹ36″N, 2°26ʹ24″ E) covers an area of 79 km²|yes|ITN|||Larvae|||||||||||||9|11|2017|2017|wet||300-500nm|The climate is composed of two rainy seasons (mid_x0002_March to mid-July and, mid-September to mid-November) and two dry seasons (mid-July to mid-September and mid-November to mid_x0002_March)|GAMBIAE COMPLEX||morph||||||||||||||||||||||||||||||||||||||||||||||||||||||||||||||||||||||||||||||||||||||||||||||||||||||||||||||||||||||||||||||||||||||||||||||||||||||||||||||||||||||||||||||||||||||||||||||||||||||||||||||||||||||||||||||||||||||F0|larvae|2|5|WHO Bioassay 2016|permethrin|pyrethroid|||0.75||60|||||93||44.1||||||||||||||||||||||||||||||||||||||||||||||||||||||||||||||||||||||||||||||||||||||||||||||||||||||||||||||||||||||||||||||||||||||||||||||||||||||||||||CNK||||||||
no|yes|no|genotypic|VA033|doi.org/10.1093/jme/tjac037|Kpanou|Assessing Insecticide Susceptibility and Resistance Intensity of Anopheles gambiae s.l. Populations From Some Districts of Benin Republic, West Africa|Entomological Society of America|2022|Random|||Benin|Cotonou|6.36|2.44|||||||||||||||within 5km|point|paper/map|||The district of Cotonou (6°21ʹ36″N, 2°26ʹ24″ E) covers an area of 79 km²|yes|ITN|||Larvae|||||||||||||9|11|2017|2017|wet||300-500nm|The climate is composed of two rainy seasons (mid_x0002_March to mid-July and, mid-September to mid-November) and two dry seasons (mid-July to mid-September and mid-November to mid_x0002_March)|GAMBIAE COMPLEX||morph||||||||||||||||||||||||||||||||||||||||||||||||||||||||||||||||||||||||||||||||||||||||||||||||||||||||||||||||||||||||||||||||||||||||||||||||||||||||||||||||||||||||||||||||||||||||||||||||||||||||||||||||||||||||||||||||||||||F0|larvae|2|5|WHO Bioassay 2016|permethrin|pyrethroid|||3.75||60|||||98||52||||||||||||||||||||||||||||||||||||||||||||||||||||||||||||||||||||||||||||||||||||||||||||||||||||||||||||||||||||||||||||||||||||||||||||||||||||||||||||CNK||||||||
no|yes|no|genotypic|VA033|doi.org/10.1093/jme/tjac037|Kpanou|Assessing Insecticide Susceptibility and Resistance Intensity of Anopheles gambiae s.l. Populations From Some Districts of Benin Republic, West Africa|Entomological Society of America|2022|Random|||Benin|Cotonou|6.36|2.44|||||||||||||||within 5km|point|paper/map|||The district of Cotonou (6°21ʹ36″N, 2°26ʹ24″ E) covers an area of 79 km²|yes|ITN|||Larvae|||||||||||||9|11|2017|2017|wet||300-500nm|The climate is composed of two rainy seasons (mid_x0002_March to mid-July and, mid-September to mid-November) and two dry seasons (mid-July to mid-September and mid-November to mid_x0002_March)|GAMBIAE COMPLEX||morph||||||||||||||||||||||||||||||||||||||||||||||||||||||||||||||||||||||||||||||||||||||||||||||||||||||||||||||||||||||||||||||||||||||||||||||||||||||||||||||||||||||||||||||||||||||||||||||||||||||||||||||||||||||||||||||||||||||F0|larvae|2|5|WHO Bioassay 2016|permethrin|pyrethroid|||7.5||60|||||92||95.7||||||||||||||||||||||||||||||||||||||||||||||||||||||||||||||||||||||||||||||||||||||||||||||||||||||||||||||||||||||||||||||||||||||||||||||||||||||||||||CNK||||||||
no|yes|no|genotypic|VA033|doi.org/10.1093/jme/tjac037|Kpanou|Assessing Insecticide Susceptibility and Resistance Intensity of Anopheles gambiae s.l. Populations From Some Districts of Benin Republic, West Africa|Entomological Society of America|2022|Random|||Benin|Cotonou|6.36|2.44|||||||||||||||within 5km|point|paper/map|||The district of Cotonou (6°21ʹ36″N, 2°26ʹ24″ E) covers an area of 79 km²|yes|ITN|||Larvae|||||||||||||9|11|2017|2017|wet||300-500nm|The climate is composed of two rainy seasons (mid_x0002_March to mid-July and, mid-September to mid-November) and two dry seasons (mid-July to mid-September and mid-November to mid_x0002_March)|GAMBIAE COMPLEX||morph||||||||||||||||||||||||||||||||||||||||||||||||||||||||||||||||||||||||||||||||||||||||||||||||||||||||||||||||||||||||||||||||||||||||||||||||||||||||||||||||||||||||||||||||||||||||||||||||||||||||||||||||||||||||||||||||||||||F0|larvae|2|5|WHO Bioassay 2016|deltamethrin|pyrethroid|||0.05||60|||||85||16.5||||||||||||||||||||||||||||||||||||||||||||||||||||||||||||||||||||||||||||||||||||||||||||||||||||||||||||||||||||||||||||||||||||||||||||||||||||||||||||CNK||||||||
no|yes|no|genotypic|VA033|doi.org/10.1093/jme/tjac037|Kpanou|Assessing Insecticide Susceptibility and Resistance Intensity of Anopheles gambiae s.l. Populations From Some Districts of Benin Republic, West Africa|Entomological Society of America|2022|Random|||Benin|Cotonou|6.36|2.44|||||||||||||||within 5km|point|paper/map|||The district of Cotonou (6°21ʹ36″N, 2°26ʹ24″ E) covers an area of 79 km²|yes|ITN|||Larvae|||||||||||||9|11|2017|2017|wet||300-500nm|The climate is composed of two rainy seasons (mid_x0002_March to mid-July and, mid-September to mid-November) and two dry seasons (mid-July to mid-September and mid-November to mid_x0002_March)|GAMBIAE COMPLEX||morph||||||||||||||||||||||||||||||||||||||||||||||||||||||||||||||||||||||||||||||||||||||||||||||||||||||||||||||||||||||||||||||||||||||||||||||||||||||||||||||||||||||||||||||||||||||||||||||||||||||||||||||||||||||||||||||||||||||F0|larvae|2|5|WHO Bioassay 2016|deltamethrin|pyrethroid|||0.25||60|||||95||40||||||||||||||||||||||||||||||||||||||||||||||||||||||||||||||||||||||||||||||||||||||||||||||||||||||||||||||||||||||||||||||||||||||||||||||||||||||||||||CNK||||||||
no|yes|no|genotypic|VA033|doi.org/10.1093/jme/tjac037|Kpanou|Assessing Insecticide Susceptibility and Resistance Intensity of Anopheles gambiae s.l. Populations From Some Districts of Benin Republic, West Africa|Entomological Society of America|2022|Random|||Benin|Cotonou|6.36|2.44|||||||||||||||within 5km|point|paper/map|||The district of Cotonou (6°21ʹ36″N, 2°26ʹ24″ E) covers an area of 79 km²|yes|ITN|||Larvae|||||||||||||9|11|2017|2017|wet||300-500nm|The climate is composed of two rainy seasons (mid_x0002_March to mid-July and, mid-September to mid-November) and two dry seasons (mid-July to mid-September and mid-November to mid_x0002_March)|GAMBIAE COMPLEX||morph||||||||||||||||||||||||||||||||||||||||||||||||||||||||||||||||||||||||||||||||||||||||||||||||||||||||||||||||||||||||||||||||||||||||||||||||||||||||||||||||||||||||||||||||||||||||||||||||||||||||||||||||||||||||||||||||||||||F0|larvae|2|5|WHO Bioassay 2016|deltamethrin|pyrethroid|||0.5||60|||||92||96.7||||||||||||||||||||||||||||||||||||||||||||||||||||||||||||||||||||||||||||||||||||||||||||||||||||||||||||||||||||||||||||||||||||||||||||||||||||||||||||CNK||||||||
no|yes|no|genotypic|VA033|doi.org/10.1093/jme/tjac037|Kpanou|Assessing Insecticide Susceptibility and Resistance Intensity of Anopheles gambiae s.l. Populations From Some Districts of Benin Republic, West Africa|Entomological Society of America|2022|Random|||Benin|Porto-Novo|6.4972|2.605|||||||||||||||within 5km|point|paper/map|||The district of Porto-Novo (6 ° 29ʹ50 ″ N, 2 ° 36ʹ18 ″ E) is lo_x0002_cated at an altitude of about 245 meters and covers 52 km|yes|ITN|||Larvae|||||||||||||9|11|2017|2017|wet||1200nm|The site has a humid tropical climate with four seasons similar to those observed in the district of Cotonou|GAMBIAE COMPLEX||morph||||||||||||||||||||||||||||||||||||||||||||||||||||||||||||||||||||||||||||||||||||||||||||||||||||||||||||||||||||||||||||||||||||||||||||||||||||||||||||||||||||||||||||||||||||||||||||||||||||||||||||||||||||||||||||||||||||||F0|larvae|2|5|WHO Bioassay 2016|permethrin|pyrethroid|||0.75||60|||||85||14.1||||||||||||||||||||||||||||||||||||||||||||||||||||||||||||||||||||||||||||||||||||||||||||||||||||||||||||||||||||||||||||||||||||||||||||||||||||||||||||CNK||||||||
no|yes|no|genotypic|VA033|doi.org/10.1093/jme/tjac037|Kpanou|Assessing Insecticide Susceptibility and Resistance Intensity of Anopheles gambiae s.l. Populations From Some Districts of Benin Republic, West Africa|Entomological Society of America|2022|Random|||Benin|Porto-Novo|6.4972|2.605|||||||||||||||within 5km|point|paper/map|||The district of Porto-Novo (6 ° 29ʹ50 ″ N, 2 ° 36ʹ18 ″ E) is lo_x0002_cated at an altitude of about 245 meters and covers 52 km|yes|ITN|||Larvae|||||||||||||9|11|2017|2017|wet||1200nm|The site has a humid tropical climate with four seasons similar to those observed in the district of Cotonou|GAMBIAE COMPLEX||morph||||||||||||||||||||||||||||||||||||||||||||||||||||||||||||||||||||||||||||||||||||||||||||||||||||||||||||||||||||||||||||||||||||||||||||||||||||||||||||||||||||||||||||||||||||||||||||||||||||||||||||||||||||||||||||||||||||||F0|larvae|2|5|WHO Bioassay 2016|permethrin|pyrethroid|||3.75||60|||||88||71.6||||||||||||||||||||||||||||||||||||||||||||||||||||||||||||||||||||||||||||||||||||||||||||||||||||||||||||||||||||||||||||||||||||||||||||||||||||||||||||CNK||||||||
no|yes|no|genotypic|VA033|doi.org/10.1093/jme/tjac037|Kpanou|Assessing Insecticide Susceptibility and Resistance Intensity of Anopheles gambiae s.l. Populations From Some Districts of Benin Republic, West Africa|Entomological Society of America|2022|Random|||Benin|Porto-Novo|6.4972|2.605|||||||||||||||within 5km|point|paper/map|||The district of Porto-Novo (6 ° 29ʹ50 ″ N, 2 ° 36ʹ18 ″ E) is lo_x0002_cated at an altitude of about 245 meters and covers 52 km|yes|ITN|||Larvae|||||||||||||9|11|2017|2017|wet||1200nm|The site has a humid tropical climate with four seasons similar to those observed in the district of Cotonou|GAMBIAE COMPLEX||morph||||||||||||||||||||||||||||||||||||||||||||||||||||||||||||||||||||||||||||||||||||||||||||||||||||||||||||||||||||||||||||||||||||||||||||||||||||||||||||||||||||||||||||||||||||||||||||||||||||||||||||||||||||||||||||||||||||||F0|larvae|2|5|WHO Bioassay 2016|permethrin|pyrethroid|||7.5||60|||||90||95.6||||||||||||||||||||||||||||||||||||||||||||||||||||||||||||||||||||||||||||||||||||||||||||||||||||||||||||||||||||||||||||||||||||||||||||||||||||||||||||CNK||||||||
no|yes|no|genotypic|VA033|doi.org/10.1093/jme/tjac037|Kpanou|Assessing Insecticide Susceptibility and Resistance Intensity of Anopheles gambiae s.l. Populations From Some Districts of Benin Republic, West Africa|Entomological Society of America|2022|Random|||Benin|Porto-Novo|6.4972|2.605|||||||||||||||within 5km|point|paper/map|||The district of Porto-Novo (6 ° 29ʹ50 ″ N, 2 ° 36ʹ18 ″ E) is lo_x0002_cated at an altitude of about 245 meters and covers 52 km|yes|ITN|||Larvae|||||||||||||9|11|2017|2017|wet||1200nm|The site has a humid tropical climate with four seasons similar to those observed in the district of Cotonou|GAMBIAE COMPLEX||morph||||||||||||||||||||||||||||||||||||||||||||||||||||||||||||||||||||||||||||||||||||||||||||||||||||||||||||||||||||||||||||||||||||||||||||||||||||||||||||||||||||||||||||||||||||||||||||||||||||||||||||||||||||||||||||||||||||||F0|larvae|2|5|WHO Bioassay 2016|deltamethrin|pyrethroid|||0.05||60|||||94||14.9||||||||||||||||||||||||||||||||||||||||||||||||||||||||||||||||||||||||||||||||||||||||||||||||||||||||||||||||||||||||||||||||||||||||||||||||||||||||||||CNK||||||||
no|yes|no|genotypic|VA033|doi.org/10.1093/jme/tjac037|Kpanou|Assessing Insecticide Susceptibility and Resistance Intensity of Anopheles gambiae s.l. Populations From Some Districts of Benin Republic, West Africa|Entomological Society of America|2022|Random|||Benin|Porto-Novo|6.4972|2.605|||||||||||||||within 5km|point|paper/map|||The district of Porto-Novo (6 ° 29ʹ50 ″ N, 2 ° 36ʹ18 ″ E) is lo_x0002_cated at an altitude of about 245 meters and covers 52 km|yes|ITN|||Larvae|||||||||||||9|11|2017|2017|wet||1200nm|The site has a humid tropical climate with four seasons similar to those observed in the district of Cotonou|GAMBIAE COMPLEX||morph||||||||||||||||||||||||||||||||||||||||||||||||||||||||||||||||||||||||||||||||||||||||||||||||||||||||||||||||||||||||||||||||||||||||||||||||||||||||||||||||||||||||||||||||||||||||||||||||||||||||||||||||||||||||||||||||||||||F0|larvae|2|5|WHO Bioassay 2016|deltamethrin|pyrethroid|||0.25||60|||||88||58||||||||||||||||||||||||||||||||||||||||||||||||||||||||||||||||||||||||||||||||||||||||||||||||||||||||||||||||||||||||||||||||||||||||||||||||||||||||||||CNK||||||||
no|yes|no|genotypic|VA033|doi.org/10.1093/jme/tjac037|Kpanou|Assessing Insecticide Susceptibility and Resistance Intensity of Anopheles gambiae s.l. Populations From Some Districts of Benin Republic, West Africa|Entomological Society of America|2022|Random|||Benin|Porto-Novo|6.4972|2.605|||||||||||||||within 5km|point|paper/map|||The district of Porto-Novo (6 ° 29ʹ50 ″ N, 2 ° 36ʹ18 ″ E) is lo_x0002_cated at an altitude of about 245 meters and covers 52 km|yes|ITN|||Larvae|||||||||||||9|11|2017|2017|wet||1200nm|The site has a humid tropical climate with four seasons similar to those observed in the district of Cotonou|GAMBIAE COMPLEX||morph||||||||||||||||||||||||||||||||||||||||||||||||||||||||||||||||||||||||||||||||||||||||||||||||||||||||||||||||||||||||||||||||||||||||||||||||||||||||||||||||||||||||||||||||||||||||||||||||||||||||||||||||||||||||||||||||||||||F0|larvae|2|5|WHO Bioassay 2016|deltamethrin|pyrethroid|||0.5||60|||||85||96.5||||||||||||||||||||||||||||||||||||||||||||||||||||||||||||||||||||||||||||||||||||||||||||||||||||||||||||||||||||||||||||||||||||||||||||||||||||||||||||CNK||||||||
no|yes|no|genotypic|VA033|doi.org/10.1093/jme/tjac037|Kpanou|Assessing Insecticide Susceptibility and Resistance Intensity of Anopheles gambiae s.l. Populations From Some Districts of Benin Republic, West Africa|Entomological Society of America|2022|Random|||Benin|Parakou|9.3369|2.6302|||||||||||||||within 5km|point|paper/map|||It covers an area of 441 km2|yes|ITN|||Larvae|||||||||||||9|11|2017|2017|wet||1200nm|The site has a South Sudanese climate is characterized by the alternation of a rainy season (May to October) and a dry season (November to April).|GAMBIAE COMPLEX||morph||||||||||||||||||||||||||||||||||||||||||||||||||||||||||||||||||||||||||||||||||||||||||||||||||||||||||||||||||||||||||||||||||||||||||||||||||||||||||||||||||||||||||||||||||||||||||||||||||||||||||||||||||||||||||||||||||||||F0|larvae|2|5|WHO Bioassay 2016|permethrin|pyrethroid|||0.75||60|||||96||47.9||||||||||||||||||||||||||||||||||||||||||||||||||||||||||||||||||||||||||||||||||||||||||||||||||||||||||||||||||||||||||||||||||||||||||||||||||||||||||||CNK||||||||
no|yes|no|genotypic|VA033|doi.org/10.1093/jme/tjac037|Kpanou|Assessing Insecticide Susceptibility and Resistance Intensity of Anopheles gambiae s.l. Populations From Some Districts of Benin Republic, West Africa|Entomological Society of America|2022|Random|||Benin|Parakou|9.3369|2.6302|||||||||||||||within 5km|point|paper/map|||It covers an area of 441 km2|yes|ITN|||Larvae|||||||||||||9|11|2017|2017|wet||1200nm|The site has a South Sudanese climate is characterized by the alternation of a rainy season (May to October) and a dry season (November to April).|GAMBIAE COMPLEX||morph||||||||||||||||||||||||||||||||||||||||||||||||||||||||||||||||||||||||||||||||||||||||||||||||||||||||||||||||||||||||||||||||||||||||||||||||||||||||||||||||||||||||||||||||||||||||||||||||||||||||||||||||||||||||||||||||||||||F0|larvae|2|5|WHO Bioassay 2016|permethrin|pyrethroid|||3.75||60|||||100||84||||||||||||||||||||||||||||||||||||||||||||||||||||||||||||||||||||||||||||||||||||||||||||||||||||||||||||||||||||||||||||||||||||||||||||||||||||||||||||CNK||||||||
no|yes|no|genotypic|VA033|doi.org/10.1093/jme/tjac037|Kpanou|Assessing Insecticide Susceptibility and Resistance Intensity of Anopheles gambiae s.l. Populations From Some Districts of Benin Republic, West Africa|Entomological Society of America|2022|Random|||Benin|Parakou|9.3369|2.6302|||||||||||||||within 5km|point|paper/map|||It covers an area of 441 km2|yes|ITN|||Larvae|||||||||||||9|11|2017|2017|wet||1200nm|The site has a South Sudanese climate is characterized by the alternation of a rainy season (May to October) and a dry season (November to April).|GAMBIAE COMPLEX||morph||||||||||||||||||||||||||||||||||||||||||||||||||||||||||||||||||||||||||||||||||||||||||||||||||||||||||||||||||||||||||||||||||||||||||||||||||||||||||||||||||||||||||||||||||||||||||||||||||||||||||||||||||||||||||||||||||||||F0|larvae|2|5|WHO Bioassay 2016|permethrin|pyrethroid|||7.5||60|||||99||99||||||||||||||||||||||||||||||||||||||||||||||||||||||||||||||||||||||||||||||||||||||||||||||||||||||||||||||||||||||||||||||||||||||||||||||||||||||||||||CNK||||||||
no|yes|no|genotypic|VA033|doi.org/10.1093/jme/tjac037|Kpanou|Assessing Insecticide Susceptibility and Resistance Intensity of Anopheles gambiae s.l. Populations From Some Districts of Benin Republic, West Africa|Entomological Society of America|2022|Random|||Benin|Parakou|9.3369|2.6302|||||||||||||||within 5km|point|paper/map|||It covers an area of 441 km2|yes|ITN|||Larvae|||||||||||||9|11|2017|2017|wet||1200nm|The site has a South Sudanese climate is characterized by the alternation of a rainy season (May to October) and a dry season (November to April).|GAMBIAE COMPLEX||morph||||||||||||||||||||||||||||||||||||||||||||||||||||||||||||||||||||||||||||||||||||||||||||||||||||||||||||||||||||||||||||||||||||||||||||||||||||||||||||||||||||||||||||||||||||||||||||||||||||||||||||||||||||||||||||||||||||||F0|larvae|2|5|WHO Bioassay 2016|deltamethrin|pyrethroid|||0.05||60|||||89||40.4||||||||||||||||||||||||||||||||||||||||||||||||||||||||||||||||||||||||||||||||||||||||||||||||||||||||||||||||||||||||||||||||||||||||||||||||||||||||||||CNK||||||||
no|yes|no|genotypic|VA033|doi.org/10.1093/jme/tjac037|Kpanou|Assessing Insecticide Susceptibility and Resistance Intensity of Anopheles gambiae s.l. Populations From Some Districts of Benin Republic, West Africa|Entomological Society of America|2022|Random|||Benin|Parakou|9.3369|2.6302|||||||||||||||within 5km|point|paper/map|||It covers an area of 441 km2|yes|ITN|||Larvae|||||||||||||9|11|2017|2017|wet||1200nm|The site has a South Sudanese climate is characterized by the alternation of a rainy season (May to October) and a dry season (November to April).|GAMBIAE COMPLEX||morph||||||||||||||||||||||||||||||||||||||||||||||||||||||||||||||||||||||||||||||||||||||||||||||||||||||||||||||||||||||||||||||||||||||||||||||||||||||||||||||||||||||||||||||||||||||||||||||||||||||||||||||||||||||||||||||||||||||F0|larvae|2|5|WHO Bioassay 2016|deltamethrin|pyrethroid|||0.25||60|||||82||48.7||||||||||||||||||||||||||||||||||||||||||||||||||||||||||||||||||||||||||||||||||||||||||||||||||||||||||||||||||||||||||||||||||||||||||||||||||||||||||||CNK||||||||
no|yes|no|genotypic|VA033|doi.org/10.1093/jme/tjac037|Kpanou|Assessing Insecticide Susceptibility and Resistance Intensity of Anopheles gambiae s.l. Populations From Some Districts of Benin Republic, West Africa|Entomological Society of America|2022|Random|||Benin|Parakou|9.3369|2.6302|||||||||||||||within 5km|point|paper/map|||It covers an area of 441 km2|yes|ITN|||Larvae|||||||||||||9|11|2017|2017|wet||1200nm|The site has a South Sudanese climate is characterized by the alternation of a rainy season (May to October) and a dry season (November to April).|GAMBIAE COMPLEX||morph||||||||||||||||||||||||||||||||||||||||||||||||||||||||||||||||||||||||||||||||||||||||||||||||||||||||||||||||||||||||||||||||||||||||||||||||||||||||||||||||||||||||||||||||||||||||||||||||||||||||||||||||||||||||||||||||||||||F0|larvae|2|5|WHO Bioassay 2016|deltamethrin|pyrethroid|||0.5||60|||||96||72.9||||||||||||||||||||||||||||||||||||||||||||||||||||||||||||||||||||||||||||||||||||||||||||||||||||||||||||||||||||||||||||||||||||||||||||||||||||||||||||CNK||||||||
no|yes|no|genotypic|VA033|doi.org/10.1093/jme/tjac037|Kpanou|Assessing Insecticide Susceptibility and Resistance Intensity of Anopheles gambiae s.l. Populations From Some Districts of Benin Republic, West Africa|Entomological Society of America|2022|Random|||Benin|Kandi|2.1286|2.9369|||||||||||||||within 5km|point|paper/map|||The district of Kandi (2.9369411°7ʹ43″ N, 2°56ʹ13″ E) covers an area of 3,421 km²|yes|ITN|||Larvae|||||||||||||9|11|2017|2017|wet||800-1300nm|The climate prevailing there is characterized by a dry season (November to April) and a rainy season (May to October).|GAMBIAE COMPLEX||morph||||||||||||||||||||||||||||||||||||||||||||||||||||||||||||||||||||||||||||||||||||||||||||||||||||||||||||||||||||||||||||||||||||||||||||||||||||||||||||||||||||||||||||||||||||||||||||||||||||||||||||||||||||||||||||||||||||||F0|larvae|2|5|WHO Bioassay 2016|permethrin|pyrethroid|||0.75||60|||||96||52.1||||||||||||||||||||||||||||||||||||||||||||||||||||||||||||||||||||||||||||||||||||||||||||||||||||||||||||||||||||||||||||||||||||||||||||||||||||||||||||CNK||||||||
no|yes|no|genotypic|VA033|doi.org/10.1093/jme/tjac037|Kpanou|Assessing Insecticide Susceptibility and Resistance Intensity of Anopheles gambiae s.l. Populations From Some Districts of Benin Republic, West Africa|Entomological Society of America|2022|Random|||Benin|Kandi|2.1286|2.9369|||||||||||||||within 5km|point|paper/map|||The district of Kandi (2.9369411°7ʹ43″ N, 2°56ʹ13″ E) covers an area of 3,421 km²|yes|ITN|||Larvae|||||||||||||9|11|2017|2017|wet||800-1300nm|The climate prevailing there is characterized by a dry season (November to April) and a rainy season (May to October).|GAMBIAE COMPLEX||morph||||||||||||||||||||||||||||||||||||||||||||||||||||||||||||||||||||||||||||||||||||||||||||||||||||||||||||||||||||||||||||||||||||||||||||||||||||||||||||||||||||||||||||||||||||||||||||||||||||||||||||||||||||||||||||||||||||||F0|larvae|2|5|WHO Bioassay 2016|permethrin|pyrethroid|||3.75||60|||||100||92||||||||||||||||||||||||||||||||||||||||||||||||||||||||||||||||||||||||||||||||||||||||||||||||||||||||||||||||||||||||||||||||||||||||||||||||||||||||||||CNK||||||||
no|yes|no|genotypic|VA033|doi.org/10.1093/jme/tjac037|Kpanou|Assessing Insecticide Susceptibility and Resistance Intensity of Anopheles gambiae s.l. Populations From Some Districts of Benin Republic, West Africa|Entomological Society of America|2022|Random|||Benin|Kandi|2.1286|2.9369|||||||||||||||within 5km|point|paper/map|||The district of Kandi (2.9369411°7ʹ43″ N, 2°56ʹ13″ E) covers an area of 3,421 km²|yes|ITN|||Larvae|||||||||||||9|11|2017|2017|wet||800-1300nm|The climate prevailing there is characterized by a dry season (November to April) and a rainy season (May to October).|GAMBIAE COMPLEX||morph||||||||||||||||||||||||||||||||||||||||||||||||||||||||||||||||||||||||||||||||||||||||||||||||||||||||||||||||||||||||||||||||||||||||||||||||||||||||||||||||||||||||||||||||||||||||||||||||||||||||||||||||||||||||||||||||||||||F0|larvae|2|5|WHO Bioassay 2016|permethrin|pyrethroid|||7.5||60|||||99||99||||||||||||||||||||||||||||||||||||||||||||||||||||||||||||||||||||||||||||||||||||||||||||||||||||||||||||||||||||||||||||||||||||||||||||||||||||||||||||CNK||||||||
no|yes|no|genotypic|VA033|doi.org/10.1093/jme/tjac037|Kpanou|Assessing Insecticide Susceptibility and Resistance Intensity of Anopheles gambiae s.l. Populations From Some Districts of Benin Republic, West Africa|Entomological Society of America|2022|Random|||Benin|Kandi|2.1286|2.9369|||||||||||||||within 5km|point|paper/map|||The district of Kandi (2.9369411°7ʹ43″ N, 2°56ʹ13″ E) covers an area of 3,421 km²|yes|ITN|||Larvae|||||||||||||9|11|2017|2017|wet||800-1300nm|The climate prevailing there is characterized by a dry season (November to April) and a rainy season (May to October).|GAMBIAE COMPLEX||morph||||||||||||||||||||||||||||||||||||||||||||||||||||||||||||||||||||||||||||||||||||||||||||||||||||||||||||||||||||||||||||||||||||||||||||||||||||||||||||||||||||||||||||||||||||||||||||||||||||||||||||||||||||||||||||||||||||||F0|larvae|2|5|WHO Bioassay 2016|deltamethrin|pyrethroid|||0.05||60|||||90||15.6||||||||||||||||||||||||||||||||||||||||||||||||||||||||||||||||||||||||||||||||||||||||||||||||||||||||||||||||||||||||||||||||||||||||||||||||||||||||||||CNK||||||||
no|yes|no|genotypic|VA033|doi.org/10.1093/jme/tjac037|Kpanou|Assessing Insecticide Susceptibility and Resistance Intensity of Anopheles gambiae s.l. Populations From Some Districts of Benin Republic, West Africa|Entomological Society of America|2022|Random|||Benin|Kandi|2.1286|2.9369|||||||||||||||within 5km|point|paper/map|||The district of Kandi (2.9369411°7ʹ43″ N, 2°56ʹ13″ E) covers an area of 3,421 km²|yes|ITN|||Larvae|||||||||||||9|11|2017|2017|wet||800-1300nm|The climate prevailing there is characterized by a dry season (November to April) and a rainy season (May to October).|GAMBIAE COMPLEX||morph||||||||||||||||||||||||||||||||||||||||||||||||||||||||||||||||||||||||||||||||||||||||||||||||||||||||||||||||||||||||||||||||||||||||||||||||||||||||||||||||||||||||||||||||||||||||||||||||||||||||||||||||||||||||||||||||||||||F0|larvae|2|5|WHO Bioassay 2016|deltamethrin|pyrethroid|||0.25||60|||||82||57.3||||||||||||||||||||||||||||||||||||||||||||||||||||||||||||||||||||||||||||||||||||||||||||||||||||||||||||||||||||||||||||||||||||||||||||||||||||||||||||CNK||||||||
no|yes|no|genotypic|VA033|doi.org/10.1093/jme/tjac037|Kpanou|Assessing Insecticide Susceptibility and Resistance Intensity of Anopheles gambiae s.l. Populations From Some Districts of Benin Republic, West Africa|Entomological Society of America|2022|Random|||Benin|Kandi|2.1286|2.9369|||||||||||||||within 5km|point|paper/map|||The district of Kandi (2.9369411°7ʹ43″ N, 2°56ʹ13″ E) covers an area of 3,421 km²|yes|ITN|||Larvae|||||||||||||9|11|2017|2017|wet||800-1300nm|The climate prevailing there is characterized by a dry season (November to April) and a rainy season (May to October).|GAMBIAE COMPLEX||morph||||||||||||||||||||||||||||||||||||||||||||||||||||||||||||||||||||||||||||||||||||||||||||||||||||||||||||||||||||||||||||||||||||||||||||||||||||||||||||||||||||||||||||||||||||||||||||||||||||||||||||||||||||||||||||||||||||||F0|larvae|2|5|WHO Bioassay 2016|deltamethrin|pyrethroid|||0.5||60|||||96||96.98||||||||||||||||||||||||||||||||||||||||||||||||||||||||||||||||||||||||||||||||||||||||||||||||||||||||||||||||||||||||||||||||||||||||||||||||||||||||||||CNK||||||||
no|yes|no|genotypic|VA033|doi.org/10.1093/jme/tjac037|Kpanou|Assessing Insecticide Susceptibility and Resistance Intensity of Anopheles gambiae s.l. Populations From Some Districts of Benin Republic, West Africa|Entomological Society of America|2022|Random|||Benin|Cotonou|6.36|2.44|||||||||||||||within 5km|point|paper/map|||The district of Cotonou (6°21ʹ36″N, 2°26ʹ24″ E) covers an area of 79 km²|yes|ITN|||Larvae|||||||||||||9|11|2017|2017|wet||300-500nm|The climate is composed of two rainy seasons (mid_x0002_March to mid-July and, mid-September to mid-November) and two dry seasons (mid-July to mid-September and mid-November to mid_x0002_March)|GAMBIAE COMPLEX||morph||||||||||||||||||||||||||||||||||||||||||||||||||||||||||||||||||||||||||||||||||||||||||||||||||||||||||||||||||||||||||||||||||||||||||||||||||||||||||||||||||||||||||||||||||||||||||||||||||||||||||||||||||||||||||||||||||||||F0|larvae|2|5|CDC Bottle Bioassay|permethrin|pyrethroid|||0.75||60|||||81||45.7||||||||||||||||||||||||||||||||||||||||||||||||||||||||||||||||||||||||||||||||||||||||||||||||||||||||||||||||||||||||||||||||||||||||||||||||||||||||||||CNK||||||||
no|yes|no|genotypic|VA033|doi.org/10.1093/jme/tjac037|Kpanou|Assessing Insecticide Susceptibility and Resistance Intensity of Anopheles gambiae s.l. Populations From Some Districts of Benin Republic, West Africa|Entomological Society of America|2022|Random|||Benin|Cotonou|6.36|2.44|||||||||||||||within 5km|point|paper/map|||The district of Cotonou (6°21ʹ36″N, 2°26ʹ24″ E) covers an area of 79 km²|yes|ITN|||Larvae|||||||||||||9|11|2017|2017|wet||300-500nm|The climate is composed of two rainy seasons (mid_x0002_March to mid-July and, mid-September to mid-November) and two dry seasons (mid-July to mid-September and mid-November to mid_x0002_March)|GAMBIAE COMPLEX||morph||||||||||||||||||||||||||||||||||||||||||||||||||||||||||||||||||||||||||||||||||||||||||||||||||||||||||||||||||||||||||||||||||||||||||||||||||||||||||||||||||||||||||||||||||||||||||||||||||||||||||||||||||||||||||||||||||||||F0|larvae|2|5|CDC Bottle Bioassay|permethrin|pyrethroid|||3.75||60|||||79||87.3||||||||||||||||||||||||||||||||||||||||||||||||||||||||||||||||||||||||||||||||||||||||||||||||||||||||||||||||||||||||||||||||||||||||||||||||||||||||||||CNK||||||||
no|yes|no|genotypic|VA033|doi.org/10.1093/jme/tjac037|Kpanou|Assessing Insecticide Susceptibility and Resistance Intensity of Anopheles gambiae s.l. Populations From Some Districts of Benin Republic, West Africa|Entomological Society of America|2022|Random|||Benin|Cotonou|6.36|2.44|||||||||||||||within 5km|point|paper/map|||The district of Cotonou (6°21ʹ36″N, 2°26ʹ24″ E) covers an area of 79 km²|yes|ITN|||Larvae|||||||||||||9|11|2017|2017|wet||300-500nm|The climate is composed of two rainy seasons (mid_x0002_March to mid-July and, mid-September to mid-November) and two dry seasons (mid-July to mid-September and mid-November to mid_x0002_March)|GAMBIAE COMPLEX||morph||||||||||||||||||||||||||||||||||||||||||||||||||||||||||||||||||||||||||||||||||||||||||||||||||||||||||||||||||||||||||||||||||||||||||||||||||||||||||||||||||||||||||||||||||||||||||||||||||||||||||||||||||||||||||||||||||||||F0|larvae|2|5|CDC Bottle Bioassay|permethrin|pyrethroid|||7.5||60|||||91||98.9||||||||||||||||||||||||||||||||||||||||||||||||||||||||||||||||||||||||||||||||||||||||||||||||||||||||||||||||||||||||||||||||||||||||||||||||||||||||||||CNK||||||||
no|yes|no|genotypic|VA033|doi.org/10.1093/jme/tjac037|Kpanou|Assessing Insecticide Susceptibility and Resistance Intensity of Anopheles gambiae s.l. Populations From Some Districts of Benin Republic, West Africa|Entomological Society of America|2022|Random|||Benin|Cotonou|6.36|2.44|||||||||||||||within 5km|point|paper/map|||The district of Cotonou (6°21ʹ36″N, 2°26ʹ24″ E) covers an area of 79 km²|yes|ITN|||Larvae|||||||||||||9|11|2017|2017|wet||300-500nm|The climate is composed of two rainy seasons (mid_x0002_March to mid-July and, mid-September to mid-November) and two dry seasons (mid-July to mid-September and mid-November to mid_x0002_March)|GAMBIAE COMPLEX||morph||||||||||||||||||||||||||||||||||||||||||||||||||||||||||||||||||||||||||||||||||||||||||||||||||||||||||||||||||||||||||||||||||||||||||||||||||||||||||||||||||||||||||||||||||||||||||||||||||||||||||||||||||||||||||||||||||||||F0|larvae|2|5|CDC Bottle Bioassay|deltamethrin|pyrethroid|||0.05||60|||||92||80.4||||||||||||||||||||||||||||||||||||||||||||||||||||||||||||||||||||||||||||||||||||||||||||||||||||||||||||||||||||||||||||||||||||||||||||||||||||||||||||CNK||||||||
no|yes|no|genotypic|VA033|doi.org/10.1093/jme/tjac037|Kpanou|Assessing Insecticide Susceptibility and Resistance Intensity of Anopheles gambiae s.l. Populations From Some Districts of Benin Republic, West Africa|Entomological Society of America|2022|Random|||Benin|Cotonou|6.36|2.44|||||||||||||||within 5km|point|paper/map|||The district of Cotonou (6°21ʹ36″N, 2°26ʹ24″ E) covers an area of 79 km²|yes|ITN|||Larvae|||||||||||||9|11|2017|2017|wet||300-500nm|The climate is composed of two rainy seasons (mid_x0002_March to mid-July and, mid-September to mid-November) and two dry seasons (mid-July to mid-September and mid-November to mid_x0002_March)|GAMBIAE COMPLEX||morph||||||||||||||||||||||||||||||||||||||||||||||||||||||||||||||||||||||||||||||||||||||||||||||||||||||||||||||||||||||||||||||||||||||||||||||||||||||||||||||||||||||||||||||||||||||||||||||||||||||||||||||||||||||||||||||||||||||F0|larvae|2|5|CDC Bottle Bioassay|deltamethrin|pyrethroid|||0.25||60|||||84||91.7||||||||||||||||||||||||||||||||||||||||||||||||||||||||||||||||||||||||||||||||||||||||||||||||||||||||||||||||||||||||||||||||||||||||||||||||||||||||||||CNK||||||||
no|yes|no|genotypic|VA033|doi.org/10.1093/jme/tjac037|Kpanou|Assessing Insecticide Susceptibility and Resistance Intensity of Anopheles gambiae s.l. Populations From Some Districts of Benin Republic, West Africa|Entomological Society of America|2022|Random|||Benin|Cotonou|6.36|2.44|||||||||||||||within 5km|point|paper/map|||The district of Cotonou (6°21ʹ36″N, 2°26ʹ24″ E) covers an area of 79 km²|yes|ITN|||Larvae|||||||||||||9|11|2017|2017|wet||300-500nm|The climate is composed of two rainy seasons (mid_x0002_March to mid-July and, mid-September to mid-November) and two dry seasons (mid-July to mid-September and mid-November to mid_x0002_March)|GAMBIAE COMPLEX||morph||||||||||||||||||||||||||||||||||||||||||||||||||||||||||||||||||||||||||||||||||||||||||||||||||||||||||||||||||||||||||||||||||||||||||||||||||||||||||||||||||||||||||||||||||||||||||||||||||||||||||||||||||||||||||||||||||||||F0|larvae|2|5|CDC Bottle Bioassay|deltamethrin|pyrethroid|||0.5||60|||||87||96.6||||||||||||||||||||||||||||||||||||||||||||||||||||||||||||||||||||||||||||||||||||||||||||||||||||||||||||||||||||||||||||||||||||||||||||||||||||||||||||CNK||||||||
no|yes|no|genotypic|VA033|doi.org/10.1093/jme/tjac037|Kpanou|Assessing Insecticide Susceptibility and Resistance Intensity of Anopheles gambiae s.l. Populations From Some Districts of Benin Republic, West Africa|Entomological Society of America|2022|Random|||Benin|Porto-Novo|6.4972|2.605|||||||||||||||within 5km|point|paper/map|||The district of Porto-Novo (6 ° 29ʹ50 ″ N, 2 ° 36ʹ18 ″ E) is lo_x0002_cated at an altitude of about 245 meters and covers 52 km|yes|ITN|||Larvae|||||||||||||9|11|2017|2017|wet||1200nm|The site has a humid tropical climate with four seasons similar to those observed in the district of Cotonou|GAMBIAE COMPLEX||morph||||||||||||||||||||||||||||||||||||||||||||||||||||||||||||||||||||||||||||||||||||||||||||||||||||||||||||||||||||||||||||||||||||||||||||||||||||||||||||||||||||||||||||||||||||||||||||||||||||||||||||||||||||||||||||||||||||||F0|larvae|2|5|CDC Bottle Bioassay|permethrin|pyrethroid|||0.75||60|||||79||38||||||||||||||||||||||||||||||||||||||||||||||||||||||||||||||||||||||||||||||||||||||||||||||||||||||||||||||||||||||||||||||||||||||||||||||||||||||||||||CNK||||||||
no|yes|no|genotypic|VA033|doi.org/10.1093/jme/tjac037|Kpanou|Assessing Insecticide Susceptibility and Resistance Intensity of Anopheles gambiae s.l. Populations From Some Districts of Benin Republic, West Africa|Entomological Society of America|2022|Random|||Benin|Porto-Novo|6.4972|2.605|||||||||||||||within 5km|point|paper/map|||The district of Porto-Novo (6 ° 29ʹ50 ″ N, 2 ° 36ʹ18 ″ E) is lo_x0002_cated at an altitude of about 245 meters and covers 52 km|yes|ITN|||Larvae|||||||||||||9|11|2017|2017|wet||1200nm|The site has a humid tropical climate with four seasons similar to those observed in the district of Cotonou|GAMBIAE COMPLEX||morph||||||||||||||||||||||||||||||||||||||||||||||||||||||||||||||||||||||||||||||||||||||||||||||||||||||||||||||||||||||||||||||||||||||||||||||||||||||||||||||||||||||||||||||||||||||||||||||||||||||||||||||||||||||||||||||||||||||F0|larvae|2|5|CDC Bottle Bioassay|permethrin|pyrethroid|||3.75||60|||||73||67.1||||||||||||||||||||||||||||||||||||||||||||||||||||||||||||||||||||||||||||||||||||||||||||||||||||||||||||||||||||||||||||||||||||||||||||||||||||||||||||CNK||||||||
no|yes|no|genotypic|VA033|doi.org/10.1093/jme/tjac037|Kpanou|Assessing Insecticide Susceptibility and Resistance Intensity of Anopheles gambiae s.l. Populations From Some Districts of Benin Republic, West Africa|Entomological Society of America|2022|Random|||Benin|Porto-Novo|6.4972|2.605|||||||||||||||within 5km|point|paper/map|||The district of Porto-Novo (6 ° 29ʹ50 ″ N, 2 ° 36ʹ18 ″ E) is lo_x0002_cated at an altitude of about 245 meters and covers 52 km|yes|ITN|||Larvae|||||||||||||9|11|2017|2017|wet||1200nm|The site has a humid tropical climate with four seasons similar to those observed in the district of Cotonou|GAMBIAE COMPLEX||morph||||||||||||||||||||||||||||||||||||||||||||||||||||||||||||||||||||||||||||||||||||||||||||||||||||||||||||||||||||||||||||||||||||||||||||||||||||||||||||||||||||||||||||||||||||||||||||||||||||||||||||||||||||||||||||||||||||||F0|larvae|2|5|CDC Bottle Bioassay|permethrin|pyrethroid|||7.5||60|||||75||89.3||||||||||||||||||||||||||||||||||||||||||||||||||||||||||||||||||||||||||||||||||||||||||||||||||||||||||||||||||||||||||||||||||||||||||||||||||||||||||||CNK||||||||
no|yes|no|genotypic|VA033|doi.org/10.1093/jme/tjac037|Kpanou|Assessing Insecticide Susceptibility and Resistance Intensity of Anopheles gambiae s.l. Populations From Some Districts of Benin Republic, West Africa|Entomological Society of America|2022|Random|||Benin|Porto-Novo|6.4972|2.605|||||||||||||||within 5km|point|paper/map|||The district of Porto-Novo (6 ° 29ʹ50 ″ N, 2 ° 36ʹ18 ″ E) is lo_x0002_cated at an altitude of about 245 meters and covers 52 km|yes|ITN|||Larvae|||||||||||||9|11|2017|2017|wet||1200nm|The site has a humid tropical climate with four seasons similar to those observed in the district of Cotonou|GAMBIAE COMPLEX||morph||||||||||||||||||||||||||||||||||||||||||||||||||||||||||||||||||||||||||||||||||||||||||||||||||||||||||||||||||||||||||||||||||||||||||||||||||||||||||||||||||||||||||||||||||||||||||||||||||||||||||||||||||||||||||||||||||||||F0|larvae|2|5|CDC Bottle Bioassay|deltamethrin|pyrethroid|||0.05||60|||||90||81.1||||||||||||||||||||||||||||||||||||||||||||||||||||||||||||||||||||||||||||||||||||||||||||||||||||||||||||||||||||||||||||||||||||||||||||||||||||||||||||CNK||||||||
no|yes|no|genotypic|VA033|doi.org/10.1093/jme/tjac037|Kpanou|Assessing Insecticide Susceptibility and Resistance Intensity of Anopheles gambiae s.l. Populations From Some Districts of Benin Republic, West Africa|Entomological Society of America|2022|Random|||Benin|Porto-Novo|6.4972|2.605|||||||||||||||within 5km|point|paper/map|||The district of Porto-Novo (6 ° 29ʹ50 ″ N, 2 ° 36ʹ18 ″ E) is lo_x0002_cated at an altitude of about 245 meters and covers 52 km|yes|ITN|||Larvae|||||||||||||9|11|2017|2017|wet||1200nm|The site has a humid tropical climate with four seasons similar to those observed in the district of Cotonou|GAMBIAE COMPLEX||morph||||||||||||||||||||||||||||||||||||||||||||||||||||||||||||||||||||||||||||||||||||||||||||||||||||||||||||||||||||||||||||||||||||||||||||||||||||||||||||||||||||||||||||||||||||||||||||||||||||||||||||||||||||||||||||||||||||||F0|larvae|2|5|CDC Bottle Bioassay|deltamethrin|pyrethroid|||0.25||60|||||89||94.4||||||||||||||||||||||||||||||||||||||||||||||||||||||||||||||||||||||||||||||||||||||||||||||||||||||||||||||||||||||||||||||||||||||||||||||||||||||||||||CNK||||||||
no|yes|no|genotypic|VA033|doi.org/10.1093/jme/tjac037|Kpanou|Assessing Insecticide Susceptibility and Resistance Intensity of Anopheles gambiae s.l. Populations From Some Districts of Benin Republic, West Africa|Entomological Society of America|2022|Random|||Benin|Porto-Novo|6.4972|2.605|||||||||||||||within 5km|point|paper/map|||The district of Porto-Novo (6 ° 29ʹ50 ″ N, 2 ° 36ʹ18 ″ E) is lo_x0002_cated at an altitude of about 245 meters and covers 52 km|yes|ITN|||Larvae|||||||||||||9|11|2017|2017|wet||1200nm|The site has a humid tropical climate with four seasons similar to those observed in the district of Cotonou|GAMBIAE COMPLEX||morph||||||||||||||||||||||||||||||||||||||||||||||||||||||||||||||||||||||||||||||||||||||||||||||||||||||||||||||||||||||||||||||||||||||||||||||||||||||||||||||||||||||||||||||||||||||||||||||||||||||||||||||||||||||||||||||||||||||F0|larvae|2|5|CDC Bottle Bioassay|deltamethrin|pyrethroid|||0.5||60|||||79||97.5||||||||||||||||||||||||||||||||||||||||||||||||||||||||||||||||||||||||||||||||||||||||||||||||||||||||||||||||||||||||||||||||||||||||||||||||||||||||||||CNK||||||||
no|yes|no|genotypic|VA033|doi.org/10.1093/jme/tjac037|Kpanou|Assessing Insecticide Susceptibility and Resistance Intensity of Anopheles gambiae s.l. Populations From Some Districts of Benin Republic, West Africa|Entomological Society of America|2022|Random|||Benin|Parakou|9.3369|2.6302|||||||||||||||within 5km|point|paper/map|||It covers an area of 441 km2|yes|ITN|||Larvae|||||||||||||9|11|2017|2017|wet||1200nm|The site has a South Sudanese climate is characterized by the alternation of a rainy season (May to October) and a dry season (November to April).|GAMBIAE COMPLEX||morph||||||||||||||||||||||||||||||||||||||||||||||||||||||||||||||||||||||||||||||||||||||||||||||||||||||||||||||||||||||||||||||||||||||||||||||||||||||||||||||||||||||||||||||||||||||||||||||||||||||||||||||||||||||||||||||||||||||F0|larvae|2|5|CDC Bottle Bioassay|permethrin|pyrethroid|||0.75||60|||||74||43.2||||||||||||||||||||||||||||||||||||||||||||||||||||||||||||||||||||||||||||||||||||||||||||||||||||||||||||||||||||||||||||||||||||||||||||||||||||||||||||CNK||||||||
no|yes|no|genotypic|VA033|doi.org/10.1093/jme/tjac037|Kpanou|Assessing Insecticide Susceptibility and Resistance Intensity of Anopheles gambiae s.l. Populations From Some Districts of Benin Republic, West Africa|Entomological Society of America|2022|Random|||Benin|Parakou|9.3369|2.6302|||||||||||||||within 5km|point|paper/map|||It covers an area of 441 km2|yes|ITN|||Larvae|||||||||||||9|11|2017|2017|wet||1200nm|The site has a South Sudanese climate is characterized by the alternation of a rainy season (May to October) and a dry season (November to April).|GAMBIAE COMPLEX||morph||||||||||||||||||||||||||||||||||||||||||||||||||||||||||||||||||||||||||||||||||||||||||||||||||||||||||||||||||||||||||||||||||||||||||||||||||||||||||||||||||||||||||||||||||||||||||||||||||||||||||||||||||||||||||||||||||||||F0|larvae|2|5|CDC Bottle Bioassay|permethrin|pyrethroid|||3.75||60|||||82||97.6||||||||||||||||||||||||||||||||||||||||||||||||||||||||||||||||||||||||||||||||||||||||||||||||||||||||||||||||||||||||||||||||||||||||||||||||||||||||||||CNK||||||||
no|yes|no|genotypic|VA033|doi.org/10.1093/jme/tjac037|Kpanou|Assessing Insecticide Susceptibility and Resistance Intensity of Anopheles gambiae s.l. Populations From Some Districts of Benin Republic, West Africa|Entomological Society of America|2022|Random|||Benin|Parakou|9.3369|2.6302|||||||||||||||within 5km|point|paper/map|||It covers an area of 441 km2|yes|ITN|||Larvae|||||||||||||9|11|2017|2017|wet||1200nm|The site has a South Sudanese climate is characterized by the alternation of a rainy season (May to October) and a dry season (November to April).|GAMBIAE COMPLEX||morph||||||||||||||||||||||||||||||||||||||||||||||||||||||||||||||||||||||||||||||||||||||||||||||||||||||||||||||||||||||||||||||||||||||||||||||||||||||||||||||||||||||||||||||||||||||||||||||||||||||||||||||||||||||||||||||||||||||F0|larvae|2|5|CDC Bottle Bioassay|permethrin|pyrethroid|||7.5||60|||||78||98.7||||||||||||||||||||||||||||||||||||||||||||||||||||||||||||||||||||||||||||||||||||||||||||||||||||||||||||||||||||||||||||||||||||||||||||||||||||||||||||CNK||||||||
no|yes|no|genotypic|VA033|doi.org/10.1093/jme/tjac037|Kpanou|Assessing Insecticide Susceptibility and Resistance Intensity of Anopheles gambiae s.l. Populations From Some Districts of Benin Republic, West Africa|Entomological Society of America|2022|Random|||Benin|Parakou|9.3369|2.6302|||||||||||||||within 5km|point|paper/map|||It covers an area of 441 km2|yes|ITN|||Larvae|||||||||||||9|11|2017|2017|wet||1200nm|The site has a South Sudanese climate is characterized by the alternation of a rainy season (May to October) and a dry season (November to April).|GAMBIAE COMPLEX||morph||||||||||||||||||||||||||||||||||||||||||||||||||||||||||||||||||||||||||||||||||||||||||||||||||||||||||||||||||||||||||||||||||||||||||||||||||||||||||||||||||||||||||||||||||||||||||||||||||||||||||||||||||||||||||||||||||||||F0|larvae|2|5|CDC Bottle Bioassay|deltamethrin|pyrethroid|||0.05||60|||||89||87.6||||||||||||||||||||||||||||||||||||||||||||||||||||||||||||||||||||||||||||||||||||||||||||||||||||||||||||||||||||||||||||||||||||||||||||||||||||||||||||CNK||||||||
no|yes|no|genotypic|VA033|doi.org/10.1093/jme/tjac037|Kpanou|Assessing Insecticide Susceptibility and Resistance Intensity of Anopheles gambiae s.l. Populations From Some Districts of Benin Republic, West Africa|Entomological Society of America|2022|Random|||Benin|Parakou|9.3369|2.6302|||||||||||||||within 5km|point|paper/map|||It covers an area of 441 km2|yes|ITN|||Larvae|||||||||||||9|11|2017|2017|wet||1200nm|The site has a South Sudanese climate is characterized by the alternation of a rainy season (May to October) and a dry season (November to April).|GAMBIAE COMPLEX||morph||||||||||||||||||||||||||||||||||||||||||||||||||||||||||||||||||||||||||||||||||||||||||||||||||||||||||||||||||||||||||||||||||||||||||||||||||||||||||||||||||||||||||||||||||||||||||||||||||||||||||||||||||||||||||||||||||||||F0|larvae|2|5|CDC Bottle Bioassay|deltamethrin|pyrethroid|||0.25||60|||||81||97.5||||||||||||||||||||||||||||||||||||||||||||||||||||||||||||||||||||||||||||||||||||||||||||||||||||||||||||||||||||||||||||||||||||||||||||||||||||||||||||CNK||||||||
no|yes|no|genotypic|VA033|doi.org/10.1093/jme/tjac037|Kpanou|Assessing Insecticide Susceptibility and Resistance Intensity of Anopheles gambiae s.l. Populations From Some Districts of Benin Republic, West Africa|Entomological Society of America|2022|Random|||Benin|Parakou|9.3369|2.6302|||||||||||||||within 5km|point|paper/map|||It covers an area of 441 km2|yes|ITN|||Larvae|||||||||||||9|11|2017|2017|wet||1200nm|The site has a South Sudanese climate is characterized by the alternation of a rainy season (May to October) and a dry season (November to April).|GAMBIAE COMPLEX||morph||||||||||||||||||||||||||||||||||||||||||||||||||||||||||||||||||||||||||||||||||||||||||||||||||||||||||||||||||||||||||||||||||||||||||||||||||||||||||||||||||||||||||||||||||||||||||||||||||||||||||||||||||||||||||||||||||||||F0|larvae|2|5|CDC Bottle Bioassay|deltamethrin|pyrethroid|||0.5||60|||||85||98.8||||||||||||||||||||||||||||||||||||||||||||||||||||||||||||||||||||||||||||||||||||||||||||||||||||||||||||||||||||||||||||||||||||||||||||||||||||||||||||CNK||||||||
no|yes|no|genotypic|VA033|doi.org/10.1093/jme/tjac037|Kpanou|Assessing Insecticide Susceptibility and Resistance Intensity of Anopheles gambiae s.l. Populations From Some Districts of Benin Republic, West Africa|Entomological Society of America|2022|Random|||Benin|Kandi|2.1286|2.9369|||||||||||||||within 5km|point|paper/map|||The district of Kandi (2.9369411°7ʹ43″ N, 2°56ʹ13″ E) covers an area of 3,421 km²|yes|ITN|||Larvae|||||||||||||9|11|2017|2017|wet||800-1300nm|The climate prevailing there is characterized by a dry season (November to April) and a rainy season (May to October).|GAMBIAE COMPLEX||morph||||||||||||||||||||||||||||||||||||||||||||||||||||||||||||||||||||||||||||||||||||||||||||||||||||||||||||||||||||||||||||||||||||||||||||||||||||||||||||||||||||||||||||||||||||||||||||||||||||||||||||||||||||||||||||||||||||||F0|larvae|2|5|CDC Bottle Bioassay|permethrin|pyrethroid|||0.75||60|||||82||46.3||||||||||||||||||||||||||||||||||||||||||||||||||||||||||||||||||||||||||||||||||||||||||||||||||||||||||||||||||||||||||||||||||||||||||||||||||||||||||||CNK||||||||
no|yes|no|genotypic|VA033|doi.org/10.1093/jme/tjac037|Kpanou|Assessing Insecticide Susceptibility and Resistance Intensity of Anopheles gambiae s.l. Populations From Some Districts of Benin Republic, West Africa|Entomological Society of America|2022|Random|||Benin|Kandi|2.1286|2.9369|||||||||||||||within 5km|point|paper/map|||The district of Kandi (2.9369411°7ʹ43″ N, 2°56ʹ13″ E) covers an area of 3,421 km²|yes|ITN|||Larvae|||||||||||||9|11|2017|2017|wet||800-1300nm|The climate prevailing there is characterized by a dry season (November to April) and a rainy season (May to October).|GAMBIAE COMPLEX||morph||||||||||||||||||||||||||||||||||||||||||||||||||||||||||||||||||||||||||||||||||||||||||||||||||||||||||||||||||||||||||||||||||||||||||||||||||||||||||||||||||||||||||||||||||||||||||||||||||||||||||||||||||||||||||||||||||||||F0|larvae|2|5|CDC Bottle Bioassay|permethrin|pyrethroid|||3.75||60|||||78||96.2||||||||||||||||||||||||||||||||||||||||||||||||||||||||||||||||||||||||||||||||||||||||||||||||||||||||||||||||||||||||||||||||||||||||||||||||||||||||||||CNK||||||||
no|yes|no|genotypic|VA033|doi.org/10.1093/jme/tjac037|Kpanou|Assessing Insecticide Susceptibility and Resistance Intensity of Anopheles gambiae s.l. Populations From Some Districts of Benin Republic, West Africa|Entomological Society of America|2022|Random|||Benin|Kandi|2.1286|2.9369|||||||||||||||within 5km|point|paper/map|||The district of Kandi (2.9369411°7ʹ43″ N, 2°56ʹ13″ E) covers an area of 3,421 km²|yes|ITN|||Larvae|||||||||||||9|11|2017|2017|wet||800-1300nm|The climate prevailing there is characterized by a dry season (November to April) and a rainy season (May to October).|GAMBIAE COMPLEX||morph||||||||||||||||||||||||||||||||||||||||||||||||||||||||||||||||||||||||||||||||||||||||||||||||||||||||||||||||||||||||||||||||||||||||||||||||||||||||||||||||||||||||||||||||||||||||||||||||||||||||||||||||||||||||||||||||||||||F0|larvae|2|5|CDC Bottle Bioassay|permethrin|pyrethroid|||7.5||60|||||77||98.7||||||||||||||||||||||||||||||||||||||||||||||||||||||||||||||||||||||||||||||||||||||||||||||||||||||||||||||||||||||||||||||||||||||||||||||||||||||||||||CNK||||||||
no|yes|no|genotypic|VA033|doi.org/10.1093/jme/tjac037|Kpanou|Assessing Insecticide Susceptibility and Resistance Intensity of Anopheles gambiae s.l. Populations From Some Districts of Benin Republic, West Africa|Entomological Society of America|2022|Random|||Benin|Kandi|2.1286|2.9369|||||||||||||||within 5km|point|paper/map|||The district of Kandi (2.9369411°7ʹ43″ N, 2°56ʹ13″ E) covers an area of 3,421 km²|yes|ITN|||Larvae|||||||||||||9|11|2017|2017|wet||800-1300nm|The climate prevailing there is characterized by a dry season (November to April) and a rainy season (May to October).|GAMBIAE COMPLEX||morph||||||||||||||||||||||||||||||||||||||||||||||||||||||||||||||||||||||||||||||||||||||||||||||||||||||||||||||||||||||||||||||||||||||||||||||||||||||||||||||||||||||||||||||||||||||||||||||||||||||||||||||||||||||||||||||||||||||F0|larvae|2|5|CDC Bottle Bioassay|deltamethrin|pyrethroid|||0.05||60|||||77||72.7||||||||||||||||||||||||||||||||||||||||||||||||||||||||||||||||||||||||||||||||||||||||||||||||||||||||||||||||||||||||||||||||||||||||||||||||||||||||||||CNK||||||||
no|yes|no|genotypic|VA033|doi.org/10.1093/jme/tjac037|Kpanou|Assessing Insecticide Susceptibility and Resistance Intensity of Anopheles gambiae s.l. Populations From Some Districts of Benin Republic, West Africa|Entomological Society of America|2022|Random|||Benin|Kandi|2.1286|2.9369|||||||||||||||within 5km|point|paper/map|||The district of Kandi (2.9369411°7ʹ43″ N, 2°56ʹ13″ E) covers an area of 3,421 km²|yes|ITN|||Larvae|||||||||||||9|11|2017|2017|wet||800-1300nm|The climate prevailing there is characterized by a dry season (November to April) and a rainy season (May to October).|GAMBIAE COMPLEX||morph||||||||||||||||||||||||||||||||||||||||||||||||||||||||||||||||||||||||||||||||||||||||||||||||||||||||||||||||||||||||||||||||||||||||||||||||||||||||||||||||||||||||||||||||||||||||||||||||||||||||||||||||||||||||||||||||||||||F0|larvae|2|5|CDC Bottle Bioassay|deltamethrin|pyrethroid|||0.25||60|||||77||94.8||||||||||||||||||||||||||||||||||||||||||||||||||||||||||||||||||||||||||||||||||||||||||||||||||||||||||||||||||||||||||||||||||||||||||||||||||||||||||||CNK||||||||
no|yes|no|genotypic|VA033|doi.org/10.1093/jme/tjac037|Kpanou|Assessing Insecticide Susceptibility and Resistance Intensity of Anopheles gambiae s.l. Populations From Some Districts of Benin Republic, West Africa|Entomological Society of America|2022|Random|||Benin|Kandi|2.1286|2.9369|||||||||||||||within 5km|point|paper/map|||The district of Kandi (2.9369411°7ʹ43″ N, 2°56ʹ13″ E) covers an area of 3,421 km²|yes|ITN|||Larvae|||||||||||||9|11|2017|2017|wet||800-1300nm|The climate prevailing there is characterized by a dry season (November to April) and a rainy season (May to October).|GAMBIAE COMPLEX||morph||||||||||||||||||||||||||||||||||||||||||||||||||||||||||||||||||||||||||||||||||||||||||||||||||||||||||||||||||||||||||||||||||||||||||||||||||||||||||||||||||||||||||||||||||||||||||||||||||||||||||||||||||||||||||||||||||||||F0|larvae|2|5|CDC Bottle Bioassay|deltamethrin|pyrethroid|||0.5||60|||||82||96.3||||||||||||||||||||||||||||||||||||||||||||||||||||||||||||||||||||||||||||||||||||||||||||||||||||||||||||||||||||||||||||||||||||||||||||||||||||||||||||CNK||||||||
no|yes|no|genotypic|VA033|doi.org/10.1093/jme/tjac037|Kpanou|Assessing Insecticide Susceptibility and Resistance Intensity of Anopheles gambiae s.l. Populations From Some Districts of Benin Republic, West Africa|Entomological Society of America|2022|Random|||Benin|Cotonou|6.36|2.44|||||||||||||||within 5km|point|paper/map|||The district of Cotonou (6°21ʹ36″N, 2°26ʹ24″ E) covers an area of 79 km²|yes|ITN|||Larvae|||||||||||||9|11|2017|2017|wet||300-500nm|The climate is composed of two rainy seasons (mid_x0002_March to mid-July and, mid-September to mid-November) and two dry seasons (mid-July to mid-September and mid-November to mid_x0002_March)|coluzzii (gambiae M)||genetic/molecular||||||||||||||||||||||||||||||||||||||||||||||||||||||||||||||||||||||||||||||||||||||||||||||||||||||||||||||||||||||||||||||||||||||||||||||||||||||||||||||||||||||||||||||||||||||||||||||||||||||||||||||||||||||||||||||||||||||||||||||||||||||||||||||||||||||||||||||||||genetic/molecular|50|F0|||2|12||36||||||||||||||||||||||||||||||||||||||||||||||||||||||||||||||||||||||||||||||||||||||||||||||||||||||||||||||||||||||||||CNK||||||||
no|yes|no|genotypic|VA033|doi.org/10.1093/jme/tjac037|Kpanou|Assessing Insecticide Susceptibility and Resistance Intensity of Anopheles gambiae s.l. Populations From Some Districts of Benin Republic, West Africa|Entomological Society of America|2022|Random|||Benin|Porto-Novo|6.4972|2.605|||||||||||||||within 5km|point|paper/map|||The district of Porto-Novo (6 ° 29ʹ50 ″ N, 2 ° 36ʹ18 ″ E) is lo_x0002_cated at an altitude of about 245 meters and covers 52 km|yes|ITN|||Larvae|||||||||||||9|11|2017|2017|wet||1200nm|The site has a humid tropical climate with four seasons similar to those observed in the district of Cotonou|gambiae (S)||genetic/molecular||||||||||||||||||||||||||||||||||||||||||||||||||||||||||||||||||||||||||||||||||||||||||||||||||||||||||||||||||||||||||||||||||||||||||||||||||||||||||||||||||||||||||||||||||||||||||||||||||||||||||||||||||||||||||||||||||||||||||||||||||||||||||||||||||||||||||||||||||genetic/molecular|13|F0|||1|2||10||||||||||||||||||||||||||||||||||||||||||||||||||||||||||||||||||||||||||||||||||||||||||||||||||||||||||||||||||||||||||CNK||||||||
no|yes|no|genotypic|VA033|doi.org/10.1093/jme/tjac037|Kpanou|Assessing Insecticide Susceptibility and Resistance Intensity of Anopheles gambiae s.l. Populations From Some Districts of Benin Republic, West Africa|Entomological Society of America|2022|Random|||Benin|Porto-Novo|6.4972|2.605|||||||||||||||within 5km|point|paper/map|||The district of Porto-Novo (6 ° 29ʹ50 ″ N, 2 ° 36ʹ18 ″ E) is lo_x0002_cated at an altitude of about 245 meters and covers 52 km|yes|ITN|||Larvae|||||||||||||9|11|2017|2017|wet||1200nm|The site has a humid tropical climate with four seasons similar to those observed in the district of Cotonou|coluzzii (gambiae M)||genetic/molecular||||||||||||||||||||||||||||||||||||||||||||||||||||||||||||||||||||||||||||||||||||||||||||||||||||||||||||||||||||||||||||||||||||||||||||||||||||||||||||||||||||||||||||||||||||||||||||||||||||||||||||||||||||||||||||||||||||||||||||||||||||||||||||||||||||||||||||||||||genetic/molecular|37|F0|||3|11||23||||||||||||||||||||||||||||||||||||||||||||||||||||||||||||||||||||||||||||||||||||||||||||||||||||||||||||||||||||||||||CNK||||||||
no|yes|no|genotypic|VA033|doi.org/10.1093/jme/tjac037|Kpanou|Assessing Insecticide Susceptibility and Resistance Intensity of Anopheles gambiae s.l. Populations From Some Districts of Benin Republic, West Africa|Entomological Society of America|2022|Random|||Benin|Parakou|9.3369|2.6302|||||||||||||||within 5km|point|paper/map|||It covers an area of 441 km2|yes|ITN|||Larvae|||||||||||||9|11|2017|2017|wet||1200nm|The site has a South Sudanese climate is characterized by the alternation of a rainy season (May to October) and a dry season (November to April).|gambiae (S)||genetic/molecular||||||||||||||||||||||||||||||||||||||||||||||||||||||||||||||||||||||||||||||||||||||||||||||||||||||||||||||||||||||||||||||||||||||||||||||||||||||||||||||||||||||||||||||||||||||||||||||||||||||||||||||||||||||||||||||||||||||||||||||||||||||||||||||||||||||||||||||||||genetic/molecular|47|F0|||4|12||31||||||||||||||||||||||||||||||||||||||||||||||||||||||||||||||||||||||||||||||||||||||||||||||||||||||||||||||||||||||||||CNK||||||||
no|yes|no|genotypic|VA033|doi.org/10.1093/jme/tjac037|Kpanou|Assessing Insecticide Susceptibility and Resistance Intensity of Anopheles gambiae s.l. Populations From Some Districts of Benin Republic, West Africa|Entomological Society of America|2022|Random|||Benin|Parakou|9.3369|2.6302|||||||||||||||within 5km|point|paper/map|||It covers an area of 441 km2|yes|ITN|||Larvae|||||||||||||9|11|2017|2017|wet||1200nm|The site has a South Sudanese climate is characterized by the alternation of a rainy season (May to October) and a dry season (November to April).|coluzzii (gambiae M)||genetic/molecular||||||||||||||||||||||||||||||||||||||||||||||||||||||||||||||||||||||||||||||||||||||||||||||||||||||||||||||||||||||||||||||||||||||||||||||||||||||||||||||||||||||||||||||||||||||||||||||||||||||||||||||||||||||||||||||||||||||||||||||||||||||||||||||||||||||||||||||||||genetic/molecular|3|F0|||1|0||2||||||||||||||||||||||||||||||||||||||||||||||||||||||||||||||||||||||||||||||||||||||||||||||||||||||||||||||||||||||||||CNK||||||||
no|yes|no|genotypic|VA033|doi.org/10.1093/jme/tjac037|Kpanou|Assessing Insecticide Susceptibility and Resistance Intensity of Anopheles gambiae s.l. Populations From Some Districts of Benin Republic, West Africa|Entomological Society of America|2022|Random|||Benin|Kandi|2.1286|2.9369|||||||||||||||within 5km|point|paper/map|||The district of Kandi (2.9369411°7ʹ43″ N, 2°56ʹ13″ E) covers an area of 3,421 km²|yes|ITN|||Larvae|||||||||||||9|11|2017|2017|wet||800-1300nm|The climate prevailing there is characterized by a dry season (November to April) and a rainy season (May to October).|gambiae (S)||genetic/molecular||||||||||||||||||||||||||||||||||||||||||||||||||||||||||||||||||||||||||||||||||||||||||||||||||||||||||||||||||||||||||||||||||||||||||||||||||||||||||||||||||||||||||||||||||||||||||||||||||||||||||||||||||||||||||||||||||||||||||||||||||||||||||||||||||||||||||||||||||genetic/molecular|44|F0|||4|12||28||||||||||||||||||||||||||||||||||||||||||||||||||||||||||||||||||||||||||||||||||||||||||||||||||||||||||||||||||||||||||CNK||||||||
no|yes|no|genotypic|VA033|doi.org/10.1093/jme/tjac037|Kpanou|Assessing Insecticide Susceptibility and Resistance Intensity of Anopheles gambiae s.l. Populations From Some Districts of Benin Republic, West Africa|Entomological Society of America|2022|Random|||Benin|Kandi|2.1286|2.9369|||||||||||||||within 5km|point|paper/map|||The district of Kandi (2.9369411°7ʹ43″ N, 2°56ʹ13″ E) covers an area of 3,421 km²|yes|ITN|||Larvae|||||||||||||9|11|2017|2017|wet||800-1300nm|The climate prevailing there is characterized by a dry season (November to April) and a rainy season (May to October).|arabiensis||genetic/molecular||||||||||||||||||||||||||||||||||||||||||||||||||||||||||||||||||||||||||||||||||||||||||||||||||||||||||||||||||||||||||||||||||||||||||||||||||||||||||||||||||||||||||||||||||||||||||||||||||||||||||||||||||||||||||||||||||||||||||||||||||||||||||||||||||||||||||||||||||genetic/molecular|6|F0|||0|2||4||||||||||||||||||||||||||||||||||||||||||||||||||||||||||||||||||||||||||||||||||||||||||||||||||||||||||||||||||||||||||CNK||||||||
yes|yes|no|none|VA035|10.4269/ajtmh.21-0989|Gebhardt|Understudied Anophelines Contribute to Malaria Transmission in a Low-Transmission Setting in the Choma District, Southern Province, Zambia|The American Society of Tropical Medicine and Hygiene|2022|Preferential||Selection of neighboring households was influenced by the proximity of the household to the index household, presence of an animal pen, and willingness to participate in the study|Zambia|Macha Hospital|-16.392|26.791|||||||||||||||within 5km|point|GoogleEarth||||yes|ITN|||CDC-LT - indoor|836|RO (ani-shelter)|4446||||||Traps were hung between 1.5 and 1.8 m off the ground, both next to a person sleeping under an ITN belonging to that household and outdoors next to an animal pen if one was present and traps were available.|yes|no|no|1|6|2015|2018|cross||||arabiensis||morph||||||||||||||||||||||||||||||||||||||||||CDC-LT - indoor|||||||14|911|1.54|||||||||||||||||||||||||||||||||||||||||||||||||||||||||||||||||||||||||||||||||||||||||||||||||||||||||||||||||||||||||||||||||||||||||||||||||||||||||||||||||||||||||||||||||||||||||||||||||||||||||||||||||||||||||||||||||||||||||||||||||||||||||||||||||||||||||||||||||||||||||||||||||||||||||||||||||||||||||||||||||||||||||||||||||||||||||||||||||CNK||||||||
yes|yes|no|none|VA035|10.4269/ajtmh.21-0989|Gebhardt|Understudied Anophelines Contribute to Malaria Transmission in a Low-Transmission Setting in the Choma District, Southern Province, Zambia|The American Society of Tropical Medicine and Hygiene|2022|Preferential||Selection of neighboring households was influenced by the proximity of the household to the index household, presence of an animal pen, and willingness to participate in the study|Zambia|Macha Hospital|-16.392|26.791|||||||||||||||within 5km|point|GoogleEarth||||yes|ITN|||CDC-LT - indoor|836|RO (ani-shelter)|4446||||||Traps were hung between 1.5 and 1.8 m off the ground, both next to a person sleeping under an ITN belonging to that household and outdoors next to an animal pen if one was present and traps were available.|yes|no|no|1|6|2015|2018|cross||||coustani||morph||||||||||||||||||||||||||||||||||||||||||RO (ani-shelter)|||||||1|192|0.52|||||||||||||||||||||||||||||||||||||||||||||||||||||||||||||||||||||||||||||||||||||||||||||||||||||||||||||||||||||||||||||||||||||||||||||||||||||||||||||||||||||||||||||||||||||||||||||||||||||||||||||||||||||||||||||||||||||||||||||||||||||||||||||||||||||||||||||||||||||||||||||||||||||||||||||||||||||||||||||||||||||||||||||||||||||||||||||||||CNK||||||||
yes|yes|no|none|VA035|10.4269/ajtmh.21-0989|Gebhardt|Understudied Anophelines Contribute to Malaria Transmission in a Low-Transmission Setting in the Choma District, Southern Province, Zambia|The American Society of Tropical Medicine and Hygiene|2022|Preferential||Selection of neighboring households was influenced by the proximity of the household to the index household, presence of an animal pen, and willingness to participate in the study|Zambia|Macha Hospital|-16.392|26.791|||||||||||||||within 5km|point|GoogleEarth||||yes|ITN|||CDC-LT - indoor|836|RO (ani-shelter)|4446||||||Traps were hung between 1.5 and 1.8 m off the ground, both next to a person sleeping under an ITN belonging to that household and outdoors next to an animal pen if one was present and traps were available.|yes|no|no|1|6|2015|2018|cross||||gambiae (S)||morph||||||||||||||||||||||||||||||||||||||||||||||||||||||||||||||||||||||||||||||||||||||||||||||||||||||||||||||||||||||||||||||||||||||||||||||||||||||||||||||||||||||||||||||||||||||||||||||||||||||||||||||||||||||||||||||||||||||||||||||||||||||||||||||||||||||||||||||||||||||||||||||||||||||||||||||||||||||||||||||||||||||||||||||||||||||||||||||||||||||||||||||||||||||||||||||||||||||||||||||||||||CNK||||||||
yes|yes|no|none|VA035|10.4269/ajtmh.21-0989|Gebhardt|Understudied Anophelines Contribute to Malaria Transmission in a Low-Transmission Setting in the Choma District, Southern Province, Zambia|The American Society of Tropical Medicine and Hygiene|2022|Preferential||Selection of neighboring households was influenced by the proximity of the household to the index household, presence of an animal pen, and willingness to participate in the study|Zambia|Macha Hospital|-16.392|26.791|||||||||||||||within 5km|point|GoogleEarth||||yes|ITN|||CDC-LT - indoor|836|RO (ani-shelter)|4446||||||Traps were hung between 1.5 and 1.8 m off the ground, both next to a person sleeping under an ITN belonging to that household and outdoors next to an animal pen if one was present and traps were available.|yes|no|no|1|6|2015|2018|cross||||leesoni||morph||||||||||||||||||||||||||||||||||||||||||||||||||||||||||||||||||||||||||||||||||||||||||||||||||||||||||||||||||||||||||||||||||||||||||||||||||||||||||||||||||||||||||||||||||||||||||||||||||||||||||||||||||||||||||||||||||||||||||||||||||||||||||||||||||||||||||||||||||||||||||||||||||||||||||||||||||||||||||||||||||||||||||||||||||||||||||||||||||||||||||||||||||||||||||||||||||||||||||||||||||||CNK||||||||
yes|yes|no|none|VA035|10.4269/ajtmh.21-0989|Gebhardt|Understudied Anophelines Contribute to Malaria Transmission in a Low-Transmission Setting in the Choma District, Southern Province, Zambia|The American Society of Tropical Medicine and Hygiene|2022|Preferential||Selection of neighboring households was influenced by the proximity of the household to the index household, presence of an animal pen, and willingness to participate in the study|Zambia|Macha Hospital|-16.392|26.791|||||||||||||||within 5km|point|GoogleEarth||||yes|ITN|||CDC-LT - indoor|836|RO (ani-shelter)|4446||||||Traps were hung between 1.5 and 1.8 m off the ground, both next to a person sleeping under an ITN belonging to that household and outdoors next to an animal pen if one was present and traps were available.|yes|no|no|1|6|2015|2018|cross||||longipalpis||morph||||||||||||||||||||||||||||||||||||||||||||||||||||||||||||||||||||||||||||||||||||||||||||||||||||||||||||||||||||||||||||||||||||||||||||||||||||||||||||||||||||||||||||||||||||||||||||||||||||||||||||||||||||||||||||||||||||||||||||||||||||||||||||||||||||||||||||||||||||||||||||||||||||||||||||||||||||||||||||||||||||||||||||||||||||||||||||||||||||||||||||||||||||||||||||||||||||||||||||||||||||CNK||||||||
yes|yes|no|none|VA035|10.4269/ajtmh.21-0989|Gebhardt|Understudied Anophelines Contribute to Malaria Transmission in a Low-Transmission Setting in the Choma District, Southern Province, Zambia|The American Society of Tropical Medicine and Hygiene|2022|Preferential||Selection of neighboring households was influenced by the proximity of the household to the index household, presence of an animal pen, and willingness to participate in the study|Zambia|Macha Hospital|-16.392|26.791|||||||||||||||within 5km|point|GoogleEarth||||yes|ITN|||CDC-LT - indoor|836|RO (ani-shelter)|4446||||||Traps were hung between 1.5 and 1.8 m off the ground, both next to a person sleeping under an ITN belonging to that household and outdoors next to an animal pen if one was present and traps were available.|yes|no|no|1|6|2015|2018|cross||||pretoriensis||morph||||||||||||||||||||||||||||||||||||||||||||||||||||||||||||||||||||||||||||||||||||||||||||||||||||||||||||||||||||||||||||||||||||||||||||||||||||||||||||||||||||||||||||||||||||||||||||||||||||||||||||||||||||||||||||||||||||||||||||||||||||||||||||||||||||||||||||||||||||||||||||||||||||||||||||||||||||||||||||||||||||||||||||||||||||||||||||||||||||||||||||||||||||||||||||||||||||||||||||||||||||CNK||||||||
yes|yes|no|none|VA035|10.4269/ajtmh.21-0989|Gebhardt|Understudied Anophelines Contribute to Malaria Transmission in a Low-Transmission Setting in the Choma District, Southern Province, Zambia|The American Society of Tropical Medicine and Hygiene|2022|Preferential||Selection of neighboring households was influenced by the proximity of the household to the index household, presence of an animal pen, and willingness to participate in the study|Zambia|Macha Hospital|-16.392|26.791|||||||||||||||within 5km|point|GoogleEarth||||yes|ITN|||CDC-LT - indoor|836|RO (ani-shelter)|4446||||||Traps were hung between 1.5 and 1.8 m off the ground, both next to a person sleeping under an ITN belonging to that household and outdoors next to an animal pen if one was present and traps were available.|yes|no|no|1|6|2015|2018|cross||||quadriannulatus||morph||||||||||||||||||||||||||||||||||||||||||||||||||||||||||||||||||||||||||||||||||||||||||||||||||||||||||||||||||||||||||||||||||||||||||||||||||||||||||||||||||||||||||||||||||||||||||||||||||||||||||||||||||||||||||||||||||||||||||||||||||||||||||||||||||||||||||||||||||||||||||||||||||||||||||||||||||||||||||||||||||||||||||||||||||||||||||||||||||||||||||||||||||||||||||||||||||||||||||||||||||||CNK||||||||
yes|yes|no|none|VA035|10.4269/ajtmh.21-0989|Gebhardt|Understudied Anophelines Contribute to Malaria Transmission in a Low-Transmission Setting in the Choma District, Southern Province, Zambia|The American Society of Tropical Medicine and Hygiene|2022|Preferential||Selection of neighboring households was influenced by the proximity of the household to the index household, presence of an animal pen, and willingness to participate in the study|Zambia|Macha Hospital|-16.392|26.791|||||||||||||||within 5km|point|GoogleEarth||||yes|ITN|||CDC-LT - indoor|836|RO (ani-shelter)|4446||||||Traps were hung between 1.5 and 1.8 m off the ground, both next to a person sleeping under an ITN belonging to that household and outdoors next to an animal pen if one was present and traps were available.|yes|no|no|1|6|2015|2018|cross||||rivulorum-like||morph||||||||||||||||||||||||||||||||||||||||||||||||||||||||||||||||||||||||||||||||||||||||||||||||||||||||||||||||||||||||||||||||||||||||||||||||||||||||||||||||||||||||||||||||||||||||||||||||||||||||||||||||||||||||||||||||||||||||||||||||||||||||||||||||||||||||||||||||||||||||||||||||||||||||||||||||||||||||||||||||||||||||||||||||||||||||||||||||||||||||||||||||||||||||||||||||||||||||||||||||||||CNK||||||||
yes|yes|no|none|VA035|10.4269/ajtmh.21-0989|Gebhardt|Understudied Anophelines Contribute to Malaria Transmission in a Low-Transmission Setting in the Choma District, Southern Province, Zambia|The American Society of Tropical Medicine and Hygiene|2022|Preferential||Selection of neighboring households was influenced by the proximity of the household to the index household, presence of an animal pen, and willingness to participate in the study|Zambia|Macha Hospital|-16.392|26.791|||||||||||||||within 5km|point|GoogleEarth||||yes|ITN|||CDC-LT - indoor|836|RO (ani-shelter)|4446||||||Traps were hung between 1.5 and 1.8 m off the ground, both next to a person sleeping under an ITN belonging to that household and outdoors next to an animal pen if one was present and traps were available.|yes|no|no|1|6|2015|2018|cross||||rufipes||morph||||||||||||||||||||||||||||||||||||||||||RO (ani-shelter)|||||||2|1957|0.1|||||||||||||1957 includes all An. rufipes and An. pretoriensis/rufipes||||||||||||||||||||||||||||||||||||||||||||||||||||||||||||||||||||||||||||||||||||||||||||||||||||||||||||||||||||||||||||||||||||||||||||||||||||||||||||||||||||||||||||||||||||||||||||||||||||||||||||||||||||||||||||||||||||||||||||||||||||||||||||||||||||||||||||||||||||||||||||||||||||||||||||||||||||||||||||||||||||||||||||||||||||CNK||||||||
yes|yes|no|none|VA035|10.4269/ajtmh.21-0989|Gebhardt|Understudied Anophelines Contribute to Malaria Transmission in a Low-Transmission Setting in the Choma District, Southern Province, Zambia|The American Society of Tropical Medicine and Hygiene|2022|Preferential||Selection of neighboring households was influenced by the proximity of the household to the index household, presence of an animal pen, and willingness to participate in the study|Zambia|Macha Hospital|-16.392|26.791|||||||||||||||within 5km|point|GoogleEarth||||yes|ITN|||CDC-LT - indoor|836|RO (ani-shelter)|4446||||||Traps were hung between 1.5 and 1.8 m off the ground, both next to a person sleeping under an ITN belonging to that household and outdoors next to an animal pen if one was present and traps were available.|yes|no|no|1|6|2015|2018|cross||||rufipes/An. pretoriensis||morph||||||||||||||||||||||||||||||||||||||||||RO (ani-shelter)||||||||||||||||||||||1957 includes all An. rufipes and An. pretoriensis/rufipes||||||||||||||||||||||||||||||||||||||||||||||||||||||||||||||||||||||||||||||||||||||||||||||||||||||||||||||||||||||||||||||||||||||||||||||||||||||||||||||||||||||||||||||||||||||||||||||||||||||||||||||||||||||||||||||||||||||||||||||||||||||||||||||||||||||||||||||||||||||||||||||||||||||||||||||||||||||||||||||||||||||||||||||||||||CNK||||||||
yes|yes|no|none|VA035|10.4269/ajtmh.21-0989|Gebhardt|Understudied Anophelines Contribute to Malaria Transmission in a Low-Transmission Setting in the Choma District, Southern Province, Zambia|The American Society of Tropical Medicine and Hygiene|2022|Preferential||Selection of neighboring households was influenced by the proximity of the household to the index household, presence of an animal pen, and willingness to participate in the study|Zambia|Macha Hospital|-16.392|26.791|||||||||||||||within 5km|point|GoogleEarth||||yes|ITN|||CDC-LT - indoor|836|RO (ani-shelter)|4446||||||Traps were hung between 1.5 and 1.8 m off the ground, both next to a person sleeping under an ITN belonging to that household and outdoors next to an animal pen if one was present and traps were available.|yes|no|no|1|6|2015|2018|cross||||squamosus||morph||||||||||||||||||||||||||||||||||||||||||RO (ani-shelter)|||||||8|1374|0.58|||||||||||||||||||||||||||||||||||||||||||||||||||||||||||||||||||||||||||||||||||||||||||||||||||||||||||||||||||||||||||||||||||||||||||||||||||||||||||||||||||||||||||||||||||||||||||||||||||||||||||||||||||||||||||||||||||||||||||||||||||||||||||||||||||||||||||||||||||||||||||||||||||||||||||||||||||||||||||||||||||||||||||||||||||||||||||||||||CNK||||||||
no|no|no|none|VA36| 10.1371/journal.pone.0265896|Zafar|"Odorant Binding Proteins (OBPs) and Odorant
Receptors (ORs) of Anopheles stephensi:
Identification and comparative insights"|PLoS One|2002||no|No data||||||||||||||||||||||||||||||||||||||||||||||||||||||||||||||||||||||||||||||||||||||||||||||||||||||||||||||||||||||||||||||||||||||||||||||||||||||||||||||||||||||||||||||||||||||||||||||||||||||||||||||||||||||||||||||||||||||||||||||||||||||||||||||||||||||||||||||||||||||||||||||||||||||||||||||||||||||||||||||||||||||||||||||||||||||||||||||||||||||||||||||||||||||||||||||||||||||||||||||||||||||||||||||||||||||||||||||||||||||||||||||||||||||||||||||||DNN
no|no|no|none|VA37|10.1002/ecy.3685|Villena|"Temperature impacts the environmental suitability
for malaria transmission by Anopheles gambiae
and Anopheles stephensi"|Ecology|2022||no|No data||||||||||||||||||||||||||||||||||||||||||||||||||||||||||||||||||||||||||||||||||||||||||||||||||||||||||||||||||||||||||||||||||||||||||||||||||||||||||||||||||||||||||||||||||||||||||||||||||||||||||||||||||||||||||||||||||||||||||||||||||||||||||||||||||||||||||||||||||||||||||||||||||||||||||||||||||||||||||||||||||||||||||||||||||||||||||||||||||||||||||||||||||||||||||||||||||||||||||||||||||||||||||||||||||||||||||||||||||||||||||||||||||||||||||||||||DNN
no|yes|no|none|VA38|https://doi.org/10.1038/s41467-022-28980-8|Siria|"Rapid age-grading and species identification of
natural mosquitoes for malaria surveillance"|nature communications|2022||yes|"An. arabiensis larvae at different stages were collected from Minepa and Tulizamoyo
villages at different aquatic habitats.contact aothor to provide time of collection data"|Tanzania|Sululu|-8.003|36.669|||||||||||||||within 5km|gps coords|paper/map|||coordinates were provided in the paper where it was second checked in google earth and was just around the same location|na|na|na||HBN (in)||||||||||yes|no|no|5|8|2021|2021||dry||online source says dry seasons happens from may to october|arabiensis||genetic/molecular||||||||||||||||||||||||||||||||||||||||||||||||||||||||||||||||||||||||||||||||||||||||||||||||||||||||||||||||||||||||||||||||||||||||||||||||||||||||||||||||||||||||||||||||||||||||||||||||||||||||||||||||||||||||||||||||||||||||||||||||||||||||||||||||||||||||||||||||||||||||||||||||||||||||||||||||||||||||||||||||||||||||||||||||||||||||||||||||||||||||||||||||||||||||||||||||||||||||||||||||||||||||||||DNN
no|yes|no|none|VA38|https://doi.org/10.1038/s41467-022-28980-8|Siria|"Rapid age-grading and species identification of
natural mosquitoes for malaria surveillance"|nature communications|2022||yes|"At IRSS, all female mosquitoes,were collected
by trained technicians with mouth aspirators from local houses where
mosquitoes have rested after a blood-feeding in VK5 and Soumousso villages.ask authors to provide time of collection data"|Burkina Faso|VK5|-4.4201|11.3824|||||||||||||||within 5km|gps coords|paper/map|||coordinates were provided in the paper where it was second checked in google earth and was just around the same location|na|na|na||HRI||||||||||yes|no|no|5|7|2021|2021||dry||online source says dry seasons happens from may to october|coluzzii (gambiae M)||genetic/molecular||||||||||||||||||||||||||||||||||||||||||||||||||||||||||||||||||||||||||||||||||||||||||||||||||||||||||||||||||||||||||||||||||||||||||||||||||||||||||||||||||||||||||||||||||||||||||||||||||||||||||||||||||||||||||||||||||||||||||||||||||||||||||||||||||||||||||||||||||||||||||||||||||||||||||||||||||||||||||||||||||||||||||||||||||||||||||||||||||||||||||||||||||||||||||||||||||||||||||||||||||||||||||||DNN
no|no|no|none|VA39|https://doi.org/10.1186/s12936-022-04123-8|Maharaj|"The ecdysone receptor regulates several key
physiological factors in Anopheles funestus"|Malaria Journal|2022||no|No data||||||||||||||||||||||||||||||||||||||||||||||||||||||||||||||||||||||||||||||||||||||||||||||||||||||||||||||||||||||||||||||||||||||||||||||||||||||||||||||||||||||||||||||||||||||||||||||||||||||||||||||||||||||||||||||||||||||||||||||||||||||||||||||||||||||||||||||||||||||||||||||||||||||||||||||||||||||||||||||||||||||||||||||||||||||||||||||||||||||||||||||||||||||||||||||||||||||||||||||||||||||||||||||||||||||||||||||||||||||||||||||||||||||||||||||||DNN
no|no|no|none|VA40|https://doi.org/10.1186/s12936-022-04119-4|Martin|"Durability of three types of dual active
ingredient long‑lasting insecticidal net
compared to a pyrethroid‑only LLIN in Tanzania:
methodology for a prospective cohort study
nested in a cluster randomized controlled trial"|Malaria Journal|2022||no|No data||||||||||||||||||||||||||||||||||||||||||||||||||||||||||||||||||||||||||||||||||||||||||||||||||||||||||||||||||||||||||||||||||||||||||||||||||||||||||||||||||||||||||||||||||||||||||||||||||||||||||||||||||||||||||||||||||||||||||||||||||||||||||||||||||||||||||||||||||||||||||||||||||||||||||||||||||||||||||||||||||||||||||||||||||||||||||||||||||||||||||||||||||||||||||||||||||||||||||||||||||||||||||||||||||||||||||||||||||||||||||||||||||||||||||||||||DNN
no|no|no|none|VA41||Oliver|"The effect of blood feeding
on insecticide resistance intensity
and adult longevity in the major
malaria vector Anopheles funestus
(Diptera: Culicidae)"|nature|2022||no|No data||||||||||||||||||||||||||||||||||||||||||||||||||||||||||||||||||||||||||||||||||||||||||||||||||||||||||||||||||||||||||||||||||||||||||||||||||||||||||||||||||||||||||||||||||||||||||||||||||||||||||||||||||||||||||||||||||||||||||||||||||||||||||||||||||||||||||||||||||||||||||||||||||||||||||||||||||||||||||||||||||||||||||||||||||||||||||||||||||||||||||||||||||||||||||||||||||||||||||||||||||||||||||||||||||||||||||||||||||||||||||||||||||||||||||||||||DNN
no|yes|no|none|VA42||Zembere|"The human‑baited host decoy
trap (HDT) is an efficient sampling
device for exophagic Anopheles
arabiensis within irrigated lands
in southern Malawi"|Scientific Reports|2022||no||Malawi|Mwanza|− 16.1995|34.8009|||||||||||||||within 5km|gps coords|paper/map|||coordinates were provided in the paper where it was second checked in google earth and was just around the same location|yes|combination|yes|"Households within Nchalo receive bednets as
part of the National Malaria Control Programme distribution campaigns"|HLC - out|13|||||||||yes|no|yes|6|7|2019|2019|dry|||"source points out that they collected a total of 2,096 mosquitoes over the course of 18 nights during the middle of the dry season
(June–July 2019) on the Nchalo sugar estate"|arabiensis||morph|genetic/molecular|metal|||no||||||||||||||||no|other|"The Nchalo estate incorporates ~ 13,000 ha of sugarcane plots irrigated by a range of
methods supplied by water from the Shire River"|||||||||||||||||||||||||||||||||||||||||||||||||||||||||||||||||||||||||||||||||||||||||||||||||||||||||||||||||||||||||||||||||||||||||||||||||||||||||||||||||||||||||||||||||||||||||||||||||||||||||||||||||||||||||||||||||||||||||||||||||||||||||||||||||||||||||||||||||||||||||||||||||||||||||||||||||||||||||||||||||||||||||||||||||||||||||||||||||||||||||||||||||||||||||||||||||||||DNN
no|yes|no|none|VA42||Zembere|"The human‑baited host decoy
trap (HDT) is an efficient sampling
device for exophagic Anopheles
arabiensis within irrigated lands
in southern Malawi"|Scientific Reports|2022||no||Malawi|Mwanza|− 16.1995|34.8009|||||||||||||||within 5km|gps coords|paper/map|||coordinates were provided in the paper where it was second checked in google earth and was just around the same location|yes|combination|yes|"Households within Nchalo receive bednets as
part of the National Malaria Control Programme distribution campaigns"|HLC - out|1|||||||||yes|no|yes|6|7|2019|2019|dry|||"source points out that they collected a total of 2,096 mosquitoes over the course of 18 nights during the middle of the dry season
(June–July 2019) on the Nchalo sugar estate"|coustani||morph|genetic/molecular|metal|||no||||||||||||||||no|other|"The Nchalo estate incorporates ~ 13,000 ha of sugarcane plots irrigated by a range of
methods supplied by water from the Shire River"|||||||||||||||||||||||||||||||||||||||||||||||||||||||||||||||||||||||||||||||||||||||||||||||||||||||||||||||||||||||||||||||||||||||||||||||||||||||||||||||||||||||||||||||||||||||||||||||||||||||||||||||||||||||||||||||||||||||||||||||||||||||||||||||||||||||||||||||||||||||||||||||||||||||||||||||||||||||||||||||||||||||||||||||||||||||||||||||||||||||||||||||||||||||||||||||||||||DNN
no|yes|no|none|VA42||Zembere|"The human‑baited host decoy
trap (HDT) is an efficient sampling
device for exophagic Anopheles
arabiensis within irrigated lands
in southern Malawi"|Scientific Reports|2022||no||Malawi|Mwanza|− 16.1995|34.8009|||||||||||||||within 5km|gps coords|paper/map|||coordinates were provided in the paper where it was second checked in google earth and was just around the same location|yes|combination|yes|"Households within Nchalo receive bednets as
part of the National Malaria Control Programme distribution campaigns"|HLC - out|1|||||||||yes|no|yes|6|7|2019|2019|dry|||"source points out that they collected a total of 2,096 mosquitoes over the course of 18 nights during the middle of the dry season
(June–July 2019) on the Nchalo sugar estate"|funestus||morph|genetic/molecular|metal|||no||||||||||||||||no|other|"The Nchalo estate incorporates ~ 13,000 ha of sugarcane plots irrigated by a range of
methods supplied by water from the Shire River"|||||||||||||||||||||||||||||||||||||||||||||||||||||||||||||||||||||||||||||||||||||||||||||||||||||||||||||||||||||||||||||||||||||||||||||||||||||||||||||||||||||||||||||||||||||||||||||||||||||||||||||||||||||||||||||||||||||||||||||||||||||||||||||||||||||||||||||||||||||||||||||||||||||||||||||||||||||||||||||||||||||||||||||||||||||||||||||||||||||||||||||||||||||||||||||||||||||DNN
no|yes|no|none|VA42||Zembere|"The human‑baited host decoy
trap (HDT) is an efficient sampling
device for exophagic Anopheles
arabiensis within irrigated lands
in southern Malawi"|Scientific Reports|2022||no||Malawi|Mwanza|− 16.1995|34.8009|||||||||||||||within 5km|gps coords|paper/map|||coordinates were provided in the paper where it was second checked in google earth and was just around the same location|yes|combination|yes|"Households within Nchalo receive bednets as
part of the National Malaria Control Programme distribution campaigns"|HLC - out|2|||||||||yes|no|yes|6|7|2019|2019|dry|||"source points out that they collected a total of 2,096 mosquitoes over the course of 18 nights during the middle of the dry season
(June–July 2019) on the Nchalo sugar estate"|gambiae (S)||morph|genetic/molecular|metal|||no||||||||||||||||no|other|"The Nchalo estate incorporates ~ 13,000 ha of sugarcane plots irrigated by a range of
methods supplied by water from the Shire River"|||||||||||||||||||||||||||||||||||||||||||||||||||||||||||||||||||||||||||||||||||||||||||||||||||||||||||||||||||||||||||||||||||||||||||||||||||||||||||||||||||||||||||||||||||||||||||||||||||||||||||||||||||||||||||||||||||||||||||||||||||||||||||||||||||||||||||||||||||||||||||||||||||||||||||||||||||||||||||||||||||||||||||||||||||||||||||||||||||||||||||||||||||||||||||||||||||||DNN
no|yes|no|none|VA42||Zembere|"The human‑baited host decoy
trap (HDT) is an efficient sampling
device for exophagic Anopheles
arabiensis within irrigated lands
in southern Malawi"|Scientific Reports|2022||no||Malawi|Mwanza|− 16.1995|34.8009|||||||||||||||within 5km|gps coords|paper/map|||coordinates were provided in the paper where it was second checked in google earth and was just around the same location|yes|combination|yes|"Households within Nchalo receive bednets as
part of the National Malaria Control Programme distribution campaigns"|HLC - out|1|||||||||yes|no|yes|6|7|2019|2019|dry|||"source points out that they collected a total of 2,096 mosquitoes over the course of 18 nights during the middle of the dry season
(June–July 2019) on the Nchalo sugar estate"|tenebrosus||morph|genetic/molecular|metal|||no||||||||||||||||no|other|"The Nchalo estate incorporates ~ 13,000 ha of sugarcane plots irrigated by a range of
methods supplied by water from the Shire River"|||||||||||||||||||||||||||||||||||||||||||||||||||||||||||||||||||||||||||||||||||||||||||||||||||||||||||||||||||||||||||||||||||||||||||||||||||||||||||||||||||||||||||||||||||||||||||||||||||||||||||||||||||||||||||||||||||||||||||||||||||||||||||||||||||||||||||||||||||||||||||||||||||||||||||||||||||||||||||||||||||||||||||||||||||||||||||||||||||||||||||||||||||||||||||||||||||||DNN
no|yes|no|none|VA42||Zembere|"The human‑baited host decoy
trap (HDT) is an efficient sampling
device for exophagic Anopheles
arabiensis within irrigated lands
in southern Malawi"|Scientific Reports|2022||no||Malawi|Mwanza|− 16.1995|34.8009|||||||||||||||within 5km|gps coords|paper/map|||coordinates were provided in the paper where it was second checked in google earth and was just around the same location|yes|combination|yes|"Households within Nchalo receive bednets as
part of the National Malaria Control Programme distribution campaigns"|HLC - out|1|||||||||yes|no|yes|6|7|2019|2019|dry|||"source points out that they collected a total of 2,096 mosquitoes over the course of 18 nights during the middle of the dry season
(June–July 2019) on the Nchalo sugar estate"|quadriannulatus||morph|genetic/molecular|metal|||no||||||||||||||||no|other|"The Nchalo estate incorporates ~ 13,000 ha of sugarcane plots irrigated by a range of
methods supplied by water from the Shire River"|||||||||||||||||||||||||||||||||||||||||||||||||||||||||||||||||||||||||||||||||||||||||||||||||||||||||||||||||||||||||||||||||||||||||||||||||||||||||||||||||||||||||||||||||||||||||||||||||||||||||||||||||||||||||||||||||||||||||||||||||||||||||||||||||||||||||||||||||||||||||||||||||||||||||||||||||||||||||||||||||||||||||||||||||||||||||||||||||||||||||||||||||||||||||||||||||||||DNN
no|yes|no|none|VA42||Zembere|"The human‑baited host decoy
trap (HDT) is an efficient sampling
device for exophagic Anopheles
arabiensis within irrigated lands
in southern Malawi"|Scientific Reports|2022||no||Malawi|Lengwe|− 16.1869|34.8805|||||||||||||||within 5km|gps coords|paper/map|||coordinates were provided in the paper where it was second checked in google earth and was just around the same location|yes|combination|yes|"Households within Nchalo receive bednets as
part of the National Malaria Control Programme distribution campaigns"|HLC - out|98|||||||||yes|no|yes|6|7|2019|2019|dry|||"source points out that they collected a total of 2,096 mosquitoes over the course of 18 nights during the middle of the dry season
(June–July 2019) on the Nchalo sugar estate"|arabiensis||morph|genetic/molecular|metal|||no||||||||||||||||no|other|"The Nchalo estate incorporates ~ 13,000 ha of sugarcane plots irrigated by a range of
methods supplied by water from the Shire River"|||||||||||||||||||||||||||||||||||||||||||||||||||||||||||||||||||||||||||||||||||||||||||||||||||||||||||||||||||||||||||||||||||||||||||||||||||||||||||||||||||||||||||||||||||||||||||||||||||||||||||||||||||||||||||||||||||||||||||||||||||||||||||||||||||||||||||||||||||||||||||||||||||||||||||||||||||||||||||||||||||||||||||||||||||||||||||||||||||||||||||||||||||||||||||||||||||||DNN
no|yes|no|none|VA42||Zembere|"The human‑baited host decoy
trap (HDT) is an efficient sampling
device for exophagic Anopheles
arabiensis within irrigated lands
in southern Malawi"|Scientific Reports|2022||no||Malawi|Lengwe|− 16.1869|34.8805|||||||||||||||within 5km|gps coords|paper/map|||coordinates were provided in the paper where it was second checked in google earth and was just around the same location|yes|combination|yes|"Households within Nchalo receive bednets as
part of the National Malaria Control Programme distribution campaigns"|HLC - out|15|||||||||yes|no|yes|6|7|2019|2019|dry|||"source points out that they collected a total of 2,096 mosquitoes over the course of 18 nights during the middle of the dry season
(June–July 2019) on the Nchalo sugar estate"|coustani||morph|genetic/molecular|metal|||no||||||||||||||||no|other|"The Nchalo estate incorporates ~ 13,000 ha of sugarcane plots irrigated by a range of
methods supplied by water from the Shire River"|||||||||||||||||||||||||||||||||||||||||||||||||||||||||||||||||||||||||||||||||||||||||||||||||||||||||||||||||||||||||||||||||||||||||||||||||||||||||||||||||||||||||||||||||||||||||||||||||||||||||||||||||||||||||||||||||||||||||||||||||||||||||||||||||||||||||||||||||||||||||||||||||||||||||||||||||||||||||||||||||||||||||||||||||||||||||||||||||||||||||||||||||||||||||||||||||||||DNN
no|yes|no|none|VA42||Zembere|"The human‑baited host decoy
trap (HDT) is an efficient sampling
device for exophagic Anopheles
arabiensis within irrigated lands
in southern Malawi"|Scientific Reports|2022||no||Malawi|Lengwe|− 16.1869|34.8805|||||||||||||||within 5km|gps coords|paper/map|||coordinates were provided in the paper where it was second checked in google earth and was just around the same location|yes|combination|yes|"Households within Nchalo receive bednets as
part of the National Malaria Control Programme distribution campaigns"|HLC - out|3|||||||||yes|no|yes|6|7|2019|2019|dry|||"source points out that they collected a total of 2,096 mosquitoes over the course of 18 nights during the middle of the dry season
(June–July 2019) on the Nchalo sugar estate"|funestus||morph|genetic/molecular|metal|||no||||||||||||||||no|other|"The Nchalo estate incorporates ~ 13,000 ha of sugarcane plots irrigated by a range of
methods supplied by water from the Shire River"|||||||||||||||||||||||||||||||||||||||||||||||||||||||||||||||||||||||||||||||||||||||||||||||||||||||||||||||||||||||||||||||||||||||||||||||||||||||||||||||||||||||||||||||||||||||||||||||||||||||||||||||||||||||||||||||||||||||||||||||||||||||||||||||||||||||||||||||||||||||||||||||||||||||||||||||||||||||||||||||||||||||||||||||||||||||||||||||||||||||||||||||||||||||||||||||||||||DNN
no|yes|no|none|VA42||Zembere|"The human‑baited host decoy
trap (HDT) is an efficient sampling
device for exophagic Anopheles
arabiensis within irrigated lands
in southern Malawi"|Scientific Reports|2022||no||Malawi|Lengwe|− 16.1869|34.8805|||||||||||||||within 5km|gps coords|paper/map|||coordinates were provided in the paper where it was second checked in google earth and was just around the same location|yes|combination|yes|"Households within Nchalo receive bednets as
part of the National Malaria Control Programme distribution campaigns"|HLC - out|0|||||||||yes|no|yes|6|7|2019|2019|dry|||"source points out that they collected a total of 2,096 mosquitoes over the course of 18 nights during the middle of the dry season
(June–July 2019) on the Nchalo sugar estate"|gambiae (S)||morph|genetic/molecular|metal|||no||||||||||||||||no|other|"The Nchalo estate incorporates ~ 13,000 ha of sugarcane plots irrigated by a range of
methods supplied by water from the Shire River"|||||||||||||||||||||||||||||||||||||||||||||||||||||||||||||||||||||||||||||||||||||||||||||||||||||||||||||||||||||||||||||||||||||||||||||||||||||||||||||||||||||||||||||||||||||||||||||||||||||||||||||||||||||||||||||||||||||||||||||||||||||||||||||||||||||||||||||||||||||||||||||||||||||||||||||||||||||||||||||||||||||||||||||||||||||||||||||||||||||||||||||||||||||||||||||||||||||DNN
no|yes|no|none|VA42||Zembere|"The human‑baited host decoy
trap (HDT) is an efficient sampling
device for exophagic Anopheles
arabiensis within irrigated lands
in southern Malawi"|Scientific Reports|2022||no||Malawi|Lengwe|− 16.1869|34.8805|||||||||||||||within 5km|gps coords|paper/map|||coordinates were provided in the paper where it was second checked in google earth and was just around the same location|yes|combination|yes|"Households within Nchalo receive bednets as
part of the National Malaria Control Programme distribution campaigns"|HLC - out|12|||||||||yes|no|yes|6|7|2019|2019|dry|||"source points out that they collected a total of 2,096 mosquitoes over the course of 18 nights during the middle of the dry season
(June–July 2019) on the Nchalo sugar estate"|tenebrosus||morph|genetic/molecular|metal|||no||||||||||||||||no|other|"The Nchalo estate incorporates ~ 13,000 ha of sugarcane plots irrigated by a range of
methods supplied by water from the Shire River"|||||||||||||||||||||||||||||||||||||||||||||||||||||||||||||||||||||||||||||||||||||||||||||||||||||||||||||||||||||||||||||||||||||||||||||||||||||||||||||||||||||||||||||||||||||||||||||||||||||||||||||||||||||||||||||||||||||||||||||||||||||||||||||||||||||||||||||||||||||||||||||||||||||||||||||||||||||||||||||||||||||||||||||||||||||||||||||||||||||||||||||||||||||||||||||||||||||DNN
no|yes|no|none|VA42||Zembere|"The human‑baited host decoy
trap (HDT) is an efficient sampling
device for exophagic Anopheles
arabiensis within irrigated lands
in southern Malawi"|Scientific Reports|2022||no||Malawi|Lengwe|− 16.1869|34.8805|||||||||||||||within 5km|gps coords|paper/map|||coordinates were provided in the paper where it was second checked in google earth and was just around the same locality.|yes|combination|yes|"Households within Nchalo receive bednets as
part of the National Malaria Control Programme distribution campaigns"|HLC - out|4|||||||||yes|no|yes|6|7|2019|2019|dry|||"source points out that they collected a total of 2,096 mosquitoes over the course of 18 nights during the middle of the dry season
(June–July 2019) on the Nchalo sugar estate"|quadriannulatus||morph|genetic/molecular|metal|||no||||||||||||||||no|other|"The Nchalo estate incorporates ~ 13,000 ha of sugarcane plots irrigated by a range of
methods supplied by water from the Shire River"|||||||||||||||||||||||||||||||||||||||||||||||||||||||||||||||||||||||||||||||||||||||||||||||||||||||||||||||||||||||||||||||||||||||||||||||||||||||||||||||||||||||||||||||||||||||||||||||||||||||||||||||||||||||||||||||||||||||||||||||||||||||||||||||||||||||||||||||||||||||||||||||||||||||||||||||||||||||||||||||||||||||||||||||||||||||||||||||||||||||||||||||||||||||||||||||||||||DNN
no|no|no|none|VA43|"https://doi.org/10.1371/journal.
pone.0263836"|Khan|"Identification of a biological form in the
Anopheles stephensi laboratory colony using
the odorant-binding protein 1 intron I
sequence"|PLOS ONE|2022||no|No data||||||||||||||||||||||||||||||||||||||||||||||||||||||||||||||||||||||||||||||||||||||||||||||||||||||||||||||||||||||||||||||||||||||||||||||||||||||||||||||||||||||||||||||||||||||||||||||||||||||||||||||||||||||||||||||||||||||||||||||||||||||||||||||||||||||||||||||||||||||||||||||||||||||||||||||||||||||||||||||||||||||||||||||||||||||||||||||||||||||||||||||||||||||||||||||||||||||||||||||||||||||||||||||||||||||||||||||||||||||||||||||||||||||||||||||||DNN
yes|yes|no|none|VA44|10.1016/j.gene.2022.146339|Nkemngo|"Xeno-monitoring of molecular drivers of artemisinin and partner drug
resistance in P. falciparum populations in malaria vectors across Cameroon"|Gene|2022||||Cameroon|Bankeng|4.64527778|12.2175|||||||||||||||within 5km|gps coords|paper/map|||rural area.coordinates were provided in the paper where it was second checked in google earth and was just around the same locality.|na|na|na||||||||||||yes|no|no|4|4|2019|2019||dry||searched online where they said here are four seasons in cameroon light rains from may to june, short dry season from july to october, heavy rainfall from october to november and a long dry season from decemder to may.|gambiae (S)||morph|genetic/molecular|||||||||||||||||||||||||||||||||||||||||HLC|HRI||||22||||||20|||||||||||||||||||||||||||||||||||||||||||||||||||||||||||||||||||||||||||||||||||||||||||||||||||||||||||||||||||||||||||||||||||||||||||||||||||||||||||||||||||||||||||||||||||||||||||||||||||||||||||||||||||||||||||||||||||||||||||||||||||||||||||||||||||||||||||||||||||||||||||||||||||||||||||||||||||||||||||||||||||||||||||||||||||||||||||||||||||||||DNN
yes|yes|no|none|VA44|10.1016/j.gene.2022.146339|Nkemngo|"Xeno-monitoring of molecular drivers of artemisinin and partner drug
resistance in P. falciparum populations in malaria vectors across Cameroon"|Gene|2022||||Cameroon|Bonaberi|4.08220972|9.66497167|||||||||||||||within 5km|gps coords|paper/map|||Bonaberi is an urbanised locality.coordinates were provided in the paper where it was second checked in google earth and was just around the same locality.|na|na|na||||||||||||yes|no|no|4|4|2019|2019||dry||searched online where they said here are four seasons in cameroon light rains from may to june, short dry season from july to october, heavy rainfall from october to november and a long dry season from decemder to may.|coluzzii (gambiae M)||morph|genetic/molecular|||||||||||||||||||||||||||||||||||||||||HLC|||||5||||||5|||||||||||infection rates were divided into head/thorax and abdomen. I added the two to come up with the total infection rates in each site ||||||||||||||||||||||||||||||||||||||||||||||||||||||||||||||||||||||||||||||||||||||||||||||||||||||||||||||||||||||||||||||||||||||||||||||||||||||||||||||||||||||||||||||||||||||||||||||||||||||||||||||||||||||||||||||||||||||||||||||||||||||||||||||||||||||||||||||||||||||||||||||||||||||||||||||||||||||||||||||||||||||||||||||||||||||||||||DNN
yes|yes|no|none|VA44|10.1016/j.gene.2022.146339|Nkemngo|"Xeno-monitoring of molecular drivers of artemisinin and partner drug
resistance in P. falciparum populations in malaria vectors across Cameroon"|Gene|2023||||Cameroon|Bonaberi|4.08220972|9.66497167|||||||||||||||within 5km|gps coords|paper/map|||Bonaberi is an urbanised locality.coordinates were provided in the paper where it was second checked in google earth and was just around the same locality.|na|na|na||||||||||||yes|no|no|8|8|2019|2019||dry||searched online where they said here are four seasons in cameroon light rains from may to june, short dry season from july to october, heavy rainfall from october to november and a long dry season from decemder to may.|coluzzii (gambiae M)||morph|genetic/molecular|||||||||||||||||||||||||||||||||||||||||HLC|||||5||||||5|||||||||||infection rates were divided into head/thorax and abdomen. I added the two to come up with the total infection rates in each site ||||||||||||||||||||||||||||||||||||||||||||||||||||||||||||||||||||||||||||||||||||||||||||||||||||||||||||||||||||||||||||||||||||||||||||||||||||||||||||||||||||||||||||||||||||||||||||||||||||||||||||||||||||||||||||||||||||||||||||||||||||||||||||||||||||||||||||||||||||||||||||||||||||||||||||||||||||||||||||||||||||||||||||||||||||||||||||DNN
yes|yes|no|none|VA44|10.1016/j.gene.2022.146339|Nkemngo|"Xeno-monitoring of molecular drivers of artemisinin and partner drug
resistance in P. falciparum populations in malaria vectors across Cameroon"|Gene|2024||||Cameroon|Bonaberi|4.08220972|9.66497167|||||||||||||||within 5km|gps coords|paper/map|||Bonaberi is an urbanised locality.coordinates were provided in the paper where it was second checked in google earth and was just around the same locality.|na|na|na||||||||||||yes|no|no|10|10|2019|2019||wet||searched online where they said here are four seasons in cameroon light rains from may to june, short dry season from july to october, heavy rainfall from october to november and a long dry season from decemder to may.|coluzzii (gambiae M)||morph|genetic/molecular|||||||||||||||||||||||||||||||||||||||||HLC|||||5||||||5|||||||||||infection rates were divided into head/thorax and abdomen. I added the two to come up with the total infection rates in each site ||||||||||||||||||||||||||||||||||||||||||||||||||||||||||||||||||||||||||||||||||||||||||||||||||||||||||||||||||||||||||||||||||||||||||||||||||||||||||||||||||||||||||||||||||||||||||||||||||||||||||||||||||||||||||||||||||||||||||||||||||||||||||||||||||||||||||||||||||||||||||||||||||||||||||||||||||||||||||||||||||||||||||||||||||||||||||||DNN
yes|yes|no|none|VA44|10.1016/j.gene.2022.146339|Nkemngo|"Xeno-monitoring of molecular drivers of artemisinin and partner drug
resistance in P. falciparum populations in malaria vectors across Cameroon"|Gene|2022||||Cameroon|Elende|3.69924167|11.55790556|||||||||||||||within 5km|gps coords|paper/map|||rural area.coordinates were provided in the paper where it was second checked in google earth and was just around the same locality.|na|na|na||||||||||||yes|no|no|4|4|2019|2019||dry||searched online where they said here are four seasons in cameroon light rains from may to june, short dry season from july to october, heavy rainfall from october to november and a long dry season from decemder to may.|funestus||morph|genetic/molecular|thatch||||||||||||||||||||||||||||||||||||||||HRI|||||125||||||112|||||||||||infection rates were divided into head/thorax and abdomen. I added the two to come up with the total infection rates in each site ||||||||||||||||||||||||||||||||||||||||||||||||||||||||||||||||||||||||||||||||||||||||||||||||||||||||||||||||||||||||||||||||||||||||||||||||||||||||||||||||||||||||||||||||||||||||||||||||||||||||||||||||||||||||||||||||||||||||||||||||||||||||||||||||||||||||||||||||||||||||||||||||||||||||||||||||||||||||||||||||||||||||||||||||||||||||||||DNN
yes|yes|no|none|VA44|10.1016/j.gene.2022.146339|Nkemngo|"Xeno-monitoring of molecular drivers of artemisinin and partner drug
resistance in P. falciparum populations in malaria vectors across Cameroon"|Gene|2022||||Cameroon|Elende|3.69924167|11.55790556|||||||||||||||within 5km|gps coords|paper/map|||rural area.coordinates were provided in the paper where it was second checked in google earth and was just around the same locality.|na|na|na||||||||||||yes|no|no|6|6|2019|2019||wet||searched online where they said here are four seasons in cameroon light rains from may to june, short dry season from july to october, heavy rainfall from october to november and a long dry season from decemder to may.|funestus||morph|genetic/molecular|thatch||||||||||||||||||||||||||||||||||||||||HRI|||||125||||||112|||||||||||infection rates were divided into head/thorax and abdomen. I added the two to come up with the total infection rates in each site ||||||||||||||||||||||||||||||||||||||||||||||||||||||||||||||||||||||||||||||||||||||||||||||||||||||||||||||||||||||||||||||||||||||||||||||||||||||||||||||||||||||||||||||||||||||||||||||||||||||||||||||||||||||||||||||||||||||||||||||||||||||||||||||||||||||||||||||||||||||||||||||||||||||||||||||||||||||||||||||||||||||||||||||||||||||||||||DNN
yes|yes|no|none|VA44|10.1016/j.gene.2022.146339|Nkemngo|"Xeno-monitoring of molecular drivers of artemisinin and partner drug
resistance in P. falciparum populations in malaria vectors across Cameroon"|Gene|2022||||Cameroon|Elon|4.23051|11.6012|||||||||||||||within 5km|gps coords|paper/map|||rural area.coordinates were provided in the paper where it was second checked in google earth and was just around the same locality.|na|na|na||||||||||||yes|no|no|4|4|2019|2019||dry||searched online where they said here are four seasons in cameroon light rains from may to june, short dry season from july to october, heavy rainfall from october to november and a long dry season from decemder to may.|funestus||morph|genetic/molecular|thatch||||||||||||||||||||||||||||||||||||||||HRI|||||35||||||33|||||||||||infection rates were divided into head/thorax and abdomen. I added the two to come up with the total infection rates in each site ||||||||||||||||||||||||||||||||||||||||||||||||||||||||||||||||||||||||||||||||||||||||||||||||||||||||||||||||||||||||||||||||||||||||||||||||||||||||||||||||||||||||||||||||||||||||||||||||||||||||||||||||||||||||||||||||||||||||||||||||||||||||||||||||||||||||||||||||||||||||||||||||||||||||||||||||||||||||||||||||||||||||||||||||||||||||||||DNN
yes|yes|no|none|VA44|10.1016/j.gene.2022.146339|Nkemngo|"Xeno-monitoring of molecular drivers of artemisinin and partner drug
resistance in P. falciparum populations in malaria vectors across Cameroon"|Gene|2022||||Cameroon|Elon|4.23051|11.6012|||||||||||||||within 5km|gps coords|paper/map|||rural area.coordinates were provided in the paper where it was second checked in google earth and was just around the same locality.|na|na|na||||||||||||yes|no|no|1|1|2020|2020||dry||searched online where they said here are four seasons in cameroon light rains from may to june, short dry season from july to october, heavy rainfall from october to november and a long dry season from decemder to may.|funestus||morph|genetic/molecular|thatch||||||||||||||||||||||||||||||||||||||||HRI|||||35||||||33|||||||||||infection rates were divided into head/thorax and abdomen. I added the two to come up with the total infection rates in each site ||||||||||||||||||||||||||||||||||||||||||||||||||||||||||||||||||||||||||||||||||||||||||||||||||||||||||||||||||||||||||||||||||||||||||||||||||||||||||||||||||||||||||||||||||||||||||||||||||||||||||||||||||||||||||||||||||||||||||||||||||||||||||||||||||||||||||||||||||||||||||||||||||||||||||||||||||||||||||||||||||||||||||||||||||||||||||||DNN
yes|yes|no|none|VA44|10.1016/j.gene.2022.146339|Nkemngo|"Xeno-monitoring of molecular drivers of artemisinin and partner drug
resistance in P. falciparum populations in malaria vectors across Cameroon"|Gene|2022||||Cameroon|Obout|3.11667|12.0833|||||||||||||||within 5km|gps coords|paper/map|||rural area.coordinates were provided in the paper where it was second checked in google earth and was just around the same locality.|na|na|na|||||||||||||no|no|5|5|2016|2016||wet||searched online where they said here are four seasons in cameroon light rains from may to june, short dry season from july to october, heavy rainfall from october to november and a long dry season from decemder to may.|funestus||morph|genetic/molecular|thatch||||||||||||||||||||||||||||||||||||||||HRI|||||72||||||57|||||||||||||||||||||||||||||||||||||||||||||||||||||||||||||||||||||||||||||||||||||||||||||||||||||||||||||||||||||||||||||||||||||||||||||||||||||||||||||||||||||||||||||||||||||||||||||||||||||||||||||||||||||||||||||||||||||||||||||||||||||||||||||||||||||||||||||||||||||||||||||||||||||||||||||||||||||||||||||||||||||||||||||||||||||||||||||||||||||||DNN
yes|yes|no|none|VA44|10.1016/j.gene.2022.146339|Nkemngo|"Xeno-monitoring of molecular drivers of artemisinin and partner drug
resistance in P. falciparum populations in malaria vectors across Cameroon"|Gene|2022||||Cameroon|Mangoum|5.51666669|10.61666669|||||||||||||||within 5km|gps coords|paper/map|||rural area.coordinates were provided in the paper where it was second checked in google earth and was just around the same locality.|na|na|na||||||||||||yes|no|no|4|4|2019|2019||dry||searched online where they said here are four seasons in cameroon light rains from may to june, short dry season from july to october, heavy rainfall from october to november and a long dry season from decemder to may.|gambiae (S)||morph|genetic/molecular|||||||||||||||||||||||||||||||||||||||||HLC|HRI||||51||||||46|||||||||||||||||||||||||||||||||||||||||||||||||||||||||||||||||||||||||||||||||||||||||||||||||||||||||||||||||||||||||||||||||||||||||||||||||||||||||||||||||||||||||||||||||||||||||||||||||||||||||||||||||||||||||||||||||||||||||||||||||||||||||||||||||||||||||||||||||||||||||||||||||||||||||||||||||||||||||||||||||||||||||||||||||||||||||||||||||||||||DNN
yes|yes|no|none|VA44|10.1016/j.gene.2022.146339|Nkemngo|"Xeno-monitoring of molecular drivers of artemisinin and partner drug
resistance in P. falciparum populations in malaria vectors across Cameroon"|Gene|2022||||Cameroon|Mangoum|5.51666669|10.61666669|||||||||||||||within 5km|gps coords|paper/map|||coordinates were provided in the paper where it was second checked in google earth and was just around the same locality.|na|na|na||||||||||||yes|no|no|10|10|2020|2020||wet||searched online where they said here are four seasons in cameroon light rains from may to june, short dry season from july to october, heavy rainfall from october to november and a long dry season from decemder to may.|gambiae (S)||morph|genetic/molecular|||||||||||||||||||||||||||||||||||||||||HLC|HRI||||51||||||46|||||||||||||||||||||||||||||||||||||||||||||||||||||||||||||||||||||||||||||||||||||||||||||||||||||||||||||||||||||||||||||||||||||||||||||||||||||||||||||||||||||||||||||||||||||||||||||||||||||||||||||||||||||||||||||||||||||||||||||||||||||||||||||||||||||||||||||||||||||||||||||||||||||||||||||||||||||||||||||||||||||||||||||||||||||||||||||||||||||||DNN
yes|yes|no|none|VA44|10.1016/j.gene.2022.146339|Nkemngo|"Xeno-monitoring of molecular drivers of artemisinin and partner drug
resistance in P. falciparum populations in malaria vectors across Cameroon"|Gene|2022||||Cameroon|Mibellon|6.76666669|12.00277778|||||||||||||||within 5km|gps coords|paper/map|||coordinates were provided in the paper where it was second checked in google earth and was just around the same locality.|na|na|na||||||||||||yes|no|no|8|8|2019|2019||wet||searched online where they said here are four seasons in cameroon light rains from may to june, short dry season from july to october, heavy rainfall from october to november and a long dry season from decemder to may.|funestus||morph|genetic/molecular|thatch||||||||||||||||||||||||||||||||||||||||HRI|||||181||||||118|||||||||||infection rates were divided into head/thorax and abdomen. I added the two to come up with the total infection rates in each site ||||||||||||||||||||||||||||||||||||||||||||||||||||||||||||||||||||||||||||||||||||||||||||||||||||||||||||||||||||||||||||||||||||||||||||||||||||||||||||||||||||||||||||||||||||||||||||||||||||||||||||||||||||||||||||||||||||||||||||||||||||||||||||||||||||||||||||||||||||||||||||||||||||||||||||||||||||||||||||||||||||||||||||||||||||||||||||DNN
yes|yes|no|none|VA44|10.1016/j.gene.2022.146339|Nkemngo|"Xeno-monitoring of molecular drivers of artemisinin and partner drug
resistance in P. falciparum populations in malaria vectors across Cameroon"|Gene|2022||||Cameroon|Mibellon|6.76666669|12.00277778|||||||||||||||within 5km|gps coords|paper/map|||coordinates were provided in the paper where it was second checked in google earth and was just around the same locality.|na|na|na||||||||||||yes|no|no|9|9|2019|2019||wet||searched online where they said here are four seasons in cameroon light rains from may to june, short dry season from july to october, heavy rainfall from october to november and a long dry season from decemder to may.|funestus||morph|genetic/molecular|thatch||||||||||||||||||||||||||||||||||||||||HRI|||||181||||||118|||||||||||infection rates were divided into head/thorax and abdomen. I added the two to come up with the total infection rates in each site ||||||||||||||||||||||||||||||||||||||||||||||||||||||||||||||||||||||||||||||||||||||||||||||||||||||||||||||||||||||||||||||||||||||||||||||||||||||||||||||||||||||||||||||||||||||||||||||||||||||||||||||||||||||||||||||||||||||||||||||||||||||||||||||||||||||||||||||||||||||||||||||||||||||||||||||||||||||||||||||||||||||||||||||||||||||||||||DNN
yes|yes|no|none|VA44|10.1016/j.gene.2022.146339|Nkemngo|"Xeno-monitoring of molecular drivers of artemisinin and partner drug
resistance in P. falciparum populations in malaria vectors across Cameroon"|Gene|2022||||Cameroon|Gounougou|9.05000003|13.73305556|||||||||||||||within 5km|gps coords|paper/map|||coordinates were provided in the paper where it was second checked in google earth and was just around the same locality.|na|na|na||||||||||||yes|no|no|4|4|2019|2019||dry||searched online where they said here are four seasons in cameroon light rains from may to june, short dry season from july to october, heavy rainfall from october to november and a long dry season from decemder to may.|coluzzii (gambiae M)||morph|genetic/molecular|||||||||||||||||||||||||||||||||||||||||HLC|||||63||||||43|||||||||||infection rates were divided into head/thorax and abdomen. I added the two to come up with the total infection rates in each site ||||||||||||||||||||||||||||||||||||||||||||||||||||||||||||||||||||||||||||||||||||||||||||||||||||||||||||||||||||||||||||||||||||||||||||||||||||||||||||||||||||||||||||||||||||||||||||||||||||||||||||||||||||||||||||||||||||||||||||||||||||||||||||||||||||||||||||||||||||||||||||||||||||||||||||||||||||||||||||||||||||||||||||||||||||||||||||DNN
yes|yes|no|none|VA44|10.1016/j.gene.2022.146339|Nkemngo|"Xeno-monitoring of molecular drivers of artemisinin and partner drug
resistance in P. falciparum populations in malaria vectors across Cameroon"|Gene|2022||||Cameroon|Gounougou|9.05000003|13.73305556|||||||||||||||within 5km|gps coords|paper/map|||coordinates were provided in the paper where it was second checked in google earth and was just around the same locality.|na|na|na||||||||||||yes|no|no|6|6|2020|2020||wet||searched online where they said here are four seasons in cameroon light rains from may to june, short dry season from july to october, heavy rainfall from october to november and a long dry season from decemder to may.|coluzzii (gambiae M)||morph|genetic/molecular|||||||||||||||||||||||||||||||||||||||||HLC|||||63||||||43|||||||||||infection rates were divided into head/thorax and abdomen. I added the two to come up with the total infection rates in each site ||||||||||||||||||||||||||||||||||||||||||||||||||||||||||||||||||||||||||||||||||||||||||||||||||||||||||||||||||||||||||||||||||||||||||||||||||||||||||||||||||||||||||||||||||||||||||||||||||||||||||||||||||||||||||||||||||||||||||||||||||||||||||||||||||||||||||||||||||||||||||||||||||||||||||||||||||||||||||||||||||||||||||||||||||||||||||||DNN
yes|yes|no|none|VA44|10.1016/j.gene.2022.146339|Nkemngo|"Xeno-monitoring of molecular drivers of artemisinin and partner drug
resistance in P. falciparum populations in malaria vectors across Cameroon"|Gene|2022||||Cameroon|Simatou|10.56666669|14.50000003|||||||||||||||within 5km|gps coords|paper/map|||coordinates were provided in the paper where it was second checked in google earth and was just around the same locality.|na|na|na||||||||||||yes|no|no|4|4|2019|2019||dry||searched online where they said here are four seasons in cameroon light rains from may to june, short dry season from july to october, heavy rainfall from october to november and a long dry season from decemder to may.|coluzzii (gambiae M)||morph|genetic/molecular|||||||||||||||||||||||||||||||||||||||||HLC|HRI||||46||||||41|||||||||||infection rates were divided into head/thorax and abdomen. I added the two to come up with the total infection rates in each site ||||||||||||||||||||||||||||||||||||||||||||||||||||||||||||||||||||||||||||||||||||||||||||||||||||||||||||||||||||||||||||||||||||||||||||||||||||||||||||||||||||||||||||||||||||||||||||||||||||||||||||||||||||||||||||||||||||||||||||||||||||||||||||||||||||||||||||||||||||||||||||||||||||||||||||||||||||||||||||||||||||||||||||||||||||||||||||DNN
yes|yes|no|none|VA44|10.1016/j.gene.2022.146339|Nkemngo|"Xeno-monitoring of molecular drivers of artemisinin and partner drug
resistance in P. falciparum populations in malaria vectors across Cameroon"|Gene|2022||||Cameroon|Simatou|10.56666669|14.50000003|||||||||||||||within 5km|gps coords|paper/map|||coordinates were provided in the paper where it was second checked in google earth and was just around the same locality.|na|na|na||||||||||||yes|no|no|3|3|2020|2020||dry||searched online where they said here are four seasons in cameroon light rains from may to june, short dry season from july to october, heavy rainfall from october to november and a long dry season from decemder to may.|coluzzii (gambiae M)||morph|genetic/molecular|||||||||||||||||||||||||||||||||||||||||HLC|HRI||||46||||||41|||||||||||infection rates were divided into head/thorax and abdomen. I added the two to come up with the total infection rates in each site ||||||||||||||||||||||||||||||||||||||||||||||||||||||||||||||||||||||||||||||||||||||||||||||||||||||||||||||||||||||||||||||||||||||||||||||||||||||||||||||||||||||||||||||||||||||||||||||||||||||||||||||||||||||||||||||||||||||||||||||||||||||||||||||||||||||||||||||||||||||||||||||||||||||||||||||||||||||||||||||||||||||||||||||||||||||||||||DNN
yes|yes|no|none|VA44|10.1016/j.gene.2022.146339|Nkemngo|"Xeno-monitoring of molecular drivers of artemisinin and partner drug
resistance in P. falciparum populations in malaria vectors across Cameroon"|Gene|2022||||Cameroon|Simatou|10.56666669|14.50000003|||||||||||||||within 5km|gps coords|paper/map|||coordinates were provided in the paper where it was second checked in google earth and was just around the same locality.|na|na|na||||||||||||yes|no|no|6|7|2020|2020||wet||searched online where they said here are four seasons in cameroon light rains from may to june, short dry season from july to october, heavy rainfall from october to november and a long dry season from decemder to may.|coluzzii (gambiae M)||morph|genetic/molecular|||||||||||||||||||||||||||||||||||||||||HLC|HRI||||46||||||41|||||||||||infection rates were divided into head/thorax and abdomen. I added the two to come up with the total infection rates in each site ||||||||||||||||||||||||||||||||||||||||||||||||||||||||||||||||||||||||||||||||||||||||||||||||||||||||||||||||||||||||||||||||||||||||||||||||||||||||||||||||||||||||||||||||||||||||||||||||||||||||||||||||||||||||||||||||||||||||||||||||||||||||||||||||||||||||||||||||||||||||||||||||||||||||||||||||||||||||||||||||||||||||||||||||||||||||||||DNN
no|no|no|none|VA45|https://doi.org/10.1007/s11673-022-10172-0|Wise|"An Ethical Overview of the CRISPR-Based Elimination
of Anopheles gambiae to Combat Malaria"|Bioethical Inquiry|2022||no|No data||||||||||||||||||||||||||||||||||||||||||||||||||||||||||||||||||||||||||||||||||||||||||||||||||||||||||||||||||||||||||||||||||||||||||||||||||||||||||||||||||||||||||||||||||||||||||||||||||||||||||||||||||||||||||||||||||||||||||||||||||||||||||||||||||||||||||||||||||||||||||||||||||||||||||||||||||||||||||||||||||||||||||||||||||||||||||||||||||||||||||||||||||||||||||||||||||||||||||||||||||||||||||||||||||||||||||||||||||||||||||||||||||||||||||||||||DNN
no|no|no|none|VA46|https://doi.org/10.1186/s13071-022-05181-2|Tarimo|"Seasonality and transmissibility
of Plasmodium ovale in Bagamoyo District,
Tanzania"|Parasites & Vectors|2022||no|No data||||||||||||||||||||||||||||||||||||||||||||||||||||||||||||||||||||||||||||||||||||||||||||||||||||||||||||||||||||||||||||||||||||||||||||||||||||||||||||||||||||||||||||||||||||||||||||||||||||||||||||||||||||||||||||||||||||||||||||||||||||||||||||||||||||||||||||||||||||||||||||||||||||||||||||||||||||||||||||||||||||||||||||||||||||||||||||||||||||||||||||||||||||||||||||||||||||||||||||||||||||||||||||||||||||||||||||||||||||||||||||||||||||||||||||||||DNN
no|no|yes|both|VA47|https://doi.org/10.1186/s13071-022-05174-1|Binyang|"Distribution of acetylcholinesterase (Ace‑1R)
target‑site G119S mutation and resistance
to carbamates and organophosphates
in Anopheles gambiae sensu lato populations
from Cameroon"|Parasites & Vectors|2022||||Cameroon|Nkolbisson|4.45|11.75|||||||||||||||within 5km|gps coords|paper/map|||coordinates were provided in the paper where it was second checked in google earth and was just around the same locality.|||||Larvae|||||||||"Larval and pupae collection samling method was used
in the localities of Nyabessang, Nkolbisson, Bertoua,
Edéa, Bonaberi and Ebolowa, where densities of immature
stages of An. gambiae s.l. were high. In each locality,
larvae (L1 to L4) and pupae were collected"|yes|no|no|9|11|2019|2019||wet||searched online where they said here are four seasons in cameroon light rains from may to june, short dry season from july to october, heavy rainfall from october to november and a long dry season from decemder to may.|gambiae (S)||morph|genetic/molecular|||||||||||||||||||||||||||||||||||||||||||||||||||||||||||||||||||||||||||||||||||||||||||||||||||||||||||||||||||||||||||||||||||||||||||||||||||||||||||||||||||||||||||||||||||||||||||pupae + larvae|Puddle||||||||||||pupae + larvae|Pond||||||||||||||||||||||||||||||||||F0|larvae|2|5|WHO Bioassay 2018|bendiocarb|carbamate|Acetylcholinesterase (AChE) inhibitors|1A|0.1|||||||47|39|||||||||||61||||||||||||||||||||||||||||||||||||||||||||||||||||||||||||||||||||||||||||||||||||||||genetic/molecular|47|F0|source says live and dead mosquitoes after bioassays were used for molecular species identification|38|80.8|0||9|19.2|0.85|0.15|||||||||||||||||||||||||||||||||||||||||||||||||DNN
no|no|yes|both|VA47|https://doi.org/10.1186/s13071-022-05174-1|Binyang|"Distribution of acetylcholinesterase (Ace‑1R)
target‑site G119S mutation and resistance
to carbamates and organophosphates
in Anopheles gambiae sensu lato populations
from Cameroon"|Parasites & Vectors|2022||||Cameroon|Nkolbisson|4.45|11.75|||||||||||||||within 5km|gps coords|paper/map|||coordinates were provided in the paper where it was second checked in google earth and was just around the same locality.|||||Larvae|||||||||"Larval and pupae collection samling method was used
in the localities of Nyabessang, Nkolbisson, Bertoua,
Edéa, Bonaberi and Ebolowa, where densities of immature
stages of An. gambiae s.l. were high. In each locality,
larvae (L1 to L4) and pupae were collected"|yes|no|no|9|11|2019|2019||wet||searched online where they said here are four seasons in cameroon light rains from may to june, short dry season from july to october, heavy rainfall from october to november and a long dry season from decemder to may.|gambiae (S)||morph|genetic/molecular|||||||||||||||||||||||||||||||||||||||||||||||||||||||||||||||||||||||||||||||||||||||||||||||||||||||||||||||||||||||||||||||||||||||||||||||||||||||||||||||||||||||||||||||||||||||||||pupae + larvae|Puddle||||||||||||pupae + larvae|Pond||||||||||||||||||||||||||||||||||F0|larvae|2|5|WHO Bioassay 2018|propoxur|carbamate|Acetylcholinesterase (AChE) inhibitors|1A|1|||||||||||||||||||||||||||||||||||||||||||||||||||||||||||||||||||||||||||||||||||||||||||||||||||||||||||||||||||||||||||||||||||||||||||||||||||||||||||||||||||||||DNN
no|no|yes|both|VA47|https://doi.org/10.1186/s13071-022-05174-1|Binyang|"Distribution of acetylcholinesterase (Ace‑1R)
target‑site G119S mutation and resistance
to carbamates and organophosphates
in Anopheles gambiae sensu lato populations
from Cameroon"|Parasites & Vectors|2022||||Cameroon|Nkolbisson|4.45|11.75|||||||||||||||within 5km|gps coords|paper/map|||coordinates were provided in the paper where it was second checked in google earth and was just around the same locality.|||||Larvae|||||||||"Larval and pupae collection samling method was used
in the localities of Nyabessang, Nkolbisson, Bertoua,
Edéa, Bonaberi and Ebolowa, where densities of immature
stages of An. gambiae s.l. were high. In each locality,
larvae (L1 to L4) and pupae were collected"|yes|no|no|9|11|2019|2019||wet||searched online where they said here are four seasons in cameroon light rains from may to june, short dry season from july to october, heavy rainfall from october to november and a long dry season from decemder to may.|gambiae (S)||morph|genetic/molecular|||||||||||||||||||||||||||||||||||||||||||||||||||||||||||||||||||||||||||||||||||||||||||||||||||||||||||||||||||||||||||||||||||||||||||||||||||||||||||||||||||||||||||||||||||||||||||pupae + larvae|Puddle||||||||||||pupae + larvae|Pond||||||||||||||||||||||||||||||||||F0|larvae|2|5|WHO Bioassay 2018|pirimiphos-methyl|organophosphate|Acetylcholinesterase (AChE) inhibitors|1B|1|||||||||||||||||||||||||||||||||||||||||||||||||||||||||||||||||||||||||||||||||||||||||||||||||||||||||||||||||||||||||||||||||||||||||||||||||||||||||||||||||||||||DNN
no|no|yes|both|VA47|https://doi.org/10.1186/s13071-022-05174-1|Binyang|"Distribution of acetylcholinesterase (Ace‑1R)
target‑site G119S mutation and resistance
to carbamates and organophosphates
in Anopheles gambiae sensu lato populations
from Cameroon"|Parasites & Vectors|2022||||Cameroon|Nkolbisson|4.45|11.75|||||||||||||||within 5km|gps coords|paper/map|||coordinates were provided in the paper where it was second checked in google earth and was just around the same locality.|||||Larvae|||||||||"Larval and pupae collection samling method was used
in the localities of Nyabessang, Nkolbisson, Bertoua,
Edéa, Bonaberi and Ebolowa, where densities of immature
stages of An. gambiae s.l. were high. In each locality,
larvae (L1 to L4) and pupae were collected"|yes|no|no|9|11|2019|2019||wet||searched online where they said here are four seasons in cameroon light rains from may to june, short dry season from july to october, heavy rainfall from october to november and a long dry season from decemder to may.|coluzzii (gambiae M)||morph|genetic/molecular|||||||||||||||||||||||||||||||||||||||||||||||||||||||||||||||||||||||||||||||||||||||||||||||||||||||||||||||||||||||||||||||||||||||||||||||||||||||||||||||||||||||||||||||||||||||||||pupae + larvae|Puddle||||||||||||pupae + larvae|Pond||||||||||||||||||||||||||||||||||F0|larvae|2|5|WHO Bioassay 2018|bendiocarb|carbamate|Acetylcholinesterase (AChE) inhibitors|1A|0.1|||||||14|14|||||||||||61||||||||||||||||||||||||||||||||||||||||||||||||||||||||||||||||||||||||||||||||||||||||genetic/molecular|14|F0|source says live and dead mosquitoes after bioassays were used for molecular species identification|14|100|0||0||1|0|||||||||||||||||||||||||||||||||||||||||||||||||DNN
no|no|yes|both|VA47|https://doi.org/10.1186/s13071-022-05174-1|Binyang|"Distribution of acetylcholinesterase (Ace‑1R)
target‑site G119S mutation and resistance
to carbamates and organophosphates
in Anopheles gambiae sensu lato populations
from Cameroon"|Parasites & Vectors|2022||||Cameroon|Nkolbisson|4.45|11.75|||||||||||||||within 5km|gps coords|paper/map|||coordinates were provided in the paper where it was second checked in google earth and was just around the same locality.|||||Larvae|||||||||"Larval and pupae collection samling method was used
in the localities of Nyabessang, Nkolbisson, Bertoua,
Edéa, Bonaberi and Ebolowa, where densities of immature
stages of An. gambiae s.l. were high. In each locality,
larvae (L1 to L4) and pupae were collected"|yes|no|no|9|11|2019|2019||wet||searched online where they said here are four seasons in cameroon light rains from may to june, short dry season from july to october, heavy rainfall from october to november and a long dry season from decemder to may.|coluzzii (gambiae M)||morph|genetic/molecular|||||||||||||||||||||||||||||||||||||||||||||||||||||||||||||||||||||||||||||||||||||||||||||||||||||||||||||||||||||||||||||||||||||||||||||||||||||||||||||||||||||||||||||||||||||||||||pupae + larvae|Puddle||||||||||||pupae + larvae|Pond||||||||||||||||||||||||||||||||||F0|larvae|2|5|WHO Bioassay 2018|propoxur|carbamate|Acetylcholinesterase (AChE) inhibitors|1A|1|||||||||||||||||||||||||||||||||||||||||||||||||||||||||||||||||||||||||||||||||||||||||||||||||||||||||||||||||||||||||||||||||||||||||||||||||||||||||||||||||||||||DNN
no|no|yes|both|VA47|https://doi.org/10.1186/s13071-022-05174-1|Binyang|"Distribution of acetylcholinesterase (Ace‑1R)
target‑site G119S mutation and resistance
to carbamates and organophosphates
in Anopheles gambiae sensu lato populations
from Cameroon"|Parasites & Vectors|2022||||Cameroon|Nkolbisson|4.45|11.75|||||||||||||||within 5km|gps coords|paper/map|||coordinates were provided in the paper where it was second checked in google earth and was just around the same locality.|||||Larvae|||||||||"Larval and pupae collection samling method was used
in the localities of Nyabessang, Nkolbisson, Bertoua,
Edéa, Bonaberi and Ebolowa, where densities of immature
stages of An. gambiae s.l. were high. In each locality,
larvae (L1 to L4) and pupae were collected"|yes|no|no|9|11|2019|2019||wet||searched online where they said here are four seasons in cameroon light rains from may to june, short dry season from july to october, heavy rainfall from october to november and a long dry season from decemder to may.|coluzzii (gambiae M)||morph|genetic/molecular|||||||||||||||||||||||||||||||||||||||||||||||||||||||||||||||||||||||||||||||||||||||||||||||||||||||||||||||||||||||||||||||||||||||||||||||||||||||||||||||||||||||||||||||||||||||||||pupae + larvae|Puddle||||||||||||pupae + larvae|Pond||||||||||||||||||||||||||||||||||F0|larvae|2|5|WHO Bioassay 2018|pirimiphos-methyl|organophosphate|Acetylcholinesterase (AChE) inhibitors|1B|1|||||||||||||||||||||||||||||||||||||||||||||||||||||||||||||||||||||||||||||||||||||||||||||||||||||||||||||||||||||||||||||||||||||||||||||||||||||||||||||||||||||||DNN
no|no|yes|both|VA47|https://doi.org/10.1186/s13071-022-05174-1|Binyang|"Distribution of acetylcholinesterase (Ace‑1R)
target‑site G119S mutation and resistance
to carbamates and organophosphates
in Anopheles gambiae sensu lato populations
from Cameroon"|Parasites & Vectors|2022||||Cameroon|Bertoua|4.95000003|17.133|||||||||||||||within 5km|gps coords|paper/map|||coordinates were provided in the paper where it was second checked in google earth and was just around the same locality.|||||Larvae|||||||||"Larval and pupae collection samling method was used
in the localities of Nyabessang, Nkolbisson, Bertoua,
Edéa, Bonaberi and Ebolowa, where densities of immature
stages of An. gambiae s.l. were high. In each locality,
larvae (L1 to L4) and pupae were collected"|yes|no|no|9|11|2019|2019||wet||searched online where they said here are four seasons in cameroon light rains from may to june, short dry season from july to october, heavy rainfall from october to november and a long dry season from decemder to may.|gambiae (S)||morph|genetic/molecular|||||||||||||||||||||||||||||||||||||||||||||||||||||||||||||||||||||||||||||||||||||||||||||||||||||||||||||||||||||||||||||||||||||||||||||||||||||||||||||||||||||||||||||||||||||||||||pupae + larvae|Puddle||||||||||||pupae + larvae|Pond||||||||||||||||||||||||||||||||||F0|larvae|2|5|WHO Bioassay 2018|bendiocarb|carbamate|Acetylcholinesterase (AChE) inhibitors|1A|0.1|||||||17|4|||||||||||188||||||||||||||||||||||||||||||||||||||||||||||||||||||||||||||||||||||||||||||||||||||||genetic/molecular|17|F0|source says live and dead mosquitoes after bioassays were used for molecular species identification|10|58.82|0||7|41.18|0.59|0.41|||||||||||||||||||||||||||||||||||||||||||||||||DNN
no|no|yes|both|VA47|https://doi.org/10.1186/s13071-022-05174-1|Binyang|"Distribution of acetylcholinesterase (Ace‑1R)
target‑site G119S mutation and resistance
to carbamates and organophosphates
in Anopheles gambiae sensu lato populations
from Cameroon"|Parasites & Vectors|2022||||Cameroon|Bertoua|4.95000003|17.133|||||||||||||||within 5km|gps coords|paper/map|||coordinates were provided in the paper where it was second checked in google earth and was just around the same locality.|||||Larvae|||||||||"Larval and pupae collection samling method was used
in the localities of Nyabessang, Nkolbisson, Bertoua,
Edéa, Bonaberi and Ebolowa, where densities of immature
stages of An. gambiae s.l. were high. In each locality,
larvae (L1 to L4) and pupae were collected"|yes|no|no|9|11|2019|2019||wet||searched online where they said here are four seasons in cameroon light rains from may to june, short dry season from july to october, heavy rainfall from october to november and a long dry season from decemder to may.|gambiae (S)||morph|genetic/molecular|||||||||||||||||||||||||||||||||||||||||||||||||||||||||||||||||||||||||||||||||||||||||||||||||||||||||||||||||||||||||||||||||||||||||||||||||||||||||||||||||||||||||||||||||||||||||||pupae + larvae|Puddle||||||||||||pupae + larvae|Pond||||||||||||||||||||||||||||||||||F0|larvae|2|5|WHO Bioassay 2018|propoxur|carbamate|Acetylcholinesterase (AChE) inhibitors|1A|1|||||||||||||||||||||||||||||||||||||||||||||||||||||||||||||||||||||||||||||||||||||||||||||||||||||||||||||||||||||||||||||||||||||||||||||||||||||||||||||||||||||||DNN
no|no|yes|both|VA47|https://doi.org/10.1186/s13071-022-05174-1|Binyang|"Distribution of acetylcholinesterase (Ace‑1R)
target‑site G119S mutation and resistance
to carbamates and organophosphates
in Anopheles gambiae sensu lato populations
from Cameroon"|Parasites & Vectors|2022||||Cameroon|Bertoua|4.95000003|17.133|||||||||||||||within 5km|gps coords|paper/map|||coordinates were provided in the paper where it was second checked in google earth and was just around the same locality.|||||Larvae|||||||||"Larval and pupae collection samling method was used
in the localities of Nyabessang, Nkolbisson, Bertoua,
Edéa, Bonaberi and Ebolowa, where densities of immature
stages of An. gambiae s.l. were high. In each locality,
larvae (L1 to L4) and pupae were collected"|yes|no|no|9|11|2019|2019||wet||searched online where they said here are four seasons in cameroon light rains from may to june, short dry season from july to october, heavy rainfall from october to november and a long dry season from decemder to may.|gambiae (S)||morph|genetic/molecular|||||||||||||||||||||||||||||||||||||||||||||||||||||||||||||||||||||||||||||||||||||||||||||||||||||||||||||||||||||||||||||||||||||||||||||||||||||||||||||||||||||||||||||||||||||||||||pupae + larvae|Puddle||||||||||||pupae + larvae|Pond||||||||||||||||||||||||||||||||||F0|larvae|2|5|WHO Bioassay 2018|pirimiphos-methyl|organophosphate|Acetylcholinesterase (AChE) inhibitors|1B|1|||||||17|6|||||||||||||||||||||||||||||||||||||||||||||||||||||||||||||||||||||||||||||||||||||||||||||||||||||||||||||||||||||||||||||||||||||||||||||||||||||||||||||||DNN
no|no|yes|both|VA47|https://doi.org/10.1186/s13071-022-05174-1|Binyang|"Distribution of acetylcholinesterase (Ace‑1R)
target‑site G119S mutation and resistance
to carbamates and organophosphates
in Anopheles gambiae sensu lato populations
from Cameroon"|Parasites & Vectors|2022||||Cameroon|Bertoua|4.95000003|17.133|||||||||||||||within 5km|gps coords|paper/map|||coordinates were provided in the paper where it was second checked in google earth and was just around the same locality.|||||Larvae|||||||||"Larval and pupae collection samling method was used
in the localities of Nyabessang, Nkolbisson, Bertoua,
Edéa, Bonaberi and Ebolowa, where densities of immature
stages of An. gambiae s.l. were high. In each locality,
larvae (L1 to L4) and pupae were collected"|yes|no|no|9|11|2019|2019||wet||searched online where they said here are four seasons in cameroon light rains from may to june, short dry season from july to october, heavy rainfall from october to november and a long dry season from decemder to may.|coluzzii (gambiae M)||morph|genetic/molecular|||||||||||||||||||||||||||||||||||||||||||||||||||||||||||||||||||||||||||||||||||||||||||||||||||||||||||||||||||||||||||||||||||||||||||||||||||||||||||||||||||||||||||||||||||||||||||pupae + larvae|Puddle||||||||||||pupae + larvae|Pond||||||||||||||||||||||||||||||||||F0|larvae|2|5|WHO Bioassay 2018|bendiocarb|carbamate|Acetylcholinesterase (AChE) inhibitors|1A|0.1|||||||171|80|||||||||||188||||||||||||||||||||||||||||||||||||||||||||||||||||||||||||||||||||||||||||||||||||||||genetic/molecular|171|F0|source says live and dead mosquitoes after bioassays were used for molecular species identification|171|100|0||0||1|0|||||||||||||||||||||||||||||||||||||||||||||||||DNN
no|no|yes|both|VA47|https://doi.org/10.1186/s13071-022-05174-1|Binyang|"Distribution of acetylcholinesterase (Ace‑1R)
target‑site G119S mutation and resistance
to carbamates and organophosphates
in Anopheles gambiae sensu lato populations
from Cameroon"|Parasites & Vectors|2022||||Cameroon|Bertoua|4.95000003|17.133|||||||||||||||within 5km|gps coords|paper/map|||coordinates were provided in the paper where it was second checked in google earth and was just around the same locality.|||||Larvae|||||||||"Larval and pupae collection samling method was used
in the localities of Nyabessang, Nkolbisson, Bertoua,
Edéa, Bonaberi and Ebolowa, where densities of immature
stages of An. gambiae s.l. were high. In each locality,
larvae (L1 to L4) and pupae were collected"|yes|no|no|9|11|2019|2019||wet||searched online where they said here are four seasons in cameroon light rains from may to june, short dry season from july to october, heavy rainfall from october to november and a long dry season from decemder to may.|coluzzii (gambiae M)||morph|genetic/molecular|||||||||||||||||||||||||||||||||||||||||||||||||||||||||||||||||||||||||||||||||||||||||||||||||||||||||||||||||||||||||||||||||||||||||||||||||||||||||||||||||||||||||||||||||||||||||||pupae + larvae|Puddle||||||||||||pupae + larvae|Pond||||||||||||||||||||||||||||||||||F0|larvae|2|5|WHO Bioassay 2018|propoxur|carbamate|Acetylcholinesterase (AChE) inhibitors|1A|1|||||||||||||||||||||||||||||||||||||||||||||||||||||||||||||||||||||||||||||||||||||||||||||||||||||||||||||||||||||||||||||||||||||||||||||||||||||||||||||||||||||||DNN
no|no|yes|both|VA47|https://doi.org/10.1186/s13071-022-05174-1|Binyang|"Distribution of acetylcholinesterase (Ace‑1R)
target‑site G119S mutation and resistance
to carbamates and organophosphates
in Anopheles gambiae sensu lato populations
from Cameroon"|Parasites & Vectors|2022||||Cameroon|Bertoua|4.95000003|17.133|||||||||||||||within 5km|gps coords|paper/map|||coordinates were provided in the paper where it was second checked in google earth and was just around the same locality.|||||Larvae|||||||||"Larval and pupae collection samling method was used
in the localities of Nyabessang, Nkolbisson, Bertoua,
Edéa, Bonaberi and Ebolowa, where densities of immature
stages of An. gambiae s.l. were high. In each locality,
larvae (L1 to L4) and pupae were collected"|yes|no|no|9|11|2019|2019||wet||searched online where they said here are four seasons in cameroon light rains from may to june, short dry season from july to october, heavy rainfall from october to november and a long dry season from decemder to may.|coluzzii (gambiae M)||morph|genetic/molecular|||||||||||||||||||||||||||||||||||||||||||||||||||||||||||||||||||||||||||||||||||||||||||||||||||||||||||||||||||||||||||||||||||||||||||||||||||||||||||||||||||||||||||||||||||||||||||pupae + larvae|Puddle||||||||||||pupae + larvae|Pond||||||||||||||||||||||||||||||||||F0|larvae|2|5|WHO Bioassay 2018|pirimiphos-methyl|organophosphate|Acetylcholinesterase (AChE) inhibitors|1B|1|||||||171|91|||||||||||||||||||||||||||||||||||||||||||||||||||||||||||||||||||||||||||||||||||||||||||||||||||||||||||||||||||||||||||||||||||||||||||||||||||||||||||||||DNN
no|no|yes|both|VA47|https://doi.org/10.1186/s13071-022-05174-1|Binyang|"Distribution of acetylcholinesterase (Ace‑1R)
target‑site G119S mutation and resistance
to carbamates and organophosphates
in Anopheles gambiae sensu lato populations
from Cameroon"|Parasites & Vectors|2022||||Cameroon|Edéa|3.78333336|10.11666669|||||||||||||||within 5km|gps coords|paper/map|||coordinates were provided in the paper where it was second checked in google earth and was just around the same locality.|||||Larvae|||||||||"Larval and pupae collection samling method was used
in the localities of Nyabessang, Nkolbisson, Bertoua,
Edéa, Bonaberi and Ebolowa, where densities of immature
stages of An. gambiae s.l. were high. In each locality,
larvae (L1 to L4) and pupae were collected"|yes|no|no|9|11|2019|2019||wet||searched online where they said here are four seasons in cameroon light rains from may to june, short dry season from july to october, heavy rainfall from october to november and a long dry season from decemder to may.|gambiae (S)||morph|genetic/molecular|||||||||||||||||||||||||||||||||||||||||||||||||||||||||||||||||||||||||||||||||||||||||||||||||||||||||||||||||||||||||||||||||||||||||||||||||||||||||||||||||||||||||||||||||||||||||||pupae + larvae|Puddle||||||||||||pupae + larvae|Pond||||||||||||||||||||||||||||||||||F0|larvae|2|5|WHO Bioassay 2018|bendiocarb|carbamate|Acetylcholinesterase (AChE) inhibitors|1A|0.1|||||||67|37|||||||||||155||||||||||||||||||||||||||||||||||||||||||||||||||||||||||||||||||||||||||||||||||||||||genetic/molecular|67|F0|source says live and dead mosquitoes after bioassays were used for molecular species identification|65|97|0||2|3|0.97|0.03|||||||||||||||||||||||||||||||||||||||||||||||||DNN
no|no|yes|both|VA47|https://doi.org/10.1186/s13071-022-05174-1|Binyang|"Distribution of acetylcholinesterase (Ace‑1R)
target‑site G119S mutation and resistance
to carbamates and organophosphates
in Anopheles gambiae sensu lato populations
from Cameroon"|Parasites & Vectors|2022||||Cameroon|Edéa|3.78333336|10.11666669|||||||||||||||within 5km|gps coords|paper/map|||coordinates were provided in the paper where it was second checked in google earth and was just around the same locality.|||||Larvae|||||||||"Larval and pupae collection samling method was used
in the localities of Nyabessang, Nkolbisson, Bertoua,
Edéa, Bonaberi and Ebolowa, where densities of immature
stages of An. gambiae s.l. were high. In each locality,
larvae (L1 to L4) and pupae were collected"|yes|no|no|9|11|2019|2019||wet||searched online where they said here are four seasons in cameroon light rains from may to june, short dry season from july to october, heavy rainfall from october to november and a long dry season from decemder to may.|gambiae (S)||morph|genetic/molecular|||||||||||||||||||||||||||||||||||||||||||||||||||||||||||||||||||||||||||||||||||||||||||||||||||||||||||||||||||||||||||||||||||||||||||||||||||||||||||||||||||||||||||||||||||||||||||pupae + larvae|Puddle||||||||||||pupae + larvae|Pond||||||||||||||||||||||||||||||||||F0|larvae|2|5|WHO Bioassay 2018|propoxur|carbamate|Acetylcholinesterase (AChE) inhibitors|1A|1|||||||||||||||||||||||||||||||||||||||||||||||||||||||||||||||||||||||||||||||||||||||||||||||||||||||||||||||||||||||||||||||||||||||||||||||||||||||||||||||||||||||DNN
no|no|yes|both|VA47|https://doi.org/10.1186/s13071-022-05174-1|Binyang|"Distribution of acetylcholinesterase (Ace‑1R)
target‑site G119S mutation and resistance
to carbamates and organophosphates
in Anopheles gambiae sensu lato populations
from Cameroon"|Parasites & Vectors|2022||||Cameroon|Edéa|3.78333336|10.11666669|||||||||||||||within 5km|gps coords|paper/map|||coordinates were provided in the paper where it was second checked in google earth and was just around the same locality.|||||Larvae|||||||||"Larval and pupae collection samling method was used
in the localities of Nyabessang, Nkolbisson, Bertoua,
Edéa, Bonaberi and Ebolowa, where densities of immature
stages of An. gambiae s.l. were high. In each locality,
larvae (L1 to L4) and pupae were collected"|yes|no|no|9|11|2019|2019||wet||searched online where they said here are four seasons in cameroon light rains from may to june, short dry season from july to october, heavy rainfall from october to november and a long dry season from decemder to may.|gambiae (S)||morph|genetic/molecular|||||||||||||||||||||||||||||||||||||||||||||||||||||||||||||||||||||||||||||||||||||||||||||||||||||||||||||||||||||||||||||||||||||||||||||||||||||||||||||||||||||||||||||||||||||||||||pupae + larvae|Puddle||||||||||||pupae + larvae|Pond||||||||||||||||||||||||||||||||||F0|larvae|2|5|WHO Bioassay 2018|pirimiphos-methyl|organophosphate|Acetylcholinesterase (AChE) inhibitors|1B|1|||||||67|26|||||||||||||||||||||||||||||||||||||||||||||||||||||||||||||||||||||||||||||||||||||||||||||||||||||||||||||||||||||||||||||||||||||||||||||||||||||||||||||||DNN
no|no|yes|both|VA47|https://doi.org/10.1186/s13071-022-05174-1|Binyang|"Distribution of acetylcholinesterase (Ace‑1R)
target‑site G119S mutation and resistance
to carbamates and organophosphates
in Anopheles gambiae sensu lato populations
from Cameroon"|Parasites & Vectors|2022||||Cameroon|Edéa|3.78333336|10.11666669|||||||||||||||within 5km|gps coords|paper/map|||coordinates were provided in the paper where it was second checked in google earth and was just around the same locality.|||||Larvae|||||||||"Larval and pupae collection samling method was used
in the localities of Nyabessang, Nkolbisson, Bertoua,
Edéa, Bonaberi and Ebolowa, where densities of immature
stages of An. gambiae s.l. were high. In each locality,
larvae (L1 to L4) and pupae were collected"|yes|no|no|9|11|2019|2019||wet||searched online where they said here are four seasons in cameroon light rains from may to june, short dry season from july to october, heavy rainfall from october to november and a long dry season from decemder to may.|coluzzii (gambiae M)||morph|genetic/molecular|||||||||||||||||||||||||||||||||||||||||||||||||||||||||||||||||||||||||||||||||||||||||||||||||||||||||||||||||||||||||||||||||||||||||||||||||||||||||||||||||||||||||||||||||||||||||||pupae + larvae|Puddle||||||||||||pupae + larvae|Pond||||||||||||||||||||||||||||||||||F0|larvae|2|5|WHO Bioassay 2018|bendiocarb|carbamate|Acetylcholinesterase (AChE) inhibitors|1A|0.1|||||||88|42|||||||||||155||||||||||||||||||||||||||||||||||||||||||||||||||||||||||||||||||||||||||||||||||||||||genetic/molecular|88|F0|source says live and dead mosquitoes after bioassays were used for molecular species identification|88|100|0||0||1|0|||||||||||||||||||||||||||||||||||||||||||||||||DNN
no|no|yes|both|VA47|https://doi.org/10.1186/s13071-022-05174-1|Binyang|"Distribution of acetylcholinesterase (Ace‑1R)
target‑site G119S mutation and resistance
to carbamates and organophosphates
in Anopheles gambiae sensu lato populations
from Cameroon"|Parasites & Vectors|2022||||Cameroon|Edéa|3.78333336|10.11666669|||||||||||||||within 5km|gps coords|paper/map|||coordinates were provided in the paper where it was second checked in google earth and was just around the same locality.|||||Larvae|||||||||"Larval and pupae collection samling method was used
in the localities of Nyabessang, Nkolbisson, Bertoua,
Edéa, Bonaberi and Ebolowa, where densities of immature
stages of An. gambiae s.l. were high. In each locality,
larvae (L1 to L4) and pupae were collected"|yes|no|no|9|11|2019|2019||wet||searched online where they said here are four seasons in cameroon light rains from may to june, short dry season from july to october, heavy rainfall from october to november and a long dry season from decemder to may.|coluzzii (gambiae M)||morph|genetic/molecular|||||||||||||||||||||||||||||||||||||||||||||||||||||||||||||||||||||||||||||||||||||||||||||||||||||||||||||||||||||||||||||||||||||||||||||||||||||||||||||||||||||||||||||||||||||||||||pupae + larvae|Puddle||||||||||||pupae + larvae|Pond||||||||||||||||||||||||||||||||||F0|larvae|2|5|WHO Bioassay 2018|propoxur|carbamate|Acetylcholinesterase (AChE) inhibitors|1A|1|||||||||||||||||||||||||||||||||||||||||||||||||||||||||||||||||||||||||||||||||||||||||||||||||||||||||||||||||||||||||||||||||||||||||||||||||||||||||||||||||||||||DNN
no|no|yes|both|VA47|https://doi.org/10.1186/s13071-022-05174-1|Binyang|"Distribution of acetylcholinesterase (Ace‑1R)
target‑site G119S mutation and resistance
to carbamates and organophosphates
in Anopheles gambiae sensu lato populations
from Cameroon"|Parasites & Vectors|2022||||Cameroon|Edéa|3.78333336|10.11666669|||||||||||||||within 5km|gps coords|paper/map|||coordinates were provided in the paper where it was second checked in google earth and was just around the same locality.|||||Larvae|||||||||"Larval and pupae collection samling method was used
in the localities of Nyabessang, Nkolbisson, Bertoua,
Edéa, Bonaberi and Ebolowa, where densities of immature
stages of An. gambiae s.l. were high. In each locality,
larvae (L1 to L4) and pupae were collected"|yes|no|no|9|11|2019|2019||wet||searched online where they said here are four seasons in cameroon light rains from may to june, short dry season from july to october, heavy rainfall from october to november and a long dry season from decemder to may.|coluzzii (gambiae M)||morph|genetic/molecular|||||||||||||||||||||||||||||||||||||||||||||||||||||||||||||||||||||||||||||||||||||||||||||||||||||||||||||||||||||||||||||||||||||||||||||||||||||||||||||||||||||||||||||||||||||||||||pupae + larvae|Puddle||||||||||||pupae + larvae|Pond||||||||||||||||||||||||||||||||||F0|larvae|2|5|WHO Bioassay 2018|pirimiphos-methyl|organophosphate|Acetylcholinesterase (AChE) inhibitors|1B|1|||||||88|45|||||||||||||||||||||||||||||||||||||||||||||||||||||||||||||||||||||||||||||||||||||||||||||||||||||||||||||||||||||||||||||||||||||||||||||||||||||||||||||||DNN
no|no|yes|both|VA47|https://doi.org/10.1186/s13071-022-05174-1|Binyang|"Distribution of acetylcholinesterase (Ace‑1R)
target‑site G119S mutation and resistance
to carbamates and organophosphates
in Anopheles gambiae sensu lato populations
from Cameroon"|Parasites & Vectors|2022||||Cameroon|Bonaberi|4.08220972|9.66497167|||||||||||||||within 5km|gps coords|paper/map|||coordinates were provided in the paper where it was second checked in google earth and was just around the same locality.|||||Larvae|||||||||"Larval and pupae collection samling method was used
in the localities of Nyabessang, Nkolbisson, Bertoua,
Edéa, Bonaberi and Ebolowa, where densities of immature
stages of An. gambiae s.l. were high. In each locality,
larvae (L1 to L4) and pupae were collected"|yes|no|no|9|11|2019|2019||wet||searched online where they said here are four seasons in cameroon light rains from may to june, short dry season from july to october, heavy rainfall from october to november and a long dry season from decemder to may.|gambiae (S)||morph|genetic/molecular|||||||||||||||||||||||||||||||||||||||||||||||||||||||||||||||||||||||||||||||||||||||||||||||||||||||||||||||||||||||||||||||||||||||||||||||||||||||||||||||||||||||||||||||||||||||||||pupae + larvae|Puddle||||||||||||pupae + larvae|Pond||||||||||||||||||||||||||||||||||F0|larvae|2|5|WHO Bioassay 2018|bendiocarb|carbamate|Acetylcholinesterase (AChE) inhibitors|1A|0.1|||||||22|15|||||||||||63||||||||||||||||||||||||||||||||||||||||||||||||||||||||||||||||||||||||||||||||||||||||genetic/molecular|22|F0|source says live and dead mosquitoes after bioassays were used for molecular species identification|22|100|0||0||1|0|||||||||||||||||||||||||||||||||||||||||||||||||DNN
no|no|yes|both|VA47|https://doi.org/10.1186/s13071-022-05174-1|Binyang|"Distribution of acetylcholinesterase (Ace‑1R)
target‑site G119S mutation and resistance
to carbamates and organophosphates
in Anopheles gambiae sensu lato populations
from Cameroon"|Parasites & Vectors|2022||||Cameroon|Bonaberi|4.08220972|9.66497167|||||||||||||||within 5km|gps coords|paper/map|||coordinates were provided in the paper where it was second checked in google earth and was just around the same locality.|||||Larvae|||||||||"Larval and pupae collection samling method was used
in the localities of Nyabessang, Nkolbisson, Bertoua,
Edéa, Bonaberi and Ebolowa, where densities of immature
stages of An. gambiae s.l. were high. In each locality,
larvae (L1 to L4) and pupae were collected"|yes|no|no|9|11|2019|2019||wet||searched online where they said here are four seasons in cameroon light rains from may to june, short dry season from july to october, heavy rainfall from october to november and a long dry season from decemder to may.|gambiae (S)||morph|genetic/molecular|||||||||||||||||||||||||||||||||||||||||||||||||||||||||||||||||||||||||||||||||||||||||||||||||||||||||||||||||||||||||||||||||||||||||||||||||||||||||||||||||||||||||||||||||||||||||||pupae + larvae|Puddle||||||||||||pupae + larvae|Pond||||||||||||||||||||||||||||||||||F0|larvae|2|5|WHO Bioassay 2018|propoxur|carbamate|Acetylcholinesterase (AChE) inhibitors|1A|1|||||||||||||||||||||||||||||||||||||||||||||||||||||||||||||||||||||||||||||||||||||||||||||||||||||||||||||||||||||||||||||||||||||||||||||||||||||||||||||||||||||||DNN
no|no|yes|both|VA47|https://doi.org/10.1186/s13071-022-05174-1|Binyang|"Distribution of acetylcholinesterase (Ace‑1R)
target‑site G119S mutation and resistance
to carbamates and organophosphates
in Anopheles gambiae sensu lato populations
from Cameroon"|Parasites & Vectors|2022||||Cameroon|Bonaberi|4.08220972|9.66497167|||||||||||||||within 5km|gps coords|paper/map|||coordinates were provided in the paper where it was second checked in google earth and was just around the same locality.|||||Larvae|||||||||"Larval and pupae collection samling method was used
in the localities of Nyabessang, Nkolbisson, Bertoua,
Edéa, Bonaberi and Ebolowa, where densities of immature
stages of An. gambiae s.l. were high. In each locality,
larvae (L1 to L4) and pupae were collected"|yes|no|no|9|11|2019|2019||wet||searched online where they said here are four seasons in cameroon light rains from may to june, short dry season from july to october, heavy rainfall from october to november and a long dry season from decemder to may.|gambiae (S)||morph|genetic/molecular|||||||||||||||||||||||||||||||||||||||||||||||||||||||||||||||||||||||||||||||||||||||||||||||||||||||||||||||||||||||||||||||||||||||||||||||||||||||||||||||||||||||||||||||||||||||||||pupae + larvae|Puddle||||||||||||pupae + larvae|Pond||||||||||||||||||||||||||||||||||F0|larvae|2|5|WHO Bioassay 2018|pirimiphos-methyl|organophosphate|Acetylcholinesterase (AChE) inhibitors|1B|1|||||||22|7|||||||||||||||||||||||||||||||||||||||||||||||||||||||||||||||||||||||||||||||||||||||||||||||||||||||||||||||||||||||||||||||||||||||||||||||||||||||||||||||DNN
no|no|yes|both|VA47|https://doi.org/10.1186/s13071-022-05174-1|Binyang|"Distribution of acetylcholinesterase (Ace‑1R)
target‑site G119S mutation and resistance
to carbamates and organophosphates
in Anopheles gambiae sensu lato populations
from Cameroon"|Parasites & Vectors|2022||||Cameroon|Bonaberi|4.08220972|9.66497167|||||||||||||||within 5km|gps coords|paper/map|||coordinates were provided in the paper where it was second checked in google earth and was just around the same locality.|||||Larvae|||||||||"Larval and pupae collection samling method was used
in the localities of Nyabessang, Nkolbisson, Bertoua,
Edéa, Bonaberi and Ebolowa, where densities of immature
stages of An. gambiae s.l. were high. In each locality,
larvae (L1 to L4) and pupae were collected"|yes|no|no|9|11|2019|2019||wet||searched online where they said here are four seasons in cameroon light rains from may to june, short dry season from july to october, heavy rainfall from october to november and a long dry season from decemder to may.|coluzzii (gambiae M)||morph|genetic/molecular|||||||||||||||||||||||||||||||||||||||||||||||||||||||||||||||||||||||||||||||||||||||||||||||||||||||||||||||||||||||||||||||||||||||||||||||||||||||||||||||||||||||||||||||||||||||||||pupae + larvae|Puddle||||||||||||pupae + larvae|Pond||||||||||||||||||||||||||||||||||F0|larvae|2|5|WHO Bioassay 2018|bendiocarb|carbamate|Acetylcholinesterase (AChE) inhibitors|1A|0.1|||||||41|20|||||||||||63||||||||||||||||||||||||||||||||||||||||||||||||||||||||||||||||||||||||||||||||||||||||genetic/molecular|41|F0|source says live and dead mosquitoes after bioassays were used for molecular species identification|41|100|0||0||1|0|||||||||||||||||||||||||||||||||||||||||||||||||DNN
no|no|yes|both|VA47|https://doi.org/10.1186/s13071-022-05174-1|Binyang|"Distribution of acetylcholinesterase (Ace‑1R)
target‑site G119S mutation and resistance
to carbamates and organophosphates
in Anopheles gambiae sensu lato populations
from Cameroon"|Parasites & Vectors|2022||||Cameroon|Bonaberi|4.08220972|9.66497167|||||||||||||||within 5km|gps coords|paper/map|||coordinates were provided in the paper where it was second checked in google earth and was just around the same locality.|||||Larvae|||||||||"Larval and pupae collection samling method was used
in the localities of Nyabessang, Nkolbisson, Bertoua,
Edéa, Bonaberi and Ebolowa, where densities of immature
stages of An. gambiae s.l. were high. In each locality,
larvae (L1 to L4) and pupae were collected"|yes|no|no|9|11|2019|2019||wet||searched online where they said here are four seasons in cameroon light rains from may to june, short dry season from july to october, heavy rainfall from october to november and a long dry season from decemder to may.|coluzzii (gambiae M)||morph|genetic/molecular|||||||||||||||||||||||||||||||||||||||||||||||||||||||||||||||||||||||||||||||||||||||||||||||||||||||||||||||||||||||||||||||||||||||||||||||||||||||||||||||||||||||||||||||||||||||||||pupae + larvae|Puddle||||||||||||pupae + larvae|Pond||||||||||||||||||||||||||||||||||F0|larvae|2|5|WHO Bioassay 2018|propoxur|carbamate|Acetylcholinesterase (AChE) inhibitors|1A|1|||||||||||||||||||||||||||||||||||||||||||||||||||||||||||||||||||||||||||||||||||||||||||||||||||||||||||||||||||||||||||||||||||||||||||||||||||||||||||||||||||||||DNN
no|no|yes|both|VA47|https://doi.org/10.1186/s13071-022-05174-1|Binyang|"Distribution of acetylcholinesterase (Ace‑1R)
target‑site G119S mutation and resistance
to carbamates and organophosphates
in Anopheles gambiae sensu lato populations
from Cameroon"|Parasites & Vectors|2022||||Cameroon|Bonaberi|4.08220972|9.66497167|||||||||||||||within 5km|gps coords|paper/map|||coordinates were provided in the paper where it was second checked in google earth and was just around the same locality.|||||Larvae|||||||||"Larval and pupae collection samling method was used
in the localities of Nyabessang, Nkolbisson, Bertoua,
Edéa, Bonaberi and Ebolowa, where densities of immature
stages of An. gambiae s.l. were high. In each locality,
larvae (L1 to L4) and pupae were collected"|yes|no|no|9|11|2019|2019||wet||searched online where they said here are four seasons in cameroon light rains from may to june, short dry season from july to october, heavy rainfall from october to november and a long dry season from decemder to may.|coluzzii (gambiae M)||morph|genetic/molecular|||||||||||||||||||||||||||||||||||||||||||||||||||||||||||||||||||||||||||||||||||||||||||||||||||||||||||||||||||||||||||||||||||||||||||||||||||||||||||||||||||||||||||||||||||||||||||pupae + larvae|Puddle||||||||||||pupae + larvae|Pond||||||||||||||||||||||||||||||||||F0|larvae|2|5|WHO Bioassay 2018|pirimiphos-methyl|organophosphate|Acetylcholinesterase (AChE) inhibitors|1B|1|||||||41|21|||||||||||||||||||||||||||||||||||||||||||||||||||||||||||||||||||||||||||||||||||||||||||||||||||||||||||||||||||||||||||||||||||||||||||||||||||||||||||||||DNN
no|no|yes|both|VA47|https://doi.org/10.1186/s13071-022-05174-1|Binyang|"Distribution of acetylcholinesterase (Ace‑1R)
target‑site G119S mutation and resistance
to carbamates and organophosphates
in Anopheles gambiae sensu lato populations
from Cameroon"|Parasites & Vectors|2022||||Cameroon|Ebolowa|2.90000003|11.15000003|||||||||||||||within 5km|gps coords|paper/map|||coordinates were provided in the paper where it was second checked in google earth and was just around the same locality.|||||Larvae|||||||||"Larval and pupae collection samling method was used
in the localities of Nyabessang, Nkolbisson, Bertoua,
Edéa, Bonaberi and Ebolowa, where densities of immature
stages of An. gambiae s.l. were high. In each locality,
larvae (L1 to L4) and pupae were collected"|yes|no|no|9|11|2019|2019||wet||searched online where they said here are four seasons in cameroon light rains from may to june, short dry season from july to october, heavy rainfall from october to november and a long dry season from decemder to may.|gambiae (S)||morph|genetic/molecular|||||||||||||||||||||||||||||||||||||||||||||||||||||||||||||||||||||||||||||||||||||||||||||||||||||||||||||||||||||||||||||||||||||||||||||||||||||||||||||||||||||||||||||||||||||||||||pupae + larvae|Puddle||||||||||||pupae + larvae|Pond||||||||||||||||||||||||||||||||||F0|larvae|2|5|WHO Bioassay 2018|bendiocarb|carbamate|Acetylcholinesterase (AChE) inhibitors|1A|0.1|||||||150|58|||||||||||150||||||||||||||||||||||||||||||||||||||||||||||||||||||||||||||||||||||||||||||||||||||||genetic/molecular|150|F0|source says live and dead mosquitoes after bioassays were used for molecular species identification|150|100|0||0||1|0|||||||||||||||||||||||||||||||||||||||||||||||||DNN
no|no|yes|both|VA47|https://doi.org/10.1186/s13071-022-05174-1|Binyang|"Distribution of acetylcholinesterase (Ace‑1R)
target‑site G119S mutation and resistance
to carbamates and organophosphates
in Anopheles gambiae sensu lato populations
from Cameroon"|Parasites & Vectors|2022||||Cameroon|Ebolowa|2.90000003|11.15000003|||||||||||||||within 5km|gps coords|paper/map|||coordinates were provided in the paper where it was second checked in google earth and was just around the same locality.|||||Larvae|||||||||"Larval and pupae collection samling method was used
in the localities of Nyabessang, Nkolbisson, Bertoua,
Edéa, Bonaberi and Ebolowa, where densities of immature
stages of An. gambiae s.l. were high. In each locality,
larvae (L1 to L4) and pupae were collected"|yes|no|no|9|11|2019|2019||wet||searched online where they said here are four seasons in cameroon light rains from may to june, short dry season from july to october, heavy rainfall from october to november and a long dry season from decemder to may.|gambiae (S)||morph|genetic/molecular|||||||||||||||||||||||||||||||||||||||||||||||||||||||||||||||||||||||||||||||||||||||||||||||||||||||||||||||||||||||||||||||||||||||||||||||||||||||||||||||||||||||||||||||||||||||||||pupae + larvae|Puddle||||||||||||pupae + larvae|Pond||||||||||||||||||||||||||||||||||F0|larvae|2|5|WHO Bioassay 2018|propoxur|carbamate|Acetylcholinesterase (AChE) inhibitors|1A|1|||||||150|58|||||||||||||||||||||||||||||||||||||||||||||||||||||||||||||||||||||||||||||||||||||||||||||||||||||||||||||||||||||||||||||||||||||||||||||||||||||||||||||||DNN
no|no|yes|both|VA47|https://doi.org/10.1186/s13071-022-05174-1|Binyang|"Distribution of acetylcholinesterase (Ace‑1R)
target‑site G119S mutation and resistance
to carbamates and organophosphates
in Anopheles gambiae sensu lato populations
from Cameroon"|Parasites & Vectors|2022||||Cameroon|Ebolowa|2.90000003|11.15000003|||||||||||||||within 5km|gps coords|paper/map|||coordinates were provided in the paper where it was second checked in google earth and was just around the same locality.|||||Larvae|||||||||"Larval and pupae collection samling method was used
in the localities of Nyabessang, Nkolbisson, Bertoua,
Edéa, Bonaberi and Ebolowa, where densities of immature
stages of An. gambiae s.l. were high. In each locality,
larvae (L1 to L4) and pupae were collected"|yes|no|no|9|11|2019|2019||wet||searched online where they said here are four seasons in cameroon light rains from may to june, short dry season from july to october, heavy rainfall from october to november and a long dry season from decemder to may.|gambiae (S)||morph|genetic/molecular|||||||||||||||||||||||||||||||||||||||||||||||||||||||||||||||||||||||||||||||||||||||||||||||||||||||||||||||||||||||||||||||||||||||||||||||||||||||||||||||||||||||||||||||||||||||||||pupae + larvae|Puddle||||||||||||pupae + larvae|Pond||||||||||||||||||||||||||||||||||F0|larvae|2|5|WHO Bioassay 2018|pirimiphos-methyl|organophosphate|Acetylcholinesterase (AChE) inhibitors|1B|1|||||||150|34|||||||||||||||||||||||||||||||||||||||||||||||||||||||||||||||||||||||||||||||||||||||||||||||||||||||||||||||||||||||||||||||||||||||||||||||||||||||||||||||DNN
no|no|yes|both|VA47|https://doi.org/10.1186/s13071-022-05174-1|Binyang|"Distribution of acetylcholinesterase (Ace‑1R)
target‑site G119S mutation and resistance
to carbamates and organophosphates
in Anopheles gambiae sensu lato populations
from Cameroon"|Parasites & Vectors|2022||||Cameroon|Nyabessang|3.33333336|10.41666669|||||||||||||||within 5km|gps coords|paper/map|||coordinates were provided in the paper where it was second checked in google earth and was just around the same locality.|||||Larvae|||||||||"Larval and pupae collection samling method was used
in the localities of Nyabessang, Nkolbisson, Bertoua,
Edéa, Bonaberi and Ebolowa, where densities of immature
stages of An. gambiae s.l. were high. In each locality,
larvae (L1 to L4) and pupae were collected"|yes|no|no|9|11|2019|2019||wet||searched online where they said here are four seasons in cameroon light rains from may to june, short dry season from july to october, heavy rainfall from october to november and a long dry season from decemder to may.|gambiae (S)||morph|genetic/molecular|||||||||||||||||||||||||||||||||||||||||||||||||||||||||||||||||||||||||||||||||||||||||||||||||||||||||||||||||||||||||||||||||||||||||||||||||||||||||||||||||||||||||||||||||||||||||||pupae + larvae|Puddle||||||||||||pupae + larvae|Pond||||||||||||||||||||||||||||||||||F0|larvae|2|5|WHO Bioassay 2018|bendiocarb|carbamate|Acetylcholinesterase (AChE) inhibitors|1A|0.1|||||||145|78|||||||||||145||||||||||||||||||||||||||||||||||||||||||||||||||||||||||||||||||||||||||||||||||||||||genetic/molecular|145|F0|source says live and dead mosquitoes after bioassays were used for molecular species identification|138|95.2|0||7|4.8|0.95|0.05|||||||||||||||||||||||||||||||||||||||||||||||||DNN
no|no|yes|both|VA47|https://doi.org/10.1186/s13071-022-05174-1|Binyang|"Distribution of acetylcholinesterase (Ace‑1R)
target‑site G119S mutation and resistance
to carbamates and organophosphates
in Anopheles gambiae sensu lato populations
from Cameroon"|Parasites & Vectors|2022||||Cameroon|Nyabessang|3.33333336|10.41666669|||||||||||||||within 5km|gps coords|paper/map|||coordinates were provided in the paper where it was second checked in google earth and was just around the same locality.|||||Larvae|||||||||"Larval and pupae collection samling method was used
in the localities of Nyabessang, Nkolbisson, Bertoua,
Edéa, Bonaberi and Ebolowa, where densities of immature
stages of An. gambiae s.l. were high. In each locality,
larvae (L1 to L4) and pupae were collected"|yes|no|no|9|11|2019|2019||wet||searched online where they said here are four seasons in cameroon light rains from may to june, short dry season from july to october, heavy rainfall from october to november and a long dry season from decemder to may.|gambiae (S)||morph|genetic/molecular|||||||||||||||||||||||||||||||||||||||||||||||||||||||||||||||||||||||||||||||||||||||||||||||||||||||||||||||||||||||||||||||||||||||||||||||||||||||||||||||||||||||||||||||||||||||||||pupae + larvae|Puddle||||||||||||pupae + larvae|Pond||||||||||||||||||||||||||||||||||F0|larvae|2|5|WHO Bioassay 2018|propoxur|carbamate|Acetylcholinesterase (AChE) inhibitors|1A|1|||||||||||||||||||||||||||||||||||||||||||||||||||||||||||||||||||||||||||||||||||||||||||||||||||||||||||||||||||||||||||||||||||||||||||||||||||||||||||||||||||||||DNN
no|no|yes|both|VA47|https://doi.org/10.1186/s13071-022-05174-1|Binyang|"Distribution of acetylcholinesterase (Ace‑1R)
target‑site G119S mutation and resistance
to carbamates and organophosphates
in Anopheles gambiae sensu lato populations
from Cameroon"|Parasites & Vectors|2022||||Cameroon|Nyabessang|3.33333336|10.41666669|||||||||||||||within 5km|gps coords|paper/map|||coordinates were provided in the paper where it was second checked in google earth and was just around the same locality.|||||Larvae|||||||||"Larval and pupae collection samling method was used
in the localities of Nyabessang, Nkolbisson, Bertoua,
Edéa, Bonaberi and Ebolowa, where densities of immature
stages of An. gambiae s.l. were high. In each locality,
larvae (L1 to L4) and pupae were collected"|yes|no|no|9|11|2019|2019||wet||searched online where they said here are four seasons in cameroon light rains from may to june, short dry season from july to october, heavy rainfall from october to november and a long dry season from decemder to may.|gambiae (S)||morph|genetic/molecular|||||||||||||||||||||||||||||||||||||||||||||||||||||||||||||||||||||||||||||||||||||||||||||||||||||||||||||||||||||||||||||||||||||||||||||||||||||||||||||||||||||||||||||||||||||||||||pupae + larvae|Puddle||||||||||||pupae + larvae|Pond||||||||||||||||||||||||||||||||||F0|larvae|2|5|WHO Bioassay 2018|pirimiphos-methyl|organophosphate|Acetylcholinesterase (AChE) inhibitors|1B|1|||||||145|58|||||||||||||||||||||||||||||||||||||||||||||||||||||||||||||||||||||||||||||||||||||||||||||||||||||||||||||||||||||||||||||||||||||||||||||||||||||||||||||||DNN
no|no|yes|both|VA47|https://doi.org/10.1186/s13071-022-05174-1|Binyang|"Distribution of acetylcholinesterase (Ace‑1R)
target‑site G119S mutation and resistance
to carbamates and organophosphates
in Anopheles gambiae sensu lato populations
from Cameroon"|Parasites & Vectors|2022||||Cameroon|Mangoum|5.51666669|10.61666669|||||||||||||||within 5km|gps coords|paper/map|||coordinates were provided in the paper where it was second checked in google earth and was just around the same locality.|||||HRI|||||||||indoor resting blood-fed or gravid adult female Anopheles mosquitoes were collected from the walls and roofs of different houses across the community between 6:00 AM and 10:00 AM|yes|no|no|9|11|2019|2019||wet||searched online where they said here are four seasons in cameroon light rains from may to june, short dry season from july to october, heavy rainfall from october to november and a long dry season from decemder to may.|gambiae (S)||morph|genetic/molecular|||||||||||||||||||||||||||||||||||||||||||||||||||||||||||||||||||||||||||||||||||||||||||||||||||||||||||||||||||||||||||||||||||||||||||||||||||||||||||||||||||||||||||||||||||||||||||||||||||||||||||||||||||||||||||||||||||||||||||F1|adults|2|5|WHO Bioassay 2018|bendiocarb|carbamate|Acetylcholinesterase (AChE) inhibitors|1A|0.1|||||||252|15|||||||||||252||||||||||||||||||||||||||||||||||||||||||||||||||||||||||||||||||||||||||||||||||||||||genetic/molecular|252|F1|source says live and dead mosquitoes after bioassays were used for molecular species identification|158|62.7|6|2.3|88|35|0.64|0.36|||||||||||||||||||||||||||||||||||||||||||||||||DNN
no|no|yes|both|VA47|https://doi.org/10.1186/s13071-022-05174-1|Binyang|"Distribution of acetylcholinesterase (Ace‑1R)
target‑site G119S mutation and resistance
to carbamates and organophosphates
in Anopheles gambiae sensu lato populations
from Cameroon"|Parasites & Vectors|2022||||Cameroon|Mangoum|5.51666669|10.61666669|||||||||||||||within 5km|gps coords|paper/map|||coordinates were provided in the paper where it was second checked in google earth and was just around the same locality.|||||HRI|||||||||indoor resting blood-fed or gravid adult female Anopheles mosquitoes were collected from the walls and roofs of different houses across the community between 6:00 AM and 10:00 AM|yes|no|no|9|11|2019|2019||wet||searched online where they said here are four seasons in cameroon light rains from may to june, short dry season from july to october, heavy rainfall from october to november and a long dry season from decemder to may.|gambiae (S)||morph|genetic/molecular|||||||||||||||||||||||||||||||||||||||||||||||||||||||||||||||||||||||||||||||||||||||||||||||||||||||||||||||||||||||||||||||||||||||||||||||||||||||||||||||||||||||||||||||||||||||||||||||||||||||||||||||||||||||||||||||||||||||||||F1|adults|2|5|WHO Bioassay 2018|propoxur|carbamate|Acetylcholinesterase (AChE) inhibitors|1A|1|||||||252|16|||||||||||||||||||||||||||||||||||||||||||||||||||||||||||||||||||||||||||||||||||||||||||||||||||||||||||||||||||||||||||||||||||||||||||||||||||||||||||||||DNN
no|no|yes|both|VA47|https://doi.org/10.1186/s13071-022-05174-1|Binyang|"Distribution of acetylcholinesterase (Ace‑1R)
target‑site G119S mutation and resistance
to carbamates and organophosphates
in Anopheles gambiae sensu lato populations
from Cameroon"|Parasites & Vectors|2022||||Cameroon|Mangoum|5.51666669|10.61666669|||||||||||||||within 5km|gps coords|paper/map|||coordinates were provided in the paper where it was second checked in google earth and was just around the same locality.|||||HRI|||||||||indoor resting blood-fed or gravid adult female Anopheles mosquitoes were collected from the walls and roofs of different houses across the community between 6:00 AM and 10:00 AM|yes|no|no|9|11|2019|2019||wet||searched online where they said here are four seasons in cameroon light rains from may to june, short dry season from july to october, heavy rainfall from october to november and a long dry season from decemder to may.|gambiae (S)||morph|genetic/molecular|||||||||||||||||||||||||||||||||||||||||||||||||||||||||||||||||||||||||||||||||||||||||||||||||||||||||||||||||||||||||||||||||||||||||||||||||||||||||||||||||||||||||||||||||||||||||||||||||||||||||||||||||||||||||||||||||||||||||||F1|adults|2|5|WHO Bioassay 2018|pirimiphos-methyl|organophosphate|Acetylcholinesterase (AChE) inhibitors|1B|1|||||||252|85|||||||||||||||||||||||||||||||||||||||||||||||||||||||||||||||||||||||||||||||||||||||||||||||||||||||||||||||||||||||||||||||||||||||||||||||||||||||||||||||DNN
no|no|yes|both|VA47|https://doi.org/10.1186/s13071-022-05174-1|Binyang|"Distribution of acetylcholinesterase (Ace‑1R)
target‑site G119S mutation and resistance
to carbamates and organophosphates
in Anopheles gambiae sensu lato populations
from Cameroon"|Parasites & Vectors|2022||||Cameroon|Gounougou|9.05000003|13.73305556|||||||||||||||within 5km|gps coords|paper/map|||coordinates were provided in the paper where it was second checked in google earth and was just around the same locality.|||||HRI|||||||||indoor resting blood-fed or gravid adult female Anopheles mosquitoes were collected from the walls and roofs of different houses across the community between 6:00 AM and 10:00 AM|yes|no|no|9|11|2019|2019||wet||searched online where they said here are four seasons in cameroon light rains from may to june, short dry season from july to october, heavy rainfall from october to november and a long dry season from decemder to may.|gambiae (S)||morph|genetic/molecular|||||||||||||||||||||||||||||||||||||||||||||||||||||||||||||||||||||||||||||||||||||||||||||||||||||||||||||||||||||||||||||||||||||||||||||||||||||||||||||||||||||||||||||||||||||||||||||||||||||||||||||||||||||||||||||||||||||||||||F1|adults|2|5|WHO Bioassay 2018|bendiocarb|carbamate|Acetylcholinesterase (AChE) inhibitors|1A|0.1|||||||68|46|||||||||||178||||||||||||||||||||||||||||||||||||||||||||||||||||||||||||||||||||||||||||||||||||||||genetic/molecular|68|F1|source says live and dead mosquitoes after bioassays were used for molecular species identification|68|100|0||0||||||||||||||||||||||||||||||||||||||||||||||||||||DNN
no|no|yes|both|VA47|https://doi.org/10.1186/s13071-022-05174-1|Binyang|"Distribution of acetylcholinesterase (Ace‑1R)
target‑site G119S mutation and resistance
to carbamates and organophosphates
in Anopheles gambiae sensu lato populations
from Cameroon"|Parasites & Vectors|2022||||Cameroon|Gounougou|9.05000003|13.73305556|||||||||||||||within 5km|gps coords|paper/map|||coordinates were provided in the paper where it was second checked in google earth and was just around the same locality.|||||HRI|||||||||indoor resting blood-fed or gravid adult female Anopheles mosquitoes were collected from the walls and roofs of different houses across the community between 6:00 AM and 10:00 AM|yes|no|no|9|11|2019|2019||wet||searched online where they said here are four seasons in cameroon light rains from may to june, short dry season from july to october, heavy rainfall from october to november and a long dry season from decemder to may.|gambiae (S)||morph|genetic/molecular|||||||||||||||||||||||||||||||||||||||||||||||||||||||||||||||||||||||||||||||||||||||||||||||||||||||||||||||||||||||||||||||||||||||||||||||||||||||||||||||||||||||||||||||||||||||||||||||||||||||||||||||||||||||||||||||||||||||||||F1|adults|2|5|WHO Bioassay 2018|propoxur|carbamate|Acetylcholinesterase (AChE) inhibitors|1A|1|||||||||||||||||||||||||||||||||||||||||||||||||||||||||||||||||||||||||||||||||||||||||||||||||||||||||||||||||||||||||||||||||||||||||||||||||||||||||||||||||||||||DNN
no|no|yes|both|VA47|https://doi.org/10.1186/s13071-022-05174-1|Binyang|"Distribution of acetylcholinesterase (Ace‑1R)
target‑site G119S mutation and resistance
to carbamates and organophosphates
in Anopheles gambiae sensu lato populations
from Cameroon"|Parasites & Vectors|2022||||Cameroon|Gounougou|9.05000003|13.73305556|||||||||||||||within 5km|gps coords|paper/map|||coordinates were provided in the paper where it was second checked in google earth and was just around the same locality.|||||HRI|||||||||indoor resting blood-fed or gravid adult female Anopheles mosquitoes were collected from the walls and roofs of different houses across the community between 6:00 AM and 10:00 AM|yes|no|no|9|11|2019|2019||wet||searched online where they said here are four seasons in cameroon light rains from may to june, short dry season from july to october, heavy rainfall from october to november and a long dry season from decemder to may.|gambiae (S)||morph|genetic/molecular|||||||||||||||||||||||||||||||||||||||||||||||||||||||||||||||||||||||||||||||||||||||||||||||||||||||||||||||||||||||||||||||||||||||||||||||||||||||||||||||||||||||||||||||||||||||||||||||||||||||||||||||||||||||||||||||||||||||||||F1|adults|2|5|WHO Bioassay 2018|pirimiphos-methyl|organophosphate|Acetylcholinesterase (AChE) inhibitors|1B|1|||||||68|20|||||||||||||||||||||||||||||||||||||||||||||||||||||||||||||||||||||||||||||||||||||||||||||||||||||||||||||||||||||||||||||||||||||||||||||||||||||||||||||||DNN
no|no|yes|both|VA47|https://doi.org/10.1186/s13071-022-05174-1|Binyang|"Distribution of acetylcholinesterase (Ace‑1R)
target‑site G119S mutation and resistance
to carbamates and organophosphates
in Anopheles gambiae sensu lato populations
from Cameroon"|Parasites & Vectors|2022||||Cameroon|Gounougou|9.05000003|13.73305556|||||||||||||||within 5km|gps coords|paper/map|||coordinates were provided in the paper where it was second checked in google earth and was just around the same locality.|||||HRI|||||||||indoor resting blood-fed or gravid adult female Anopheles mosquitoes were collected from the walls and roofs of different houses across the community between 6:00 AM and 10:00 AM|yes|no|no|9|11|2019|2019||wet||searched online where they said here are four seasons in cameroon light rains from may to june, short dry season from july to october, heavy rainfall from october to november and a long dry season from decemder to may.|coluzzii (gambiae M)||morph|genetic/molecular|||||||||||||||||||||||||||||||||||||||||||||||||||||||||||||||||||||||||||||||||||||||||||||||||||||||||||||||||||||||||||||||||||||||||||||||||||||||||||||||||||||||||||||||||||||||||||||||||||||||||||||||||||||||||||||||||||||||||||F1|adults|2|5|WHO Bioassay 2018|bendiocarb|carbamate|Acetylcholinesterase (AChE) inhibitors|1A|0.1|||||||110|72|||||||||||178||||||||||||||||||||||||||||||||||||||||||||||||||||||||||||||||||||||||||||||||||||||||genetic/molecular|110|F1|source says live and dead mosquitoes after bioassays were used for molecular species identification|110|100|||0||1|0|||||||||||||||||||||||||||||||||||||||||||||||||DNN
no|no|yes|both|VA47|https://doi.org/10.1186/s13071-022-05174-1|Binyang|"Distribution of acetylcholinesterase (Ace‑1R)
target‑site G119S mutation and resistance
to carbamates and organophosphates
in Anopheles gambiae sensu lato populations
from Cameroon"|Parasites & Vectors|2022||||Cameroon|Gounougou|9.05000003|13.73305556|||||||||||||||within 5km|gps coords|paper/map|||coordinates were provided in the paper where it was second checked in google earth and was just around the same locality.|||||HRI|||||||||indoor resting blood-fed or gravid adult female Anopheles mosquitoes were collected from the walls and roofs of different houses across the community between 6:00 AM and 10:00 AM|yes|no|no|9|11|2019|2019||wet||searched online where they said here are four seasons in cameroon light rains from may to june, short dry season from july to october, heavy rainfall from october to november and a long dry season from decemder to may.|coluzzii (gambiae M)||morph|genetic/molecular|||||||||||||||||||||||||||||||||||||||||||||||||||||||||||||||||||||||||||||||||||||||||||||||||||||||||||||||||||||||||||||||||||||||||||||||||||||||||||||||||||||||||||||||||||||||||||||||||||||||||||||||||||||||||||||||||||||||||||F1|adults|2|5|WHO Bioassay 2018|propoxur|carbamate|Acetylcholinesterase (AChE) inhibitors|1A|1|||||||||||||||||||||||||||||||||||||||||||||||||||||||||||||||||||||||||||||||||||||||||||||||||||||||||||||||||||||||||||||||||||||||||||||||||||||||||||||||||||||||DNN
no|no|yes|both|VA47|https://doi.org/10.1186/s13071-022-05174-1|Binyang|"Distribution of acetylcholinesterase (Ace‑1R)
target‑site G119S mutation and resistance
to carbamates and organophosphates
in Anopheles gambiae sensu lato populations
from Cameroon"|Parasites & Vectors|2022||||Cameroon|Gounougou|9.05000003|13.73305556|||||||||||||||within 5km|gps coords|paper/map|||coordinates were provided in the paper where it was second checked in google earth and was just around the same locality.|||||HRI|||||||||indoor resting blood-fed or gravid adult female Anopheles mosquitoes were collected from the walls and roofs of different houses across the community between 6:00 AM and 10:00 AM|yes|no|no|9|11|2019|2019||wet||searched online where they said here are four seasons in cameroon light rains from may to june, short dry season from july to october, heavy rainfall from october to november and a long dry season from decemder to may.|coluzzii (gambiae M)||morph|genetic/molecular|||||||||||||||||||||||||||||||||||||||||||||||||||||||||||||||||||||||||||||||||||||||||||||||||||||||||||||||||||||||||||||||||||||||||||||||||||||||||||||||||||||||||||||||||||||||||||||||||||||||||||||||||||||||||||||||||||||||||||F1|adults|2|5|WHO Bioassay 2018|pirimiphos-methyl|organophosphate|Acetylcholinesterase (AChE) inhibitors|1B|1|||||||110|20|||||||||||||||||||||||||||||||||||||||||||||||||||||||||||||||||||||||||||||||||||||||||||||||||||||||||||||||||||||||||||||||||||||||||||||||||||||||||||||||DNN
no|no|yes|both|VA47|https://doi.org/10.1186/s13071-022-05174-1|Binyang|"Distribution of acetylcholinesterase (Ace‑1R)
target‑site G119S mutation and resistance
to carbamates and organophosphates
in Anopheles gambiae sensu lato populations
from Cameroon"|Parasites & Vectors|2022||||Cameroon|Simatou|10.56666669|14.50000003|||||||||||||||within 5km|gps coords|paper/map|||coordinates were provided in the paper where it was second checked in google earth and was just around the same locality.|||||HRI|||||||||indoor resting blood-fed or gravid adult female Anopheles mosquitoes were collected from the walls and roofs of different houses across the community between 6:00 AM and 10:00 AM|yes|no|no|9|11|2019|2019||wet||searched online where they said here are four seasons in cameroon light rains from may to june, short dry season from july to october, heavy rainfall from october to november and a long dry season from decemder to may.|gambiae (S)||morph|genetic/molecular|||||||||||||||||||||||||||||||||||||||||||||||||||||||||||||||||||||||||||||||||||||||||||||||||||||||||||||||||||||||||||||||||||||||||||||||||||||||||||||||||||||||||||||||||||||||||||||||||||||||||||||||||||||||||||||||||||||||||||F1|adults|2|5|WHO Bioassay 2018|bendiocarb|carbamate|Acetylcholinesterase (AChE) inhibitors|1A|0.1|||||||81|42|||||||||||81||||||||||||||||||||||||||||||||||||||||||||||||||||||||||||||||||||||||||||||||||||||||genetic/molecular|81|F1|source says live and dead mosquitoes after bioassays were used for molecular species identification|81|100|0||0||1|0|||||||||||||||||||||||||||||||||||||||||||||||||DNN
no|no|yes|both|VA47|https://doi.org/10.1186/s13071-022-05174-1|Binyang|"Distribution of acetylcholinesterase (Ace‑1R)
target‑site G119S mutation and resistance
to carbamates and organophosphates
in Anopheles gambiae sensu lato populations
from Cameroon"|Parasites & Vectors|2022||||Cameroon|Simatou|10.56666669|14.50000003|||||||||||||||within 5km|gps coords|paper/map|||coordinates were provided in the paper where it was second checked in google earth and was just around the same locality.|||||HRI|||||||||indoor resting blood-fed or gravid adult female Anopheles mosquitoes were collected from the walls and roofs of different houses across the community between 6:00 AM and 10:00 AM|yes|no|no|9|11|2019|2019||wet||searched online where they said here are four seasons in cameroon light rains from may to june, short dry season from july to october, heavy rainfall from october to november and a long dry season from decemder to may.|gambiae (S)||morph|genetic/molecular|||||||||||||||||||||||||||||||||||||||||||||||||||||||||||||||||||||||||||||||||||||||||||||||||||||||||||||||||||||||||||||||||||||||||||||||||||||||||||||||||||||||||||||||||||||||||||||||||||||||||||||||||||||||||||||||||||||||||||F1|adults|2|5|WHO Bioassay 2018|propoxur|carbamate|Acetylcholinesterase (AChE) inhibitors|1A|1|||||||81|21|||||||||||||||||||||||||||||||||||||||||||||||||||||||||||||||||||||||||||||||||||||||||||||||||||||||||||||||||||||||||||||||||||||||||||||||||||||||||||||||DNN
no|no|yes|both|VA47|https://doi.org/10.1186/s13071-022-05174-1|Binyang|"Distribution of acetylcholinesterase (Ace‑1R)
target‑site G119S mutation and resistance
to carbamates and organophosphates
in Anopheles gambiae sensu lato populations
from Cameroon"|Parasites & Vectors|2022||||Cameroon|Simatou|10.56666669|14.50000003|||||||||||||||within 5km|gps coords|paper/map|||coordinates were provided in the paper where it was second checked in google earth and was just around the same locality.|||||HRI|||||||||indoor resting blood-fed or gravid adult female Anopheles mosquitoes were collected from the walls and roofs of different houses across the community between 6:00 AM and 10:00 AM|yes|no|no|9|11|2019|2019||wet||searched online where they said here are four seasons in cameroon light rains from may to june, short dry season from july to october, heavy rainfall from october to november and a long dry season from decemder to may.|gambiae (S)||morph|genetic/molecular|||||||||||||||||||||||||||||||||||||||||||||||||||||||||||||||||||||||||||||||||||||||||||||||||||||||||||||||||||||||||||||||||||||||||||||||||||||||||||||||||||||||||||||||||||||||||||||||||||||||||||||||||||||||||||||||||||||||||||F1|adults|2|5|WHO Bioassay 2018|pirimiphos-methyl|organophosphate|Acetylcholinesterase (AChE) inhibitors|1B|1|||||||81|14|||||||||||||||||||||||||||||||||||||||||||||||||||||||||||||||||||||||||||||||||||||||||||||||||||||||||||||||||||||||||||||||||||||||||||||||||||||||||||||||DNN
no|no|no|none|VA48|https://doi.org/10.1371/journal.pone.0263840|Animut|"Residual efficacy of Fludora Fusion against
Anopheles arabiensis in simple huts in Ethiopia"|PLOS ONE|2022||no|No data|||||||||||||||||||within 5km|gps coords|paper/map|||||||||||||||||||||||||||||||||||||||||||||||||||||||||||||||||||||||||||||||||||||||||||||||||||||||||||||||||||||||||||||||||||||||||||||||||||||||||||||||||||||||||||||||||||||||||||||||||||||||||||||||||||||||||||||||||||||||||||||||||||||||||||||||||||||||||||||||||||||||||||||||||||||||||||||||||||||||||||||||||||||||||||||||||||||||||||||||||||||||||||||||||||||||||||||||||||||||||||||||||||||||||||||||||||||||||||||||||||||||||||DNN
no|yes|yes|phenotypic|VA49|https://doi.org/10.1371/journal.pgen.1009963|Wipf|"Multi-insecticide resistant malaria vectors in
the field remain susceptible to malathion,
despite the presence of Ace1 point mutations"|PLOS Genetics|2022||yes|Ask author to provide genotypic data. We have plots showing different genotypic data but nothing concrete that we can use in our template|Côte d'Ivoire|Agboville|5.945129|-4.235667|||||||||||||||within 5km|gps coords|paper/map|||"In Tiassale´ and Agboville, we collected Anopheles larvae from
irrigated rice fields, whereas the collected larvae in Dabou were from standing water in vegetable
fields.coordinates were provided in the paper where it was second checked in google earth and was just around the same locality."|na|na|na||Larvae||||||||||yes|no|no|6|7|2018|2018||wet||"larval collections were collected  in June and July 2018, when the climate is hot and
rainy in this area of West Africa.Also checked online and the country experiences rainy season from june to october while dry season is between november to may"|coluzzii (gambiae M)||genetic/molecular||||||||||||||||||||||||||||||||||||||||||||||||||||||||||||||||||||||||||||||||||||||||||||||||||||||||||||||||||||||||||||||||||||||||||||||||||||||||||||||||||||||||||||||||||||||||||||||||||||||||||||||||||||||||||||||||||||||||||||F0|larvae|2|5|WHO Bioassay 2016|deltamethrin|pyrethroid|Sodium channel modulators|3A|0.05|||||||654||||||||||||||||||||||||||||||||||||||||||||||||||||||||||||||||||||||||||||||||||||||||||||||||||||||||||||||||||||||||||||||||||||||||||||||||||||||||||||||||DNN
no|yes|yes|phenotypic|VA49|https://doi.org/10.1371/journal.pgen.1009963|Wipf|"Multi-insecticide resistant malaria vectors in
the field remain susceptible to malathion,
despite the presence of Ace1 point mutations"|PLOS Genetics|2022||yes|Ask author to provide genotypic data. We have plots showing different genotypic data but nothing concrete that we can use in our template|Côte d'Ivoire|Agboville|5.945129|-4.235667|||||||||||||||within 5km|gps coords|paper/map|||"In Tiassale´ and Agboville, we collected Anopheles larvae from
irrigated rice fields, whereas the collected larvae in Dabou were from standing water in vegetable
fields.coordinates were provided in the paper where it was second checked in google earth and was just around the same locality."|na|na|na||Larvae||||||||||yes|no|no|6|7|2018|2018||wet||"larval collections were collected  in June and July 2018, when the climate is hot and
rainy in this area of West Africa"|coluzzii (gambiae M)||genetic/molecular||||||||||||||||||||||||||||||||||||||||||||||||||||||||||||||||||||||||||||||||||||||||||||||||||||||||||||||||||||||||||||||||||||||||||||||||||||||||||||||||||||||||||||||||||||||||||||||||||||||||||||||||||||||||||||||||||||||||||||F0|larvae|2|5|WHO Bioassay 2016|malathion|organophosphate|Acetylcholinesterase (AChE) inhibitors|1B|5|||||||561||||||||||||||||||||||||||||||||||||||||||||||||||||||||||||||||||||||||||||||||||||||||||||||||||||||||||||||||||||||||||||||||||||||||||||||||||||||||||||||||DNN
no|yes|yes|phenotypic|VA49|https://doi.org/10.1371/journal.pgen.1009963|Wipf|"Multi-insecticide resistant malaria vectors in
the field remain susceptible to malathion,
despite the presence of Ace1 point mutations"|PLOS Genetics|2022||yes|Ask author to provide genotypic data. We have plots showing different genotypic data but nothing concrete that we can use in our template|Côte d'Ivoire|Agboville|5.945129|-4.235667|||||||||||||||within 5km|gps coords|paper/map|||"In Tiassale´ and Agboville, we collected Anopheles larvae from
irrigated rice fields, whereas the collected larvae in Dabou were from standing water in vegetable
fields.coordinates were provided in the paper where it was second checked in google earth and was just around the same locality."|na|na|na||Larvae||||||||||yes|no|no|6|7|2018|2018||wet||"larval collections were collected  in June and July 2018, when the climate is hot and
rainy in this area of West Africa"|coluzzii (gambiae M)||genetic/molecular||||||||||||||||||||||||||||||||||||||||||||||||||||||||||||||||||||||||||||||||||||||||||||||||||||||||||||||||||||||||||||||||||||||||||||||||||||||||||||||||||||||||||||||||||||||||||||||||||||||||||||||||||||||||||||||||||||||||||||F0|larvae|2|5|WHO Bioassay 2016|DDT|pyrethroid|Sodium channel modulators|3B|4|||||||||||||||||||||||||||||||||||||||||||||||||||||||||||||||||||||||||||||||||||||||||||||||||||||||||||||||||||||||||||||||||||||||||||||||||||||||||||||||||||||||DNN
no|yes|yes|phenotypic|VA49|https://doi.org/10.1371/journal.pgen.1009963|Wipf|"Multi-insecticide resistant malaria vectors in
the field remain susceptible to malathion,
despite the presence of Ace1 point mutations"|PLOS Genetics|2022||yes|Ask author to provide genotypic data. We have plots showing different genotypic data but nothing concrete that we can use in our template|Côte d'Ivoire|Agboville|5.945129|-4.235667|||||||||||||||within 5km|gps coords|paper/map|||"In Tiassale´ and Agboville, we collected Anopheles larvae from
irrigated rice fields, whereas the collected larvae in Dabou were from standing water in vegetable
fields.coordinates were provided in the paper where it was second checked in google earth and was just around the same locality."|na|na|na||Larvae||||||||||yes|no|no|6|7|2018|2018||wet||"larval collections were collected  in June and July 2018, when the climate is hot and
rainy in this area of West Africa"|coluzzii (gambiae M)||genetic/molecular||||||||||||||||||||||||||||||||||||||||||||||||||||||||||||||||||||||||||||||||||||||||||||||||||||||||||||||||||||||||||||||||||||||||||||||||||||||||||||||||||||||||||||||||||||||||||||||||||||||||||||||||||||||||||||||||||||||||||||F0|larvae|2|5|WHO Bioassay 2016|bendiocarb|carbamate|Acetylcholinesterase (AChE) inhibitors|1A|0.1|||||||||||||||||||||||||||||||||||||||||||||||||||||||||||||||||||||||||||||||||||||||||||||||||||||||||||||||||||||||||||||||||||||||||||||||||||||||||||||||||||||||DNN
no|yes|yes|phenotypic|VA49|https://doi.org/10.1371/journal.pgen.1009963|Wipf|"Multi-insecticide resistant malaria vectors in
the field remain susceptible to malathion,
despite the presence of Ace1 point mutations"|PLOS Genetics|2022||yes|Ask author to provide genotypic data. We have plots showing different genotypic data but nothing concrete that we can use in our template|Côte d'Ivoire|Dabou|5.318682|-4.264588|||||||||||||||within 5km|gps coords|paper/map|||"In Tiassale´ and Agboville, we collected Anopheles larvae from
irrigated rice fields, whereas the collected larvae in Dabou were from standing water in vegetable
fields.coordinates were provided in the paper where it was second checked in google earth and was just around the same locality."|na|na|na||Larvae||||||||||yes|no|no|6|7|2018|2018||wet||"larval collections were collected  in June and July 2018, when the climate is hot and
rainy in this area of West Africa"|coluzzii (gambiae M)||genetic/molecular||||||||||||||||||||||||||||||||||||||||||||||||||||||||||||||||||||||||||||||||||||||||||||||||||||||||||||||||||||||||||||||||||||||||||||||||||||||||||||||||||||||||||||||||||||||||||||||||||||||||||||||||||||||||||||||||||||||||||||F0|larvae|2|5|WHO Bioassay 2016|deltamethrin|pyrethroid|Sodium channel modulators|3A|0.05|||||||976||||||||||||||||||||||||||||||||||||||||||||||||||||||||||||||||||||||||||||||||||||||||||||||||||||||||||||||||||||||||||||||||||||||||||||||||||||||||||||||||DNN
no|yes|yes|phenotypic|VA49|https://doi.org/10.1371/journal.pgen.1009963|Wipf|"Multi-insecticide resistant malaria vectors in
the field remain susceptible to malathion,
despite the presence of Ace1 point mutations"|PLOS Genetics|2022||yes|Ask author to provide genotypic data. We have plots showing different genotypic data but nothing concrete that we can use in our template|Côte d'Ivoire|Dabou|5.318682|-4.264588|||||||||||||||within 5km|gps coords|paper/map|||"In Tiassale´ and Agboville, we collected Anopheles larvae from
irrigated rice fields, whereas the collected larvae in Dabou were from standing water in vegetable
fields.coordinates were provided in the paper where it was second checked in google earth and was just around the same locality."|na|na|na||Larvae||||||||||yes|no|no|6|7|2018|2018||wet||"larval collections were collected  in June and July 2018, when the climate is hot and
rainy in this area of West Africa"|coluzzii (gambiae M)||genetic/molecular||||||||||||||||||||||||||||||||||||||||||||||||||||||||||||||||||||||||||||||||||||||||||||||||||||||||||||||||||||||||||||||||||||||||||||||||||||||||||||||||||||||||||||||||||||||||||||||||||||||||||||||||||||||||||||||||||||||||||||F0|larvae|2|5|WHO Bioassay 2016|malathion|organophosphate|Acetylcholinesterase (AChE) inhibitors|1B|5|||||||818||||||||||||||||||||||||||||||||||||||||||||||||||||||||||||||||||||||||||||||||||||||||||||||||||||||||||||||||||||||||||||||||||||||||||||||||||||||||||||||||DNN
no|yes|yes|phenotypic|VA49|https://doi.org/10.1371/journal.pgen.1009963|Wipf|"Multi-insecticide resistant malaria vectors in
the field remain susceptible to malathion,
despite the presence of Ace1 point mutations"|PLOS Genetics|2022||yes|Ask author to provide genotypic data. We have plots showing different genotypic data but nothing concrete that we can use in our template|Côte d'Ivoire|Dabou|5.318682|-4.264588|||||||||||||||within 5km|gps coords|paper/map|||"In Tiassale´ and Agboville, we collected Anopheles larvae from
irrigated rice fields, whereas the collected larvae in Dabou were from standing water in vegetable
fields.coordinates were provided in the paper where it was second checked in google earth and was just around the same locality."|na|na|na||Larvae||||||||||yes|no|no|6|7|2018|2018||wet||"larval collections were collected  in June and July 2018, when the climate is hot and
rainy in this area of West Africa"|coluzzii (gambiae M)||genetic/molecular||||||||||||||||||||||||||||||||||||||||||||||||||||||||||||||||||||||||||||||||||||||||||||||||||||||||||||||||||||||||||||||||||||||||||||||||||||||||||||||||||||||||||||||||||||||||||||||||||||||||||||||||||||||||||||||||||||||||||||F0|larvae|2|5|WHO Bioassay 2016|DDT|pyrethroid|Sodium channel modulators|3B|4|||||||||||||||||||||||||||||||||||||||||||||||||||||||||||||||||||||||||||||||||||||||||||||||||||||||||||||||||||||||||||||||||||||||||||||||||||||||||||||||||||||||DNN
no|yes|yes|phenotypic|VA49|https://doi.org/10.1371/journal.pgen.1009963|Wipf|"Multi-insecticide resistant malaria vectors in
the field remain susceptible to malathion,
despite the presence of Ace1 point mutations"|PLOS Genetics|2022||yes|Ask author to provide genotypic data. We have plots showing different genotypic data but nothing concrete that we can use in our template|Côte d'Ivoire|Dabou|5.318682|-4.264588|||||||||||||||within 5km|gps coords|paper/map|||"In Tiassale´ and Agboville, we collected Anopheles larvae from
irrigated rice fields, whereas the collected larvae in Dabou were from standing water in vegetable
fields.coordinates were provided in the paper where it was second checked in google earth and was just around the same locality."|na|na|na||Larvae||||||||||yes|no|no|6|7|2018|2018||wet||"larval collections were collected  in June and July 2018, when the climate is hot and
rainy in this area of West Africa"|coluzzii (gambiae M)||genetic/molecular||||||||||||||||||||||||||||||||||||||||||||||||||||||||||||||||||||||||||||||||||||||||||||||||||||||||||||||||||||||||||||||||||||||||||||||||||||||||||||||||||||||||||||||||||||||||||||||||||||||||||||||||||||||||||||||||||||||||||||F0|larvae|2|5|WHO Bioassay 2016|bendiocarb|carbamate|Acetylcholinesterase (AChE) inhibitors|1A|0.1|||||||||||||||||||||||||||||||||||||||||||||||||||||||||||||||||||||||||||||||||||||||||||||||||||||||||||||||||||||||||||||||||||||||||||||||||||||||||||||||||||||||DNN
no|yes|yes|phenotypic|VA49|https://doi.org/10.1371/journal.pgen.1009963|Wipf|"Multi-insecticide resistant malaria vectors in
the field remain susceptible to malathion,
despite the presence of Ace1 point mutations"|PLOS Genetics|2022||yes|Ask author to provide genotypic data. We have plots showing different genotypic data but nothing concrete that we can use in our template|Côte d'Ivoire|Tiassale´|5.890383|-4.831223|||||||||||||||within 5km|gps coords|paper/map|||"In Tiassale´ and Agboville, we collected Anopheles larvae from
irrigated rice fields, whereas the collected larvae in Dabou were from standing water in vegetable
fields.coordinates were provided in the paper where it was second checked in google earth and was just around the same locality."|na|na|na||Larvae||||||||||yes|no|no|6|7|2018|2018||wet||"larval collections were collected  in June and July 2018, when the climate is hot and
rainy in this area of West Africa"|coluzzii (gambiae M)||genetic/molecular||||||||||||||||||||||||||||||||||||||||||||||||||||||||||||||||||||||||||||||||||||||||||||||||||||||||||||||||||||||||||||||||||||||||||||||||||||||||||||||||||||||||||||||||||||||||||||||||||||||||||||||||||||||||||||||||||||||||||||F0|larvae|2|5|WHO Bioassay 2016|deltamethrin|pyrethroid|Sodium channel modulators|3A|0.05|||||||1027||||||||||||||||||||||||||||||||||||||||||||||||||||||||||||||||||||||||||||||||||||||||||||||||||||||||||||||||||||||||||||||||||||||||||||||||||||||||||||||||DNN
no|yes|yes|phenotypic|VA49|https://doi.org/10.1371/journal.pgen.1009963|Wipf|"Multi-insecticide resistant malaria vectors in
the field remain susceptible to malathion,
despite the presence of Ace1 point mutations"|PLOS Genetics|2022||yes|Ask author to provide genotypic data. We have plots showing different genotypic data but nothing concrete that we can use in our template|Côte d'Ivoire|Tiassale´|5.890383|-4.831223|||||||||||||||within 5km|gps coords|paper/map|||"In Tiassale´ and Agboville, we collected Anopheles larvae from
irrigated rice fields, whereas the collected larvae in Dabou were from standing water in vegetable
fields.coordinates were provided in the paper where it was second checked in google earth and was just around the same locality."|na|na|na||Larvae||||||||||yes|no|no|6|7|2018|2018||wet||"larval collections were collected  in June and July 2018, when the climate is hot and
rainy in this area of West Africa"|coluzzii (gambiae M)||genetic/molecular||||||||||||||||||||||||||||||||||||||||||||||||||||||||||||||||||||||||||||||||||||||||||||||||||||||||||||||||||||||||||||||||||||||||||||||||||||||||||||||||||||||||||||||||||||||||||||||||||||||||||||||||||||||||||||||||||||||||||||F0|larvae|2|5|WHO Bioassay 2016|malathion|organophosphate|Acetylcholinesterase (AChE) inhibitors|1B|5|||||||762||||||||||||||||||||||||||||||||||||||||||||||||||||||||||||||||||||||||||||||||||||||||||||||||||||||||||||||||||||||||||||||||||||||||||||||||||||||||||||||||DNN
no|yes|yes|phenotypic|VA49|https://doi.org/10.1371/journal.pgen.1009963|Wipf|"Multi-insecticide resistant malaria vectors in
the field remain susceptible to malathion,
despite the presence of Ace1 point mutations"|PLOS Genetics|2022||yes|Ask author to provide genotypic data. We have plots showing different genotypic data but nothing concrete that we can use in our template|Côte d'Ivoire|Tiassale´|5.890383|-4.831223|||||||||||||||within 5km|gps coords|paper/map|||"In Tiassale´ and Agboville, we collected Anopheles larvae from
irrigated rice fields, whereas the collected larvae in Dabou were from standing water in vegetable
fields.coordinates were provided in the paper where it was second checked in google earth and was just around the same locality."|na|na|na||Larvae||||||||||yes|no|no|6|7|2018|2018||wet||"larval collections were collected  in June and July 2018, when the climate is hot and
rainy in this area of West Africa"|coluzzii (gambiae M)||genetic/molecular||||||||||||||||||||||||||||||||||||||||||||||||||||||||||||||||||||||||||||||||||||||||||||||||||||||||||||||||||||||||||||||||||||||||||||||||||||||||||||||||||||||||||||||||||||||||||||||||||||||||||||||||||||||||||||||||||||||||||||F0|larvae|2|5|WHO Bioassay 2016|DDT|pyrethroid|Sodium channel modulators|3B|4|||||||||||||||||||||||||||||||||||||||||||||||||||||||||||||||||||||||||||||||||||||||||||||||||||||||||||||||||||||||||||||||||||||||||||||||||||||||||||||||||||||||DNN
no|yes|yes|phenotypic|VA49|https://doi.org/10.1371/journal.pgen.1009963|Wipf|"Multi-insecticide resistant malaria vectors in
the field remain susceptible to malathion,
despite the presence of Ace1 point mutations"|PLOS Genetics|2022||yes|Ask author to provide genotypic data. We have plots showing different genotypic data but nothing concrete that we can use in our template|Côte d'Ivoire|Tiassale´|5.890383|-4.831223|||||||||||||||within 5km|gps coords|paper/map|||"In Tiassale´ and Agboville, we collected Anopheles larvae from
irrigated rice fields, whereas the collected larvae in Dabou were from standing water in vegetable
fields.coordinates were provided in the paper where it was second checked in google earth and was just around the same locality."|na|na|na||Larvae||||||||||yes|no|no|6|7|2018|2018||wet||"larval collections were collected  in June and July 2018, when the climate is hot and
rainy in this area of West Africa"|coluzzii (gambiae M)||genetic/molecular||||||||||||||||||||||||||||||||||||||||||||||||||||||||||||||||||||||||||||||||||||||||||||||||||||||||||||||||||||||||||||||||||||||||||||||||||||||||||||||||||||||||||||||||||||||||||||||||||||||||||||||||||||||||||||||||||||||||||||F0|larvae|2|5|WHO Bioassay 2016|bendiocarb|carbamate|Acetylcholinesterase (AChE) inhibitors|1A|0.1|||||||||||||||||||||||||||||||||||||||||||||||||||||||||||||||||||||||||||||||||||||||||||||||||||||||||||||||||||||||||||||||||||||||||||||||||||||||||||||||||||||||DNN
no|no|no|none|VA50|https://doi.org/10.1186/s12936-022-04063-3|Mmbando|"The effect of light and ventilation on house
entry by Anopheles arabiensis sampled using
light traps in Tanzania: an experimental hut
study"|Malaria Journal|2022||no|No data||||||||||||||||||||||||||||||||||||||||||||||||||||||||||||||||||||||||||||||||||||||||||||||||||||||||||||||||||||||||||||||||||||||||||||||||||||||||||||||||||||||||||||||||||||||||||||||||||||||||||||||||||||||||||||||||||||||||||||||||||||||||||||||||||||||||||||||||||||||||||||||||||||||||||||||||||||||||||||||||||||||||||||||||||||||||||||||||||||||||||||||||||||||||||||||||||||||||||||||||||||||||||||||||||||||||||||||||||||||||||||||||||||||||||||||||DNN
no|yes|no|both|VA51|10.1016/j.meegid.2022.105235 |Samake |Detection and population genetic analysis of kdr L1014F variant in eastern Ethiopian Anopheles stephensi |Infection, Genetics and Evolution |2022|na|||Ethiopia|Awash Sebat|||||||||||||||||within 5km|small polygon|GoogleEarth|Afar||The coordinates provided in the supplimentary materials do not match the location of the sites in google earth|no|na|||HRI||CDC-LT - indoor||||||||yes|no|no|8|11|2018|2018||cross||According the the supplimentary paper, the sites have a mean annual rainfall from 200 to 900 mm. There is a smaller rainy season between March and May, followed by a longer period between July and October |stephensi||morph|genetic/molecular||||||||||||||||||||||||||||||||||||||||||||||||||||||||||||||||||||||||||||||||||||||||||||||||||||||||||||||||||||||||||||||||||||||||||||||||||||||||||||||||||||||||||||||||||||||||||||||||||||||||||||||||||||||||||||||||||No|||F0|adults|||WHO Bioassay 2016|permethrin|pyrethroid|Sodium channel modulators|3A||||||||8|||||||||||||||||||||||||||||8||||||0|||||||||||||||||||||||||||||||||||||||||||||||||||||||||||||||||||||||||||||||||||||||||||||||||||||||||||||||||||||||||||JO||||||||
no|yes|no|both|VA51|10.1016/j.meegid.2022.105235 |Samake |Detection and population genetic analysis of kdr L1014F variant in eastern Ethiopian Anopheles stephensi |Infection, Genetics and Evolution |2022|na|||Ethiopia|Bati|||||||||||||||||within 5km|small polygon|GoogleEarth|Amhara||The coordinates provided in the supplimentary materials do not match the location of the sites in google earth|no|na|||HRI||CDC-LT - indoor||||||||yes|no|no|8|11|2018|2018||cross||According the the supplimentary paper, the sites have a mean annual rainfall from 200 to 900 mm. There is a smaller rainy season between March and May, followed by a longer period between July and October |stephensi||morph|genetic/molecular||||||||||||||||||||||||||||||||||||||||||||||||||||||||||||||||||||||||||||||||||||||||||||||||||||||||||||||||||||||||||||||||||||||||||||||||||||||||||||||||||||||||||||||||||||||||||||||||||||||||||||||||||||||||||||||||||No|||F0|adults|||WHO Bioassay 2016|permethrin|pyrethroid|Sodium channel modulators|3A||||||||17|||||||||||||||||||||||||||||17||||||5.9|||||||||||||||||||||||||||||||||||||||||||||||||||||||||||||||||||||||||||||||||||||||||||||||||||||||||||||||||||||||||||JO||||||||
no|yes|no|both|VA51|10.1016/j.meegid.2022.105235 |Samake |Detection and population genetic analysis of kdr L1014F variant in eastern Ethiopian Anopheles stephensi |Infection, Genetics and Evolution |2022|na|||Ethiopia|Dire Dawa|||||||||||||||||between 5 - 10km|small polygon|GoogleEarth|Dire Dawa||The coordinates provided in the supplimentary materials do not match the location of the sites in google earth|no|na|||HRI||CDC-LT - indoor||||||||yes|no|no|8|11|2018|2018||cross||According the the supplimentary paper, the sites have a mean annual rainfall from 200 to 900 mm. There is a smaller rainy season between March and May, followed by a longer period between July and October |stephensi||morph|||||||||||||||||||||||||||||||||||||||||||||||||||||||||||||||||||||||||||||||||||||||||||||||||||||||||||||||||||||||||||||||||||||||||||||||||||||||||||||||||||||||||||||||||||||||||||||||||||||||||||||||||||||||||||||||||||No|||F0|adults|||WHO Bioassay 2016|permethrin|pyrethroid|Sodium channel modulators|3A||||||||26|||||||||||||||||||||||||||||26||||||3.8|||||||||||||||||||||||||||||||||||||||||||||||||||||||||||||||||||||||||||||||||||||||||||||||||||||||||||||||||||||||||||JO||||||||
no|yes|no|both|VA51|10.1016/j.meegid.2022.105235 |Samake |Detection and population genetic analysis of kdr L1014F variant in eastern Ethiopian Anopheles stephensi |Infection, Genetics and Evolution |2022|na|||Ethiopia|Degehabur|||||||||||||||||within 5km|small polygon|GoogleEarth|Somali||The coordinates provided in the supplimentary materials do not match the location of the sites in google earth|no|na|||HRI||CDC-LT - indoor||||||||yes|no|no|8|11|2018|2018||cross||According the the supplimentary paper, the sites have a mean annual rainfall from 200 to 900 mm. There is a smaller rainy season between March and May, followed by a longer period between July and October |stephensi||morph|||||||||||||||||||||||||||||||||||||||||||||||||||||||||||||||||||||||||||||||||||||||||||||||||||||||||||||||||||||||||||||||||||||||||||||||||||||||||||||||||||||||||||||||||||||||||||||||||||||||||||||||||||||||||||||||||||No|||F0|adults|||WHO Bioassay 2016|permethrin|pyrethroid|Sodium channel modulators|3A||||||||12|||||||||||||||||||||||||||||12||||||16.7|||||||||||||||||||||||||||||||||||||||||||||||||||||||||||||||||||||||||||||||||||||||||||||||||||||||||||||||||||||||||||JO||||||||
no|yes|no|both|VA51|10.1016/j.meegid.2022.105235 |Samake |Detection and population genetic analysis of kdr L1014F variant in eastern Ethiopian Anopheles stephensi |Infection, Genetics and Evolution |2022|na|||Ethiopia|Erer Gota|||||||||||||||||within 5km|small polygon|GoogleEarth|Somali||The coordinates provided in the supplimentary materials do not match the location of the sites in google earth|no|na|||HRI||CDC-LT - indoor||||||||yes|no|no|8|11|2018|2018||cross||According the the supplimentary paper, the sites have a mean annual rainfall from 200 to 900 mm. There is a smaller rainy season between March and May, followed by a longer period between July and October |stephensi||morph|||||||||||||||||||||||||||||||||||||||||||||||||||||||||||||||||||||||||||||||||||||||||||||||||||||||||||||||||||||||||||||||||||||||||||||||||||||||||||||||||||||||||||||||||||||||||||||||||||||||||||||||||||||||||||||||||||No|||F0|adults|||WHO Bioassay 2016|permethrin|pyrethroid|Sodium channel modulators|3A||||||||13|||||||||||||||||||||||||||||13||||||0|||||||||||||||||||||||||||||||||||||||||||||||||||||||||||||||||||||||||||||||||||||||||||||||||||||||||||||||||||||||||||JO||||||||
no|yes|no|both|VA51|10.1016/j.meegid.2022.105235 |Samake |Detection and population genetic analysis of kdr L1014F variant in eastern Ethiopian Anopheles stephensi |Infection, Genetics and Evolution |2022|na|||Ethiopia|Godey|||||||||||||||||within 5km|small polygon|GoogleEarth|Somali||The coordinates provided in the supplimentary materials do not match the location of the sites in google earth|no|na|||HRI||CDC-LT - indoor||||||||yes|no|no|8|11|2018|2018||cross||According the the supplimentary paper, the sites have a mean annual rainfall from 200 to 900 mm. There is a smaller rainy season between March and May, followed by a longer period between July and October |stephensi||morph|||||||||||||||||||||||||||||||||||||||||||||||||||||||||||||||||||||||||||||||||||||||||||||||||||||||||||||||||||||||||||||||||||||||||||||||||||||||||||||||||||||||||||||||||||||||||||||||||||||||||||||||||||||||||||||||||||No|||F0|adults|||WHO Bioassay 2016|permethrin|pyrethroid|Sodium channel modulators|3A||||||||13|||||||||||||||||||||||||||||13||||||0|||||||||||||||||||||||||||||||||||||||||||||||||||||||||||||||||||||||||||||||||||||||||||||||||||||||||||||||||||||||||||JO||||||||
no|yes|no|both|VA51|10.1016/j.meegid.2022.105235 |Samake |Detection and population genetic analysis of kdr L1014F variant in eastern Ethiopian Anopheles stephensi |Infection, Genetics and Evolution |2022|na|||Ethiopia|Gewane| ||||||||||||||||within 5km|small polygon|GoogleEarth|Afar||The coordinates provided in the supplimentary materials do not match the location of the sites in google earth|no|na|||HRI||CDC-LT - indoor||||||||yes|no|no|8|11|2018|2018||cross||According the the supplimentary paper, the sites have a mean annual rainfall from 200 to 900 mm. There is a smaller rainy season between March and May, followed by a longer period between July and October |stephensi||morph|||||||||||||||||||||||||||||||||||||||||||||||||||||||||||||||||||||||||||||||||||||||||||||||||||||||||||||||||||||||||||||||||||||||||||||||||||||||||||||||||||||||||||||||||||||||||||||||||||||||||||||||||||||||||||||||||||No|||F0|adults|||WHO Bioassay 2016|permethrin|pyrethroid|Sodium channel modulators|3A||||||||12|||||||||||||||||||||||||||||12||||||8.3|||||||||||||||||||||||||||||||||||||||||||||||||||||||||||||||||||||||||||||||||||||||||||||||||||||||||||||||||||||||||||JO||||||||
no|yes|no|both|VA51|10.1016/j.meegid.2022.105235 |Samake |Detection and population genetic analysis of kdr L1014F variant in eastern Ethiopian Anopheles stephensi |Infection, Genetics and Evolution |2022|na|||Ethiopia|Jigjiga|||||||||||||||||between 5 - 10km|small polygon|GoogleEarth|Somali||The coordinates provided in the supplimentary materials do not match the location of the sites in google earth|no|na|||HRI||CDC-LT - indoor||||||||yes|no|no|8|11|2018|2018||cross||According the the supplimentary paper, the sites have a mean annual rainfall from 200 to 900 mm. There is a smaller rainy season between March and May, followed by a longer period between July and October |stephensi||morph|||||||||||||||||||||||||||||||||||||||||||||||||||||||||||||||||||||||||||||||||||||||||||||||||||||||||||||||||||||||||||||||||||||||||||||||||||||||||||||||||||||||||||||||||||||||||||||||||||||||||||||||||||||||||||||||||||No|||F0|adults|||WHO Bioassay 2016|permethrin|pyrethroid|Sodium channel modulators|3A||||||||9|||||||||||||||||||||||||||||9||||||0|||||||||||||||||||||||||||||||||||||||||||||||||||||||||||||||||||||||||||||||||||||||||||||||||||||||||||||||||||||||||||JO||||||||
no|yes|no|both|VA51|10.1016/j.meegid.2022.105235 |Samake |Detection and population genetic analysis of kdr L1014F variant in eastern Ethiopian Anopheles stephensi |Infection, Genetics and Evolution |2022|na|||Ethiopia|Kebridehar|||||||||||||||||between 5 - 10km|small polygon|GoogleEarth|Somali||The coordinates provided in the supplimentary materials do not match the location of the sites in google earth|no|na|||HRI||CDC-LT - indoor||||||||yes|no|no|8|11|2018|2018||cross||According the the supplimentary paper, the sites have a mean annual rainfall from 200 to 900 mm. There is a smaller rainy season between March and May, followed by a longer period between July and October |stephensi||morph|||||||||||||||||||||||||||||||||||||||||||||||||||||||||||||||||||||||||||||||||||||||||||||||||||||||||||||||||||||||||||||||||||||||||||||||||||||||||||||||||||||||||||||||||||||||||||||||||||||||||||||||||||||||||||||||||||No|||F0|adults|||WHO Bioassay 2016|permethrin|pyrethroid|Sodium channel modulators|3A||||||||23|||||||||||||||||||||||||||||23||||||0|||||||||||||||||||||||||||||||||||||||||||||||||||||||||||||||||||||||||||||||||||||||||||||||||||||||||||||||||||||||||||JO||||||||
no|yes|no|both|VA51|10.1016/j.meegid.2022.105235 |Samake |Detection and population genetic analysis of kdr L1014F variant in eastern Ethiopian Anopheles stephensi |Infection, Genetics and Evolution |2022|na|||Ethiopia|Semera|||||||||||||||||between 5 - 10km|small polygon|GoogleEarth|Afar||The coordinates provided in the supplimentary materials do not match the location of the sites in google earth|no|na|||HRI||CDC-LT - indoor||||||||yes|no|no|8|11|2018|2018||cross||According the the supplimentary paper, the sites have a mean annual rainfall from 200 to 900 mm. There is a smaller rainy season between March and May, followed by a longer period between July and October |stephensi||morph|genetic/molecular||||||||||||||||||||||||||||||||||||||||||||||||||||||||||||||||||||||||||||||||||||||||||||||||||||||||||||||||||||||||||||||||||||||||||||||||||||||||||||||||||||||||||||||||||||||||||||||||||||||||||||||||||||||||||||||||||No|||F0|adults|||WHO Bioassay 2016|permethrin|pyrethroid|Sodium channel modulators|3A||||||||26|||||||||||||||||||||||||||||26||||||15.4|||||||||||||||||||||||||||||||||||||||||||||||||||||||||||||||||||||||||||||||||||||||||||||||||||||||||||||||||||||||||||JO||||||||
yes|yes|no|none|VA52|10.1371/journal.pone.0263295 |Adugna |Parous rate and longevity of anophelines mosquitoes in bure district, northwestern Ethiopia |PLOS ONE |2022|Random|||Ethiopia|Bukta||||||||||||||||||small polygon|GoogleMaps|Bure||The coordinates provided in the supplimentary materials do not match the location of the sites in google earth|yes|combination|IRS|Bed nets were distributed to the three villages once per 3-years before malaria infestation begins, on the first week of September. Moreover, anti- malaria chemical spraying (IRS) (Deltamethrin, K-Othrine Flow) was administered to the three villages.|CDC-LT - indoor||CDC-LT - outdoor||HRI||RO (pit)||4703|A total of 4,703 female Anopheles mosquitoes, representing nine species, were collected by all collection methods in Bure district.|yes|no|no|7|6|2015|2016||cross|2000mm/year|The major rainy season of Bure district is from July to September, and a small amount is obtained from May to June and from October to December. The rest of the month (January—April) are dry seasons .|arabiensis||morph|genetic/molecular|metal|mud|no|||Majority of the population in the district live in houses made of mud and corrugated iron roofs. The mud-houses were partly smooth and partly rough. Some of them were painted. The doors and windows of each house were lacking mosquito screening. In each farmer’s compound, there was separated kitchen and latrine houses. Between each farmer’s house, 10 -15m distance were present. Both animals and humans were living inside in the same houses (Personal obsr).|multiple occupations||||||||||||Socioeconomically, the majority (85%) of the populations are farmers and the rest is merchants (6.8%) and others (non-governmental organizations, civil servants) (8.2%)||other|Majority of the population are farmers who grow maize, teff (Eragrostis teff), pepper, potatoes, wheat, millets, followed by beans & peas, sunflower, niger, spices, vegetation’s, and others |cattle|chickens|other||Animals such as cattle, sheep, hens, mules, and donkeys are reared by the farmers. |||CDC-LT - indoor|CDC-LT - outdoor|||||34.6||||Other than porous rate,  data on daily survival rate of the species has been. Recorded but the units are not in percentage. Data on longetivity of the species has been recorded. |||||||||||||||||||||||||||||||||||||||||||||||||||||||||||||||||||||||||||||||||||||||||||||||||||||||||||||||||||||||||||||||||||||||||||||||||||||||||||||||||||||||||||||||||||||||||||||||||||||||||||||||||||||||||||||||||||||||||||||||||||||||||||||||||||||||||||||||||||||||||||||||||||||||||||||||||||||||||||||||||||||||||||||||||||||||||||||||||||||||||||JO||||||||
yes|yes|no|none|VA52|10.1371/journal.pone.0263295 |Adugna |Parous rate and longevity of anophelines mosquitoes in bure district, northwestern Ethiopia |PLOS ONE |2022|Random|||Ethiopia|Bukta||||||||||||||||||small polygon|GoogleMaps|Bure||The coordinates provided in the supplimentary materials do not match the location of the sites in google earth|yes|combination|IRS|Bed nets were distributed to the three villages once per 3-years before malaria infestation begins, on the first week of September. Moreover, anti- malaria chemical spraying (IRS) (Deltamethrin, K-Othrine Flow) was administered to the three villages.|CDC-LT - indoor||CDC-LT - outdoor||HRI||RO (pit)||4703|A total of 4,703 female Anopheles mosquitoes, representing nine species, were collected by all collection methods in Bure district.|yes|no|no|7|6|2015|2016||cross|2000mm/year|The major rainy season of Bure district is from July to September, and a small amount is obtained from May to June and from October to December. The rest of the month (January—April) are dry seasons .|pharoensis||morph|genetic/molecular|metal|mud|no|||Majority of the population in the district live in houses made of mud and corrugated iron roofs. The mud-houses were partly smooth and partly rough. Some of them were painted. The doors and windows of each house were lacking mosquito screening. In each farmer’s compound, there was separated kitchen and latrine houses. Between each farmer’s house, 10 -15m distance were present. Both animals and humans were living inside in the same houses (Personal obsr).|multiple occupations||||||||||||Socioeconomically, the majority (85%) of the populations are farmers and the rest is merchants (6.8%) and others (non-governmental organizations, civil servants) (8.2%)||other|Majority of the population are farmers who grow maize, teff (Eragrostis teff), pepper, potatoes, wheat, millets, followed by beans & peas, sunflower, niger, spices, vegetation’s, and others |cattle|chickens|other||Animals such as cattle, sheep, hens, mules, and donkeys are reared by the farmers. |||CDC-LT - indoor|CDC-LT - outdoor|||||50||||Other than porous rate,  data on daily survival rate of the species has been. Recorded but the units are not in percentage. Data on longetivity of the species has been recorded. |||||||||||||||||||||||||||||||||||||||||||||||||||||||||||||||||||||||||||||||||||||||||||||||||||||||||||||||||||||||||||||||||||||||||||||||||||||||||||||||||||||||||||||||||||||||||||||||||||||||||||||||||||||||||||||||||||||||||||||||||||||||||||||||||||||||||||||||||||||||||||||||||||||||||||||||||||||||||||||||||||||||||||||||||||||||||||||||||||||||||||JO||||||||
yes|yes|no|none|VA52|10.1371/journal.pone.0263295 |Adugna |Parous rate and longevity of anophelines mosquitoes in bure district, northwestern Ethiopia |PLOS ONE |2022|Random|||Ethiopia|Bukta||||||||||||||||||small polygon|GoogleMaps|Bure||The coordinates provided in the supplimentary materials do not match the location of the sites in google earth|yes|combination|IRS|Bed nets were distributed to the three villages once per 3-years before malaria infestation begins, on the first week of September. Moreover, anti- malaria chemical spraying (IRS) (Deltamethrin, K-Othrine Flow) was administered to the three villages.|CDC-LT - indoor||CDC-LT - outdoor||HRI||RO (pit)||4703|A total of 4,703 female Anopheles mosquitoes, representing nine species, were collected by all collection methods in Bure district.|yes|no|no|7|6|2015|2016||cross|2000mm/year|The major rainy season of Bure district is from July to September, and a small amount is obtained from May to June and from October to December. The rest of the month (January—April) are dry seasons .|funestus||morph|genetic/molecular|metal|mud|no|||Majority of the population in the district live in houses made of mud and corrugated iron roofs. The mud-houses were partly smooth and partly rough. Some of them were painted. The doors and windows of each house were lacking mosquito screening. In each farmer’s compound, there was separated kitchen and latrine houses. Between each farmer’s house, 10 -15m distance were present. Both animals and humans were living inside in the same houses (Personal obsr).|multiple occupations||||||||||||Socioeconomically, the majority (85%) of the populations are farmers and the rest is merchants (6.8%) and others (non-governmental organizations, civil servants) (8.2%)||other|Majority of the population are farmers who grow maize, teff (Eragrostis teff), pepper, potatoes, wheat, millets, followed by beans & peas, sunflower, niger, spices, vegetation’s, and others |cattle|chickens|other||Animals such as cattle, sheep, hens, mules, and donkeys are reared by the farmers. |||CDC-LT - indoor|CDC-LT - outdoor|||||33.3||||Other than porous rate,  data on daily survival rate of the species has been. Recorded but the units are not in percentage. Data on longetivity of the species has been recorded. |||||||||||||||||||||||||||||||||||||||||||||||||||||||||||||||||||||||||||||||||||||||||||||||||||||||||||||||||||||||||||||||||||||||||||||||||||||||||||||||||||||||||||||||||||||||||||||||||||||||||||||||||||||||||||||||||||||||||||||||||||||||||||||||||||||||||||||||||||||||||||||||||||||||||||||||||||||||||||||||||||||||||||||||||||||||||||||||||||||||||||JO||||||||
yes|yes|no|none|VA52|10.1371/journal.pone.0263295 |Adugna |Parous rate and longevity of anophelines mosquitoes in bure district, northwestern Ethiopia |PLOS ONE |2022|Random|||Ethiopia|Bukta||||||||||||||||||small polygon|GoogleMaps|Bure||The coordinates provided in the supplimentary materials do not match the location of the sites in google earth|yes|combination|IRS|Bed nets were distributed to the three villages once per 3-years before malaria infestation begins, on the first week of September. Moreover, anti- malaria chemical spraying (IRS) (Deltamethrin, K-Othrine Flow) was administered to the three villages.|CDC-LT - indoor||CDC-LT - outdoor||HRI||RO (pit)||4703|A total of 4,703 female Anopheles mosquitoes, representing nine species, were collected by all collection methods in Bure district.|yes|no|no|7|6|2015|2016||cross|2000mm/year|The major rainy season of Bure district is from July to September, and a small amount is obtained from May to June and from October to December. The rest of the month (January—April) are dry seasons .|coustani||morph|genetic/molecular|metal|mud|no|||Majority of the population in the district live in houses made of mud and corrugated iron roofs. The mud-houses were partly smooth and partly rough. Some of them were painted. The doors and windows of each house were lacking mosquito screening. In each farmer’s compound, there was separated kitchen and latrine houses. Between each farmer’s house, 10 -15m distance were present. Both animals and humans were living inside in the same houses (Personal obsr).|multiple occupations||||||||||||Socioeconomically, the majority (85%) of the populations are farmers and the rest is merchants (6.8%) and others (non-governmental organizations, civil servants) (8.2%)||other|Majority of the population are farmers who grow maize, teff (Eragrostis teff), pepper, potatoes, wheat, millets, followed by beans & peas, sunflower, niger, spices, vegetation’s, and others |cattle|chickens|other||Animals such as cattle, sheep, hens, mules, and donkeys are reared by the farmers. |||CDC-LT - indoor|CDC-LT - outdoor|||||27.5||||Other than porous rate,  data on daily survival rate of the species has been. Recorded but the units are not in percentage. Data on longetivity of the species has been recorded. |||||||||||||||||||||||||||||||||||||||||||||||||||||||||||||||||||||||||||||||||||||||||||||||||||||||||||||||||||||||||||||||||||||||||||||||||||||||||||||||||||||||||||||||||||||||||||||||||||||||||||||||||||||||||||||||||||||||||||||||||||||||||||||||||||||||||||||||||||||||||||||||||||||||||||||||||||||||||||||||||||||||||||||||||||||||||||||||||||||||||||JO||||||||
yes|yes|no|none|VA52|10.1371/journal.pone.0263295 |Adugna |Parous rate and longevity of anophelines mosquitoes in bure district, northwestern Ethiopia |PLOS ONE |2022|Random|||Ethiopia|Bukta||||||||||||||||||small polygon|GoogleMaps|Bure||The coordinates provided in the supplimentary materials do not match the location of the sites in google earth|yes|combination|IRS|Bed nets were distributed to the three villages once per 3-years before malaria infestation begins, on the first week of September. Moreover, anti- malaria chemical spraying (IRS) (Deltamethrin, K-Othrine Flow) was administered to the three villages.|CDC-LT - indoor||CDC-LT - outdoor||HRI||RO (pit)||4703|A total of 4,703 female Anopheles mosquitoes, representing nine species, were collected by all collection methods in Bure district.|yes|no|no|7|6|2015|2016||cross|2000mm/year|The major rainy season of Bure district is from July to September, and a small amount is obtained from May to June and from October to December. The rest of the month (January—April) are dry seasons .|squamosus||morph|genetic/molecular|metal|mud|no|||Majority of the population in the district live in houses made of mud and corrugated iron roofs. The mud-houses were partly smooth and partly rough. Some of them were painted. The doors and windows of each house were lacking mosquito screening. In each farmer’s compound, there was separated kitchen and latrine houses. Between each farmer’s house, 10 -15m distance were present. Both animals and humans were living inside in the same houses (Personal obsr).|multiple occupations||||||||||||Socioeconomically, the majority (85%) of the populations are farmers and the rest is merchants (6.8%) and others (non-governmental organizations, civil servants) (8.2%)||other|Majority of the population are farmers who grow maize, teff (Eragrostis teff), pepper, potatoes, wheat, millets, followed by beans & peas, sunflower, niger, spices, vegetation’s, and others |cattle|chickens|other||Animals such as cattle, sheep, hens, mules, and donkeys are reared by the farmers. |||CDC-LT - indoor|CDC-LT - outdoor|||||33.3||||Other than porous rate,  data on daily survival rate of the species has been. Recorded but the units are not in percentage. Data on longetivity of the species has been recorded. |||||||||||||||||||||||||||||||||||||||||||||||||||||||||||||||||||||||||||||||||||||||||||||||||||||||||||||||||||||||||||||||||||||||||||||||||||||||||||||||||||||||||||||||||||||||||||||||||||||||||||||||||||||||||||||||||||||||||||||||||||||||||||||||||||||||||||||||||||||||||||||||||||||||||||||||||||||||||||||||||||||||||||||||||||||||||||||||||||||||||||JO||||||||
yes|yes|no|none|VA52|10.1371/journal.pone.0263295 |Adugna |Parous rate and longevity of anophelines mosquitoes in bure district, northwestern Ethiopia |PLOS ONE |2022|Random|||Ethiopia|Bukta||||||||||||||||||small polygon|GoogleMaps|Bure||The coordinates provided in the supplimentary materials do not match the location of the sites in google earth|yes|combination|IRS|Bed nets were distributed to the three villages once per 3-years before malaria infestation begins, on the first week of September. Moreover, anti- malaria chemical spraying (IRS) (Deltamethrin, K-Othrine Flow) was administered to the three villages.|CDC-LT - indoor||CDC-LT - outdoor||HRI||RO (pit)||4703|A total of 4,703 female Anopheles mosquitoes, representing nine species, were collected by all collection methods in Bure district.|yes|no|no|7|6|2015|2016||cross|2000mm/year|The major rainy season of Bure district is from July to September, and a small amount is obtained from May to June and from October to December. The rest of the month (January—April) are dry seasons .|cinereus||morph|genetic/molecular|metal|mud|no|||Majority of the population in the district live in houses made of mud and corrugated iron roofs. The mud-houses were partly smooth and partly rough. Some of them were painted. The doors and windows of each house were lacking mosquito screening. In each farmer’s compound, there was separated kitchen and latrine houses. Between each farmer’s house, 10 -15m distance were present. Both animals and humans were living inside in the same houses (Personal obsr).|multiple occupations||||||||||||Socioeconomically, the majority (85%) of the populations are farmers and the rest is merchants (6.8%) and others (non-governmental organizations, civil servants) (8.2%)||other|Majority of the population are farmers who grow maize, teff (Eragrostis teff), pepper, potatoes, wheat, millets, followed by beans & peas, sunflower, niger, spices, vegetation’s, and others |cattle|chickens|other||Animals such as cattle, sheep, hens, mules, and donkeys are reared by the farmers. |||CDC-LT - indoor|CDC-LT - outdoor|||||27.3||||Other than porous rate,  data on daily survival rate of the species has been. Recorded but the units are not in percentage. Data on longetivity of the species has been recorded. |||||||||||||||||||||||||||||||||||||||||||||||||||||||||||||||||||||||||||||||||||||||||||||||||||||||||||||||||||||||||||||||||||||||||||||||||||||||||||||||||||||||||||||||||||||||||||||||||||||||||||||||||||||||||||||||||||||||||||||||||||||||||||||||||||||||||||||||||||||||||||||||||||||||||||||||||||||||||||||||||||||||||||||||||||||||||||||||||||||||||||JO||||||||
no|yes|no|none|VA52|10.1371/journal.pone.0263295 |Adugna |Parous rate and longevity of anophelines mosquitoes in bure district, northwestern Ethiopia |PLOS ONE |2022|Random|||Ethiopia|Bukta||||||||||||||||||small polygon|GoogleMaps|Bure||The coordinates provided in the supplimentary materials do not match the location of the sites in google earth|yes|combination|IRS|Bed nets were distributed to the three villages once per 3-years before malaria infestation begins, on the first week of September. Moreover, anti- malaria chemical spraying (IRS) (Deltamethrin, K-Othrine Flow) was administered to the three villages.|CDC-LT - indoor||CDC-LT - outdoor||HRI||RO (pit)||4703|A total of 4,703 female Anopheles mosquitoes, representing nine species, were collected by all collection methods in Bure district.|yes|no|no|7|6|2015|2016||cross|2000mm/year|The major rainy season of Bure district is from July to September, and a small amount is obtained from May to June and from October to December. The rest of the month (January—April) are dry seasons .|demeilloni||morph|genetic/molecular|metal|mud|no|||Majority of the population in the district live in houses made of mud and corrugated iron roofs. The mud-houses were partly smooth and partly rough. Some of them were painted. The doors and windows of each house were lacking mosquito screening. In each farmer’s compound, there was separated kitchen and latrine houses. Between each farmer’s house, 10 -15m distance were present. Both animals and humans were living inside in the same houses (Personal obsr).|multiple occupations||||||||||||Socioeconomically, the majority (85%) of the populations are farmers and the rest is merchants (6.8%) and others (non-governmental organizations, civil servants) (8.2%)||other|Majority of the population are farmers who grow maize, teff (Eragrostis teff), pepper, potatoes, wheat, millets, followed by beans & peas, sunflower, niger, spices, vegetation’s, and others |cattle|chickens|other||Animals such as cattle, sheep, hens, mules, and donkeys are reared by the farmers. |||CDC-LT - indoor|CDC-LT - outdoor||||||||||||||||||||||||||||||||||||||||||||||||||||||||||||||||||||||||||||||||||||||||||||||||||||||||||||||||||||||||||||||||||||||||||||||||||||||||||||||||||||||||||||||||||||||||||||||||||||||||||||||||||||||||||||||||||||||||||||||||||||||||||||||||||||||||||||||||||||||||||||||||||||||||||||||||||||||||||||||||||||||||||||||||||||||||||||||||||||||||||||||||||||JO||||||||
no|yes|no|none|VA52|10.1371/journal.pone.0263295 |Adugna |Parous rate and longevity of anophelines mosquitoes in bure district, northwestern Ethiopia |PLOS ONE |2022|Random|||Ethiopia|Bukta||||||||||||||||||small polygon|GoogleMaps|Bure||The coordinates provided in the supplimentary materials do not match the location of the sites in google earth|yes|combination|IRS|Bed nets were distributed to the three villages once per 3-years before malaria infestation begins, on the first week of September. Moreover, anti- malaria chemical spraying (IRS) (Deltamethrin, K-Othrine Flow) was administered to the three villages.|CDC-LT - indoor||CDC-LT - outdoor||HRI||RO (pit)||4703|A total of 4,703 female Anopheles mosquitoes, representing nine species, were collected by all collection methods in Bure district.|yes|no|no|7|6|2015|2016||cross|2000mm/year|The major rainy season of Bure district is from July to September, and a small amount is obtained from May to June and from October to December. The rest of the month (January—April) are dry seasons .|natalensis||morph|genetic/molecular|metal|mud|no|||Majority of the population in the district live in houses made of mud and corrugated iron roofs. The mud-houses were partly smooth and partly rough. Some of them were painted. The doors and windows of each house were lacking mosquito screening. In each farmer’s compound, there was separated kitchen and latrine houses. Between each farmer’s house, 10 -15m distance were present. Both animals and humans were living inside in the same houses (Personal obsr).|multiple occupations||||||||||||Socioeconomically, the majority (85%) of the populations are farmers and the rest is merchants (6.8%) and others (non-governmental organizations, civil servants) (8.2%)||other|Majority of the population are farmers who grow maize, teff (Eragrostis teff), pepper, potatoes, wheat, millets, followed by beans & peas, sunflower, niger, spices, vegetation’s, and others |cattle|chickens|other||Animals such as cattle, sheep, hens, mules, and donkeys are reared by the farmers. |||CDC-LT - indoor|CDC-LT - outdoor||||||||||||||||||||||||||||||||||||||||||||||||||||||||||||||||||||||||||||||||||||||||||||||||||||||||||||||||||||||||||||||||||||||||||||||||||||||||||||||||||||||||||||||||||||||||||||||||||||||||||||||||||||||||||||||||||||||||||||||||||||||||||||||||||||||||||||||||||||||||||||||||||||||||||||||||||||||||||||||||||||||||||||||||||||||||||||||||||||||||||||||||||||JO||||||||
no|yes|no|none|VA52|10.1371/journal.pone.0263295 |Adugna |Parous rate and longevity of anophelines mosquitoes in bure district, northwestern Ethiopia |PLOS ONE |2022|Random|||Ethiopia|Bukta||||||||||||||||||small polygon|GoogleMaps|Bure||The coordinates provided in the supplimentary materials do not match the location of the sites in google earth|yes|combination|IRS|Bed nets were distributed to the three villages once per 3-years before malaria infestation begins, on the first week of September. Moreover, anti- malaria chemical spraying (IRS) (Deltamethrin, K-Othrine Flow) was administered to the three villages.|CDC-LT - indoor||CDC-LT - outdoor||HRI||RO (pit)||4703|A total of 4,703 female Anopheles mosquitoes, representing nine species, were collected by all collection methods in Bure district.|yes|no|no|7|6|2015|2016||cross|2000mm/year|The major rainy season of Bure district is from July to September, and a small amount is obtained from May to June and from October to December. The rest of the month (January—April) are dry seasons .||An. Rupicolus was amongst the species identified in the district.|morph|genetic/molecular|metal|mud|no|||Majority of the population in the district live in houses made of mud and corrugated iron roofs. The mud-houses were partly smooth and partly rough. Some of them were painted. The doors and windows of each house were lacking mosquito screening. In each farmer’s compound, there was separated kitchen and latrine houses. Between each farmer’s house, 10 -15m distance were present. Both animals and humans were living inside in the same houses (Personal obsr).|multiple occupations||||||||||||Socioeconomically, the majority (85%) of the populations are farmers and the rest is merchants (6.8%) and others (non-governmental organizations, civil servants) (8.2%)||other|Majority of the population are farmers who grow maize, teff (Eragrostis teff), pepper, potatoes, wheat, millets, followed by beans & peas, sunflower, niger, spices, vegetation’s, and others |cattle|chickens|other||Animals such as cattle, sheep, hens, mules, and donkeys are reared by the farmers. |||CDC-LT - indoor|CDC-LT - outdoor||||||||||||||||||||||||||||||||||||||||||||||||||||||||||||||||||||||||||||||||||||||||||||||||||||||||||||||||||||||||||||||||||||||||||||||||||||||||||||||||||||||||||||||||||||||||||||||||||||||||||||||||||||||||||||||||||||||||||||||||||||||||||||||||||||||||||||||||||||||||||||||||||||||||||||||||||||||||||||||||||||||||||||||||||||||||||||||||||||||||||||||||||||JO||||||||
yes|yes|no|none|VA52|10.1371/journal.pone.0263295 |Adugna |Parous rate and longevity of anophelines mosquitoes in bure district, northwestern Ethiopia |PLOS ONE |2022|Random|||Ethiopia|Workmidr|10.6229|37.0398||||||||||||||||point|paper/map|Bure|||yes|combination|IRS|Bed nets were distributed to the three villages once per 3-years before malaria infestation begins, on the first week of September. Moreover, anti- malaria chemical spraying (IRS) (Deltamethrin, K-Othrine Flow) was administered to the three villages.|CDC-LT - indoor||CDC-LT - outdoor||HRI||RO (pit)||4703|A total of 4,703 female Anopheles mosquitoes, representing nine species, were collected by all collection methods in Bure district.|yes|no|no|7|6|2015|2016||cross|2000mm/year|The major rainy season of Bure district is from July to September, and a small amount is obtained from May to June and from October to December. The rest of the month (January—April) are dry seasons .|arabiensis||morph|genetic/molecular|metal|mud|no|||Majority of the population in the district live in houses made of mud and corrugated iron roofs. The mud-houses were partly smooth and partly rough. Some of them were painted. The doors and windows of each house were lacking mosquito screening. In each farmer’s compound, there was separated kitchen and latrine houses. Between each farmer’s house, 10 -15m distance were present. Both animals and humans were living inside in the same houses (Personal obsr).|multiple occupations||||||||||||Socioeconomically, the majority (85%) of the populations are farmers and the rest is merchants (6.8%) and others (non-governmental organizations, civil servants) (8.2%)||other|Majority of the population are farmers who grow maize, teff (Eragrostis teff), pepper, potatoes, wheat, millets, followed by beans & peas, sunflower, niger, spices, vegetation’s, and others |cattle|chickens|other||Animals such as cattle, sheep, hens, mules, and donkeys are reared by the farmers. |||CDC-LT - indoor|CDC-LT - outdoor|||||40.8||||Other than porous rate,  data on daily survival rate of the species has been. Recorded but the units are not in percentage. Data on longetivity of the species has been recorded. |||||||||||||||||||||||||||||||||||||||||||||||||||||||||||||||||||||||||||||||||||||||||||||||||||||||||||||||||||||||||||||||||||||||||||||||||||||||||||||||||||||||||||||||||||||||||||||||||||||||||||||||||||||||||||||||||||||||||||||||||||||||||||||||||||||||||||||||||||||||||||||||||||||||||||||||||||||||||||||||||||||||||||||||||||||||||||||||||||||||||||JO||||||||
yes|yes|no|none|VA52|10.1371/journal.pone.0263295 |Adugna |Parous rate and longevity of anophelines mosquitoes in bure district, northwestern Ethiopia |PLOS ONE |2022|Random|||Ethiopia|Workmidr|10.6229|37.0398||||||||||||||||point|paper/map|Bure|||yes|combination|IRS|Bed nets were distributed to the three villages once per 3-years before malaria infestation begins, on the first week of September. Moreover, anti- malaria chemical spraying (IRS) (Deltamethrin, K-Othrine Flow) was administered to the three villages.|CDC-LT - indoor||CDC-LT - outdoor||HRI||RO (pit)||4703|A total of 4,703 female Anopheles mosquitoes, representing nine species, were collected by all collection methods in Bure district.|yes|no|no|7|6|2015|2016||cross|2000mm/year|The major rainy season of Bure district is from July to September, and a small amount is obtained from May to June and from October to December. The rest of the month (January—April) are dry seasons .|pharoensis||morph|genetic/molecular|metal|mud|no|||Majority of the population in the district live in houses made of mud and corrugated iron roofs. The mud-houses were partly smooth and partly rough. Some of them were painted. The doors and windows of each house were lacking mosquito screening. In each farmer’s compound, there was separated kitchen and latrine houses. Between each farmer’s house, 10 -15m distance were present. Both animals and humans were living inside in the same houses (Personal obsr).|multiple occupations||||||||||||Socioeconomically, the majority (85%) of the populations are farmers and the rest is merchants (6.8%) and others (non-governmental organizations, civil servants) (8.2%)||other|Majority of the population are farmers who grow maize, teff (Eragrostis teff), pepper, potatoes, wheat, millets, followed by beans & peas, sunflower, niger, spices, vegetation’s, and others |cattle|chickens|other||Animals such as cattle, sheep, hens, mules, and donkeys are reared by the farmers. |||CDC-LT - indoor|CDC-LT - outdoor|||||0||||Other than porous rate,  data on daily survival rate of the species has been. Recorded but the units are not in percentage. Data on longetivity of the species has been recorded. |||||||||||||||||||||||||||||||||||||||||||||||||||||||||||||||||||||||||||||||||||||||||||||||||||||||||||||||||||||||||||||||||||||||||||||||||||||||||||||||||||||||||||||||||||||||||||||||||||||||||||||||||||||||||||||||||||||||||||||||||||||||||||||||||||||||||||||||||||||||||||||||||||||||||||||||||||||||||||||||||||||||||||||||||||||||||||||||||||||||||||JO||||||||
yes|yes|no|none|VA52|10.1371/journal.pone.0263295 |Adugna |Parous rate and longevity of anophelines mosquitoes in bure district, northwestern Ethiopia |PLOS ONE |2022|Random|||Ethiopia|Workmidr|10.6229|37.0398||||||||||||||||point|paper/map|Bure|||yes|combination|IRS|Bed nets were distributed to the three villages once per 3-years before malaria infestation begins, on the first week of September. Moreover, anti- malaria chemical spraying (IRS) (Deltamethrin, K-Othrine Flow) was administered to the three villages.|CDC-LT - indoor||CDC-LT - outdoor||HRI||RO (pit)||4703|A total of 4,703 female Anopheles mosquitoes, representing nine species, were collected by all collection methods in Bure district.|yes|no|no|7|6|2015|2016||cross|2000mm/year|The major rainy season of Bure district is from July to September, and a small amount is obtained from May to June and from October to December. The rest of the month (January—April) are dry seasons .|funestus||morph|genetic/molecular|metal|mud|no|||Majority of the population in the district live in houses made of mud and corrugated iron roofs. The mud-houses were partly smooth and partly rough. Some of them were painted. The doors and windows of each house were lacking mosquito screening. In each farmer’s compound, there was separated kitchen and latrine houses. Between each farmer’s house, 10 -15m distance were present. Both animals and humans were living inside in the same houses (Personal obsr).|multiple occupations||||||||||||Socioeconomically, the majority (85%) of the populations are farmers and the rest is merchants (6.8%) and others (non-governmental organizations, civil servants) (8.2%)||other|Majority of the population are farmers who grow maize, teff (Eragrostis teff), pepper, potatoes, wheat, millets, followed by beans & peas, sunflower, niger, spices, vegetation’s, and others |cattle|chickens|other||Animals such as cattle, sheep, hens, mules, and donkeys are reared by the farmers. |||CDC-LT - indoor|CDC-LT - outdoor|||||25||||Other than porous rate,  data on daily survival rate of the species has been. Recorded but the units are not in percentage. Data on longetivity of the species has been recorded. |||||||||||||||||||||||||||||||||||||||||||||||||||||||||||||||||||||||||||||||||||||||||||||||||||||||||||||||||||||||||||||||||||||||||||||||||||||||||||||||||||||||||||||||||||||||||||||||||||||||||||||||||||||||||||||||||||||||||||||||||||||||||||||||||||||||||||||||||||||||||||||||||||||||||||||||||||||||||||||||||||||||||||||||||||||||||||||||||||||||||||JO||||||||
yes|yes|no|none|VA52|10.1371/journal.pone.0263295 |Adugna |Parous rate and longevity of anophelines mosquitoes in bure district, northwestern Ethiopia |PLOS ONE |2022|Random|||Ethiopia|Workmidr|10.6229|37.0398||||||||||||||||point|paper/map|Bure|||yes|combination|IRS|Bed nets were distributed to the three villages once per 3-years before malaria infestation begins, on the first week of September. Moreover, anti- malaria chemical spraying (IRS) (Deltamethrin, K-Othrine Flow) was administered to the three villages.|CDC-LT - indoor||CDC-LT - outdoor||HRI||RO (pit)||4703|A total of 4,703 female Anopheles mosquitoes, representing nine species, were collected by all collection methods in Bure district.|yes|no|no|7|6|2015|2016||cross|2000mm/year|The major rainy season of Bure district is from July to September, and a small amount is obtained from May to June and from October to December. The rest of the month (January—April) are dry seasons .|coustani||morph|genetic/molecular|metal|mud|no|||Majority of the population in the district live in houses made of mud and corrugated iron roofs. The mud-houses were partly smooth and partly rough. Some of them were painted. The doors and windows of each house were lacking mosquito screening. In each farmer’s compound, there was separated kitchen and latrine houses. Between each farmer’s house, 10 -15m distance were present. Both animals and humans were living inside in the same houses (Personal obsr).|Farmer (business)|multiple occupations|||||||||||Socioeconomically, the majority (85%) of the populations are farmers and the rest is merchants (6.8%) and others (non-governmental organizations, civil servants) (8.2%)||other|Majority of the population are farmers who grow maize, teff (Eragrostis teff), pepper, potatoes, wheat, millets, followed by beans & peas, sunflower, niger, spices, vegetation’s, and others |cattle|chickens|other||Animals such as cattle, sheep, hens, mules, and donkeys are reared by the farmers. |||CDC-LT - indoor|CDC-LT - outdoor|||||52.2||||Other than porous rate,  data on daily survival rate of the species has been. Recorded but the units are not in percentage. Data on longetivity of the species has been recorded. |||||||||||||||||||||||||||||||||||||||||||||||||||||||||||||||||||||||||||||||||||||||||||||||||||||||||||||||||||||||||||||||||||||||||||||||||||||||||||||||||||||||||||||||||||||||||||||||||||||||||||||||||||||||||||||||||||||||||||||||||||||||||||||||||||||||||||||||||||||||||||||||||||||||||||||||||||||||||||||||||||||||||||||||||||||||||||||||||||||||||||JO||||||||
yes|yes|no|none|VA52|10.1371/journal.pone.0263295 |Adugna |Parous rate and longevity of anophelines mosquitoes in bure district, northwestern Ethiopia |PLOS ONE |2022|Random|||Ethiopia|Workmidr|10.6229|37.0398||||||||||||||||point|paper/map|Bure|||yes|combination|IRS|Bed nets were distributed to the three villages once per 3-years before malaria infestation begins, on the first week of September. Moreover, anti- malaria chemical spraying (IRS) (Deltamethrin, K-Othrine Flow) was administered to the three villages.|CDC-LT - indoor||CDC-LT - outdoor||HRI||RO (pit)||4703|A total of 4,703 female Anopheles mosquitoes, representing nine species, were collected by all collection methods in Bure district.|yes|no|no|7|6|2015|2016||cross|2000mm/year|The major rainy season of Bure district is from July to September, and a small amount is obtained from May to June and from October to December. The rest of the month (January—April) are dry seasons .|squamosus||morph|genetic/molecular|metal|mud|no|||Majority of the population in the district live in houses made of mud and corrugated iron roofs. The mud-houses were partly smooth and partly rough. Some of them were painted. The doors and windows of each house were lacking mosquito screening. In each farmer’s compound, there was separated kitchen and latrine houses. Between each farmer’s house, 10 -15m distance were present. Both animals and humans were living inside in the same houses (Personal obsr).|Farmer (business)|multiple occupations|||||||||||Socioeconomically, the majority (85%) of the populations are farmers and the rest is merchants (6.8%) and others (non-governmental organizations, civil servants) (8.2%)||other|Majority of the population are farmers who grow maize, teff (Eragrostis teff), pepper, potatoes, wheat, millets, followed by beans & peas, sunflower, niger, spices, vegetation’s, and others |cattle|chickens|other||Animals such as cattle, sheep, hens, mules, and donkeys are reared by the farmers. |||CDC-LT - indoor|CDC-LT - outdoor|||||30.8||||Other than porous rate,  data on daily survival rate of the species has been. Recorded but the units are not in percentage. Data on longetivity of the species has been recorded. |||||||||||||||||||||||||||||||||||||||||||||||||||||||||||||||||||||||||||||||||||||||||||||||||||||||||||||||||||||||||||||||||||||||||||||||||||||||||||||||||||||||||||||||||||||||||||||||||||||||||||||||||||||||||||||||||||||||||||||||||||||||||||||||||||||||||||||||||||||||||||||||||||||||||||||||||||||||||||||||||||||||||||||||||||||||||||||||||||||||||||JO||||||||
yes|yes|no|none|VA52|10.1371/journal.pone.0263295 |Adugna |Parous rate and longevity of anophelines mosquitoes in bure district, northwestern Ethiopia |PLOS ONE |2022|Random|||Ethiopia|Workmidr|10.6229|37.0398||||||||||||||||point|paper/map|Bure|||yes|combination|IRS|Bed nets were distributed to the three villages once per 3-years before malaria infestation begins, on the first week of September. Moreover, anti- malaria chemical spraying (IRS) (Deltamethrin, K-Othrine Flow) was administered to the three villages.|CDC-LT - indoor||CDC-LT - outdoor||HRI||RO (pit)||4703|A total of 4,703 female Anopheles mosquitoes, representing nine species, were collected by all collection methods in Bure district.|yes|no|no|7|6|2015|2016||cross|2000mm/year|The major rainy season of Bure district is from July to September, and a small amount is obtained from May to June and from October to December. The rest of the month (January—April) are dry seasons .|cinereus||morph|genetic/molecular|metal|mud|no|||Majority of the population in the district live in houses made of mud and corrugated iron roofs. The mud-houses were partly smooth and partly rough. Some of them were painted. The doors and windows of each house were lacking mosquito screening. In each farmer’s compound, there was separated kitchen and latrine houses. Between each farmer’s house, 10 -15m distance were present. Both animals and humans were living inside in the same houses (Personal obsr).|Farmer (business)|multiple occupations|||||||||||Socioeconomically, the majority (85%) of the populations are farmers and the rest is merchants (6.8%) and others (non-governmental organizations, civil servants) (8.2%)||other|Majority of the population are farmers who grow maize, teff (Eragrostis teff), pepper, potatoes, wheat, millets, followed by beans & peas, sunflower, niger, spices, vegetation’s, and others |cattle|chickens|other||Animals such as cattle, sheep, hens, mules, and donkeys are reared by the farmers. |||CDC-LT - indoor|CDC-LT - outdoor|||||0||||Other than porous rate,  data on daily survival rate of the species has been. Recorded but the units are not in percentage. Data on longetivity of the species has been recorded. |||||||||||||||||||||||||||||||||||||||||||||||||||||||||||||||||||||||||||||||||||||||||||||||||||||||||||||||||||||||||||||||||||||||||||||||||||||||||||||||||||||||||||||||||||||||||||||||||||||||||||||||||||||||||||||||||||||||||||||||||||||||||||||||||||||||||||||||||||||||||||||||||||||||||||||||||||||||||||||||||||||||||||||||||||||||||||||||||||||||||||JO||||||||
no|yes|no|none|VA52|10.1371/journal.pone.0263295 |Adugna |Parous rate and longevity of anophelines mosquitoes in bure district, northwestern Ethiopia |PLOS ONE |2022|Random|||Ethiopia|Workmidr|10.6229|37.0398||||||||||||||||point|paper/map|Bure|||yes|combination|IRS|Bed nets were distributed to the three villages once per 3-years before malaria infestation begins, on the first week of September. Moreover, anti- malaria chemical spraying (IRS) (Deltamethrin, K-Othrine Flow) was administered to the three villages.|CDC-LT - indoor||CDC-LT - outdoor||HRI||RO (pit)||4703|A total of 4,703 female Anopheles mosquitoes, representing nine species, were collected by all collection methods in Bure district.|yes|no|no|7|6|2015|2016||cross|2000mm/year|The major rainy season of Bure district is from July to September, and a small amount is obtained from May to June and from October to December. The rest of the month (January—April) are dry seasons .|demeilloni||morph|genetic/molecular|metal|mud|no|||Majority of the population in the district live in houses made of mud and corrugated iron roofs. The mud-houses were partly smooth and partly rough. Some of them were painted. The doors and windows of each house were lacking mosquito screening. In each farmer’s compound, there was separated kitchen and latrine houses. Between each farmer’s house, 10 -15m distance were present. Both animals and humans were living inside in the same houses (Personal obsr).|Farmer (business)|multiple occupations|||||||||||Socioeconomically, the majority (85%) of the populations are farmers and the rest is merchants (6.8%) and others (non-governmental organizations, civil servants) (8.2%)||other|Majority of the population are farmers who grow maize, teff (Eragrostis teff), pepper, potatoes, wheat, millets, followed by beans & peas, sunflower, niger, spices, vegetation’s, and others |cattle|chickens|other||Animals such as cattle, sheep, hens, mules, and donkeys are reared by the farmers. |||CDC-LT - indoor|CDC-LT - outdoor||||||||||||||||||||||||||||||||||||||||||||||||||||||||||||||||||||||||||||||||||||||||||||||||||||||||||||||||||||||||||||||||||||||||||||||||||||||||||||||||||||||||||||||||||||||||||||||||||||||||||||||||||||||||||||||||||||||||||||||||||||||||||||||||||||||||||||||||||||||||||||||||||||||||||||||||||||||||||||||||||||||||||||||||||||||||||||||||||||||||||||||||||||JO||||||||
no|yes|no|none|VA52|10.1371/journal.pone.0263295 |Adugna |Parous rate and longevity of anophelines mosquitoes in bure district, northwestern Ethiopia |PLOS ONE |2022|Random|||Ethiopia|Workmidr|10.6229|37.0398||||||||||||||||point|paper/map|Bure|||yes|combination|IRS|Bed nets were distributed to the three villages once per 3-years before malaria infestation begins, on the first week of September. Moreover, anti- malaria chemical spraying (IRS) (Deltamethrin, K-Othrine Flow) was administered to the three villages.|CDC-LT - indoor||CDC-LT - outdoor||HRI||RO (pit)||4703|A total of 4,703 female Anopheles mosquitoes, representing nine species, were collected by all collection methods in Bure district.|yes|no|no|7|6|2015|2016||cross|2000mm/year|The major rainy season of Bure district is from July to September, and a small amount is obtained from May to June and from October to December. The rest of the month (January—April) are dry seasons .|natalensis||morph|genetic/molecular|metal|mud|no|||Majority of the population in the district live in houses made of mud and corrugated iron roofs. The mud-houses were partly smooth and partly rough. Some of them were painted. The doors and windows of each house were lacking mosquito screening. In each farmer’s compound, there was separated kitchen and latrine houses. Between each farmer’s house, 10 -15m distance were present. Both animals and humans were living inside in the same houses (Personal obsr).|Farmer (business)|multiple occupations|||||||||||Socioeconomically, the majority (85%) of the populations are farmers and the rest is merchants (6.8%) and others (non-governmental organizations, civil servants) (8.2%)||other|Majority of the population are farmers who grow maize, teff (Eragrostis teff), pepper, potatoes, wheat, millets, followed by beans & peas, sunflower, niger, spices, vegetation’s, and others |cattle|chickens|other||Animals such as cattle, sheep, hens, mules, and donkeys are reared by the farmers. |||CDC-LT - indoor|CDC-LT - outdoor||||||||||||||||||||||||||||||||||||||||||||||||||||||||||||||||||||||||||||||||||||||||||||||||||||||||||||||||||||||||||||||||||||||||||||||||||||||||||||||||||||||||||||||||||||||||||||||||||||||||||||||||||||||||||||||||||||||||||||||||||||||||||||||||||||||||||||||||||||||||||||||||||||||||||||||||||||||||||||||||||||||||||||||||||||||||||||||||||||||||||||||||||||JO||||||||
no|yes|no|none|VA52|10.1371/journal.pone.0263295 |Adugna |Parous rate and longevity of anophelines mosquitoes in bure district, northwestern Ethiopia |PLOS ONE |2022|Random|||Ethiopia|Workmidr|10.6229|37.0398||||||||||||||||point|paper/map|Bure|||yes|combination|IRS|Bed nets were distributed to the three villages once per 3-years before malaria infestation begins, on the first week of September. Moreover, anti- malaria chemical spraying (IRS) (Deltamethrin, K-Othrine Flow) was administered to the three villages.|CDC-LT - indoor||CDC-LT - outdoor||HRI||RO (pit)||4703|A total of 4,703 female Anopheles mosquitoes, representing nine species, were collected by all collection methods in Bure district.|yes|no|no|7|6|2015|2016||cross|2000mm/year|The major rainy season of Bure district is from July to September, and a small amount is obtained from May to June and from October to December. The rest of the month (January—April) are dry seasons .||An. Rupicolus was amongst the species identified in the district.|morph|genetic/molecular|metal|mud|no|||Majority of the population in the district live in houses made of mud and corrugated iron roofs. The mud-houses were partly smooth and partly rough. Some of them were painted. The doors and windows of each house were lacking mosquito screening. In each farmer’s compound, there was separated kitchen and latrine houses. Between each farmer’s house, 10 -15m distance were present. Both animals and humans were living inside in the same houses (Personal obsr).|Farmer (business)|multiple occupations|||||||||||Socioeconomically, the majority (85%) of the populations are farmers and the rest is merchants (6.8%) and others (non-governmental organizations, civil servants) (8.2%)||other|Majority of the population are farmers who grow maize, teff (Eragrostis teff), pepper, potatoes, wheat, millets, followed by beans & peas, sunflower, niger, spices, vegetation’s, and others |cattle|chickens|other||Animals such as cattle, sheep, hens, mules, and donkeys are reared by the farmers. |||CDC-LT - indoor|CDC-LT - outdoor||||||||||||||||||||||||||||||||||||||||||||||||||||||||||||||||||||||||||||||||||||||||||||||||||||||||||||||||||||||||||||||||||||||||||||||||||||||||||||||||||||||||||||||||||||||||||||||||||||||||||||||||||||||||||||||||||||||||||||||||||||||||||||||||||||||||||||||||||||||||||||||||||||||||||||||||||||||||||||||||||||||||||||||||||||||||||||||||||||||||||||||||||||JO||||||||
yes|yes|no|none|VA52|10.1371/journal.pone.0263295 |Adugna |Parous rate and longevity of anophelines mosquitoes in bure district, northwestern Ethiopia |PLOS ONE |2022|Random|||Ethiopia|Shnebekuma|10.6488|37.0375||||||||||||||||point|paper/map|Bure|||yes|combination|IRS|Bed nets were distributed to the three villages once per 3-years before malaria infestation begins, on the first week of September. Moreover, anti- malaria chemical spraying (IRS) (Deltamethrin, K-Othrine Flow) was administered to the three villages.|CDC-LT - indoor||CDC-LT - outdoor||HRI||RO (pit)||4703|A total of 4,703 female Anopheles mosquitoes, representing nine species, were collected by all collection methods in Bure district.|yes|no|no|7|6|2015|2016||cross|2000mm/year|The major rainy season of Bure district is from July to September, and a small amount is obtained from May to June and from October to December. The rest of the month (January—April) are dry seasons .|arabiensis||morph|genetic/molecular|metal|mud|no|||Majority of the population in the district live in houses made of mud and corrugated iron roofs. The mud-houses were partly smooth and partly rough. Some of them were painted. The doors and windows of each house were lacking mosquito screening. In each farmer’s compound, there was separated kitchen and latrine houses. Between each farmer’s house, 10 -15m distance were present. Both animals and humans were living inside in the same houses (Personal obsr).|Farmer (business)|multiple occupations|||||||||||Socioeconomically, the majority (85%) of the populations are farmers and the rest is merchants (6.8%) and others (non-governmental organizations, civil servants) (8.2%)||other|Majority of the population are farmers who grow maize, teff (Eragrostis teff), pepper, potatoes, wheat, millets, followed by beans & peas, sunflower, niger, spices, vegetation’s, and others |cattle|chickens|other||Animals such as cattle, sheep, hens, mules, and donkeys are reared by the farmers. |||CDC-LT - indoor|CDC-LT - outdoor|||||57.9||||Other than porous rate,  data on daily survival rate of the species has been. Recorded but the units are not in percentage. Data on longetivity of the species has been recorded. |||||||||||||||||||||||||||||||||||||||||||||||||||||||||||||||||||||||||||||||||||||||||||||||||||||||||||||||||||||||||||||||||||||||||||||||||||||||||||||||||||||||||||||||||||||||||||||||||||||||||||||||||||||||||||||||||||||||||||||||||||||||||||||||||||||||||||||||||||||||||||||||||||||||||||||||||||||||||||||||||||||||||||||||||||||||||||||||||||||||||||JO||||||||
yes|yes|no|none|VA52|10.1371/journal.pone.0263295 |Adugna |Parous rate and longevity of anophelines mosquitoes in bure district, northwestern Ethiopia |PLOS ONE |2022|Random|||Ethiopia|Shnebekuma|10.6488|37.0375||||||||||||||||point|paper/map|Bure|||yes|combination|IRS|Bed nets were distributed to the three villages once per 3-years before malaria infestation begins, on the first week of September. Moreover, anti- malaria chemical spraying (IRS) (Deltamethrin, K-Othrine Flow) was administered to the three villages.|CDC-LT - indoor||CDC-LT - outdoor||HRI||RO (pit)||4703|A total of 4,703 female Anopheles mosquitoes, representing nine species, were collected by all collection methods in Bure district.|yes|no|no|7|6|2015|2016||cross|2000mm/year|The major rainy season of Bure district is from July to September, and a small amount is obtained from May to June and from October to December. The rest of the month (January—April) are dry seasons .|pharoensis||morph|genetic/molecular|metal|mud|no|||Majority of the population in the district live in houses made of mud and corrugated iron roofs. The mud-houses were partly smooth and partly rough. Some of them were painted. The doors and windows of each house were lacking mosquito screening. In each farmer’s compound, there was separated kitchen and latrine houses. Between each farmer’s house, 10 -15m distance were present. Both animals and humans were living inside in the same houses (Personal obsr).|Farmer (business)|multiple occupations|||||||||||Socioeconomically, the majority (85%) of the populations are farmers and the rest is merchants (6.8%) and others (non-governmental organizations, civil servants) (8.2%)||other|Majority of the population are farmers who grow maize, teff (Eragrostis teff), pepper, potatoes, wheat, millets, followed by beans & peas, sunflower, niger, spices, vegetation’s, and others |cattle|chickens|other||Animals such as cattle, sheep, hens, mules, and donkeys are reared by the farmers. |||CDC-LT - indoor|CDC-LT - outdoor|||||66.7||||Other than porous rate,  data on daily survival rate of the species has been. Recorded but the units are not in percentage. Data on longetivity of the species has been recorded. |||||||||||||||||||||||||||||||||||||||||||||||||||||||||||||||||||||||||||||||||||||||||||||||||||||||||||||||||||||||||||||||||||||||||||||||||||||||||||||||||||||||||||||||||||||||||||||||||||||||||||||||||||||||||||||||||||||||||||||||||||||||||||||||||||||||||||||||||||||||||||||||||||||||||||||||||||||||||||||||||||||||||||||||||||||||||||||||||||||||||||JO||||||||
yes|yes|no|none|VA52|10.1371/journal.pone.0263295 |Adugna |Parous rate and longevity of anophelines mosquitoes in bure district, northwestern Ethiopia |PLOS ONE |2022|Random|||Ethiopia|Shnebekuma|10.6488|37.0375||||||||||||||||point|paper/map|Bure|||yes|combination|IRS|Bed nets were distributed to the three villages once per 3-years before malaria infestation begins, on the first week of September. Moreover, anti- malaria chemical spraying (IRS) (Deltamethrin, K-Othrine Flow) was administered to the three villages.|CDC-LT - indoor||CDC-LT - outdoor||HRI||RO (pit)||4703|A total of 4,703 female Anopheles mosquitoes, representing nine species, were collected by all collection methods in Bure district.|yes|no|no|7|6|2015|2016||cross|2000mm/year|The major rainy season of Bure district is from July to September, and a small amount is obtained from May to June and from October to December. The rest of the month (January—April) are dry seasons .|funestus||morph|genetic/molecular|metal|mud|no|||Majority of the population in the district live in houses made of mud and corrugated iron roofs. The mud-houses were partly smooth and partly rough. Some of them were painted. The doors and windows of each house were lacking mosquito screening. In each farmer’s compound, there was separated kitchen and latrine houses. Between each farmer’s house, 10 -15m distance were present. Both animals and humans were living inside in the same houses (Personal obsr).|Farmer (business)|multiple occupations|||||||||||Socioeconomically, the majority (85%) of the populations are farmers and the rest is merchants (6.8%) and others (non-governmental organizations, civil servants) (8.2%)||other|Majority of the population are farmers who grow maize, teff (Eragrostis teff), pepper, potatoes, wheat, millets, followed by beans & peas, sunflower, niger, spices, vegetation’s, and others |cattle|chickens|other||Animals such as cattle, sheep, hens, mules, and donkeys are reared by the farmers. |||CDC-LT - indoor|CDC-LT - outdoor|||||67.9||||Other than porous rate,  data on daily survival rate of the species has been. Recorded but the units are not in percentage. Data on longetivity of the species has been recorded. |||||||||||||||||||||||||||||||||||||||||||||||||||||||||||||||||||||||||||||||||||||||||||||||||||||||||||||||||||||||||||||||||||||||||||||||||||||||||||||||||||||||||||||||||||||||||||||||||||||||||||||||||||||||||||||||||||||||||||||||||||||||||||||||||||||||||||||||||||||||||||||||||||||||||||||||||||||||||||||||||||||||||||||||||||||||||||||||||||||||||||JO||||||||
yes|yes|no|none|VA52|10.1371/journal.pone.0263295 |Adugna |Parous rate and longevity of anophelines mosquitoes in bure district, northwestern Ethiopia |PLOS ONE |2022|Random|||Ethiopia|Shnebekuma|10.6488|37.0375||||||||||||||||point|paper/map|Bure|||yes|combination|IRS|Bed nets were distributed to the three villages once per 3-years before malaria infestation begins, on the first week of September. Moreover, anti- malaria chemical spraying (IRS) (Deltamethrin, K-Othrine Flow) was administered to the three villages.|CDC-LT - indoor||CDC-LT - outdoor||HRI||RO (pit)||4703|A total of 4,703 female Anopheles mosquitoes, representing nine species, were collected by all collection methods in Bure district.|yes|no|no|7|6|2015|2016||cross|2000mm/year|The major rainy season of Bure district is from July to September, and a small amount is obtained from May to June and from October to December. The rest of the month (January—April) are dry seasons .|coustani||morph|genetic/molecular|metal|mud|no|||Majority of the population in the district live in houses made of mud and corrugated iron roofs. The mud-houses were partly smooth and partly rough. Some of them were painted. The doors and windows of each house were lacking mosquito screening. In each farmer’s compound, there was separated kitchen and latrine houses. Between each farmer’s house, 10 -15m distance were present. Both animals and humans were living inside in the same houses (Personal obsr).|Farmer (business)|multiple occupations|||||||||||Socioeconomically, the majority (85%) of the populations are farmers and the rest is merchants (6.8%) and others (non-governmental organizations, civil servants) (8.2%)||other|Majority of the population are farmers who grow maize, teff (Eragrostis teff), pepper, potatoes, wheat, millets, followed by beans & peas, sunflower, niger, spices, vegetation’s, and others |cattle|chickens|other||Animals such as cattle, sheep, hens, mules, and donkeys are reared by the farmers. |||CDC-LT - indoor|CDC-LT - outdoor|||||41.4||||Other than porous rate,  data on daily survival rate of the species has been. Recorded but the units are not in percentage. Data on longetivity of the species has been recorded. |||||||||||||||||||||||||||||||||||||||||||||||||||||||||||||||||||||||||||||||||||||||||||||||||||||||||||||||||||||||||||||||||||||||||||||||||||||||||||||||||||||||||||||||||||||||||||||||||||||||||||||||||||||||||||||||||||||||||||||||||||||||||||||||||||||||||||||||||||||||||||||||||||||||||||||||||||||||||||||||||||||||||||||||||||||||||||||||||||||||||||JO||||||||
yes|yes|no|none|VA52|10.1371/journal.pone.0263295 |Adugna |Parous rate and longevity of anophelines mosquitoes in bure district, northwestern Ethiopia |PLOS ONE |2022|Random|||Ethiopia|Shnebekuma|10.6488|37.0375||||||||||||||||point|paper/map|Bure|||yes|combination|IRS|Bed nets were distributed to the three villages once per 3-years before malaria infestation begins, on the first week of September. Moreover, anti- malaria chemical spraying (IRS) (Deltamethrin, K-Othrine Flow) was administered to the three villages.|CDC-LT - indoor||CDC-LT - outdoor||HRI||RO (pit)||4703|A total of 4,703 female Anopheles mosquitoes, representing nine species, were collected by all collection methods in Bure district.|yes|no|no|7|6|2015|2016||cross|2000mm/year|The major rainy season of Bure district is from July to September, and a small amount is obtained from May to June and from October to December. The rest of the month (January—April) are dry seasons .|squamosus||morph|genetic/molecular|metal|mud|no|||Majority of the population in the district live in houses made of mud and corrugated iron roofs. The mud-houses were partly smooth and partly rough. Some of them were painted. The doors and windows of each house were lacking mosquito screening. In each farmer’s compound, there was separated kitchen and latrine houses. Between each farmer’s house, 10 -15m distance were present. Both animals and humans were living inside in the same houses (Personal obsr).|Farmer (business)|multiple occupations|||||||||||Socioeconomically, the majority (85%) of the populations are farmers and the rest is merchants (6.8%) and others (non-governmental organizations, civil servants) (8.2%)||other|Majority of the population are farmers who grow maize, teff (Eragrostis teff), pepper, potatoes, wheat, millets, followed by beans & peas, sunflower, niger, spices, vegetation’s, and others |cattle|chickens|other||Animals such as cattle, sheep, hens, mules, and donkeys are reared by the farmers. |||CDC-LT - indoor|CDC-LT - outdoor|||||47.1||||Other than porous rate,  data on daily survival rate of the species has been. Recorded but the units are not in percentage. Data on longetivity of the species has been recorded. |||||||||||||||||||||||||||||||||||||||||||||||||||||||||||||||||||||||||||||||||||||||||||||||||||||||||||||||||||||||||||||||||||||||||||||||||||||||||||||||||||||||||||||||||||||||||||||||||||||||||||||||||||||||||||||||||||||||||||||||||||||||||||||||||||||||||||||||||||||||||||||||||||||||||||||||||||||||||||||||||||||||||||||||||||||||||||||||||||||||||||JO||||||||
yes|yes|no|none|VA52|10.1371/journal.pone.0263295 |Adugna |Parous rate and longevity of anophelines mosquitoes in bure district, northwestern Ethiopia |PLOS ONE |2022|Random|||Ethiopia|Shnebekuma|10.6488|37.0375||||||||||||||||point|paper/map|Bure|||yes|combination|IRS|Bed nets were distributed to the three villages once per 3-years before malaria infestation begins, on the first week of September. Moreover, anti- malaria chemical spraying (IRS) (Deltamethrin, K-Othrine Flow) was administered to the three villages.|CDC-LT - indoor||CDC-LT - outdoor||HRI||RO (pit)||4703|A total of 4,703 female Anopheles mosquitoes, representing nine species, were collected by all collection methods in Bure district.|yes|no|no|7|6|2015|2016||cross|2000mm/year|The major rainy season of Bure district is from July to September, and a small amount is obtained from May to June and from October to December. The rest of the month (January—April) are dry seasons .|cinereus||morph|genetic/molecular|metal|mud|no|||Majority of the population in the district live in houses made of mud and corrugated iron roofs. The mud-houses were partly smooth and partly rough. Some of them were painted. The doors and windows of each house were lacking mosquito screening. In each farmer’s compound, there was separated kitchen and latrine houses. Between each farmer’s house, 10 -15m distance were present. Both animals and humans were living inside in the same houses (Personal obsr).|Farmer (business)|multiple occupations|||||||||||Socioeconomically, the majority (85%) of the populations are farmers and the rest is merchants (6.8%) and others (non-governmental organizations, civil servants) (8.2%)||other|Majority of the population are farmers who grow maize, teff (Eragrostis teff), pepper, potatoes, wheat, millets, followed by beans & peas, sunflower, niger, spices, vegetation’s, and others |cattle|chickens|other||Animals such as cattle, sheep, hens, mules, and donkeys are reared by the farmers. |||CDC-LT - indoor|CDC-LT - outdoor|||||0||||Other than porous rate,  data on daily survival rate of the species has been. Recorded but the units are not in percentage. Data on longetivity of the species has been recorded. |||||||||||||||||||||||||||||||||||||||||||||||||||||||||||||||||||||||||||||||||||||||||||||||||||||||||||||||||||||||||||||||||||||||||||||||||||||||||||||||||||||||||||||||||||||||||||||||||||||||||||||||||||||||||||||||||||||||||||||||||||||||||||||||||||||||||||||||||||||||||||||||||||||||||||||||||||||||||||||||||||||||||||||||||||||||||||||||||||||||||||JO||||||||
no|yes|no|none|VA52|10.1371/journal.pone.0263295 |Adugna |Parous rate and longevity of anophelines mosquitoes in bure district, northwestern Ethiopia |PLOS ONE |2022|Random|||Ethiopia|Shnebekuma|10.6488|37.0375||||||||||||||||point|paper/map|Bure|||yes|combination|IRS|Bed nets were distributed to the three villages once per 3-years before malaria infestation begins, on the first week of September. Moreover, anti- malaria chemical spraying (IRS) (Deltamethrin, K-Othrine Flow) was administered to the three villages.|CDC-LT - indoor||CDC-LT - outdoor||HRI||RO (pit)||4703|A total of 4,703 female Anopheles mosquitoes, representing nine species, were collected by all collection methods in Bure district.|yes|no|no|7|6|2015|2016||cross|2000mm/year|The major rainy season of Bure district is from July to September, and a small amount is obtained from May to June and from October to December. The rest of the month (January—April) are dry seasons .|demeilloni||morph|genetic/molecular|metal|mud|no|||Majority of the population in the district live in houses made of mud and corrugated iron roofs. The mud-houses were partly smooth and partly rough. Some of them were painted. The doors and windows of each house were lacking mosquito screening. In each farmer’s compound, there was separated kitchen and latrine houses. Between each farmer’s house, 10 -15m distance were present. Both animals and humans were living inside in the same houses (Personal obsr).|Farmer (business)|multiple occupations|||||||||||Socioeconomically, the majority (85%) of the populations are farmers and the rest is merchants (6.8%) and others (non-governmental organizations, civil servants) (8.2%)||other|Majority of the population are farmers who grow maize, teff (Eragrostis teff), pepper, potatoes, wheat, millets, followed by beans & peas, sunflower, niger, spices, vegetation’s, and others |cattle|chickens|other||Animals such as cattle, sheep, hens, mules, and donkeys are reared by the farmers. |||CDC-LT - indoor|CDC-LT - outdoor||||||||||||||||||||||||||||||||||||||||||||||||||||||||||||||||||||||||||||||||||||||||||||||||||||||||||||||||||||||||||||||||||||||||||||||||||||||||||||||||||||||||||||||||||||||||||||||||||||||||||||||||||||||||||||||||||||||||||||||||||||||||||||||||||||||||||||||||||||||||||||||||||||||||||||||||||||||||||||||||||||||||||||||||||||||||||||||||||||||||||||||||||||JO||||||||
no|yes|no|none|VA52|10.1371/journal.pone.0263295 |Adugna |Parous rate and longevity of anophelines mosquitoes in bure district, northwestern Ethiopia |PLOS ONE |2022|Random|||Ethiopia|Shnebekuma|10.6488|37.0375||||||||||||||||point|paper/map|Bure|||yes|combination|IRS|Bed nets were distributed to the three villages once per 3-years before malaria infestation begins, on the first week of September. Moreover, anti- malaria chemical spraying (IRS) (Deltamethrin, K-Othrine Flow) was administered to the three villages.|CDC-LT - indoor||CDC-LT - outdoor||HRI||RO (pit)||4703|A total of 4,703 female Anopheles mosquitoes, representing nine species, were collected by all collection methods in Bure district.|yes|no|no|7|6|2015|2016||cross|2000mm/year|The major rainy season of Bure district is from July to September, and a small amount is obtained from May to June and from October to December. The rest of the month (January—April) are dry seasons .|natalensis||morph|genetic/molecular|metal|mud|no|||Majority of the population in the district live in houses made of mud and corrugated iron roofs. The mud-houses were partly smooth and partly rough. Some of them were painted. The doors and windows of each house were lacking mosquito screening. In each farmer’s compound, there was separated kitchen and latrine houses. Between each farmer’s house, 10 -15m distance were present. Both animals and humans were living inside in the same houses (Personal obsr).|Farmer (business)|multiple occupations|||||||||||Socioeconomically, the majority (85%) of the populations are farmers and the rest is merchants (6.8%) and others (non-governmental organizations, civil servants) (8.2%)||other|Majority of the population are farmers who grow maize, teff (Eragrostis teff), pepper, potatoes, wheat, millets, followed by beans & peas, sunflower, niger, spices, vegetation’s, and others |cattle|chickens|other||Animals such as cattle, sheep, hens, mules, and donkeys are reared by the farmers. |||CDC-LT - indoor|CDC-LT - outdoor||||||||||||||||||||||||||||||||||||||||||||||||||||||||||||||||||||||||||||||||||||||||||||||||||||||||||||||||||||||||||||||||||||||||||||||||||||||||||||||||||||||||||||||||||||||||||||||||||||||||||||||||||||||||||||||||||||||||||||||||||||||||||||||||||||||||||||||||||||||||||||||||||||||||||||||||||||||||||||||||||||||||||||||||||||||||||||||||||||||||||||||||||||JO||||||||
no|yes|no|none|VA52|10.1371/journal.pone.0263295 |Adugna |Parous rate and longevity of anophelines mosquitoes in bure district, northwestern Ethiopia |PLOS ONE |2022|Random|||Ethiopia|Shnebekuma|10.6488|37.0375||||||||||||||||point|paper/map|Bure|||yes|combination|IRS|Bed nets were distributed to the three villages once per 3-years before malaria infestation begins, on the first week of September. Moreover, anti- malaria chemical spraying (IRS) (Deltamethrin, K-Othrine Flow) was administered to the three villages.|CDC-LT - indoor||CDC-LT - outdoor||HRI||RO (pit)||4703|A total of 4,703 female Anopheles mosquitoes, representing nine species, were collected by all collection methods in Bure district.|yes|no|no|7|6|2015|2016||cross|2000mm/year|The major rainy season of Bure district is from July to September, and a small amount is obtained from May to June and from October to December. The rest of the month (January—April) are dry seasons .||An. Rupicolus was amongst the species identified in the district.|morph|genetic/molecular|metal|mud|no|||Majority of the population in the district live in houses made of mud and corrugated iron roofs. The mud-houses were partly smooth and partly rough. Some of them were painted. The doors and windows of each house were lacking mosquito screening. In each farmer’s compound, there was separated kitchen and latrine houses. Between each farmer’s house, 10 -15m distance were present. Both animals and humans were living inside in the same houses (Personal obsr).|Farmer (business)|multiple occupations|||||||||||Socioeconomically, the majority (85%) of the populations are farmers and the rest is merchants (6.8%) and others (non-governmental organizations, civil servants) (8.2%)||other|Majority of the population are farmers who grow maize, teff (Eragrostis teff), pepper, potatoes, wheat, millets, followed by beans & peas, sunflower, niger, spices, vegetation’s, and others |cattle|chickens|other||Animals such as cattle, sheep, hens, mules, and donkeys are reared by the farmers. |||CDC-LT - indoor|CDC-LT - outdoor||||||||||||||||||||||||||||||||||||||||||||||||||||||||||||||||||||||||||||||||||||||||||||||||||||||||||||||||||||||||||||||||||||||||||||||||||||||||||||||||||||||||||||||||||||||||||||||||||||||||||||||||||||||||||||||||||||||||||||||||||||||||||||||||||||||||||||||||||||||||||||||||||||||||||||||||||||||||||||||||||||||||||||||||||||||||||||||||||||||||||||||||||||JO||||||||
no|no|no|none|VA53|10.1038/s41598-022-05437-y |Singh |The dynamic gut microbiota of zoophilic members of the Anopheles gambiae complex (Diptera: Culicidae)|natureportfolio|2022|||No data, lab strain was used for the study||||||||||||||||||||||||Laboratory reared Anopheles mosquitoes used were housed and collected from the Botha de Meillon insectary of the National Institute of Communicable Disease (NICD), Johannesburg, South Africa. ||||||||||||||||||||||||||||||||||||||||||||||||||||||||||||||||||||||||||||||||||||||||||||||||||||||||||||||||||||||||||||||||||||||||||||||||||||||||||||||||||||||||||||||||||||||||||||||||||||||||||||||||||||||||||||||||||||||||||||||||||||||||||||||||||||||||||||||||||||||||||||||||||||||||||||||||||||||||||||||||||||||||||||||||||||||||||||||||||||||||||||||||||||||||||||||||||||||||||||||||||||||||||||||||||||||||||||||||JO||||||||
no|yes|no|none|VA54|10.1371/journal. pone.0249440 |Matowo |Expression of pyrethroid metabolizing P450 enzymes characterizes highly resistant Anopheles vector species targeted by successful deployment of PBO-treated bednets in Tanzania |PLOS ONE |2022|Preferential|yes||Tanzania|Kishuro||||||||||||||||||||Muleba|||||||HRI|||||||||Indoor resting Anopheles mosquitoes were collected using mouth and/or prokopack aspirators.|yes|no|no|11|11|2014|2014|||||gambiae (S)||morph|genetic/molecular|||||||||||||||||||||||||||||||||||||||||||||||||||||||||||||||||||||||||||||||||||||||||||||||||||||||||||||||||||||||||||||||||||||||||||||||||||||||||||||||||||||||||||||||||||||||||||||||||||||||||||||||||||||||||||||||||||||||||||||||||||||||||||||||||||||||||||||||||||||||||||||||||||||||||||||||||||||||||||||||||||||||||||||||||||||||||||||||||||||||||||||||||||||||||||||||||||||||||||||||||||JO||||||||
yes|yes|no|none|VA54|10.1371/journal. pone.0249440 |Matowo |Expression of pyrethroid metabolizing P450 enzymes characterizes highly resistant Anopheles vector species targeted by successful deployment of PBO-treated bednets in Tanzania |PLOS ONE |2022|Preferential|yes||Tanzania|Kishuro||||||||||||||||||||Muleba|||||||HRI|||||||||Indoor resting Anopheles mosquitoes were collected using mouth and/or prokopack aspirators.|yes|no|no|11|11|2014|2014|||||GAMBIAE COMPLEX||morph|genetic/molecular|||||||||||||||||||||||||||||||||||||||||||||||||||||||||||||||||||||||||||||||||||||||||||||||||||||||||||||||||||||||||||||||||||||||||||||||||||||||||||||||||||||||||||||||||||||||||||||||||||||||||||||||||||||||||||||||||||||||||WHO Bioassay (version unknown)|permethrin|pyrethroid|Sodium channel modulators|3A|0.75|||||||||||||||||||||||||||||||||||||||||||||||||||||||||||||||||||||||||||||||||||||||||||||||||||||||||||||||||||||||||||||||||||||||||||||||||||||||||||||||||||||JO||||||||
yes|yes|no|none|VA54|10.1371/journal. pone.0249463|Matowo |Expression of pyrethroid metabolizing P450 enzymes characterizes highly resistant Anopheles vector species targeted by successful deployment of PBO-treated bednets in Tanzania |PLOS ONE |2022|Preferential|yes||Tanzania|Kishuro||||||||||||||||||||Muleba|||||||HRI|||||||||Indoor resting Anopheles mosquitoes were collected using mouth and/or prokopack aspirators.|yes|no|no|11|11|2014|2014|||||GAMBIAE COMPLEX||morph|genetic/molecular|||||||||||||||||||||||||||||||||||||||||||||||||||||||||||||||||||||||||||||||||||||||||||||||||||||||||||||||||||||||||||||||||||||||||||||||||||||||||||||||||||||||||||||||||||||||||||||||||||||||||||||||||||||||||||||||||||||||||WHO Bioassay (version unknown)|lambdacyhalothrin|pyrethroid|Sodium channel modulators|3A|0.05|||||||||||||||||||||||||||||||||||||||||||||||||||||||||||||||||||||||||||||||||||||||||||||||||||||||||||||||||||||||||||||||||||||||||||||||||||||||||||||||||||||JO||||||||
yes|yes|no|none|VA54|10.1371/journal. pone.0249463|Matowo |Expression of pyrethroid metabolizing P450 enzymes characterizes highly resistant Anopheles vector species targeted by successful deployment of PBO-treated bednets in Tanzania |PLOS ONE |2022|Preferential|yes||Tanzania|Kishuro||||||||||||||||||||Muleba|||||||HRI|||||||||Indoor resting Anopheles mosquitoes were collected using mouth and/or prokopack aspirators.|yes|no|no|11|11|2014|2014|||||GAMBIAE COMPLEX||morph|genetic/molecular|||||||||||||||||||||||||||||||||||||||||||||||||||||||||||||||||||||||||||||||||||||||||||||||||||||||||||||||||||||||||||||||||||||||||||||||||||||||||||||||||||||||||||||||||||||||||||||||||||||||||||||||||||||||||||||||||||||||||WHO Bioassay (version unknown)|bendiocarb|carbamate|Acetylcholinesterase (AChE) inhibitors|1A|0.1|||||||||||||||||||||||||||||||||||||||||||||||||||||||||||||||||||||||||||||||||||||||||||||||||||||||||||||||||||||||||||||||||||||||||||||||||||||||||||||||||||||JO||||||||
yes|yes|no|none|VA54|10.1371/journal. pone.0249463|Matowo |Expression of pyrethroid metabolizing P450 enzymes characterizes highly resistant Anopheles vector species targeted by successful deployment of PBO-treated bednets in Tanzania |PLOS ONE |2022|Preferential|yes||Tanzania|Kishuro||||||||||||||||||||Muleba|||||||HRI|||||||||Indoor resting Anopheles mosquitoes were collected using mouth and/or prokopack aspirators.|yes|no|no|11|11|2014|2014|||||GAMBIAE COMPLEX||morph|genetic/molecular|||||||||||||||||||||||||||||||||||||||||||||||||||||||||||||||||||||||||||||||||||||||||||||||||||||||||||||||||||||||||||||||||||||||||||||||||||||||||||||||||||||||||||||||||||||||||||||||||||||||||||||||||||||||||||||||||||||||||WHO Bioassay (version unknown)|pirimiphos-methyl|organophosphate|Acetylcholinesterase (AChE) inhibitors|1B|0.25|||||||||||||||||||||||||||||||||||||||||||||||||||||||||||||||||||||||||||||||||||||||||||||||||||||||||||||||||||||||||||||||||||||||||||||||||||||||||||||||||||||JO||||||||
no|yes|no|none|VA54|10.1371/journal. pone.0249440 |Matowo |Expression of pyrethroid metabolizing P450 enzymes characterizes highly resistant Anopheles vector species targeted by successful deployment of PBO-treated bednets in Tanzania |PLOS ONE |2022|Preferential|yes||Tanzania|Kakoma||||||||||||||||||||Muleba|||||||HRI|||||||||Indoor resting Anopheles mosquitoes were collected using mouth and/or prokopack aspirators.|yes|no|no|11|11|2014|2014|||||gambiae (S)||morph|genetic/molecular|||||||||||||||||||||||||||||||||||||||||||||||||||||||||||||||||||||||||||||||||||||||||||||||||||||||||||||||||||||||||||||||||||||||||||||||||||||||||||||||||||||||||||||||||||||||||||||||||||||||||||||||||||||||||||||||||||||||||||||||||||||||||||||||||||||||||||||||||||||||||||||||||||||||||||||||||||||||||||||||||||||||||||||||||||||||||||||||||||||||||||||||||||||||||||||||||||||||||||||||||||JO||||||||
yes|yes|no|none|VA54|10.1371/journal. pone.0249440 |Matowo |Expression of pyrethroid metabolizing P450 enzymes characterizes highly resistant Anopheles vector species targeted by successful deployment of PBO-treated bednets in Tanzania |PLOS ONE |2022|Preferential|yes||Tanzania|Kakoma||||||||||||||||||||Muleba|||||||HRI|||||||||Indoor resting Anopheles mosquitoes were collected using mouth and/or prokopack aspirators.|yes|no|no|11|11|2014|2014|||||GAMBIAE COMPLEX||morph|genetic/molecular|||||||||||||||||||||||||||||||||||||||||||||||||||||||||||||||||||||||||||||||||||||||||||||||||||||||||||||||||||||||||||||||||||||||||||||||||||||||||||||||||||||||||||||||||||||||||||||||||||||||||||||||||||||||||||||||||||||||||WHO Bioassay (version unknown)|permethrin|pyrethroid|Sodium channel modulators|3A|0.75|||||||||||||||||||||||||||||||||||||||||||||||||||||||||||||||||||||||||||||||||||||||||||||||||||||||||||||||||||||||||||||||||||||||||||||||||||||||||||||||||||||JO||||||||
yes|yes|no|none|VA54|10.1371/journal. pone.0249463|Matowo |Expression of pyrethroid metabolizing P450 enzymes characterizes highly resistant Anopheles vector species targeted by successful deployment of PBO-treated bednets in Tanzania |PLOS ONE |2022|Preferential|yes||Tanzania|Kakoma||||||||||||||||||||Muleba|||||||HRI|||||||||Indoor resting Anopheles mosquitoes were collected using mouth and/or prokopack aspirators.|yes|no|no|11|11|2014|2014|||||GAMBIAE COMPLEX||morph|genetic/molecular|||||||||||||||||||||||||||||||||||||||||||||||||||||||||||||||||||||||||||||||||||||||||||||||||||||||||||||||||||||||||||||||||||||||||||||||||||||||||||||||||||||||||||||||||||||||||||||||||||||||||||||||||||||||||||||||||||||||||WHO Bioassay (version unknown)|lambdacyhalothrin|pyrethroid|Sodium channel modulators|3A|0.05|||||||||||||||||||||||||||||||||||||||||||||||||||||||||||||||||||||||||||||||||||||||||||||||||||||||||||||||||||||||||||||||||||||||||||||||||||||||||||||||||||||JO||||||||
yes|yes|no|none|VA54|10.1371/journal. pone.0249463|Matowo |Expression of pyrethroid metabolizing P450 enzymes characterizes highly resistant Anopheles vector species targeted by successful deployment of PBO-treated bednets in Tanzania |PLOS ONE |2022|Preferential|yes||Tanzania|Kakoma||||||||||||||||||||Muleba|||||||HRI|||||||||Indoor resting Anopheles mosquitoes were collected using mouth and/or prokopack aspirators.|yes|no|no|11|11|2014|2014|||||GAMBIAE COMPLEX||morph|genetic/molecular|||||||||||||||||||||||||||||||||||||||||||||||||||||||||||||||||||||||||||||||||||||||||||||||||||||||||||||||||||||||||||||||||||||||||||||||||||||||||||||||||||||||||||||||||||||||||||||||||||||||||||||||||||||||||||||||||||||||||WHO Bioassay (version unknown)|bendiocarb|carbamate|Acetylcholinesterase (AChE) inhibitors|1A|0.1|||||||||||||||||||||||||||||||||||||||||||||||||||||||||||||||||||||||||||||||||||||||||||||||||||||||||||||||||||||||||||||||||||||||||||||||||||||||||||||||||||||JO||||||||
yes|yes|no|none|VA54|10.1371/journal. pone.0249463|Matowo |Expression of pyrethroid metabolizing P450 enzymes characterizes highly resistant Anopheles vector species targeted by successful deployment of PBO-treated bednets in Tanzania |PLOS ONE |2022|Preferential|yes||Tanzania|Kakoma||||||||||||||||||||Muleba|||||||HRI|||||||||Indoor resting Anopheles mosquitoes were collected using mouth and/or prokopack aspirators.|yes|no|no|11|11|2014|2014|||||GAMBIAE COMPLEX||morph|genetic/molecular|||||||||||||||||||||||||||||||||||||||||||||||||||||||||||||||||||||||||||||||||||||||||||||||||||||||||||||||||||||||||||||||||||||||||||||||||||||||||||||||||||||||||||||||||||||||||||||||||||||||||||||||||||||||||||||||||||||||||WHO Bioassay (version unknown)|pirimiphos-methyl|organophosphate|Acetylcholinesterase (AChE) inhibitors|1B|0.25|||||||||||||||||||||||||||||||||||||||||||||||||||||||||||||||||||||||||||||||||||||||||||||||||||||||||||||||||||||||||||||||||||||||||||||||||||||||||||||||||||||JO||||||||
no|yes|no|none|VA54|10.1371/journal. pone.0249441|Matowo |Expression of pyrethroid metabolizing P450 enzymes characterizes highly resistant Anopheles vector species targeted by successful deployment of PBO-treated bednets in Tanzania |PLOS ONE |2022|Preferential|yes||Tanzania|Bweyenza||||||||||||||||||||Muleba|||||||HRI|||||||||Indoor resting Anopheles mosquitoes were collected using mouth and/or prokopack aspirators.|yes|no|no|11|11|2014|2014|||||gambiae (S)||morph|genetic/molecular|||||||||||||||||||||||||||||||||||||||||||||||||||||||||||||||||||||||||||||||||||||||||||||||||||||||||||||||||||||||||||||||||||||||||||||||||||||||||||||||||||||||||||||||||||||||||||||||||||||||||||||||||||||||||||||||||||||||||||||||||||||||||||||||||||||||||||||||||||||||||||||||||||||||||||||||||||||||||||||||||||||||||||||||||||||||||||||||||||||||||||||||||||||||||||||||||||||||||||||||||||JO||||||||
yes|yes|no|none|VA54|10.1371/journal. pone.0249440 |Matowo |Expression of pyrethroid metabolizing P450 enzymes characterizes highly resistant Anopheles vector species targeted by successful deployment of PBO-treated bednets in Tanzania |PLOS ONE |2022|Preferential|yes||Tanzania|Bweyenza||||||||||||||||||||Muleba|||||||HRI|||||||||Indoor resting Anopheles mosquitoes were collected using mouth and/or prokopack aspirators.|yes|no|no|11|11|2014|2014|||||GAMBIAE COMPLEX||morph|genetic/molecular|||||||||||||||||||||||||||||||||||||||||||||||||||||||||||||||||||||||||||||||||||||||||||||||||||||||||||||||||||||||||||||||||||||||||||||||||||||||||||||||||||||||||||||||||||||||||||||||||||||||||||||||||||||||||||||||||||||||||WHO Bioassay (version unknown)|permethrin|pyrethroid|Sodium channel modulators|3A|0.75|||||||||||||||||||||||||||||||||||||||||||||||||||||||||||||||||||||||||||||||||||||||||||||||||||||||||||||||||||||||||||||||||||||||||||||||||||||||||||||||||||||JO||||||||
yes|yes|no|none|VA54|10.1371/journal. pone.0249463|Matowo |Expression of pyrethroid metabolizing P450 enzymes characterizes highly resistant Anopheles vector species targeted by successful deployment of PBO-treated bednets in Tanzania |PLOS ONE |2022|Preferential|yes||Tanzania|Bweyenza||||||||||||||||||||Muleba|||||||HRI|||||||||Indoor resting Anopheles mosquitoes were collected using mouth and/or prokopack aspirators.|yes|no|no|11|11|2014|2014|||||GAMBIAE COMPLEX||morph|genetic/molecular|||||||||||||||||||||||||||||||||||||||||||||||||||||||||||||||||||||||||||||||||||||||||||||||||||||||||||||||||||||||||||||||||||||||||||||||||||||||||||||||||||||||||||||||||||||||||||||||||||||||||||||||||||||||||||||||||||||||||WHO Bioassay (version unknown)|lambdacyhalothrin|pyrethroid|Sodium channel modulators|3A|0.05|||||||||||||||||||||||||||||||||||||||||||||||||||||||||||||||||||||||||||||||||||||||||||||||||||||||||||||||||||||||||||||||||||||||||||||||||||||||||||||||||||||JO||||||||
yes|yes|no|none|VA54|10.1371/journal. pone.0249463|Matowo |Expression of pyrethroid metabolizing P450 enzymes characterizes highly resistant Anopheles vector species targeted by successful deployment of PBO-treated bednets in Tanzania |PLOS ONE |2022|Preferential|yes||Tanzania|Bweyenza||||||||||||||||||||Muleba|||||||HRI|||||||||Indoor resting Anopheles mosquitoes were collected using mouth and/or prokopack aspirators.|yes|no|no|11|11|2014|2014|||||GAMBIAE COMPLEX||morph|genetic/molecular|||||||||||||||||||||||||||||||||||||||||||||||||||||||||||||||||||||||||||||||||||||||||||||||||||||||||||||||||||||||||||||||||||||||||||||||||||||||||||||||||||||||||||||||||||||||||||||||||||||||||||||||||||||||||||||||||||||||||WHO Bioassay (version unknown)|bendiocarb|carbamate|Acetylcholinesterase (AChE) inhibitors|1A|0.1|||||||||||||||||||||||||||||||||||||||||||||||||||||||||||||||||||||||||||||||||||||||||||||||||||||||||||||||||||||||||||||||||||||||||||||||||||||||||||||||||||||JO||||||||
yes|yes|no|none|VA54|10.1371/journal. pone.0249463|Matowo |Expression of pyrethroid metabolizing P450 enzymes characterizes highly resistant Anopheles vector species targeted by successful deployment of PBO-treated bednets in Tanzania |PLOS ONE |2022|Preferential|yes||Tanzania|Bweyenza||||||||||||||||||||Muleba|||||||HRI|||||||||Indoor resting Anopheles mosquitoes were collected using mouth and/or prokopack aspirators.|yes|no|no|11|11|2014|2014|||||GAMBIAE COMPLEX||morph|genetic/molecular|||||||||||||||||||||||||||||||||||||||||||||||||||||||||||||||||||||||||||||||||||||||||||||||||||||||||||||||||||||||||||||||||||||||||||||||||||||||||||||||||||||||||||||||||||||||||||||||||||||||||||||||||||||||||||||||||||||||||WHO Bioassay (version unknown)|pirimiphos-methyl|organophosphate|Acetylcholinesterase (AChE) inhibitors|1B|0.25|||||||||||||||||||||||||||||||||||||||||||||||||||||||||||||||||||||||||||||||||||||||||||||||||||||||||||||||||||||||||||||||||||||||||||||||||||||||||||||||||||||JO||||||||
no|yes|no|none|VA54|10.1371/journal. pone.0249442|Matowo |Expression of pyrethroid metabolizing P450 enzymes characterizes highly resistant Anopheles vector species targeted by successful deployment of PBO-treated bednets in Tanzania |PLOS ONE |2022|Preferential|yes||Tanzania|Kiteme||||||||||||||||||||Muleba|||||||HRI|||||||||Indoor resting Anopheles mosquitoes were collected using mouth and/or prokopack aspirators.|yes|no|no|11|11|2014|2014|||||gambiae (S)||morph|genetic/molecular|||||||||||||||||||||||||||||||||||||||||||||||||||||||||||||||||||||||||||||||||||||||||||||||||||||||||||||||||||||||||||||||||||||||||||||||||||||||||||||||||||||||||||||||||||||||||||||||||||||||||||||||||||||||||||||||||||||||||||||||||||||||||||||||||||||||||||||||||||||||||||||||||||||||||||||||||||||||||||||||||||||||||||||||||||||||||||||||||||||||||||||||||||||||||||||||||||||||||||||||||||JO||||||||
yes|yes|no|none|VA54|10.1371/journal. pone.0249440 |Matowo |Expression of pyrethroid metabolizing P450 enzymes characterizes highly resistant Anopheles vector species targeted by successful deployment of PBO-treated bednets in Tanzania |PLOS ONE |2022|Preferential|yes||Tanzania|Kiteme||||||||||||||||||||Muleba|||||||HRI|||||||||Indoor resting Anopheles mosquitoes were collected using mouth and/or prokopack aspirators.|yes|no|no|11|11|2014|2014|||||GAMBIAE COMPLEX||morph|genetic/molecular|||||||||||||||||||||||||||||||||||||||||||||||||||||||||||||||||||||||||||||||||||||||||||||||||||||||||||||||||||||||||||||||||||||||||||||||||||||||||||||||||||||||||||||||||||||||||||||||||||||||||||||||||||||||||||||||||||||||||WHO Bioassay (version unknown)|permethrin|pyrethroid|Sodium channel modulators|3A|0.75|||||||||||||||||||||||||||||||||||||||||||||||||||||||||||||||||||||||||||||||||||||||||||||||||||||||||||||||||||||||||||||||||||||||||||||||||||||||||||||||||||||JO||||||||
yes|yes|no|none|VA54|10.1371/journal. pone.0249463|Matowo |Expression of pyrethroid metabolizing P450 enzymes characterizes highly resistant Anopheles vector species targeted by successful deployment of PBO-treated bednets in Tanzania |PLOS ONE |2022|Preferential|yes||Tanzania|Kiteme||||||||||||||||||||Muleba|||||||HRI|||||||||Indoor resting Anopheles mosquitoes were collected using mouth and/or prokopack aspirators.|yes|no|no|11|11|2014|2014|||||GAMBIAE COMPLEX||morph|genetic/molecular|||||||||||||||||||||||||||||||||||||||||||||||||||||||||||||||||||||||||||||||||||||||||||||||||||||||||||||||||||||||||||||||||||||||||||||||||||||||||||||||||||||||||||||||||||||||||||||||||||||||||||||||||||||||||||||||||||||||||WHO Bioassay (version unknown)|lambdacyhalothrin|pyrethroid|Sodium channel modulators|3A|0.05|||||||||||||||||||||||||||||||||||||||||||||||||||||||||||||||||||||||||||||||||||||||||||||||||||||||||||||||||||||||||||||||||||||||||||||||||||||||||||||||||||||JO||||||||
yes|yes|no|none|VA54|10.1371/journal. pone.0249463|Matowo |Expression of pyrethroid metabolizing P450 enzymes characterizes highly resistant Anopheles vector species targeted by successful deployment of PBO-treated bednets in Tanzania |PLOS ONE |2022|Preferential|yes||Tanzania|Kiteme||||||||||||||||||||Muleba|||||||HRI|||||||||Indoor resting Anopheles mosquitoes were collected using mouth and/or prokopack aspirators.|yes|no|no|11|11|2014|2014|||||GAMBIAE COMPLEX||morph|genetic/molecular|||||||||||||||||||||||||||||||||||||||||||||||||||||||||||||||||||||||||||||||||||||||||||||||||||||||||||||||||||||||||||||||||||||||||||||||||||||||||||||||||||||||||||||||||||||||||||||||||||||||||||||||||||||||||||||||||||||||||WHO Bioassay (version unknown)|bendiocarb|carbamate|Acetylcholinesterase (AChE) inhibitors|1A|0.1|||||||||||||||||||||||||||||||||||||||||||||||||||||||||||||||||||||||||||||||||||||||||||||||||||||||||||||||||||||||||||||||||||||||||||||||||||||||||||||||||||||JO||||||||
yes|yes|no|none|VA54|10.1371/journal. pone.0249463|Matowo |Expression of pyrethroid metabolizing P450 enzymes characterizes highly resistant Anopheles vector species targeted by successful deployment of PBO-treated bednets in Tanzania |PLOS ONE |2022|Preferential|yes||Tanzania|Kiteme||||||||||||||||||||Muleba|||||||HRI|||||||||Indoor resting Anopheles mosquitoes were collected using mouth and/or prokopack aspirators.|yes|no|no|11|11|2014|2014|||||GAMBIAE COMPLEX||morph|genetic/molecular|||||||||||||||||||||||||||||||||||||||||||||||||||||||||||||||||||||||||||||||||||||||||||||||||||||||||||||||||||||||||||||||||||||||||||||||||||||||||||||||||||||||||||||||||||||||||||||||||||||||||||||||||||||||||||||||||||||||||WHO Bioassay (version unknown)|pirimiphos-methyl|organophosphate|Acetylcholinesterase (AChE) inhibitors|1B|0.25|||||||||||||||||||||||||||||||||||||||||||||||||||||||||||||||||||||||||||||||||||||||||||||||||||||||||||||||||||||||||||||||||||||||||||||||||||||||||||||||||||||JO||||||||
no|yes|no|none|VA54|10.1371/journal. pone.0249443|Matowo |Expression of pyrethroid metabolizing P450 enzymes characterizes highly resistant Anopheles vector species targeted by successful deployment of PBO-treated bednets in Tanzania |PLOS ONE |2022|Preferential|yes||Tanzania|Kyamyorwa||||||||||||||||||||Muleba|||||||HRI|||||||||Indoor resting Anopheles mosquitoes were collected using mouth and/or prokopack aspirators.|yes|no|no|11|11|2014|2014|||||gambiae (S)||morph|genetic/molecular|||||||||||||||||||||||||||||||||||||||||||||||||||||||||||||||||||||||||||||||||||||||||||||||||||||||||||||||||||||||||||||||||||||||||||||||||||||||||||||||||||||||||||||||||||||||||||||||||||||||||||||||||||||||||||||||||||||||||||||||||||||||||||||||||||||||||||||||||||||||||||||||||||||||||||||||||||||||||||||||||||||||||||||||||||||||||||||||||||||||||||||||||||||||||||||||||||||||||||||||||||JO||||||||
yes|yes|no|none|VA54|10.1371/journal. pone.0249440 |Matowo |Expression of pyrethroid metabolizing P450 enzymes characterizes highly resistant Anopheles vector species targeted by successful deployment of PBO-treated bednets in Tanzania |PLOS ONE |2022|Preferential|yes||Tanzania|Kyamyorwa||||||||||||||||||||Muleba|||||||HRI|||||||||Indoor resting Anopheles mosquitoes were collected using mouth and/or prokopack aspirators.|yes|no|no|11|11|2014|2014|||||GAMBIAE COMPLEX||morph|genetic/molecular|||||||||||||||||||||||||||||||||||||||||||||||||||||||||||||||||||||||||||||||||||||||||||||||||||||||||||||||||||||||||||||||||||||||||||||||||||||||||||||||||||||||||||||||||||||||||||||||||||||||||||||||||||||||||||||||||||||||||WHO Bioassay (version unknown)|permethrin|pyrethroid|Sodium channel modulators|3A|0.75|||||||||||||||||||||||||||||||||||||||||||||||||||||||||||||||||||||||||||||||||||||||||||||||||||||||||||||||||||||||||||||||||||||||||||||||||||||||||||||||||||||JO||||||||
yes|yes|no|none|VA54|10.1371/journal. pone.0249463|Matowo |Expression of pyrethroid metabolizing P450 enzymes characterizes highly resistant Anopheles vector species targeted by successful deployment of PBO-treated bednets in Tanzania |PLOS ONE |2022|Preferential|yes||Tanzania|Kyamyorwa||||||||||||||||||||Muleba|||||||HRI|||||||||Indoor resting Anopheles mosquitoes were collected using mouth and/or prokopack aspirators.|yes|no|no|11|11|2014|2014|||||GAMBIAE COMPLEX||morph|genetic/molecular|||||||||||||||||||||||||||||||||||||||||||||||||||||||||||||||||||||||||||||||||||||||||||||||||||||||||||||||||||||||||||||||||||||||||||||||||||||||||||||||||||||||||||||||||||||||||||||||||||||||||||||||||||||||||||||||||||||||||WHO Bioassay (version unknown)|lambdacyhalothrin|pyrethroid|Sodium channel modulators|3A|0.05|||||||||||||||||||||||||||||||||||||||||||||||||||||||||||||||||||||||||||||||||||||||||||||||||||||||||||||||||||||||||||||||||||||||||||||||||||||||||||||||||||||JO||||||||
yes|yes|no|none|VA54|10.1371/journal. pone.0249463|Matowo |Expression of pyrethroid metabolizing P450 enzymes characterizes highly resistant Anopheles vector species targeted by successful deployment of PBO-treated bednets in Tanzania |PLOS ONE |2022|Preferential|yes||Tanzania|Kyamyorwa||||||||||||||||||||Muleba|||||||HRI|||||||||Indoor resting Anopheles mosquitoes were collected using mouth and/or prokopack aspirators.|yes|no|no|11|11|2014|2014|||||GAMBIAE COMPLEX||morph|genetic/molecular|||||||||||||||||||||||||||||||||||||||||||||||||||||||||||||||||||||||||||||||||||||||||||||||||||||||||||||||||||||||||||||||||||||||||||||||||||||||||||||||||||||||||||||||||||||||||||||||||||||||||||||||||||||||||||||||||||||||||WHO Bioassay (version unknown)|bendiocarb|carbamate|Acetylcholinesterase (AChE) inhibitors|1A|0.1|||||||||||||||||||||||||||||||||||||||||||||||||||||||||||||||||||||||||||||||||||||||||||||||||||||||||||||||||||||||||||||||||||||||||||||||||||||||||||||||||||||JO||||||||
yes|yes|no|none|VA54|10.1371/journal. pone.0249463|Matowo |Expression of pyrethroid metabolizing P450 enzymes characterizes highly resistant Anopheles vector species targeted by successful deployment of PBO-treated bednets in Tanzania |PLOS ONE |2022|Preferential|yes||Tanzania|Kyamyorwa||||||||||||||||||||Muleba|||||||HRI|||||||||Indoor resting Anopheles mosquitoes were collected using mouth and/or prokopack aspirators.|yes|no|no|11|11|2014|2014|||||GAMBIAE COMPLEX||morph|genetic/molecular|||||||||||||||||||||||||||||||||||||||||||||||||||||||||||||||||||||||||||||||||||||||||||||||||||||||||||||||||||||||||||||||||||||||||||||||||||||||||||||||||||||||||||||||||||||||||||||||||||||||||||||||||||||||||||||||||||||||||WHO Bioassay (version unknown)|pirimiphos-methyl|organophosphate|Acetylcholinesterase (AChE) inhibitors|1B|0.25|||||||||||||||||||||||||||||||||||||||||||||||||||||||||||||||||||||||||||||||||||||||||||||||||||||||||||||||||||||||||||||||||||||||||||||||||||||||||||||||||||||JO||||||||
no|yes|no|none|VA54|10.1371/journal. pone.0249444|Matowo |Expression of pyrethroid metabolizing P450 enzymes characterizes highly resistant Anopheles vector species targeted by successful deployment of PBO-treated bednets in Tanzania |PLOS ONE |2022|Preferential|yes||Tanzania|Kishuro||||||||||||||||||||Muleba|||||||HRI|||||||||Indoor resting Anopheles mosquitoes were collected using mouth and/or prokopack aspirators.|yes|no|no|11|11|2014|2014|||||funestus||morph|genetic/molecular|||||||||||||||||||||||||||||||||||||||||||||||||||||||||||||||||||||||||||||||||||||||||||||||||||||||||||||||||||||||||||||||||||||||||||||||||||||||||||||||||||||||||||||||||||||||||||||||||||||||||||||||||||||||||||||||||||||||||||||||||||||||||||||||||||||||||||||||||||||||||||||||||||||||||||||||||||||||||||||||||||||||||||||||||||||||||||||||||||||||||||||||||||||||||||||||||||||||||||||||||||JO||||||||
no|yes|no|none|VA54|10.1371/journal. pone.0249445|Matowo |Expression of pyrethroid metabolizing P450 enzymes characterizes highly resistant Anopheles vector species targeted by successful deployment of PBO-treated bednets in Tanzania |PLOS ONE |2022|Preferential|yes||Tanzania|Kakoma||||||||||||||||||||Muleba|||||||HRI|||||||||Indoor resting Anopheles mosquitoes were collected using mouth and/or prokopack aspirators.|yes|no|no|11|11|2014|2014|||||funestus||morph|genetic/molecular|||||||||||||||||||||||||||||||||||||||||||||||||||||||||||||||||||||||||||||||||||||||||||||||||||||||||||||||||||||||||||||||||||||||||||||||||||||||||||||||||||||||||||||||||||||||||||||||||||||||||||||||||||||||||||||||||||||||||||||||||||||||||||||||||||||||||||||||||||||||||||||||||||||||||||||||||||||||||||||||||||||||||||||||||||||||||||||||||||||||||||||||||||||||||||||||||||||||||||||||||||JO||||||||
no|yes|no|none|VA54|10.1371/journal. pone.0249446|Matowo |Expression of pyrethroid metabolizing P450 enzymes characterizes highly resistant Anopheles vector species targeted by successful deployment of PBO-treated bednets in Tanzania |PLOS ONE |2022|Preferential|yes||Tanzania|Bweyenza||||||||||||||||||||Muleba|||||||HRI|||||||||Indoor resting Anopheles mosquitoes were collected using mouth and/or prokopack aspirators.|yes|no|no|11|11|2014|2014|||||funestus||morph|genetic/molecular|||||||||||||||||||||||||||||||||||||||||||||||||||||||||||||||||||||||||||||||||||||||||||||||||||||||||||||||||||||||||||||||||||||||||||||||||||||||||||||||||||||||||||||||||||||||||||||||||||||||||||||||||||||||||||||||||||||||||||||||||||||||||||||||||||||||||||||||||||||||||||||||||||||||||||||||||||||||||||||||||||||||||||||||||||||||||||||||||||||||||||||||||||||||||||||||||||||||||||||||||||JO||||||||
no|yes|no|none|VA54|10.1371/journal. pone.0249447|Matowo |Expression of pyrethroid metabolizing P450 enzymes characterizes highly resistant Anopheles vector species targeted by successful deployment of PBO-treated bednets in Tanzania |PLOS ONE |2022|Preferential|yes||Tanzania|Kiteme||||||||||||||||||||Muleba|||||||HRI|||||||||Indoor resting Anopheles mosquitoes were collected using mouth and/or prokopack aspirators.|yes|no|no|11|11|2014|2014|||||funestus||morph|genetic/molecular|||||||||||||||||||||||||||||||||||||||||||||||||||||||||||||||||||||||||||||||||||||||||||||||||||||||||||||||||||||||||||||||||||||||||||||||||||||||||||||||||||||||||||||||||||||||||||||||||||||||||||||||||||||||||||||||||||||||||||||||||||||||||||||||||||||||||||||||||||||||||||||||||||||||||||||||||||||||||||||||||||||||||||||||||||||||||||||||||||||||||||||||||||||||||||||||||||||||||||||||||||JO||||||||
no|yes|no|none|VA54|10.1371/journal. pone.0249448|Matowo |Expression of pyrethroid metabolizing P450 enzymes characterizes highly resistant Anopheles vector species targeted by successful deployment of PBO-treated bednets in Tanzania |PLOS ONE |2022|Preferential|yes||Tanzania|Kyamyorwa||||||||||||||||||||Muleba|||||||HRI|||||||||Indoor resting Anopheles mosquitoes were collected using mouth and/or prokopack aspirators.|yes|no|no|11|11|2014|2014|||||funestus||morph|genetic/molecular|||||||||||||||||||||||||||||||||||||||||||||||||||||||||||||||||||||||||||||||||||||||||||||||||||||||||||||||||||||||||||||||||||||||||||||||||||||||||||||||||||||||||||||||||||||||||||||||||||||||||||||||||||||||||||||||||||||||||||||||||||||||||||||||||||||||||||||||||||||||||||||||||||||||||||||||||||||||||||||||||||||||||||||||||||||||||||||||||||||||||||||||||||||||||||||||||||||||||||||||||||JO||||||||
no|yes|no|none|VA54|10.1371/journal. pone.0249449|Matowo |Expression of pyrethroid metabolizing P450 enzymes characterizes highly resistant Anopheles vector species targeted by successful deployment of PBO-treated bednets in Tanzania |PLOS ONE |2022|Preferential|yes||Tanzania|Kishuro||||||||||||||||||||Muleba|||||||HRI|||||||||Indoor resting Anopheles mosquitoes were collected using mouth and/or prokopack aspirators.|yes|no|no|1|1|2015|2015|||||gambiae (S)||morph|genetic/molecular|||||||||||||||||||||||||||||||||||||||||||||||||||||||||||||||||||||||||||||||||||||||||||||||||||||||||||||||||||||||||||||||||||||||||||||||||||||||||||||||||||||||||||||||||||||||||||||||||||||||||||||||||||||||||||||||||||||||||||||||||||||||||||||||||||||||||||||||||||||||||||||||||||||||||||||||||||||||||||||||||||||||||||||||||||||||||||||||||||||||||||||||||||||||||||||||||||||||||||||||||||JO||||||||
no|yes|no|none|VA54|10.1371/journal. pone.0249450|Matowo |Expression of pyrethroid metabolizing P450 enzymes characterizes highly resistant Anopheles vector species targeted by successful deployment of PBO-treated bednets in Tanzania |PLOS ONE |2022|Preferential|yes||Tanzania|Kakoma||||||||||||||||||||Muleba|||||||HRI|||||||||Indoor resting Anopheles mosquitoes were collected using mouth and/or prokopack aspirators.|yes|no|no|1|1|2015|2015|||||gambiae (S)||morph|genetic/molecular|||||||||||||||||||||||||||||||||||||||||||||||||||||||||||||||||||||||||||||||||||||||||||||||||||||||||||||||||||||||||||||||||||||||||||||||||||||||||||||||||||||||||||||||||||||||||||||||||||||||||||||||||||||||||||||||||||||||||||||||||||||||||||||||||||||||||||||||||||||||||||||||||||||||||||||||||||||||||||||||||||||||||||||||||||||||||||||||||||||||||||||||||||||||||||||||||||||||||||||||||||JO||||||||
no|yes|no|none|VA54|10.1371/journal. pone.0249451|Matowo |Expression of pyrethroid metabolizing P450 enzymes characterizes highly resistant Anopheles vector species targeted by successful deployment of PBO-treated bednets in Tanzania |PLOS ONE |2022|Preferential|yes||Tanzania|Bweyenza||||||||||||||||||||Muleba|||||||HRI|||||||||Indoor resting Anopheles mosquitoes were collected using mouth and/or prokopack aspirators.|yes|no|no|1|1|2015|2015|||||gambiae (S)||morph|genetic/molecular|||||||||||||||||||||||||||||||||||||||||||||||||||||||||||||||||||||||||||||||||||||||||||||||||||||||||||||||||||||||||||||||||||||||||||||||||||||||||||||||||||||||||||||||||||||||||||||||||||||||||||||||||||||||||||||||||||||||||||||||||||||||||||||||||||||||||||||||||||||||||||||||||||||||||||||||||||||||||||||||||||||||||||||||||||||||||||||||||||||||||||||||||||||||||||||||||||||||||||||||||||JO||||||||
no|yes|no|none|VA54|10.1371/journal. pone.0249452|Matowo |Expression of pyrethroid metabolizing P450 enzymes characterizes highly resistant Anopheles vector species targeted by successful deployment of PBO-treated bednets in Tanzania |PLOS ONE |2022|Preferential|yes||Tanzania|Kiteme||||||||||||||||||||Muleba|||||||HRI|||||||||Indoor resting Anopheles mosquitoes were collected using mouth and/or prokopack aspirators.|yes|no|no|1|1|2015|2015|||||gambiae (S)||morph|genetic/molecular|||||||||||||||||||||||||||||||||||||||||||||||||||||||||||||||||||||||||||||||||||||||||||||||||||||||||||||||||||||||||||||||||||||||||||||||||||||||||||||||||||||||||||||||||||||||||||||||||||||||||||||||||||||||||||||||||||||||||||||||||||||||||||||||||||||||||||||||||||||||||||||||||||||||||||||||||||||||||||||||||||||||||||||||||||||||||||||||||||||||||||||||||||||||||||||||||||||||||||||||||||JO||||||||
no|yes|no|none|VA54|10.1371/journal. pone.0249453|Matowo |Expression of pyrethroid metabolizing P450 enzymes characterizes highly resistant Anopheles vector species targeted by successful deployment of PBO-treated bednets in Tanzania |PLOS ONE |2022|Preferential|yes||Tanzania|Kyamyorwa||||||||||||||||||||Muleba|||||||HRI|||||||||Indoor resting Anopheles mosquitoes were collected using mouth and/or prokopack aspirators.|yes|no|no|1|1|2015|2015|||||gambiae (S)||morph|genetic/molecular|||||||||||||||||||||||||||||||||||||||||||||||||||||||||||||||||||||||||||||||||||||||||||||||||||||||||||||||||||||||||||||||||||||||||||||||||||||||||||||||||||||||||||||||||||||||||||||||||||||||||||||||||||||||||||||||||||||||||||||||||||||||||||||||||||||||||||||||||||||||||||||||||||||||||||||||||||||||||||||||||||||||||||||||||||||||||||||||||||||||||||||||||||||||||||||||||||||||||||||||||||JO||||||||
no|yes|no|none|VA54|10.1371/journal. pone.0249454|Matowo |Expression of pyrethroid metabolizing P450 enzymes characterizes highly resistant Anopheles vector species targeted by successful deployment of PBO-treated bednets in Tanzania |PLOS ONE |2022|Preferential|yes||Tanzania|Kishuro||||||||||||||||||||Muleba|||||||HRI|||||||||Indoor resting Anopheles mosquitoes were collected using mouth and/or prokopack aspirators.|yes|no|no|1|1|2015|2015|||||funestus||morph|genetic/molecular|||||||||||||||||||||||||||||||||||||||||||||||||||||||||||||||||||||||||||||||||||||||||||||||||||||||||||||||||||||||||||||||||||||||||||||||||||||||||||||||||||||||||||||||||||||||||||||||||||||||||||||||||||||||||||||||||||||||||||||||||||||||||||||||||||||||||||||||||||||||||||||||||||||||||||||||||||||||||||||||||||||||||||||||||||||||||||||||||||||||||||||||||||||||||||||||||||||||||||||||||||JO||||||||
no|yes|no|none|VA54|10.1371/journal. pone.0249455|Matowo |Expression of pyrethroid metabolizing P450 enzymes characterizes highly resistant Anopheles vector species targeted by successful deployment of PBO-treated bednets in Tanzania |PLOS ONE |2022|Preferential|yes||Tanzania|Kakoma||||||||||||||||||||Muleba|||||||HRI|||||||||Indoor resting Anopheles mosquitoes were collected using mouth and/or prokopack aspirators.|yes|no|no|1|1|2015|2015|||||funestus||morph|genetic/molecular|||||||||||||||||||||||||||||||||||||||||||||||||||||||||||||||||||||||||||||||||||||||||||||||||||||||||||||||||||||||||||||||||||||||||||||||||||||||||||||||||||||||||||||||||||||||||||||||||||||||||||||||||||||||||||||||||||||||||||||||||||||||||||||||||||||||||||||||||||||||||||||||||||||||||||||||||||||||||||||||||||||||||||||||||||||||||||||||||||||||||||||||||||||||||||||||||||||||||||||||||||JO||||||||
no|yes|no|none|VA54|10.1371/journal. pone.0249456|Matowo |Expression of pyrethroid metabolizing P450 enzymes characterizes highly resistant Anopheles vector species targeted by successful deployment of PBO-treated bednets in Tanzania |PLOS ONE |2022|Preferential|yes||Tanzania|Bweyenza||||||||||||||||||||Muleba|||||||HRI|||||||||Indoor resting Anopheles mosquitoes were collected using mouth and/or prokopack aspirators.|yes|no|no|1|1|2015|2015|||||funestus||morph|genetic/molecular|||||||||||||||||||||||||||||||||||||||||||||||||||||||||||||||||||||||||||||||||||||||||||||||||||||||||||||||||||||||||||||||||||||||||||||||||||||||||||||||||||||||||||||||||||||||||||||||||||||||||||||||||||||||||||||||||||||||||||||||||||||||||||||||||||||||||||||||||||||||||||||||||||||||||||||||||||||||||||||||||||||||||||||||||||||||||||||||||||||||||||||||||||||||||||||||||||||||||||||||||||JO||||||||
no|yes|no|none|VA54|10.1371/journal. pone.0249457|Matowo |Expression of pyrethroid metabolizing P450 enzymes characterizes highly resistant Anopheles vector species targeted by successful deployment of PBO-treated bednets in Tanzania |PLOS ONE |2022|Preferential|yes||Tanzania|Kiteme||||||||||||||||||||Muleba|||||||HRI|||||||||Indoor resting Anopheles mosquitoes were collected using mouth and/or prokopack aspirators.|yes|no|no|1|1|2015|2015|||||funestus||morph|genetic/molecular|||||||||||||||||||||||||||||||||||||||||||||||||||||||||||||||||||||||||||||||||||||||||||||||||||||||||||||||||||||||||||||||||||||||||||||||||||||||||||||||||||||||||||||||||||||||||||||||||||||||||||||||||||||||||||||||||||||||||||||||||||||||||||||||||||||||||||||||||||||||||||||||||||||||||||||||||||||||||||||||||||||||||||||||||||||||||||||||||||||||||||||||||||||||||||||||||||||||||||||||||||JO||||||||
no|yes|no|none|VA54|10.1371/journal. pone.0249458|Matowo |Expression of pyrethroid metabolizing P450 enzymes characterizes highly resistant Anopheles vector species targeted by successful deployment of PBO-treated bednets in Tanzania |PLOS ONE |2022|Preferential|yes||Tanzania|Kyamyorwa||||||||||||||||||||Muleba|||||||HRI|||||||||Indoor resting Anopheles mosquitoes were collected using mouth and/or prokopack aspirators.|yes|no|no|1|1|2015|2015|||||funestus||morph|genetic/molecular|||||||||||||||||||||||||||||||||||||||||||||||||||||||||||||||||||||||||||||||||||||||||||||||||||||||||||||||||||||||||||||||||||||||||||||||||||||||||||||||||||||||||||||||||||||||||||||||||||||||||||||||||||||||||||||||||||||||||||||||||||||||||||||||||||||||||||||||||||||||||||||||||||||||||||||||||||||||||||||||||||||||||||||||||||||||||||||||||||||||||||||||||||||||||||||||||||||||||||||||||||JO||||||||
yes|yes|no|none|VA54|10.1371/journal. pone.0249463|Matowo |Expression of pyrethroid metabolizing P450 enzymes characterizes highly resistant Anopheles vector species targeted by successful deployment of PBO-treated bednets in Tanzania |PLOS ONE |2022|Preferential|yes||Tanzania|Kakoma||||||||||||||||||||Muleba|||||||HRI|||||||||Indoor resting Anopheles mosquitoes were collected using mouth and/or prokopack aspirators.|yes|no|no|6|6|2016|2016|||||GAMBIAE COMPLEX||morph|genetic/molecular|||||||||||||||||||||||||||||||||||||||||||||||||||||||||||||||||||||||||||||||||||||||||||||||||||||||||||||||||||||||||||||||||||||||||||||||||||||||||||||||||||||||||||||||||||||||||||||||||||||||||||||||||||||||||||||||||||||||||CDC Bottle Bioassay|permethrin|pyrethroid|Sodium channel modulators|3A|0.75|||||||||||||||||||||||||||||||||||||||||||||||||||||||||||||||||||||||||||||||||||||||||||||||||||||||||||||||||||||||||||||||||||||||||||||||||||||||||||||||||||||JO||||||||
yes|yes|no|none|VA54|10.1371/journal. pone.0249463|Matowo |Expression of pyrethroid metabolizing P450 enzymes characterizes highly resistant Anopheles vector species targeted by successful deployment of PBO-treated bednets in Tanzania |PLOS ONE |2022|Preferential|yes||Tanzania|Kakoma||||||||||||||||||||Muleba|||||||HRI|||||||||Indoor resting Anopheles mosquitoes were collected using mouth and/or prokopack aspirators.|yes|no|no|7|7|2016|2016|||||GAMBIAE COMPLEX||morph|genetic/molecular|||||||||||||||||||||||||||||||||||||||||||||||||||||||||||||||||||||||||||||||||||||||||||||||||||||||||||||||||||||||||||||||||||||||||||||||||||||||||||||||||||||||||||||||||||||||||||||||||||||||||||||||||||||||||||||||||||||||||CDC Bottle Bioassay|bendiocarb|carbamate|Acetylcholinesterase (AChE) inhibitors|1A|0.1|||||||||||||||||||||||||||||||||||||||||||||||||||||||||||||||||||||||||||||||||||||||||||||||||||||||||||||||||||||||||||||||||||||||||||||||||||||||||||||||||||||JO||||||||
no|yes|no|none|VA54|10.1371/journal. pone.0249459|Matowo |Expression of pyrethroid metabolizing P450 enzymes characterizes highly resistant Anopheles vector species targeted by successful deployment of PBO-treated bednets in Tanzania |PLOS ONE |2022|Preferential|yes||Tanzania|Kakoma||||||||||||||||||||Muleba|||yes|||Kakoma received standard LLIN |HRI|||||||||Indoor resting Anopheles mosquitoes were collected using mouth and/or prokopack aspirators.|yes|no|no|6|6|2016|2016|||||gambiae (S)||morph|genetic/molecular|||||||||||||||||||||||||||||||||||||||||||||||||||||||||||||||||||||||||||||||||||||||||||||||||||||||||||||||||||||||||||||||||||||||||||||||||||||||||||||||||||||||||||||||||||||||||||||||||||||||||||||||||||||||||||||||||||||||||||||||||||||||||||||||||||||||||||||||||||||||||||||||||||||||||||||||||||||||||||||||||||||||||||||||||||||||||||||||||||||||||||||||||||||||||||||||||||||||||||||||||||JO||||||||
no|yes|no|none|VA54|10.1371/journal. pone.0249460|Matowo |Expression of pyrethroid metabolizing P450 enzymes characterizes highly resistant Anopheles vector species targeted by successful deployment of PBO-treated bednets in Tanzania |PLOS ONE |2022|Preferential|yes||Tanzania|Kakoma||||||||||||||||||||Muleba|||yes|||Kakoma received standard LLIN |HRI|||||||||Indoor resting Anopheles mosquitoes were collected using mouth and/or prokopack aspirators.|yes|no|no|6|6|2016|2016|||||funestus||morph|genetic/molecular|||||||||||||||||||||||||||||||||||||||||||||||||||||||||||||||||||||||||||||||||||||||||||||||||||||||||||||||||||||||||||||||||||||||||||||||||||||||||||||||||||||||||||||||||||||||||||||||||||||||||||||||||||||||||||||||||||||||||||||||||||||||||||||||||||||||||||||||||||||||||||||||||||||||||||||||||||||||||||||||||||||||||||||||||||||||||||||||||||||||||||||||||||||||||||||||||||||||||||||||||||JO||||||||
no|yes|no|none|VA54|10.1371/journal. pone.0249440 |Matowo |Expression of pyrethroid metabolizing P450 enzymes characterizes highly resistant Anopheles vector species targeted by successful deployment of PBO-treated bednets in Tanzania |PLOS ONE |2022|Preferential|yes||Tanzania|Kakoma||||||||||||||||||||Muleba|||yes|||Kakoma received standard LLIN |HRI|||||||||Indoor resting Anopheles mosquitoes were collected using mouth and/or prokopack aspirators.|yes|no|no|6|6|2016|2016|||||arabiensis||morph|genetic/molecular|||||||||||||||||||||||||||||||||||||||||||||||||||||||||||||||||||||||||||||||||||||||||||||||||||||||||||||||||||||||||||||||||||||||||||||||||||||||||||||||||||||||||||||||||||||||||||||||||||||||||||||||||||||||||||||||||||||||||||||||||||||||||||||||||||||||||||||||||||||||||||||||||||||||||||||||||||||||||||||||||||||||||||||||||||||||||||||||||||||||||||||||||||||||||||||||||||||||||||||||||||JO||||||||
no|yes|no|none|VA54|10.1371/journal. pone.0249461|Matowo |Expression of pyrethroid metabolizing P450 enzymes characterizes highly resistant Anopheles vector species targeted by successful deployment of PBO-treated bednets in Tanzania |PLOS ONE |2022|Preferential|yes||Tanzania|Kakoma||||||||||||||||||||Muleba|||yes|||Kakoma received standard LLIN |HRI|||||||||Indoor resting Anopheles mosquitoes were collected using mouth and/or prokopack aspirators.|yes|no|no|7|7|2016|2016|||||gambiae (S)||morph|genetic/molecular|||||||||||||||||||||||||||||||||||||||||||||||||||||||||||||||||||||||||||||||||||||||||||||||||||||||||||||||||||||||||||||||||||||||||||||||||||||||||||||||||||||||||||||||||||||||||||||||||||||||||||||||||||||||||||||||||||||||||||||||||||||||||||||||||||||||||||||||||||||||||||||||||||||||||||||||||||||||||||||||||||||||||||||||||||||||||||||||||||||||||||||||||||||||||||||||||||||||||||||||||||JO||||||||
no|yes|no|none|VA54|10.1371/journal. pone.0249462|Matowo |Expression of pyrethroid metabolizing P450 enzymes characterizes highly resistant Anopheles vector species targeted by successful deployment of PBO-treated bednets in Tanzania |PLOS ONE |2022|Preferential|yes||Tanzania|Kakoma||||||||||||||||||||Muleba|||yes|||Kakoma received standard LLIN |HRI|||||||||Indoor resting Anopheles mosquitoes were collected using mouth and/or prokopack aspirators.|yes|no|no|7|7|2016|2016|||||funestus||morph|genetic/molecular|||||||||||||||||||||||||||||||||||||||||||||||||||||||||||||||||||||||||||||||||||||||||||||||||||||||||||||||||||||||||||||||||||||||||||||||||||||||||||||||||||||||||||||||||||||||||||||||||||||||||||||||||||||||||||||||||||||||||||||||||||||||||||||||||||||||||||||||||||||||||||||||||||||||||||||||||||||||||||||||||||||||||||||||||||||||||||||||||||||||||||||||||||||||||||||||||||||||||||||||||||JO||||||||
no|yes|no|none|VA54|10.1371/journal. pone.0249440 |Matowo |Expression of pyrethroid metabolizing P450 enzymes characterizes highly resistant Anopheles vector species targeted by successful deployment of PBO-treated bednets in Tanzania |PLOS ONE |2022|Preferential|yes||Tanzania|Kakoma||||||||||||||||||||Muleba|||yes|||Kakoma received standard LLIN |HRI|||||||||Indoor resting Anopheles mosquitoes were collected using mouth and/or prokopack aspirators.|yes|no|no|7|7|2016|2016|||||arabiensis||morph|genetic/molecular|||||||||||||||||||||||||||||||||||||||||||||||||||||||||||||||||||||||||||||||||||||||||||||||||||||||||||||||||||||||||||||||||||||||||||||||||||||||||||||||||||||||||||||||||||||||||||||||||||||||||||||||||||||||||||||||||||||||||||||||||||||||||||||||||||||||||||||||||||||||||||||||||||||||||||||||||||||||||||||||||||||||||||||||||||||||||||||||||||||||||||||||||||||||||||||||||||||||||||||||||||JO||||||||
no|yes|no|none|VA54|10.1371/journal. pone.0249463|Matowo |Expression of pyrethroid metabolizing P450 enzymes characterizes highly resistant Anopheles vector species targeted by successful deployment of PBO-treated bednets in Tanzania |PLOS ONE |2022|Preferential|yes||Tanzania|Kabirizi||||||||||||||||||||Muleba||Kabirizi was selected in 2017 due to the high number of An. funestus found there. |yes|||Another village allocated to the LLIN arm was Kabirizi |HRI|||||||||Indoor resting Anopheles mosquitoes were collected using mouth and/or prokopack aspirators.|yes|no|no|||2016|2016|||||gambiae (S)||morph|genetic/molecular|||||||||||||||||||||||||||||||||||||||||||||||||||||||||||||||||||||||||||||||||||||||||||||||||||||||||||||||||||||||||||||||||||||||||||||||||||||||||||||||||||||||||||||||||||||||||||||||||||||||||||||||||||||||||||||||||||||||||||||||||||||||||||||||||||||||||||||||||||||||||||||||||||||||||||||||||||||||||||||||||||||||||||||||||||||||||||||||||||||||||||||||||||||||||||||||||||||||||||||||||||JO||||||||
no|yes|no|none|VA54|10.1371/journal. pone.0249463|Matowo |Expression of pyrethroid metabolizing P450 enzymes characterizes highly resistant Anopheles vector species targeted by successful deployment of PBO-treated bednets in Tanzania |PLOS ONE |2022|Preferential|yes||Tanzania|Kakoma||||||||||||||||||||Muleba|||yes|||Kakoma received standard LLIN |HRI|||||||||Indoor resting Anopheles mosquitoes were collected using mouth and/or prokopack aspirators.|yes|no|no|5|6|2017|2017|||||funestus||morph|genetic/molecular|||||||||||||||||||||||||||||||||||||||||||||||||||||||||||||||||||||||||||||||||||||||||||||||||||||||||||||||||||||||||||||||||||||||||||||||||||||||||||||||||||||||||||||||||||||||||||||||||||||||||||||||||||||||||||||||||||||||||||||||||||||||||||||||||||||||||||||||||||||||||||||||||||||||||||||||||||||||||||||||||||||||||||||||||||||||||||||||||||||||||||||||||||||||||||||||||||||||||||||||||||JO||||||||
no|yes|no|none|VA54|10.1371/journal. pone.0249463|Matowo |Expression of pyrethroid metabolizing P450 enzymes characterizes highly resistant Anopheles vector species targeted by successful deployment of PBO-treated bednets in Tanzania |PLOS ONE |2022|Preferential|yes||Tanzania|Kakoma||||||||||||||||||||Muleba|||yes|||Kakoma received standard LLIN |HRI|||||||||Indoor resting Anopheles mosquitoes were collected using mouth and/or prokopack aspirators.|yes|no|no|5|6|2017|2017|||||gambiae (S)||morph|genetic/molecular|||||||||||||||||||||||||||||||||||||||||||||||||||||||||||||||||||||||||||||||||||||||||||||||||||||||||||||||||||||||||||||||||||||||||||||||||||||||||||||||||||||||||||||||||||||||||||||||||||||||||||||||||||||||||||||||||||||||||||||||||||||||||||||||||||||||||||||||||||||||||||||||||||||||||||||||||||||||||||||||||||||||||||||||||||||||||||||||||||||||||||||||||||||||||||||||||||||||||||||||||||JO||||||||
no|yes|no|none|VA54|10.1371/journal. pone.0249440 |Matowo |Expression of pyrethroid metabolizing P450 enzymes characterizes highly resistant Anopheles vector species targeted by successful deployment of PBO-treated bednets in Tanzania |PLOS ONE |2022|Preferential|yes||Tanzania|Kakoma||||||||||||||||||||Muleba|||yes|||Kakoma received standard LLIN |HRI|||||||||Indoor resting Anopheles mosquitoes were collected using mouth and/or prokopack aspirators.|yes|no|no|5|6|2017|2017|||||arabiensis||morph|genetic/molecular|||||||||||||||||||||||||||||||||||||||||||||||||||||||||||||||||||||||||||||||||||||||||||||||||||||||||||||||||||||||||||||||||||||||||||||||||||||||||||||||||||||||||||||||||||||||||||||||||||||||||||||||||||||||||||||||||||||||||||||||||||||||||||||||||||||||||||||||||||||||||||||||||||||||||||||||||||||||||||||||||||||||||||||||||||||||||||||||||||||||||||||||||||||||||||||||||||||||||||||||||||JO||||||||
no|yes|no|none|VA54|10.1371/journal. pone.0249463|Matowo |Expression of pyrethroid metabolizing P450 enzymes characterizes highly resistant Anopheles vector species targeted by successful deployment of PBO-treated bednets in Tanzania |PLOS ONE |2022|Preferential|yes||Tanzania|Kabirizi||||||||||||||||||||Muleba||Kabirizi was selected in 2017 due to the high number of An. funestus found there. |yes|||Another village allocated to the LLIN arm was Kabirizi |HRI|||||||||Indoor resting Anopheles mosquitoes were collected using mouth and/or prokopack aspirators.|yes|no|no|5|6|2017|2017|||||gambiae (S)||morph|genetic/molecular|||||||||||||||||||||||||||||||||||||||||||||||||||||||||||||||||||||||||||||||||||||||||||||||||||||||||||||||||||||||||||||||||||||||||||||||||||||||||||||||||||||||||||||||||||||||||||||||||||||||||||||||||||||||||||||||||||||||||||||||||||||||||||||||||||||||||||||||||||||||||||||||||||||||||||||||||||||||||||||||||||||||||||||||||||||||||||||||||||||||||||||||||||||||||||||||||||||||||||||||||||JO||||||||
yes|yes|no|none|VA54|10.1371/journal. pone.0249463|Matowo |Expression of pyrethroid metabolizing P450 enzymes characterizes highly resistant Anopheles vector species targeted by successful deployment of PBO-treated bednets in Tanzania |PLOS ONE |2022|Preferential|yes||Tanzania|Kabirizi||||||||||||||||||||Muleba||Kabirizi was selected in 2017 due to the high number of An. funestus found there. |yes|||Another village allocated to the LLIN arm was Kabirizi |HRI|||||||||Indoor resting Anopheles mosquitoes were collected using mouth and/or prokopack aspirators.|yes|no|no|5|6|2017|2017|||||funestus||morph|genetic/molecular|||||||||||||||||||||||||||||||||||||||||||||||||||||||||||||||||||||||||||||||||||||||||||||||||||||||||||||||||||||||||||||||||||||||||||||||||||||||||||||||||||||||||||||||||||||||||||||||||||||||||||||||||||||||||||||||||||||||||CDC Bottle Bioassay|permethrin|pyrethroid|Sodium channel modulators|3A|0.75|||||||||||||||||||||||||||||||||||||||||||||||||||||||||||||||||||||||||||||||||||||||||||||||||||||||||||||||||||||||||||||||||||||||||||||||||||||||||||||||||||||JO||||||||
yes|yes|no|none|VA54|10.1371/journal. pone.0249440 |Matowo |Expression of pyrethroid metabolizing P450 enzymes characterizes highly resistant Anopheles vector species targeted by successful deployment of PBO-treated bednets in Tanzania |PLOS ONE |2022|Preferential|yes||Tanzania|Kabirizi||||||||||||||||||||Muleba||Kabirizi was selected in 2017 due to the high number of An. funestus found there. |yes|||Another village allocated to the LLIN arm was Kabirizi |HRI|||||||||Indoor resting Anopheles mosquitoes were collected using mouth and/or prokopack aspirators.|yes|no|no|5|6|2017|2017|||||funestus||morph|genetic/molecular|||||||||||||||||||||||||||||||||||||||||||||||||||||||||||||||||||||||||||||||||||||||||||||||||||||||||||||||||||||||||||||||||||||||||||||||||||||||||||||||||||||||||||||||||||||||||||||||||||||||||||||||||||||||||||||||||||||||||CDC Bottle Bioassay|bendiocarb|carbamate|Acetylcholinesterase (AChE) inhibitors|1A|0.1|||||||||||||||||||||||||||||||||||||||||||||||||||||||||||||||||||||||||||||||||||||||||||||||||||||||||||||||||||||||||||||||||||||||||||||||||||||||||||||||||||||JO||||||||
no|yes|no|genotypic|VA55|10.1016/j.meegid.2022.105215 |Caputo |Is Coˆte D’Ivoire a new high hybridization zone for the two major malaria vectors, Anopheles coluzzii and An. gambiae (Diptera, Culicidae)? |Infection, Genetics and Evolution |2022|Random|||Côte d'Ivoire|Ayam ́e village Piste IV |||||||||||||||||||||||no|na|||CDC-LT - indoor||CDC-LT - outdoor||||||||yes|no|no|12|12|2018|2018||cross|1300-2400mm/year|The site has long rainy season in March–July and a shorter one in September–December. |gambiae (S)||morph|genetic/molecular||||||||||||||||||||yes|other|The region is hilly and covered with dense moist forest and cacao or coffee plantations. |||||||The region lies within the evergreen forest mosaic belt ||||||||||||||||||||||||||||||||||Plasmodium falciparum SR ranged from 13.6% in March (95% CI 8.1–22.0) to 4.1% in October (95% CI 0.06–24.3). The average EIR ranged between 0.16 (March)-0.007 (October).||||||||||||||||||||||||||||||||||||||||||||||||||||||||||||||||||||||||||||||||||||||||||||||||||||||||||||||||||||||||||||||||||||||||||||||||||||||||||||||||||||||||||||||||||||||||||||||||120||Yes|||||||||||||||||120||Frequency of the 1014F allele was >90% in An. gambiae in the Ayam ́e village (N alleles = 65/72) and in the Petessou village (121/122) village, respectively, and > 80% in hybrids (i.e. 69/80 and 12/12, respectively). In An. coluzzii higher frequency of the 1014F is observed in Ayam ́e village (83%, 73/88) than Petessou (68%, 65/ 96) village (χ2 = 4.907, p-value = 0.02). Only 5 An. coluzzii (3 from Petessou and 2 from the Ayam ́e village) and 1 An. gambiae (from the Ayam ́e village) specimens carry the susceptible 1014 L allele in homozygosis. The frequency of 1014F allele is significantly higher in An. gambiae than in An. coluzzii in Petessou village (Fisher exact test, p- value<0.0001). Other than L1014F genotyping, Chromosome-3 genotyping and Chromosome-X SINE genotyping was done.||||90|||||||||||||||||||||||||||||||||||||||||||||||||||||||||||||||||||||||||||||||||||||||||||||||||||||||||||||||||||||||||||JO||||||||
no|yes|no|genotypic|VA55|10.1016/j.meegid.2022.105215 |Caputo |Is Coˆte D’Ivoire a new high hybridization zone for the two major malaria vectors, Anopheles coluzzii and An. gambiae (Diptera, Culicidae)? |Infection, Genetics and Evolution |2022|Random|||Côte d'Ivoire|Ayam ́e village Piste IV |||||||||||||||||||||||no|na|||CDC-LT - indoor||CDC-LT - outdoor||||||||yes|no|no|12|12|2018|2018||cross|1300-2400mm/year|The site has long rainy season in March–July and a shorter one in September–December. |coluzzii (gambiae M)||morph|genetic/molecular||||||||||||||||||||yes|other|The region is hilly and covered with dense moist forest and cacao or coffee plantations. |||||||The region lies within the evergreen forest mosaic belt ||||||||||||||||||||||||||||||||||Plasmodium falciparum SR ranged from 13.6% in March (95% CI 8.1–22.0) to 4.1% in October (95% CI 0.06–24.3). The average EIR ranged between 0.16 (March)-0.007 (October).|||||||||||||||||||||||||||||||||||||||||||||||||||||||||||||||||||||||||||||||||||||||||||||||||||||||||||||||||||||||||||||||||||||||||||||||||||||||||||||||||||||||||||||||||||||||||||||||||||||||||||||||||||||Frequency of the 1014F allele was >90% in An. gambiae in the Ayam ́e village (N alleles = 65/72) and in the Petessou village (121/122) village, respectively, and > 80% in hybrids (i.e. 69/80 and 12/12, respectively). In An. coluzzii higher frequency of the 1014F is observed in Ayam ́e village (83%, 73/88) than Petessou (68%, 65/ 96) village (χ2 = 4.907, p-value = 0.02). Only 5 An. coluzzii (3 from Petessou and 2 from the Ayam ́e village) and 1 An. gambiae (from the Ayam ́e village) specimens carry the susceptible 1014 L allele in homozygosis. The frequency of 1014F allele is significantly higher in An. gambiae than in An. coluzzii in Petessou village (Fisher exact test, p- value<0.0001). Other than L1014F genotyping, Chromosome-3 genotyping and Chromosome-X SINE genotyping was done.||||83|||||||||||||||||||||||||||||||||||||||||||||||||||||||||||||||||||||||||||||||||||||||||||||||||||||||||||||||||||||||||||JO||||||||
no|yes|no|genotypic|VA55|10.1016/j.meegid.2022.105215 |Caputo |Is Coˆte D’Ivoire a new high hybridization zone for the two major malaria vectors, Anopheles coluzzii and An. gambiae (Diptera, Culicidae)? |Infection, Genetics and Evolution |2022|Random|||Côte d'Ivoire|Ayam ́e village Piste IV |||||||||||||||||||||||no|na|||CDC-LT - indoor||CDC-LT - outdoor||||||||yes|no|no|12|12|2018|2018||cross|1300-2400mm/year|The site has long rainy season in March–July and a shorter one in September–December. |gambiae (S/M)|IGS-hybrids (Individuals characterized by heterozygous X-linked IGS-diagnostic markers) |morph|genetic/molecular||||||||||||||||||||yes|other|The region is hilly and covered with dense moist forest and cacao or coffee plantations. |||||||The region lies within the evergreen forest mosaic belt ||||||||||||||||||||||||||||||||||Plasmodium falciparum SR ranged from 13.6% in March (95% CI 8.1–22.0) to 4.1% in October (95% CI 0.06–24.3). The average EIR ranged between 0.16 (March)-0.007 (October).|||||||||||||||||||||||||||||||||||||||||||||||||||||||||||||||||||||||||||||||||||||||||||||||||||||||||||||||||||||||||||||||||||||||||||||||||||||||||||||||||||||||||||||||||||||||||||||||||||||||||||||||||||||Frequency of the 1014F allele was >90% in An. gambiae in the Ayam ́e village (N alleles = 65/72) and in the Petessou village (121/122) village, respectively, and > 80% in hybrids (i.e. 69/80 and 12/12, respectively). In An. coluzzii higher frequency of the 1014F is observed in Ayam ́e village (83%, 73/88) than Petessou (68%, 65/ 96) village (χ2 = 4.907, p-value = 0.02). Only 5 An. coluzzii (3 from Petessou and 2 from the Ayam ́e village) and 1 An. gambiae (from the Ayam ́e village) specimens carry the susceptible 1014 L allele in homozygosis. The frequency of 1014F allele is significantly higher in An. gambiae than in An. coluzzii in Petessou village (Fisher exact test, p- value<0.0001). Other than L1014F genotyping, Chromosome-3 genotyping and Chromosome-X SINE genotyping was done.||||80|||||||||||||||||||||||||||||||||||||||||||||||||||||||||||||||||||||||||||||||||||||||||||||||||||||||||||||||||||||||||||JO||||||||
no|yes|no|genotypic|VA55|10.1016/j.meegid.2022.105215 |Caputo |Is Coˆte D’Ivoire a new high hybridization zone for the two major malaria vectors, Anopheles coluzzii and An. gambiae (Diptera, Culicidae)? |Infection, Genetics and Evolution |2022|Random|||Côte d'Ivoire|Ayam ́e village Piste IV |||||||||||||||||||||||no|na|||CDC-LT - indoor||CDC-LT - outdoor||||||||yes|no|no|3|3|2019|2019||cross|1300-2400mm/year|The site has long rainy season in March–July and a shorter one in September–December. |gambiae (S/M)||morph|genetic/molecular||||||||||||||||||||yes|other|The region is hilly and covered with dense moist forest and cacao or coffee plantations. |||||||The region lies within the evergreen forest mosaic belt ||||||||||||||||||||||||||||||||||Plasmodium falciparum SR ranged from 13.6% in March (95% CI 8.1–22.0) to 4.1% in October (95% CI 0.06–24.3). The average EIR ranged between 0.16 (March)-0.007 (October).|||||||||||||||||||||||||||||||||||||||||||||||||||||||||||||||||||||||||||||||||||||||||||||||||||||||||||||||||||||||||||||||||||||||||||||||||||||||||||||||||||||||||||||||||||||||||||||||||||||||||||||||||||||Frequency of the 1014F allele was >90% in An. gambiae in the Ayam ́e village (N alleles = 65/72) and in the Petessou village (121/122) village, respectively, and > 80% in hybrids (i.e. 69/80 and 12/12, respectively). In An. coluzzii higher frequency of the 1014F is observed in Ayam ́e village (83%, 73/88) than Petessou (68%, 65/ 96) village (χ2 = 4.907, p-value = 0.02). Only 5 An. coluzzii (3 from Petessou and 2 from the Ayam ́e village) and 1 An. gambiae (from the Ayam ́e village) specimens carry the susceptible 1014 L allele in homozygosis. The frequency of 1014F allele is significantly higher in An. gambiae than in An. coluzzii in Petessou village (Fisher exact test, p- value<0.0001). Other than L1014F genotyping, Chromosome-3 genotyping and Chromosome-X SINE genotyping was done.|||||||||||||||||||||||||||||||||||||||||||||||||||||||||||||||||||||||||||||||||||||||||||||||||||||||||||||||||||||||||||||||JO||||||||
no|yes|no|genotypic|VA55|10.1016/j.meegid.2022.105215 |Caputo |Is Coˆte D’Ivoire a new high hybridization zone for the two major malaria vectors, Anopheles coluzzii and An. gambiae (Diptera, Culicidae)? |Infection, Genetics and Evolution |2022|Random|||Côte d'Ivoire|Ayam ́e village Piste IV |||||||||||||||||||||||no|na|||CDC-LT - indoor||CDC-LT - outdoor||||||||yes|no|no|3|3|2019|2019||cross|1300-2400mm/year|The site has long rainy season in March–July and a shorter one in September–December. |coluzzii (gambiae M)||morph|genetic/molecular||||||||||||||||||||yes|other|The region is hilly and covered with dense moist forest and cacao or coffee plantations. |||||||The region lies within the evergreen forest mosaic belt ||||||||||||||||||||||||||||||||||Plasmodium falciparum SR ranged from 13.6% in March (95% CI 8.1–22.0) to 4.1% in October (95% CI 0.06–24.3). The average EIR ranged between 0.16 (March)-0.007 (October).|||||||||||||||||||||||||||||||||||||||||||||||||||||||||||||||||||||||||||||||||||||||||||||||||||||||||||||||||||||||||||||||||||||||||||||||||||||||||||||||||||||||||||||||||||||||||||||||||||||||||||||||||||||Frequency of the 1014F allele was >90% in An. gambiae in the Ayam ́e village (N alleles = 65/72) and in the Petessou village (121/122) village, respectively, and > 80% in hybrids (i.e. 69/80 and 12/12, respectively). In An. coluzzii higher frequency of the 1014F is observed in Ayam ́e village (83%, 73/88) than Petessou (68%, 65/ 96) village (χ2 = 4.907, p-value = 0.02). Only 5 An. coluzzii (3 from Petessou and 2 from the Ayam ́e village) and 1 An. gambiae (from the Ayam ́e village) specimens carry the susceptible 1014 L allele in homozygosis. The frequency of 1014F allele is significantly higher in An. gambiae than in An. coluzzii in Petessou village (Fisher exact test, p- value<0.0001). Other than L1014F genotyping, Chromosome-3 genotyping and Chromosome-X SINE genotyping was done.|||||||||||||||||||||||||||||||||||||||||||||||||||||||||||||||||||||||||||||||||||||||||||||||||||||||||||||||||||||||||||||||JO||||||||
no|yes|no|genotypic|VA55|10.1016/j.meegid.2022.105215 |Caputo |Is Coˆte D’Ivoire a new high hybridization zone for the two major malaria vectors, Anopheles coluzzii and An. gambiae (Diptera, Culicidae)? |Infection, Genetics and Evolution |2022|Random|||Côte d'Ivoire|Ayam ́e village Piste IV |||||||||||||||||||||||no|na|||CDC-LT - indoor||CDC-LT - outdoor||||||||yes|no|no|3|3|2019|2019||cross|1300-2400mm/year|The site has long rainy season in March–July and a shorter one in September–December. |gambiae (S/M)|IGS-hybrids (Individuals characterized by heterozygous X-linked IGS-diagnostic markers) |morph|genetic/molecular||||||||||||||||||||yes|other|The region is hilly and covered with dense moist forest and cacao or coffee plantations. |||||||The region lies within the evergreen forest mosaic belt ||||||||||||||||||||||||||||||||||Plasmodium falciparum SR ranged from 13.6% in March (95% CI 8.1–22.0) to 4.1% in October (95% CI 0.06–24.3). The average EIR ranged between 0.16 (March)-0.007 (October).|||||||||||||||||||||||||||||||||||||||||||||||||||||||||||||||||||||||||||||||||||||||||||||||||||||||||||||||||||||||||||||||||||||||||||||||||||||||||||||||||||||||||||||||||||||||||||||||||||||||||||||||||||||Frequency of the 1014F allele was >90% in An. gambiae in the Ayam ́e village (N alleles = 65/72) and in the Petessou village (121/122) village, respectively, and > 80% in hybrids (i.e. 69/80 and 12/12, respectively). In An. coluzzii higher frequency of the 1014F is observed in Ayam ́e village (83%, 73/88) than Petessou (68%, 65/ 96) village (χ2 = 4.907, p-value = 0.02). Only 5 An. coluzzii (3 from Petessou and 2 from the Ayam ́e village) and 1 An. gambiae (from the Ayam ́e village) specimens carry the susceptible 1014 L allele in homozygosis. The frequency of 1014F allele is significantly higher in An. gambiae than in An. coluzzii in Petessou village (Fisher exact test, p- value<0.0001). Other than L1014F genotyping, Chromosome-3 genotyping and Chromosome-X SINE genotyping was done.|||||||||||||||||||||||||||||||||||||||||||||||||||||||||||||||||||||||||||||||||||||||||||||||||||||||||||||||||||||||||||||||JO||||||||
no|yes|no|genotypic|VA55|10.1016/j.meegid.2022.105215 |Caputo |Is Coˆte D’Ivoire a new high hybridization zone for the two major malaria vectors, Anopheles coluzzii and An. gambiae (Diptera, Culicidae)? |Infection, Genetics and Evolution |2022|Random|||Côte d'Ivoire|Ayam ́e village Piste IV |||||||||||||||||||||||no|na|||CDC-LT - indoor||CDC-LT - outdoor||||||||yes|no|no|5|5|2019|2019||cross|1300-2400mm/year|The site has long rainy season in March–July and a shorter one in September–December. |gambiae (S)||morph|genetic/molecular||||||||||||||||||||yes|other|The region is hilly and covered with dense moist forest and cacao or coffee plantations. |||||||The region lies within the evergreen forest mosaic belt ||||||||||||||||||||||||||||||||||Plasmodium falciparum SR ranged from 13.6% in March (95% CI 8.1–22.0) to 4.1% in October (95% CI 0.06–24.3). The average EIR ranged between 0.16 (March)-0.007 (October).|||||||||||||||||||||||||||||||||||||||||||||||||||||||||||||||||||||||||||||||||||||||||||||||||||||||||||||||||||||||||||||||||||||||||||||||||||||||||||||||||||||||||||||||||||||||||||||||||||||||||||||||||||||Frequency of the 1014F allele was >90% in An. gambiae in the Ayam ́e village (N alleles = 65/72) and in the Petessou village (121/122) village, respectively, and > 80% in hybrids (i.e. 69/80 and 12/12, respectively). In An. coluzzii higher frequency of the 1014F is observed in Ayam ́e village (83%, 73/88) than Petessou (68%, 65/ 96) village (χ2 = 4.907, p-value = 0.02). Only 5 An. coluzzii (3 from Petessou and 2 from the Ayam ́e village) and 1 An. gambiae (from the Ayam ́e village) specimens carry the susceptible 1014 L allele in homozygosis. The frequency of 1014F allele is significantly higher in An. gambiae than in An. coluzzii in Petessou village (Fisher exact test, p- value<0.0001). Other than L1014F genotyping, Chromosome-3 genotyping and Chromosome-X SINE genotyping was done.|||||||||||||||||||||||||||||||||||||||||||||||||||||||||||||||||||||||||||||||||||||||||||||||||||||||||||||||||||||||||||||||JO||||||||
no|yes|no|genotypic|VA55|10.1016/j.meegid.2022.105215 |Caputo |Is Coˆte D’Ivoire a new high hybridization zone for the two major malaria vectors, Anopheles coluzzii and An. gambiae (Diptera, Culicidae)? |Infection, Genetics and Evolution |2022|Random|||Côte d'Ivoire|Ayam ́e village Piste IV |||||||||||||||||||||||no|na|||CDC-LT - indoor||CDC-LT - outdoor||||||||yes|no|no|5|5|2019|2019||cross|1300-2400mm/year|The site has long rainy season in March–July and a shorter one in September–December. |coluzzii (gambiae M)||morph|genetic/molecular||||||||||||||||||||yes|other|The region is hilly and covered with dense moist forest and cacao or coffee plantations. |||||||The region lies within the evergreen forest mosaic belt ||||||||||||||||||||||||||||||||||Plasmodium falciparum SR ranged from 13.6% in March (95% CI 8.1–22.0) to 4.1% in October (95% CI 0.06–24.3). The average EIR ranged between 0.16 (March)-0.007 (October).|||||||||||||||||||||||||||||||||||||||||||||||||||||||||||||||||||||||||||||||||||||||||||||||||||||||||||||||||||||||||||||||||||||||||||||||||||||||||||||||||||||||||||||||||||||||||||||||||||||||||||||||||||||Frequency of the 1014F allele was >90% in An. gambiae in the Ayam ́e village (N alleles = 65/72) and in the Petessou village (121/122) village, respectively, and > 80% in hybrids (i.e. 69/80 and 12/12, respectively). In An. coluzzii higher frequency of the 1014F is observed in Ayam ́e village (83%, 73/88) than Petessou (68%, 65/ 96) village (χ2 = 4.907, p-value = 0.02). Only 5 An. coluzzii (3 from Petessou and 2 from the Ayam ́e village) and 1 An. gambiae (from the Ayam ́e village) specimens carry the susceptible 1014 L allele in homozygosis. The frequency of 1014F allele is significantly higher in An. gambiae than in An. coluzzii in Petessou village (Fisher exact test, p- value<0.0001). Other than L1014F genotyping, Chromosome-3 genotyping and Chromosome-X SINE genotyping was done.|||||||||||||||||||||||||||||||||||||||||||||||||||||||||||||||||||||||||||||||||||||||||||||||||||||||||||||||||||||||||||||||JO||||||||
no|yes|no|genotypic|VA55|10.1016/j.meegid.2022.105215 |Caputo |Is Coˆte D’Ivoire a new high hybridization zone for the two major malaria vectors, Anopheles coluzzii and An. gambiae (Diptera, Culicidae)? |Infection, Genetics and Evolution |2022|Random|||Côte d'Ivoire|Ayam ́e village Piste IV |||||||||||||||||||||||no|na|||CDC-LT - indoor||CDC-LT - outdoor||||||||yes|no|no|5|5|2019|2019||cross|1300-2400mm/year|The site has long rainy season in March–July and a shorter one in September–December. |gambiae (S/M)|IGS-hybrids (Individuals characterized by heterozygous X-linked IGS-diagnostic markers) |morph|genetic/molecular||||||||||||||||||||yes|other|The region is hilly and covered with dense moist forest and cacao or coffee plantations. |||||||The region lies within the evergreen forest mosaic belt ||||||||||||||||||||||||||||||||||Plasmodium falciparum SR ranged from 13.6% in March (95% CI 8.1–22.0) to 4.1% in October (95% CI 0.06–24.3). The average EIR ranged between 0.16 (March)-0.007 (October).|||||||||||||||||||||||||||||||||||||||||||||||||||||||||||||||||||||||||||||||||||||||||||||||||||||||||||||||||||||||||||||||||||||||||||||||||||||||||||||||||||||||||||||||||||||||||||||||||||||||||||||||||||||Frequency of the 1014F allele was >90% in An. gambiae in the Ayam ́e village (N alleles = 65/72) and in the Petessou village (121/122) village, respectively, and > 80% in hybrids (i.e. 69/80 and 12/12, respectively). In An. coluzzii higher frequency of the 1014F is observed in Ayam ́e village (83%, 73/88) than Petessou (68%, 65/ 96) village (χ2 = 4.907, p-value = 0.02). Only 5 An. coluzzii (3 from Petessou and 2 from the Ayam ́e village) and 1 An. gambiae (from the Ayam ́e village) specimens carry the susceptible 1014 L allele in homozygosis. The frequency of 1014F allele is significantly higher in An. gambiae than in An. coluzzii in Petessou village (Fisher exact test, p- value<0.0001). Other than L1014F genotyping, Chromosome-3 genotyping and Chromosome-X SINE genotyping was done.|||||||||||||||||||||||||||||||||||||||||||||||||||||||||||||||||||||||||||||||||||||||||||||||||||||||||||||||||||||||||||||||JO||||||||
no|yes|no|genotypic|VA55|10.1016/j.meegid.2022.105215 |Caputo |Is Coˆte D’Ivoire a new high hybridization zone for the two major malaria vectors, Anopheles coluzzii and An. gambiae (Diptera, Culicidae)? |Infection, Genetics and Evolution |2022|Random|||Côte d'Ivoire|Ayam ́e village Piste IV |||||||||||||||||||||||no|na|||CDC-LT - indoor||CDC-LT - outdoor||||||||yes|no|no|10|10|2019|2019||cross|1300-2400mm/year|The site has long rainy season in March–July and a shorter one in September–December. |gambiae (S)||morph|genetic/molecular||||||||||||||||||||yes|other|The region is hilly and covered with dense moist forest and cacao or coffee plantations. |||||||The region lies within the evergreen forest mosaic belt ||||||||||||||||||||||||||||||||||Plasmodium falciparum SR ranged from 13.6% in March (95% CI 8.1–22.0) to 4.1% in October (95% CI 0.06–24.3). The average EIR ranged between 0.16 (March)-0.007 (October).|||||||||||||||||||||||||||||||||||||||||||||||||||||||||||||||||||||||||||||||||||||||||||||||||||||||||||||||||||||||||||||||||||||||||||||||||||||||||||||||||||||||||||||||||||||||||||||||||||||||||||||||||||||Frequency of the 1014F allele was >90% in An. gambiae in the Ayam ́e village (N alleles = 65/72) and in the Petessou village (121/122) village, respectively, and > 80% in hybrids (i.e. 69/80 and 12/12, respectively). In An. coluzzii higher frequency of the 1014F is observed in Ayam ́e village (83%, 73/88) than Petessou (68%, 65/ 96) village (χ2 = 4.907, p-value = 0.02). Only 5 An. coluzzii (3 from Petessou and 2 from the Ayam ́e village) and 1 An. gambiae (from the Ayam ́e village) specimens carry the susceptible 1014 L allele in homozygosis. The frequency of 1014F allele is significantly higher in An. gambiae than in An. coluzzii in Petessou village (Fisher exact test, p- value<0.0001). Other than L1014F genotyping, Chromosome-3 genotyping and Chromosome-X SINE genotyping was done.|||||||||||||||||||||||||||||||||||||||||||||||||||||||||||||||||||||||||||||||||||||||||||||||||||||||||||||||||||||||||||||||JO||||||||
no|yes|no|genotypic|VA55|10.1016/j.meegid.2022.105215 |Caputo |Is Coˆte D’Ivoire a new high hybridization zone for the two major malaria vectors, Anopheles coluzzii and An. gambiae (Diptera, Culicidae)? |Infection, Genetics and Evolution |2022|Random|||Côte d'Ivoire|Ayam ́e village Piste IV |||||||||||||||||||||||no|na|||CDC-LT - indoor||CDC-LT - outdoor||||||||yes|no|no|10|10|2019|2019||cross|1300-2400mm/year|The site has long rainy season in March–July and a shorter one in September–December. |coluzzii (gambiae M)||morph|genetic/molecular||||||||||||||||||||yes|other|The region is hilly and covered with dense moist forest and cacao or coffee plantations. |||||||The region lies within the evergreen forest mosaic belt ||||||||||||||||||||||||||||||||||Plasmodium falciparum SR ranged from 13.6% in March (95% CI 8.1–22.0) to 4.1% in October (95% CI 0.06–24.3). The average EIR ranged between 0.16 (March)-0.007 (October).|||||||||||||||||||||||||||||||||||||||||||||||||||||||||||||||||||||||||||||||||||||||||||||||||||||||||||||||||||||||||||||||||||||||||||||||||||||||||||||||||||||||||||||||||||||||||||||||||||||||||||||||||||||Frequency of the 1014F allele was >90% in An. gambiae in the Ayam ́e village (N alleles = 65/72) and in the Petessou village (121/122) village, respectively, and > 80% in hybrids (i.e. 69/80 and 12/12, respectively). In An. coluzzii higher frequency of the 1014F is observed in Ayam ́e village (83%, 73/88) than Petessou (68%, 65/ 96) village (χ2 = 4.907, p-value = 0.02). Only 5 An. coluzzii (3 from Petessou and 2 from the Ayam ́e village) and 1 An. gambiae (from the Ayam ́e village) specimens carry the susceptible 1014 L allele in homozygosis. The frequency of 1014F allele is significantly higher in An. gambiae than in An. coluzzii in Petessou village (Fisher exact test, p- value<0.0001). Other than L1014F genotyping, Chromosome-3 genotyping and Chromosome-X SINE genotyping was done.|||||||||||||||||||||||||||||||||||||||||||||||||||||||||||||||||||||||||||||||||||||||||||||||||||||||||||||||||||||||||||||||JO||||||||
no|yes|no|genotypic|VA55|10.1016/j.meegid.2022.105215 |Caputo |Is Coˆte D’Ivoire a new high hybridization zone for the two major malaria vectors, Anopheles coluzzii and An. gambiae (Diptera, Culicidae)? |Infection, Genetics and Evolution |2022|Random|||Côte d'Ivoire|Ayam ́e village Piste IV |||||||||||||||||||||||no|na|||CDC-LT - indoor||CDC-LT - outdoor||||||||yes|no|no|10|10|2019|2019||cross|1300-2400mm/year|The site has long rainy season in March–July and a shorter one in September–December. |gambiae (S/M)|IGS-hybrids (Individuals characterized by heterozygous X-linked IGS-diagnostic markers) |morph|genetic/molecular||||||||||||||||||||yes|other|The region is hilly and covered with dense moist forest and cacao or coffee plantations. |||||||The region lies within the evergreen forest mosaic belt ||||||||||||||||||||||||||||||||||Plasmodium falciparum SR ranged from 13.6% in March (95% CI 8.1–22.0) to 4.1% in October (95% CI 0.06–24.3). The average EIR ranged between 0.16 (March)-0.007 (October).|||||||||||||||||||||||||||||||||||||||||||||||||||||||||||||||||||||||||||||||||||||||||||||||||||||||||||||||||||||||||||||||||||||||||||||||||||||||||||||||||||||||||||||||||||||||||||||||||||||||||||||||||||||Frequency of the 1014F allele was >90% in An. gambiae in the Ayam ́e village (N alleles = 65/72) and in the Petessou village (121/122) village, respectively, and > 80% in hybrids (i.e. 69/80 and 12/12, respectively). In An. coluzzii higher frequency of the 1014F is observed in Ayam ́e village (83%, 73/88) than Petessou (68%, 65/ 96) village (χ2 = 4.907, p-value = 0.02). Only 5 An. coluzzii (3 from Petessou and 2 from the Ayam ́e village) and 1 An. gambiae (from the Ayam ́e village) specimens carry the susceptible 1014 L allele in homozygosis. The frequency of 1014F allele is significantly higher in An. gambiae than in An. coluzzii in Petessou village (Fisher exact test, p- value<0.0001). Other than L1014F genotyping, Chromosome-3 genotyping and Chromosome-X SINE genotyping was done.|||||||||||||||||||||||||||||||||||||||||||||||||||||||||||||||||||||||||||||||||||||||||||||||||||||||||||||||||||||||||||||||JO||||||||
no|yes|no|genotypic|VA55|10.1016/j.meegid.2022.105215 |Caputo |Is Coˆte D’Ivoire a new high hybridization zone for the two major malaria vectors, Anopheles coluzzii and An. gambiae (Diptera, Culicidae)? |Infection, Genetics and Evolution |2022|Random|||Côte d'Ivoire|Petessou village |||||||||||||||||||||||no|na|||CDC-LT - indoor||CDC-LT - outdoor||||||||yes|no|no|12|12|2018|2018||cross|1000-1600mm/year|Dry season lasts from November to February and rainy season from March to October. |gambiae (S)||morph|genetic/molecular||||||||||||||||||||no|rice|The village is located nearby a permanent watercourse maintaining a large area of shallows used for rice farming and market gardening|||||||The region lies within the Guinean savannah mosaic belt ||||||||||||||||||||||||||||||||||Plasmodium falciparum SR ranged from 16% in March (95% CI 5.8–36.8) to 2% (95% CI 0.07–5.5) in October.  The average EIR between 0.05 (December)-0.02 (March) ||||||||||||||||||||||||||||||||||||||||||||||||||||||||||||||||||||||||||||||||||||||||||||||||||||||||||||||||||||||||||||||||||||||||||||||||||||||||||||||||||||||||||||||||||||||||||||||||115||Yes|||||||||||||||||115||Frequency of the 1014F allele was >90% in An. gambiae in the Ayam ́e village (N alleles = 65/72) and in the Petessou village (121/122) village, respectively, and > 80% in hybrids (i.e. 69/80 and 12/12, respectively). In An. coluzzii higher frequency of the 1014F is observed in Ayam ́e village (83%, 73/88) than Petessou (68%, 65/ 96) village (χ2 = 4.907, p-value = 0.02). Only 5 An. coluzzii (3 from Petessou and 2 from the Ayam ́e village) and 1 An. gambiae (from the Ayam ́e village) specimens carry the susceptible 1014 L allele in homozygosis. The frequency of 1014F allele is significantly higher in An. gambiae than in An. coluzzii in Petessou village (Fisher exact test, p- value<0.0001). Other than L1014F genotyping, Chromosome-3 genotyping and Chromosome-X SINE genotyping was done.|||||||||||||||||||||||||||||||||||||||||||||||||||||||||||||||||||||||||||||||||||||||||||||||||||||||||||||||||||||||||||||||JO||||||||
no|yes|no|genotypic|VA55|10.1016/j.meegid.2022.105215 |Caputo |Is Coˆte D’Ivoire a new high hybridization zone for the two major malaria vectors, Anopheles coluzzii and An. gambiae (Diptera, Culicidae)? |Infection, Genetics and Evolution |2022|Random|||Côte d'Ivoire|Petessou village |||||||||||||||||||||||no|na|||CDC-LT - indoor||CDC-LT - outdoor||||||||yes|no|no|12|12|2018|2018||cross|1000-1600mm/year|Dry season lasts from November to February and rainy season from March to October. |coluzzii (gambiae M)||morph|genetic/molecular||||||||||||||||||||no|rice|The village is located nearby a permanent watercourse maintaining a large area of shallows used for rice farming and market gardening|||||||The region lies within the Guinean savannah mosaic belt ||||||||||||||||||||||||||||||||||Plasmodium falciparum SR ranged from 16% in March (95% CI 5.8–36.8) to 2% (95% CI 0.07–5.5) in October.  The average EIR between 0.05 (December)-0.02 (March) |||||||||||||||||||||||||||||||||||||||||||||||||||||||||||||||||||||||||||||||||||||||||||||||||||||||||||||||||||||||||||||||||||||||||||||||||||||||||||||||||||||||||||||||||||||||||||||||||||||||||||||||||||||Frequency of the 1014F allele was >90% in An. gambiae in the Ayam ́e village (N alleles = 65/72) and in the Petessou village (121/122) village, respectively, and > 80% in hybrids (i.e. 69/80 and 12/12, respectively). In An. coluzzii higher frequency of the 1014F is observed in Ayam ́e village (83%, 73/88) than Petessou (68%, 65/ 96) village (χ2 = 4.907, p-value = 0.02). Only 5 An. coluzzii (3 from Petessou and 2 from the Ayam ́e village) and 1 An. gambiae (from the Ayam ́e village) specimens carry the susceptible 1014 L allele in homozygosis. The frequency of 1014F allele is significantly higher in An. gambiae than in An. coluzzii in Petessou village (Fisher exact test, p- value<0.0001). Other than L1014F genotyping, Chromosome-3 genotyping and Chromosome-X SINE genotyping was done.||||68|||||||||||||||||||||||||||||||||||||||||||||||||||||||||||||||||||||||||||||||||||||||||||||||||||||||||||||||||||||||||||JO||||||||
no|yes|no|genotypic|VA55|10.1016/j.meegid.2022.105215 |Caputo |Is Coˆte D’Ivoire a new high hybridization zone for the two major malaria vectors, Anopheles coluzzii and An. gambiae (Diptera, Culicidae)? |Infection, Genetics and Evolution |2022|Random|||Côte d'Ivoire|Petessou village |||||||||||||||||||||||no|na|||CDC-LT - indoor||CDC-LT - outdoor||||||||yes|no|no|12|12|2018|2018||cross|1000-1600mm/year|Dry season lasts from November to February and rainy season from March to October. |gambiae (S/M)|IGS-hybrids (Individuals characterized by heterozygous X-linked IGS-diagnostic markers) |morph|genetic/molecular||||||||||||||||||||no|rice|The village is located nearby a permanent watercourse maintaining a large area of shallows used for rice farming and market gardening|||||||The region lies within the Guinean savannah mosaic belt ||||||||||||||||||||||||||||||||||Plasmodium falciparum SR ranged from 16% in March (95% CI 5.8–36.8) to 2% (95% CI 0.07–5.5) in October.  The average EIR between 0.05 (December)-0.02 (March) |||||||||||||||||||||||||||||||||||||||||||||||||||||||||||||||||||||||||||||||||||||||||||||||||||||||||||||||||||||||||||||||||||||||||||||||||||||||||||||||||||||||||||||||||||||||||||||||||||||||||||||||||||||Frequency of the 1014F allele was >90% in An. gambiae in the Ayam ́e village (N alleles = 65/72) and in the Petessou village (121/122) village, respectively, and > 80% in hybrids (i.e. 69/80 and 12/12, respectively). In An. coluzzii higher frequency of the 1014F is observed in Ayam ́e village (83%, 73/88) than Petessou (68%, 65/ 96) village (χ2 = 4.907, p-value = 0.02). Only 5 An. coluzzii (3 from Petessou and 2 from the Ayam ́e village) and 1 An. gambiae (from the Ayam ́e village) specimens carry the susceptible 1014 L allele in homozygosis. The frequency of 1014F allele is significantly higher in An. gambiae than in An. coluzzii in Petessou village (Fisher exact test, p- value<0.0001). Other than L1014F genotyping, Chromosome-3 genotyping and Chromosome-X SINE genotyping was done.|||||||||||||||||||||||||||||||||||||||||||||||||||||||||||||||||||||||||||||||||||||||||||||||||||||||||||||||||||||||||||||||JO||||||||
no|yes|no|genotypic|VA55|10.1016/j.meegid.2022.105215 |Caputo |Is Coˆte D’Ivoire a new high hybridization zone for the two major malaria vectors, Anopheles coluzzii and An. gambiae (Diptera, Culicidae)? |Infection, Genetics and Evolution |2022|Random|||Côte d'Ivoire|Petessou village |||||||||||||||||||||||no|na|||CDC-LT - indoor||CDC-LT - outdoor||||||||yes|no|no|3|3|2019|2019||cross|1000-1600mm/year|Dry season lasts from November to February and rainy season from March to October. |gambiae (S)||morph|genetic/molecular||||||||||||||||||||no|rice|The village is located nearby a permanent watercourse maintaining a large area of shallows used for rice farming and market gardening|||||||The region lies within the Guinean savannah mosaic belt ||||||||||||||||||||||||||||||||||Plasmodium falciparum SR ranged from 16% in March (95% CI 5.8–36.8) to 2% (95% CI 0.07–5.5) in October.  The average EIR between 0.05 (December)-0.02 (March) |||||||||||||||||||||||||||||||||||||||||||||||||||||||||||||||||||||||||||||||||||||||||||||||||||||||||||||||||||||||||||||||||||||||||||||||||||||||||||||||||||||||||||||||||||||||||||||||||||||||||||||||||||||Frequency of the 1014F allele was >90% in An. gambiae in the Ayam ́e village (N alleles = 65/72) and in the Petessou village (121/122) village, respectively, and > 80% in hybrids (i.e. 69/80 and 12/12, respectively). In An. coluzzii higher frequency of the 1014F is observed in Ayam ́e village (83%, 73/88) than Petessou (68%, 65/ 96) village (χ2 = 4.907, p-value = 0.02). Only 5 An. coluzzii (3 from Petessou and 2 from the Ayam ́e village) and 1 An. gambiae (from the Ayam ́e village) specimens carry the susceptible 1014 L allele in homozygosis. The frequency of 1014F allele is significantly higher in An. gambiae than in An. coluzzii in Petessou village (Fisher exact test, p- value<0.0001). Other than L1014F genotyping, Chromosome-3 genotyping and Chromosome-X SINE genotyping was done.|||||||||||||||||||||||||||||||||||||||||||||||||||||||||||||||||||||||||||||||||||||||||||||||||||||||||||||||||||||||||||||||JO||||||||
no|yes|no|genotypic|VA55|10.1016/j.meegid.2022.105215 |Caputo |Is Coˆte D’Ivoire a new high hybridization zone for the two major malaria vectors, Anopheles coluzzii and An. gambiae (Diptera, Culicidae)? |Infection, Genetics and Evolution |2022|Random|||Côte d'Ivoire|Petessou village |||||||||||||||||||||||no|na|||CDC-LT - indoor||CDC-LT - outdoor||||||||yes|no|no|3|3|2019|2019||cross|1000-1600mm/year|Dry season lasts from November to February and rainy season from March to October. |coluzzii (gambiae M)||morph|genetic/molecular||||||||||||||||||||no|rice|The village is located nearby a permanent watercourse maintaining a large area of shallows used for rice farming and market gardening|||||||The region lies within the Guinean savannah mosaic belt ||||||||||||||||||||||||||||||||||Plasmodium falciparum SR ranged from 16% in March (95% CI 5.8–36.8) to 2% (95% CI 0.07–5.5) in October.  The average EIR between 0.05 (December)-0.02 (March) |||||||||||||||||||||||||||||||||||||||||||||||||||||||||||||||||||||||||||||||||||||||||||||||||||||||||||||||||||||||||||||||||||||||||||||||||||||||||||||||||||||||||||||||||||||||||||||||||||||||||||||||||||||Frequency of the 1014F allele was >90% in An. gambiae in the Ayam ́e village (N alleles = 65/72) and in the Petessou village (121/122) village, respectively, and > 80% in hybrids (i.e. 69/80 and 12/12, respectively). In An. coluzzii higher frequency of the 1014F is observed in Ayam ́e village (83%, 73/88) than Petessou (68%, 65/ 96) village (χ2 = 4.907, p-value = 0.02). Only 5 An. coluzzii (3 from Petessou and 2 from the Ayam ́e village) and 1 An. gambiae (from the Ayam ́e village) specimens carry the susceptible 1014 L allele in homozygosis. The frequency of 1014F allele is significantly higher in An. gambiae than in An. coluzzii in Petessou village (Fisher exact test, p- value<0.0001). Other than L1014F genotyping, Chromosome-3 genotyping and Chromosome-X SINE genotyping was done.|||||||||||||||||||||||||||||||||||||||||||||||||||||||||||||||||||||||||||||||||||||||||||||||||||||||||||||||||||||||||||||||JO||||||||
no|yes|no|genotypic|VA55|10.1016/j.meegid.2022.105215 |Caputo |Is Coˆte D’Ivoire a new high hybridization zone for the two major malaria vectors, Anopheles coluzzii and An. gambiae (Diptera, Culicidae)? |Infection, Genetics and Evolution |2022|Random|||Côte d'Ivoire|Petessou village |||||||||||||||||||||||no|na|||CDC-LT - indoor||CDC-LT - outdoor||||||||yes|no|no|3|3|2019|2019||cross|1000-1600mm/year|Dry season lasts from November to February and rainy season from March to October. |gambiae (S/M)|IGS-hybrids (Individuals characterized by heterozygous X-linked IGS-diagnostic markers) |morph|genetic/molecular||||||||||||||||||||no|rice|The village is located nearby a permanent watercourse maintaining a large area of shallows used for rice farming and market gardening|||||||The region lies within the Guinean savannah mosaic belt ||||||||||||||||||||||||||||||||||Plasmodium falciparum SR ranged from 16% in March (95% CI 5.8–36.8) to 2% (95% CI 0.07–5.5) in October.  The average EIR between 0.05 (December)-0.02 (March) |||||||||||||||||||||||||||||||||||||||||||||||||||||||||||||||||||||||||||||||||||||||||||||||||||||||||||||||||||||||||||||||||||||||||||||||||||||||||||||||||||||||||||||||||||||||||||||||||||||||||||||||||||||Frequency of the 1014F allele was >90% in An. gambiae in the Ayam ́e village (N alleles = 65/72) and in the Petessou village (121/122) village, respectively, and > 80% in hybrids (i.e. 69/80 and 12/12, respectively). In An. coluzzii higher frequency of the 1014F is observed in Ayam ́e village (83%, 73/88) than Petessou (68%, 65/ 96) village (χ2 = 4.907, p-value = 0.02). Only 5 An. coluzzii (3 from Petessou and 2 from the Ayam ́e village) and 1 An. gambiae (from the Ayam ́e village) specimens carry the susceptible 1014 L allele in homozygosis. The frequency of 1014F allele is significantly higher in An. gambiae than in An. coluzzii in Petessou village (Fisher exact test, p- value<0.0001). Other than L1014F genotyping, Chromosome-3 genotyping and Chromosome-X SINE genotyping was done.|||||||||||||||||||||||||||||||||||||||||||||||||||||||||||||||||||||||||||||||||||||||||||||||||||||||||||||||||||||||||||||||JO||||||||
no|yes|no|genotypic|VA55|10.1016/j.meegid.2022.105215 |Caputo |Is Coˆte D’Ivoire a new high hybridization zone for the two major malaria vectors, Anopheles coluzzii and An. gambiae (Diptera, Culicidae)? |Infection, Genetics and Evolution |2022|Random|||Côte d'Ivoire|Petessou village |||||||||||||||||||||||no|na|||CDC-LT - indoor||CDC-LT - outdoor||||||||yes|no|no|5|5|2019|2019||cross|1000-1600mm/year|Dry season lasts from November to February and rainy season from March to October. |gambiae (S)||morph|genetic/molecular||||||||||||||||||||no|rice|The village is located nearby a permanent watercourse maintaining a large area of shallows used for rice farming and market gardening|||||||The region lies within the Guinean savannah mosaic belt ||||||||||||||||||||||||||||||||||Plasmodium falciparum SR ranged from 16% in March (95% CI 5.8–36.8) to 2% (95% CI 0.07–5.5) in October.  The average EIR between 0.05 (December)-0.02 (March) |||||||||||||||||||||||||||||||||||||||||||||||||||||||||||||||||||||||||||||||||||||||||||||||||||||||||||||||||||||||||||||||||||||||||||||||||||||||||||||||||||||||||||||||||||||||||||||||||||||||||||||||||||||Frequency of the 1014F allele was >90% in An. gambiae in the Ayam ́e village (N alleles = 65/72) and in the Petessou village (121/122) village, respectively, and > 80% in hybrids (i.e. 69/80 and 12/12, respectively). In An. coluzzii higher frequency of the 1014F is observed in Ayam ́e village (83%, 73/88) than Petessou (68%, 65/ 96) village (χ2 = 4.907, p-value = 0.02). Only 5 An. coluzzii (3 from Petessou and 2 from the Ayam ́e village) and 1 An. gambiae (from the Ayam ́e village) specimens carry the susceptible 1014 L allele in homozygosis. The frequency of 1014F allele is significantly higher in An. gambiae than in An. coluzzii in Petessou village (Fisher exact test, p- value<0.0001). Other than L1014F genotyping, Chromosome-3 genotyping and Chromosome-X SINE genotyping was done.|||||||||||||||||||||||||||||||||||||||||||||||||||||||||||||||||||||||||||||||||||||||||||||||||||||||||||||||||||||||||||||||JO||||||||
no|yes|no|genotypic|VA55|10.1016/j.meegid.2022.105215 |Caputo |Is Coˆte D’Ivoire a new high hybridization zone for the two major malaria vectors, Anopheles coluzzii and An. gambiae (Diptera, Culicidae)? |Infection, Genetics and Evolution |2022|Random|||Côte d'Ivoire|Petessou village |||||||||||||||||||||||no|na|||CDC-LT - indoor||CDC-LT - outdoor||||||||yes|no|no|5|5|2019|2019||cross|1000-1600mm/year|Dry season lasts from November to February and rainy season from March to October. |coluzzii (gambiae M)||morph|genetic/molecular||||||||||||||||||||no|rice|The village is located nearby a permanent watercourse maintaining a large area of shallows used for rice farming and market gardening|||||||The region lies within the Guinean savannah mosaic belt ||||||||||||||||||||||||||||||||||Plasmodium falciparum SR ranged from 16% in March (95% CI 5.8–36.8) to 2% (95% CI 0.07–5.5) in October.  The average EIR between 0.05 (December)-0.02 (March) |||||||||||||||||||||||||||||||||||||||||||||||||||||||||||||||||||||||||||||||||||||||||||||||||||||||||||||||||||||||||||||||||||||||||||||||||||||||||||||||||||||||||||||||||||||||||||||||||||||||||||||||||||||Frequency of the 1014F allele was >90% in An. gambiae in the Ayam ́e village (N alleles = 65/72) and in the Petessou village (121/122) village, respectively, and > 80% in hybrids (i.e. 69/80 and 12/12, respectively). In An. coluzzii higher frequency of the 1014F is observed in Ayam ́e village (83%, 73/88) than Petessou (68%, 65/ 96) village (χ2 = 4.907, p-value = 0.02). Only 5 An. coluzzii (3 from Petessou and 2 from the Ayam ́e village) and 1 An. gambiae (from the Ayam ́e village) specimens carry the susceptible 1014 L allele in homozygosis. The frequency of 1014F allele is significantly higher in An. gambiae than in An. coluzzii in Petessou village (Fisher exact test, p- value<0.0001). Other than L1014F genotyping, Chromosome-3 genotyping and Chromosome-X SINE genotyping was done.|||||||||||||||||||||||||||||||||||||||||||||||||||||||||||||||||||||||||||||||||||||||||||||||||||||||||||||||||||||||||||||||JO||||||||
no|yes|no|genotypic|VA55|10.1016/j.meegid.2022.105215 |Caputo |Is Coˆte D’Ivoire a new high hybridization zone for the two major malaria vectors, Anopheles coluzzii and An. gambiae (Diptera, Culicidae)? |Infection, Genetics and Evolution |2022|Random|||Côte d'Ivoire|Petessou village |||||||||||||||||||||||no|na|||CDC-LT - indoor||CDC-LT - outdoor||||||||yes|no|no|5|5|2019|2019||cross|1000-1600mm/year|Dry season lasts from November to February and rainy season from March to October. |gambiae (S/M)|IGS-hybrids (Individuals characterized by heterozygous X-linked IGS-diagnostic markers) |morph|genetic/molecular||||||||||||||||||||no|rice|The village is located nearby a permanent watercourse maintaining a large area of shallows used for rice farming and market gardening|||||||The region lies within the Guinean savannah mosaic belt ||||||||||||||||||||||||||||||||||Plasmodium falciparum SR ranged from 16% in March (95% CI 5.8–36.8) to 2% (95% CI 0.07–5.5) in October.  The average EIR between 0.05 (December)-0.02 (March) |||||||||||||||||||||||||||||||||||||||||||||||||||||||||||||||||||||||||||||||||||||||||||||||||||||||||||||||||||||||||||||||||||||||||||||||||||||||||||||||||||||||||||||||||||||||||||||||||||||||||||||||||||||Frequency of the 1014F allele was >90% in An. gambiae in the Ayam ́e village (N alleles = 65/72) and in the Petessou village (121/122) village, respectively, and > 80% in hybrids (i.e. 69/80 and 12/12, respectively). In An. coluzzii higher frequency of the 1014F is observed in Ayam ́e village (83%, 73/88) than Petessou (68%, 65/ 96) village (χ2 = 4.907, p-value = 0.02). Only 5 An. coluzzii (3 from Petessou and 2 from the Ayam ́e village) and 1 An. gambiae (from the Ayam ́e village) specimens carry the susceptible 1014 L allele in homozygosis. The frequency of 1014F allele is significantly higher in An. gambiae than in An. coluzzii in Petessou village (Fisher exact test, p- value<0.0001). Other than L1014F genotyping, Chromosome-3 genotyping and Chromosome-X SINE genotyping was done.|||||||||||||||||||||||||||||||||||||||||||||||||||||||||||||||||||||||||||||||||||||||||||||||||||||||||||||||||||||||||||||||JO||||||||
no|yes|no|genotypic|VA55|10.1016/j.meegid.2022.105215 |Caputo |Is Coˆte D’Ivoire a new high hybridization zone for the two major malaria vectors, Anopheles coluzzii and An. gambiae (Diptera, Culicidae)? |Infection, Genetics and Evolution |2022|Random|||Côte d'Ivoire|Petessou village |||||||||||||||||||||||no|na|||CDC-LT - indoor||CDC-LT - outdoor||||||||yes|no|no|10|10|2019|2019||cross|1000-1600mm/year|Dry season lasts from November to February and rainy season from March to October. |gambiae (S)||morph|genetic/molecular||||||||||||||||||||no|rice|The village is located nearby a permanent watercourse maintaining a large area of shallows used for rice farming and market gardening|||||||The region lies within the Guinean savannah mosaic belt ||||||||||||||||||||||||||||||||||Plasmodium falciparum SR ranged from 16% in March (95% CI 5.8–36.8) to 2% (95% CI 0.07–5.5) in October.  The average EIR between 0.05 (December)-0.02 (March) |||||||||||||||||||||||||||||||||||||||||||||||||||||||||||||||||||||||||||||||||||||||||||||||||||||||||||||||||||||||||||||||||||||||||||||||||||||||||||||||||||||||||||||||||||||||||||||||||||||||||||||||||||||Frequency of the 1014F allele was >90% in An. gambiae in the Ayam ́e village (N alleles = 65/72) and in the Petessou village (121/122) village, respectively, and > 80% in hybrids (i.e. 69/80 and 12/12, respectively). In An. coluzzii higher frequency of the 1014F is observed in Ayam ́e village (83%, 73/88) than Petessou (68%, 65/ 96) village (χ2 = 4.907, p-value = 0.02). Only 5 An. coluzzii (3 from Petessou and 2 from the Ayam ́e village) and 1 An. gambiae (from the Ayam ́e village) specimens carry the susceptible 1014 L allele in homozygosis. The frequency of 1014F allele is significantly higher in An. gambiae than in An. coluzzii in Petessou village (Fisher exact test, p- value<0.0001). Other than L1014F genotyping, Chromosome-3 genotyping and Chromosome-X SINE genotyping was done.|||||||||||||||||||||||||||||||||||||||||||||||||||||||||||||||||||||||||||||||||||||||||||||||||||||||||||||||||||||||||||||||JO||||||||
no|yes|no|genotypic|VA55|10.1016/j.meegid.2022.105215 |Caputo |Is Coˆte D’Ivoire a new high hybridization zone for the two major malaria vectors, Anopheles coluzzii and An. gambiae (Diptera, Culicidae)? |Infection, Genetics and Evolution |2022|Random|||Côte d'Ivoire|Petessou village |||||||||||||||||||||||no|na|||CDC-LT - indoor||CDC-LT - outdoor||||||||yes|no|no|10|10|2019|2019||cross|1000-1600mm/year|Dry season lasts from November to February and rainy season from March to October. |coluzzii (gambiae M)||morph|genetic/molecular||||||||||||||||||||no|rice|The village is located nearby a permanent watercourse maintaining a large area of shallows used for rice farming and market gardening|||||||The region lies within the Guinean savannah mosaic belt ||||||||||||||||||||||||||||||||||Plasmodium falciparum SR ranged from 16% in March (95% CI 5.8–36.8) to 2% (95% CI 0.07–5.5) in October.  The average EIR between 0.05 (December)-0.02 (March) |||||||||||||||||||||||||||||||||||||||||||||||||||||||||||||||||||||||||||||||||||||||||||||||||||||||||||||||||||||||||||||||||||||||||||||||||||||||||||||||||||||||||||||||||||||||||||||||||||||||||||||||||||||Frequency of the 1014F allele was >90% in An. gambiae in the Ayam ́e village (N alleles = 65/72) and in the Petessou village (121/122) village, respectively, and > 80% in hybrids (i.e. 69/80 and 12/12, respectively). In An. coluzzii higher frequency of the 1014F is observed in Ayam ́e village (83%, 73/88) than Petessou (68%, 65/ 96) village (χ2 = 4.907, p-value = 0.02). Only 5 An. coluzzii (3 from Petessou and 2 from the Ayam ́e village) and 1 An. gambiae (from the Ayam ́e village) specimens carry the susceptible 1014 L allele in homozygosis. The frequency of 1014F allele is significantly higher in An. gambiae than in An. coluzzii in Petessou village (Fisher exact test, p- value<0.0001). Other than L1014F genotyping, Chromosome-3 genotyping and Chromosome-X SINE genotyping was done.|||||||||||||||||||||||||||||||||||||||||||||||||||||||||||||||||||||||||||||||||||||||||||||||||||||||||||||||||||||||||||||||JO||||||||
no|yes|no|genotypic|VA55|10.1016/j.meegid.2022.105215 |Caputo |Is Coˆte D’Ivoire a new high hybridization zone for the two major malaria vectors, Anopheles coluzzii and An. gambiae (Diptera, Culicidae)? |Infection, Genetics and Evolution |2022|Random|||Côte d'Ivoire|Petessou village |||||||||||||||||||||||no|na|||CDC-LT - indoor||CDC-LT - outdoor||||||||yes|no|no|10|10|2019|2019||cross|1000-6000mm/year|Dry season lasts from November to February and rainy season from March to October. |gambiae (S/M)|IGS-hybrids (Individuals characterized by heterozygous X-linked IGS-diagnostic markers) |morph|genetic/molecular||||||||||||||||||||no|rice|The village is located nearby a permanent watercourse maintaining a large area of shallows used for rice farming and market gardening|||||||The region lies within the Guinean savannah mosaic belt ||||||||||||||||||||||||||||||||||Plasmodium falciparum SR ranged from 16% in March (95% CI 5.8–36.8) to 2% (95% CI 0.07–5.5) in October.  The average EIR between 0.05 (December)-0.02 (March) |||||||||||||||||||||||||||||||||||||||||||||||||||||||||||||||||||||||||||||||||||||||||||||||||||||||||||||||||||||||||||||||||||||||||||||||||||||||||||||||||||||||||||||||||||||||||||||||||||||||||||||||||||||Frequency of the 1014F allele was >90% in An. gambiae in the Ayam ́e village (N alleles = 65/72) and in the Petessou village (121/122) village, respectively, and > 80% in hybrids (i.e. 69/80 and 12/12, respectively). In An. coluzzii higher frequency of the 1014F is observed in Ayam ́e village (83%, 73/88) than Petessou (68%, 65/ 96) village (χ2 = 4.907, p-value = 0.02). Only 5 An. coluzzii (3 from Petessou and 2 from the Ayam ́e village) and 1 An. gambiae (from the Ayam ́e village) specimens carry the susceptible 1014 L allele in homozygosis. The frequency of 1014F allele is significantly higher in An. gambiae than in An. coluzzii in Petessou village (Fisher exact test, p- value<0.0001). Other than L1014F genotyping, Chromosome-3 genotyping and Chromosome-X SINE genotyping was done.|||||||||||||||||||||||||||||||||||||||||||||||||||||||||||||||||||||||||||||||||||||||||||||||||||||||||||||||||||||||||||||||JO||||||||
no|yes|no|none|VA56|10.1155/2022/6098536 |Munisi |Adult Anopheles Mosquito Distribution at a Low and High Malaria Transmission Site in Tanzania |BioMed Research International |2022|Preferential|||Tanzania|Tupendane|||||||||||||||||within 5km|small polygon|GoogleMaps||Morogoro|Morogoro has a high malaria prevalence |no|na|||HRI||RO|||||||Mosquitoes were collected using a vacuum backpack aspirator outside and inside human dwellings in places like verandas, unfinished buildings (inside and out), fences, stored junks, and tree holes, as well as behind curtains, underbeds, and under couches, while knockdown catches were done in places like storerooms with pyrethrum aerosol spray |yes|no|no|6|9|2014|2014|cross|||The data was gathered throughout two seasons: the cold-dry season from June to September 2014 and the hot-wet season from January to February 2015. |gambiae (S)||morph|genetic/molecular|||||||||||||||||||||||||||||||||||||||||||||||||||||||||||||||||||||||||||||||||||||||||||||||||||||||||||||||||||||||||||||||||||||||||||||||||||||||||||||||||||||||||||||||||||||||||||||||||||||||||||||||||||||||||||||||||||||||||||||||||||||||||||||||||||||||||||||||||||||||||||||||||||||||||||||||||||||||||||||||||||||||||||||||||||||||||||||||||||||||||||||||||||||||||||||||||||||||||||||||||||JO||||||||
no|yes|no|none|VA56|10.1155/2022/6098536 |Munisi |Adult Anopheles Mosquito Distribution at a Low and High Malaria Transmission Site in Tanzania |BioMed Research International |2022|Preferential|||Tanzania|Tupendane|||||||||||||||||within 5km|small polygon|GoogleMaps||Morogoro|Morogoro has a high malaria prevalence |no|na|||HRI||RO|||||||Mosquitoes were collected using a vacuum backpack aspirator outside and inside human dwellings in places like verandas, unfinished buildings (inside and out), fences, stored junks, and tree holes, as well as behind curtains, underbeds, and under couches, while knockdown catches were done in places like storerooms with pyrethrum aerosol spray |yes|no|no|1|2|2015|2015|cross|||The data was gathered throughout two seasons: the cold-dry season from June to September 2014 and the hot-wet season from January to February 2015. |gambiae (S)||morph|genetic/molecular|||||||||||||||||||||||||||||||||||||||||||||||||||||||||||||||||||||||||||||||||||||||||||||||||||||||||||||||||||||||||||||||||||||||||||||||||||||||||||||||||||||||||||||||||||||||||||||||||||||||||||||||||||||||||||||||||||||||||||||||||||||||||||||||||||||||||||||||||||||||||||||||||||||||||||||||||||||||||||||||||||||||||||||||||||||||||||||||||||||||||||||||||||||||||||||||||||||||||||||||||||JO||||||||
no|yes|no|none|VA56|10.1155/2022/6098536 |Munisi |Adult Anopheles Mosquito Distribution at a Low and High Malaria Transmission Site in Tanzania |BioMed Research International |2022|Preferential|||Tanzania|Tupendane|||||||||||||||||within 5km|small polygon|GoogleMaps||Morogoro|Morogoro has a high malaria prevalence |no|na|||HRI||RO|||||||Mosquitoes were collected using a vacuum backpack aspirator outside and inside human dwellings in places like verandas, unfinished buildings (inside and out), fences, stored junks, and tree holes, as well as behind curtains, underbeds, and under couches, while knockdown catches were done in places like storerooms with pyrethrum aerosol spray |yes|no|no|6|9|2014|2014|cross|||The data was gathered throughout two seasons: the cold-dry season from June to September 2014 and the hot-wet season from January to February 2015. |arabiensis||morph|genetic/molecular|||||||||||||||||||||||||||||||||||||||||||||||||||||||||||||||||||||||||||||||||||||||||||||||||||||||||||||||||||||||||||||||||||||||||||||||||||||||||||||||||||||||||||||||||||||||||||||||||||||||||||||||||||||||||||||||||||||||||||||||||||||||||||||||||||||||||||||||||||||||||||||||||||||||||||||||||||||||||||||||||||||||||||||||||||||||||||||||||||||||||||||||||||||||||||||||||||||||||||||||||||JO||||||||
no|yes|no|none|VA56|10.1155/2022/6098536 |Munisi |Adult Anopheles Mosquito Distribution at a Low and High Malaria Transmission Site in Tanzania |BioMed Research International |2022|Preferential|||Tanzania|Tupendane|||||||||||||||||within 5km|small polygon|GoogleMaps||Morogoro|Morogoro has a high malaria prevalence |no|na|||HRI||RO|||||||Mosquitoes were collected using a vacuum backpack aspirator outside and inside human dwellings in places like verandas, unfinished buildings (inside and out), fences, stored junks, and tree holes, as well as behind curtains, underbeds, and under couches, while knockdown catches were done in places like storerooms with pyrethrum aerosol spray |yes|no|no|1|2|2015|2015|cross|||The data was gathered throughout two seasons: the cold-dry season from June to September 2014 and the hot-wet season from January to February 2015. |arabiensis||morph|genetic/molecular|||||||||||||||||||||||||||||||||||||||||||||||||||||||||||||||||||||||||||||||||||||||||||||||||||||||||||||||||||||||||||||||||||||||||||||||||||||||||||||||||||||||||||||||||||||||||||||||||||||||||||||||||||||||||||||||||||||||||||||||||||||||||||||||||||||||||||||||||||||||||||||||||||||||||||||||||||||||||||||||||||||||||||||||||||||||||||||||||||||||||||||||||||||||||||||||||||||||||||||||||||JO||||||||
no|yes|no|none|VA56|10.1155/2022/6098536 |Munisi |Adult Anopheles Mosquito Distribution at a Low and High Malaria Transmission Site in Tanzania |BioMed Research International |2022|Preferential|||Tanzania|Tupendane|||||||||||||||||within 5km|small polygon|GoogleMaps||Morogoro|Morogoro has a high malaria prevalence |no|na|||HRI||RO|||||||Mosquitoes were collected using a vacuum backpack aspirator outside and inside human dwellings in places like verandas, unfinished buildings (inside and out), fences, stored junks, and tree holes, as well as behind curtains, underbeds, and under couches, while knockdown catches were done in places like storerooms with pyrethrum aerosol spray |yes|no|no|6|9|2014|2014|cross|||The data was gathered throughout two seasons: the cold-dry season from June to September 2014 and the hot-wet season from January to February 2015. |quadriannulatus||morph|genetic/molecular|||||||||||||||||||||||||||||||||||||||||||||||||||||||||||||||||||||||||||||||||||||||||||||||||||||||||||||||||||||||||||||||||||||||||||||||||||||||||||||||||||||||||||||||||||||||||||||||||||||||||||||||||||||||||||||||||||||||||||||||||||||||||||||||||||||||||||||||||||||||||||||||||||||||||||||||||||||||||||||||||||||||||||||||||||||||||||||||||||||||||||||||||||||||||||||||||||||||||||||||||||JO||||||||
no|yes|no|none|VA56|10.1155/2022/6098536 |Munisi |Adult Anopheles Mosquito Distribution at a Low and High Malaria Transmission Site in Tanzania |BioMed Research International |2022|Preferential|||Tanzania|Tupendane|||||||||||||||||within 5km|small polygon|GoogleMaps||Morogoro|Morogoro has a high malaria prevalence |no|na|||HRI||RO|||||||Mosquitoes were collected using a vacuum backpack aspirator outside and inside human dwellings in places like verandas, unfinished buildings (inside and out), fences, stored junks, and tree holes, as well as behind curtains, underbeds, and under couches, while knockdown catches were done in places like storerooms with pyrethrum aerosol spray |yes|no|no|1|2|2015|2015|cross|||The data was gathered throughout two seasons: the cold-dry season from June to September 2014 and the hot-wet season from January to February 2015. |quadriannulatus||morph|genetic/molecular|||||||||||||||||||||||||||||||||||||||||||||||||||||||||||||||||||||||||||||||||||||||||||||||||||||||||||||||||||||||||||||||||||||||||||||||||||||||||||||||||||||||||||||||||||||||||||||||||||||||||||||||||||||||||||||||||||||||||||||||||||||||||||||||||||||||||||||||||||||||||||||||||||||||||||||||||||||||||||||||||||||||||||||||||||||||||||||||||||||||||||||||||||||||||||||||||||||||||||||||||||JO||||||||
no|yes|no|none|VA56|10.1155/2022/6098536 |Munisi |Adult Anopheles Mosquito Distribution at a Low and High Malaria Transmission Site in Tanzania |BioMed Research International |2022|Preferential|||Tanzania|Visegese|||||||||||||||||within 5km|small polygon|GoogleMaps||Morogoro|Morogoro has a high malaria prevalence |no|na|||HRI||RO|||||||Mosquitoes were collected using a vacuum backpack aspirator outside and inside human dwellings in places like verandas, unfinished buildings (inside and out), fences, stored junks, and tree holes, as well as behind curtains, underbeds, and under couches, while knockdown catches were done in places like storerooms with pyrethrum aerosol spray |yes|no|no|6|9|2014|2014|cross|||The data was gathered throughout two seasons: the cold-dry season from June to September 2014 and the hot-wet season from January to February 2015. |gambiae (S)||morph|genetic/molecular|||||||||||||||||||||||||||||||||||||||||||||||||||||||||||||||||||||||||||||||||||||||||||||||||||||||||||||||||||||||||||||||||||||||||||||||||||||||||||||||||||||||||||||||||||||||||||||||||||||||||||||||||||||||||||||||||||||||||||||||||||||||||||||||||||||||||||||||||||||||||||||||||||||||||||||||||||||||||||||||||||||||||||||||||||||||||||||||||||||||||||||||||||||||||||||||||||||||||||||||||||JO||||||||
no|yes|no|none|VA56|10.1155/2022/6098536 |Munisi |Adult Anopheles Mosquito Distribution at a Low and High Malaria Transmission Site in Tanzania |BioMed Research International |2022|Preferential|||Tanzania|Visegese|||||||||||||||||within 5km|small polygon|GoogleMaps||Morogoro|Morogoro has a high malaria prevalence |no|na|||HRI||RO|||||||Mosquitoes were collected using a vacuum backpack aspirator outside and inside human dwellings in places like verandas, unfinished buildings (inside and out), fences, stored junks, and tree holes, as well as behind curtains, underbeds, and under couches, while knockdown catches were done in places like storerooms with pyrethrum aerosol spray |yes|no|no|1|2|2015|2015|cross|||The data was gathered throughout two seasons: the cold-dry season from June to September 2014 and the hot-wet season from January to February 2015. |gambiae (S)||morph|genetic/molecular|||||||||||||||||||||||||||||||||||||||||||||||||||||||||||||||||||||||||||||||||||||||||||||||||||||||||||||||||||||||||||||||||||||||||||||||||||||||||||||||||||||||||||||||||||||||||||||||||||||||||||||||||||||||||||||||||||||||||||||||||||||||||||||||||||||||||||||||||||||||||||||||||||||||||||||||||||||||||||||||||||||||||||||||||||||||||||||||||||||||||||||||||||||||||||||||||||||||||||||||||||JO||||||||
no|yes|no|none|VA56|10.1155/2022/6098536 |Munisi |Adult Anopheles Mosquito Distribution at a Low and High Malaria Transmission Site in Tanzania |BioMed Research International |2022|Preferential|||Tanzania|Visegese|||||||||||||||||within 5km|small polygon|GoogleMaps||Morogoro|Morogoro has a high malaria prevalence |no|na|||HRI||RO|||||||Mosquitoes were collected using a vacuum backpack aspirator outside and inside human dwellings in places like verandas, unfinished buildings (inside and out), fences, stored junks, and tree holes, as well as behind curtains, underbeds, and under couches, while knockdown catches were done in places like storerooms with pyrethrum aerosol spray |yes|no|no|6|9|2014|2014|cross|||The data was gathered throughout two seasons: the cold-dry season from June to September 2014 and the hot-wet season from January to February 2015. |arabiensis||morph|genetic/molecular|||||||||||||||||||||||||||||||||||||||||||||||||||||||||||||||||||||||||||||||||||||||||||||||||||||||||||||||||||||||||||||||||||||||||||||||||||||||||||||||||||||||||||||||||||||||||||||||||||||||||||||||||||||||||||||||||||||||||||||||||||||||||||||||||||||||||||||||||||||||||||||||||||||||||||||||||||||||||||||||||||||||||||||||||||||||||||||||||||||||||||||||||||||||||||||||||||||||||||||||||||JO||||||||
no|yes|no|none|VA56|10.1155/2022/6098536 |Munisi |Adult Anopheles Mosquito Distribution at a Low and High Malaria Transmission Site in Tanzania |BioMed Research International |2022|Preferential|||Tanzania|Visegese|||||||||||||||||within 5km|small polygon|GoogleMaps||Morogoro|Morogoro has a high malaria prevalence |no|na|||HRI||RO|||||||Mosquitoes were collected using a vacuum backpack aspirator outside and inside human dwellings in places like verandas, unfinished buildings (inside and out), fences, stored junks, and tree holes, as well as behind curtains, underbeds, and under couches, while knockdown catches were done in places like storerooms with pyrethrum aerosol spray |yes|no|no|1|2|2015|2015|cross|||The data was gathered throughout two seasons: the cold-dry season from June to September 2014 and the hot-wet season from January to February 2015. |arabiensis||morph|genetic/molecular|||||||||||||||||||||||||||||||||||||||||||||||||||||||||||||||||||||||||||||||||||||||||||||||||||||||||||||||||||||||||||||||||||||||||||||||||||||||||||||||||||||||||||||||||||||||||||||||||||||||||||||||||||||||||||||||||||||||||||||||||||||||||||||||||||||||||||||||||||||||||||||||||||||||||||||||||||||||||||||||||||||||||||||||||||||||||||||||||||||||||||||||||||||||||||||||||||||||||||||||||||JO||||||||
no|yes|no|none|VA56|10.1155/2022/6098536 |Munisi |Adult Anopheles Mosquito Distribution at a Low and High Malaria Transmission Site in Tanzania |BioMed Research International |2022|Preferential|||Tanzania|Visegese|||||||||||||||||within 5km|small polygon|GoogleMaps||Morogoro|Morogoro has a high malaria prevalence |no|na|||HRI||RO|||||||Mosquitoes were collected using a vacuum backpack aspirator outside and inside human dwellings in places like verandas, unfinished buildings (inside and out), fences, stored junks, and tree holes, as well as behind curtains, underbeds, and under couches, while knockdown catches were done in places like storerooms with pyrethrum aerosol spray |yes|no|no|6|9|2014|2014|cross|||The data was gathered throughout two seasons: the cold-dry season from June to September 2014 and the hot-wet season from January to February 2015. |quadriannulatus||morph|genetic/molecular|||||||||||||||||||||||||||||||||||||||||||||||||||||||||||||||||||||||||||||||||||||||||||||||||||||||||||||||||||||||||||||||||||||||||||||||||||||||||||||||||||||||||||||||||||||||||||||||||||||||||||||||||||||||||||||||||||||||||||||||||||||||||||||||||||||||||||||||||||||||||||||||||||||||||||||||||||||||||||||||||||||||||||||||||||||||||||||||||||||||||||||||||||||||||||||||||||||||||||||||||||JO||||||||
no|yes|no|none|VA56|10.1155/2022/6098536 |Munisi |Adult Anopheles Mosquito Distribution at a Low and High Malaria Transmission Site in Tanzania |BioMed Research International |2022|Preferential|||Tanzania|Visegese|||||||||||||||||within 5km|small polygon|GoogleMaps||Morogoro|Morogoro has a high malaria prevalence |no|na|||HRI||RO|||||||Mosquitoes were collected using a vacuum backpack aspirator outside and inside human dwellings in places like verandas, unfinished buildings (inside and out), fences, stored junks, and tree holes, as well as behind curtains, underbeds, and under couches, while knockdown catches were done in places like storerooms with pyrethrum aerosol spray |yes|no|no|1|2|2015|2015|cross|||The data was gathered throughout two seasons: the cold-dry season from June to September 2014 and the hot-wet season from January to February 2015. |quadriannulatus||morph|genetic/molecular|||||||||||||||||||||||||||||||||||||||||||||||||||||||||||||||||||||||||||||||||||||||||||||||||||||||||||||||||||||||||||||||||||||||||||||||||||||||||||||||||||||||||||||||||||||||||||||||||||||||||||||||||||||||||||||||||||||||||||||||||||||||||||||||||||||||||||||||||||||||||||||||||||||||||||||||||||||||||||||||||||||||||||||||||||||||||||||||||||||||||||||||||||||||||||||||||||||||||||||||||||JO||||||||
no|yes|no|none|VA56|10.1155/2022/6098536 |Munisi |Adult Anopheles Mosquito Distribution at a Low and High Malaria Transmission Site in Tanzania |BioMed Research International |2022|Preferential|||Tanzania|Mahita|||||||||||||||||within 5km|small polygon|GoogleMaps||Morogoro|Morogoro has a high malaria prevalence |no|na|||HRI||RO|||||||Mosquitoes were collected using a vacuum backpack aspirator outside and inside human dwellings in places like verandas, unfinished buildings (inside and out), fences, stored junks, and tree holes, as well as behind curtains, underbeds, and under couches, while knockdown catches were done in places like storerooms with pyrethrum aerosol spray |yes|no|no|6|9|2014|2014|cross|||The data was gathered throughout two seasons: the cold-dry season from June to September 2014 and the hot-wet season from January to February 2015. |gambiae (S)||morph|genetic/molecular|||||||||||||||||||||||||||||||||||||||||||||||||||||||||||||||||||||||||||||||||||||||||||||||||||||||||||||||||||||||||||||||||||||||||||||||||||||||||||||||||||||||||||||||||||||||||||||||||||||||||||||||||||||||||||||||||||||||||||||||||||||||||||||||||||||||||||||||||||||||||||||||||||||||||||||||||||||||||||||||||||||||||||||||||||||||||||||||||||||||||||||||||||||||||||||||||||||||||||||||||||JO||||||||
no|yes|no|none|VA56|10.1155/2022/6098536 |Munisi |Adult Anopheles Mosquito Distribution at a Low and High Malaria Transmission Site in Tanzania |BioMed Research International |2022|Preferential|||Tanzania|Mahita|||||||||||||||||within 5km|small polygon|GoogleMaps||Morogoro|Morogoro has a high malaria prevalence |no|na|||HRI||RO|||||||Mosquitoes were collected using a vacuum backpack aspirator outside and inside human dwellings in places like verandas, unfinished buildings (inside and out), fences, stored junks, and tree holes, as well as behind curtains, underbeds, and under couches, while knockdown catches were done in places like storerooms with pyrethrum aerosol spray |yes|no|no|1|2|2015|2015|cross|||The data was gathered throughout two seasons: the cold-dry season from June to September 2014 and the hot-wet season from January to February 2015. |gambiae (S)||morph|genetic/molecular|||||||||||||||||||||||||||||||||||||||||||||||||||||||||||||||||||||||||||||||||||||||||||||||||||||||||||||||||||||||||||||||||||||||||||||||||||||||||||||||||||||||||||||||||||||||||||||||||||||||||||||||||||||||||||||||||||||||||||||||||||||||||||||||||||||||||||||||||||||||||||||||||||||||||||||||||||||||||||||||||||||||||||||||||||||||||||||||||||||||||||||||||||||||||||||||||||||||||||||||||||JO||||||||
no|yes|no|none|VA56|10.1155/2022/6098536 |Munisi |Adult Anopheles Mosquito Distribution at a Low and High Malaria Transmission Site in Tanzania |BioMed Research International |2022|Preferential|||Tanzania|Mahita|||||||||||||||||within 5km|small polygon|GoogleMaps||Morogoro|Morogoro has a high malaria prevalence |no|na|||HRI||RO|||||||Mosquitoes were collected using a vacuum backpack aspirator outside and inside human dwellings in places like verandas, unfinished buildings (inside and out), fences, stored junks, and tree holes, as well as behind curtains, underbeds, and under couches, while knockdown catches were done in places like storerooms with pyrethrum aerosol spray |yes|no|no|6|9|2014|2014|cross|||The data was gathered throughout two seasons: the cold-dry season from June to September 2014 and the hot-wet season from January to February 2015. |arabiensis||morph|genetic/molecular|||||||||||||||||||||||||||||||||||||||||||||||||||||||||||||||||||||||||||||||||||||||||||||||||||||||||||||||||||||||||||||||||||||||||||||||||||||||||||||||||||||||||||||||||||||||||||||||||||||||||||||||||||||||||||||||||||||||||||||||||||||||||||||||||||||||||||||||||||||||||||||||||||||||||||||||||||||||||||||||||||||||||||||||||||||||||||||||||||||||||||||||||||||||||||||||||||||||||||||||||||JO||||||||
no|yes|no|none|VA56|10.1155/2022/6098536 |Munisi |Adult Anopheles Mosquito Distribution at a Low and High Malaria Transmission Site in Tanzania |BioMed Research International |2022|Preferential|||Tanzania|Mahita|||||||||||||||||within 5km|small polygon|GoogleMaps||Morogoro|Morogoro has a high malaria prevalence |no|na|||HRI||RO|||||||Mosquitoes were collected using a vacuum backpack aspirator outside and inside human dwellings in places like verandas, unfinished buildings (inside and out), fences, stored junks, and tree holes, as well as behind curtains, underbeds, and under couches, while knockdown catches were done in places like storerooms with pyrethrum aerosol spray |yes|no|no|1|2|2015|2015|cross|||The data was gathered throughout two seasons: the cold-dry season from June to September 2014 and the hot-wet season from January to February 2015. |arabiensis||morph|genetic/molecular|||||||||||||||||||||||||||||||||||||||||||||||||||||||||||||||||||||||||||||||||||||||||||||||||||||||||||||||||||||||||||||||||||||||||||||||||||||||||||||||||||||||||||||||||||||||||||||||||||||||||||||||||||||||||||||||||||||||||||||||||||||||||||||||||||||||||||||||||||||||||||||||||||||||||||||||||||||||||||||||||||||||||||||||||||||||||||||||||||||||||||||||||||||||||||||||||||||||||||||||||||JO||||||||
no|yes|no|none|VA56|10.1155/2022/6098536 |Munisi |Adult Anopheles Mosquito Distribution at a Low and High Malaria Transmission Site in Tanzania |BioMed Research International |2022|Preferential|||Tanzania|Mahita|||||||||||||||||within 5km|small polygon|GoogleMaps||Morogoro|Morogoro has a high malaria prevalence |no|na|||HRI||RO|||||||Mosquitoes were collected using a vacuum backpack aspirator outside and inside human dwellings in places like verandas, unfinished buildings (inside and out), fences, stored junks, and tree holes, as well as behind curtains, underbeds, and under couches, while knockdown catches were done in places like storerooms with pyrethrum aerosol spray |yes|no|no|6|9|2014|2014|cross|||The data was gathered throughout two seasons: the cold-dry season from June to September 2014 and the hot-wet season from January to February 2015. |quadriannulatus||morph|genetic/molecular|||||||||||||||||||||||||||||||||||||||||||||||||||||||||||||||||||||||||||||||||||||||||||||||||||||||||||||||||||||||||||||||||||||||||||||||||||||||||||||||||||||||||||||||||||||||||||||||||||||||||||||||||||||||||||||||||||||||||||||||||||||||||||||||||||||||||||||||||||||||||||||||||||||||||||||||||||||||||||||||||||||||||||||||||||||||||||||||||||||||||||||||||||||||||||||||||||||||||||||||||||JO||||||||
no|yes|no|none|VA56|10.1155/2022/6098536 |Munisi |Adult Anopheles Mosquito Distribution at a Low and High Malaria Transmission Site in Tanzania |BioMed Research International |2022|Preferential|||Tanzania|Mahita|||||||||||||||||within 5km|small polygon|GoogleMaps||Morogoro|Morogoro has a high malaria prevalence |no|na|||HRI||RO|||||||Mosquitoes were collected using a vacuum backpack aspirator outside and inside human dwellings in places like verandas, unfinished buildings (inside and out), fences, stored junks, and tree holes, as well as behind curtains, underbeds, and under couches, while knockdown catches were done in places like storerooms with pyrethrum aerosol spray |yes|no|no|1|2|2015|2015|cross|||The data was gathered throughout two seasons: the cold-dry season from June to September 2014 and the hot-wet season from January to February 2015. |quadriannulatus||morph|genetic/molecular|||||||||||||||||||||||||||||||||||||||||||||||||||||||||||||||||||||||||||||||||||||||||||||||||||||||||||||||||||||||||||||||||||||||||||||||||||||||||||||||||||||||||||||||||||||||||||||||||||||||||||||||||||||||||||||||||||||||||||||||||||||||||||||||||||||||||||||||||||||||||||||||||||||||||||||||||||||||||||||||||||||||||||||||||||||||||||||||||||||||||||||||||||||||||||||||||||||||||||||||||||JO||||||||
no|yes|no|none|VA56|10.1155/2022/6098536 |Munisi |Adult Anopheles Mosquito Distribution at a Low and High Malaria Transmission Site in Tanzania |BioMed Research International |2022|Preferential|||Tanzania|Mwembeni|||||||||||||||||within 5km|small polygon|GoogleMaps||Morogoro|Morogoro has a high malaria prevalence |no|na|||HRI||RO|||||||Mosquitoes were collected using a vacuum backpack aspirator outside and inside human dwellings in places like verandas, unfinished buildings (inside and out), fences, stored junks, and tree holes, as well as behind curtains, underbeds, and under couches, while knockdown catches were done in places like storerooms with pyrethrum aerosol spray |yes|no|no|6|9|2014|2014|cross|||The data was gathered throughout two seasons: the cold-dry season from June to September 2014 and the hot-wet season from January to February 2015. |gambiae (S)||morph|genetic/molecular|||||||||||||||||||||||||||||||||||||||||||||||||||||||||||||||||||||||||||||||||||||||||||||||||||||||||||||||||||||||||||||||||||||||||||||||||||||||||||||||||||||||||||||||||||||||||||||||||||||||||||||||||||||||||||||||||||||||||||||||||||||||||||||||||||||||||||||||||||||||||||||||||||||||||||||||||||||||||||||||||||||||||||||||||||||||||||||||||||||||||||||||||||||||||||||||||||||||||||||||||||JO||||||||
no|yes|no|none|VA56|10.1155/2022/6098536 |Munisi |Adult Anopheles Mosquito Distribution at a Low and High Malaria Transmission Site in Tanzania |BioMed Research International |2022|Preferential|||Tanzania|Mwembeni|||||||||||||||||within 5km|small polygon|GoogleMaps||Morogoro|Morogoro has a high malaria prevalence |no|na|||HRI||RO|||||||Mosquitoes were collected using a vacuum backpack aspirator outside and inside human dwellings in places like verandas, unfinished buildings (inside and out), fences, stored junks, and tree holes, as well as behind curtains, underbeds, and under couches, while knockdown catches were done in places like storerooms with pyrethrum aerosol spray |yes|no|no|1|2|2015|2015|cross|||The data was gathered throughout two seasons: the cold-dry season from June to September 2014 and the hot-wet season from January to February 2015. |gambiae (S)||morph|genetic/molecular|||||||||||||||||||||||||||||||||||||||||||||||||||||||||||||||||||||||||||||||||||||||||||||||||||||||||||||||||||||||||||||||||||||||||||||||||||||||||||||||||||||||||||||||||||||||||||||||||||||||||||||||||||||||||||||||||||||||||||||||||||||||||||||||||||||||||||||||||||||||||||||||||||||||||||||||||||||||||||||||||||||||||||||||||||||||||||||||||||||||||||||||||||||||||||||||||||||||||||||||||||JO||||||||
no|yes|no|none|VA56|10.1155/2022/6098536 |Munisi |Adult Anopheles Mosquito Distribution at a Low and High Malaria Transmission Site in Tanzania |BioMed Research International |2022|Preferential|||Tanzania|Mwembeni|||||||||||||||||within 5km|small polygon|GoogleMaps||Morogoro|Morogoro has a high malaria prevalence |no|na|||HRI||RO|||||||Mosquitoes were collected using a vacuum backpack aspirator outside and inside human dwellings in places like verandas, unfinished buildings (inside and out), fences, stored junks, and tree holes, as well as behind curtains, underbeds, and under couches, while knockdown catches were done in places like storerooms with pyrethrum aerosol spray |yes|no|no|6|9|2014|2014|cross|||The data was gathered throughout two seasons: the cold-dry season from June to September 2014 and the hot-wet season from January to February 2015. |arabiensis||morph|genetic/molecular|||||||||||||||||||||||||||||||||||||||||||||||||||||||||||||||||||||||||||||||||||||||||||||||||||||||||||||||||||||||||||||||||||||||||||||||||||||||||||||||||||||||||||||||||||||||||||||||||||||||||||||||||||||||||||||||||||||||||||||||||||||||||||||||||||||||||||||||||||||||||||||||||||||||||||||||||||||||||||||||||||||||||||||||||||||||||||||||||||||||||||||||||||||||||||||||||||||||||||||||||||JO||||||||
no|yes|no|none|VA56|10.1155/2022/6098536 |Munisi |Adult Anopheles Mosquito Distribution at a Low and High Malaria Transmission Site in Tanzania |BioMed Research International |2022|Preferential|||Tanzania|Mwembeni|||||||||||||||||within 5km|small polygon|GoogleMaps||Morogoro|Morogoro has a high malaria prevalence |no|na|||HRI||RO|||||||Mosquitoes were collected using a vacuum backpack aspirator outside and inside human dwellings in places like verandas, unfinished buildings (inside and out), fences, stored junks, and tree holes, as well as behind curtains, underbeds, and under couches, while knockdown catches were done in places like storerooms with pyrethrum aerosol spray |yes|no|no|1|2|2015|2015|cross|||The data was gathered throughout two seasons: the cold-dry season from June to September 2014 and the hot-wet season from January to February 2015. |arabiensis||morph|genetic/molecular|||||||||||||||||||||||||||||||||||||||||||||||||||||||||||||||||||||||||||||||||||||||||||||||||||||||||||||||||||||||||||||||||||||||||||||||||||||||||||||||||||||||||||||||||||||||||||||||||||||||||||||||||||||||||||||||||||||||||||||||||||||||||||||||||||||||||||||||||||||||||||||||||||||||||||||||||||||||||||||||||||||||||||||||||||||||||||||||||||||||||||||||||||||||||||||||||||||||||||||||||||JO||||||||
no|yes|no|none|VA56|10.1155/2022/6098536 |Munisi |Adult Anopheles Mosquito Distribution at a Low and High Malaria Transmission Site in Tanzania |BioMed Research International |2022|Preferential|||Tanzania|Mwembeni|||||||||||||||||within 5km|small polygon|GoogleMaps||Morogoro|Morogoro has a high malaria prevalence |no|na|||HRI||RO|||||||Mosquitoes were collected using a vacuum backpack aspirator outside and inside human dwellings in places like verandas, unfinished buildings (inside and out), fences, stored junks, and tree holes, as well as behind curtains, underbeds, and under couches, while knockdown catches were done in places like storerooms with pyrethrum aerosol spray |yes|no|no|6|9|2014|2014|cross|||The data was gathered throughout two seasons: the cold-dry season from June to September 2014 and the hot-wet season from January to February 2015. |quadriannulatus||morph|genetic/molecular|||||||||||||||||||||||||||||||||||||||||||||||||||||||||||||||||||||||||||||||||||||||||||||||||||||||||||||||||||||||||||||||||||||||||||||||||||||||||||||||||||||||||||||||||||||||||||||||||||||||||||||||||||||||||||||||||||||||||||||||||||||||||||||||||||||||||||||||||||||||||||||||||||||||||||||||||||||||||||||||||||||||||||||||||||||||||||||||||||||||||||||||||||||||||||||||||||||||||||||||||||JO||||||||
no|yes|no|none|VA56|10.1155/2022/6098536 |Munisi |Adult Anopheles Mosquito Distribution at a Low and High Malaria Transmission Site in Tanzania |BioMed Research International |2022|Preferential|||Tanzania|Mwembeni|||||||||||||||||within 5km|small polygon|GoogleMaps||Morogoro|Morogoro has a high malaria prevalence |no|na|||HRI||RO|||||||Mosquitoes were collected using a vacuum backpack aspirator outside and inside human dwellings in places like verandas, unfinished buildings (inside and out), fences, stored junks, and tree holes, as well as behind curtains, underbeds, and under couches, while knockdown catches were done in places like storerooms with pyrethrum aerosol spray |yes|no|no|1|2|2015|2015|cross|||The data was gathered throughout two seasons: the cold-dry season from June to September 2014 and the hot-wet season from January to February 2015. |quadriannulatus||morph|genetic/molecular|||||||||||||||||||||||||||||||||||||||||||||||||||||||||||||||||||||||||||||||||||||||||||||||||||||||||||||||||||||||||||||||||||||||||||||||||||||||||||||||||||||||||||||||||||||||||||||||||||||||||||||||||||||||||||||||||||||||||||||||||||||||||||||||||||||||||||||||||||||||||||||||||||||||||||||||||||||||||||||||||||||||||||||||||||||||||||||||||||||||||||||||||||||||||||||||||||||||||||||||||||JO||||||||
no|yes|no|none|VA56|10.1155/2022/6098536 |Munisi |Adult Anopheles Mosquito Distribution at a Low and High Malaria Transmission Site in Tanzania |BioMed Research International |2022|Preferential|||Tanzania|Misufini|||||||||||||||||within 5km|small polygon|GoogleMaps||Morogoro|Morogoro has a high malaria prevalence |no|na|||HRI||RO|||||||Mosquitoes were collected using a vacuum backpack aspirator outside and inside human dwellings in places like verandas, unfinished buildings (inside and out), fences, stored junks, and tree holes, as well as behind curtains, underbeds, and under couches, while knockdown catches were done in places like storerooms with pyrethrum aerosol spray |yes|no|no|6|9|2014|2014|cross|||The data was gathered throughout two seasons: the cold-dry season from June to September 2014 and the hot-wet season from January to February 2015. |gambiae (S)||morph|genetic/molecular|||||||||||||||||||||||||||||||||||||||||||||||||||||||||||||||||||||||||||||||||||||||||||||||||||||||||||||||||||||||||||||||||||||||||||||||||||||||||||||||||||||||||||||||||||||||||||||||||||||||||||||||||||||||||||||||||||||||||||||||||||||||||||||||||||||||||||||||||||||||||||||||||||||||||||||||||||||||||||||||||||||||||||||||||||||||||||||||||||||||||||||||||||||||||||||||||||||||||||||||||||JO||||||||
no|yes|no|none|VA56|10.1155/2022/6098536 |Munisi |Adult Anopheles Mosquito Distribution at a Low and High Malaria Transmission Site in Tanzania |BioMed Research International |2022|Preferential|||Tanzania|Misufini|||||||||||||||||within 5km|small polygon|GoogleMaps||Morogoro|Morogoro has a high malaria prevalence |no|na|||HRI||RO|||||||Mosquitoes were collected using a vacuum backpack aspirator outside and inside human dwellings in places like verandas, unfinished buildings (inside and out), fences, stored junks, and tree holes, as well as behind curtains, underbeds, and under couches, while knockdown catches were done in places like storerooms with pyrethrum aerosol spray |yes|no|no|1|2|2015|2015|cross|||The data was gathered throughout two seasons: the cold-dry season from June to September 2014 and the hot-wet season from January to February 2015. |gambiae (S)||morph|genetic/molecular|||||||||||||||||||||||||||||||||||||||||||||||||||||||||||||||||||||||||||||||||||||||||||||||||||||||||||||||||||||||||||||||||||||||||||||||||||||||||||||||||||||||||||||||||||||||||||||||||||||||||||||||||||||||||||||||||||||||||||||||||||||||||||||||||||||||||||||||||||||||||||||||||||||||||||||||||||||||||||||||||||||||||||||||||||||||||||||||||||||||||||||||||||||||||||||||||||||||||||||||||||JO||||||||
no|yes|no|none|VA56|10.1155/2022/6098536 |Munisi |Adult Anopheles Mosquito Distribution at a Low and High Malaria Transmission Site in Tanzania |BioMed Research International |2022|Preferential|||Tanzania|Misufini|||||||||||||||||within 5km|small polygon|GoogleMaps||Morogoro|Morogoro has a high malaria prevalence |no|na|||HRI||RO|||||||Mosquitoes were collected using a vacuum backpack aspirator outside and inside human dwellings in places like verandas, unfinished buildings (inside and out), fences, stored junks, and tree holes, as well as behind curtains, underbeds, and under couches, while knockdown catches were done in places like storerooms with pyrethrum aerosol spray |yes|no|no|6|9|2014|2014|cross|||The data was gathered throughout two seasons: the cold-dry season from June to September 2014 and the hot-wet season from January to February 2015. |arabiensis||morph|genetic/molecular|||||||||||||||||||||||||||||||||||||||||||||||||||||||||||||||||||||||||||||||||||||||||||||||||||||||||||||||||||||||||||||||||||||||||||||||||||||||||||||||||||||||||||||||||||||||||||||||||||||||||||||||||||||||||||||||||||||||||||||||||||||||||||||||||||||||||||||||||||||||||||||||||||||||||||||||||||||||||||||||||||||||||||||||||||||||||||||||||||||||||||||||||||||||||||||||||||||||||||||||||||JO||||||||
no|yes|no|none|VA56|10.1155/2022/6098536 |Munisi |Adult Anopheles Mosquito Distribution at a Low and High Malaria Transmission Site in Tanzania |BioMed Research International |2022|Preferential|||Tanzania|Misufini|||||||||||||||||within 5km|small polygon|GoogleMaps||Morogoro|Morogoro has a high malaria prevalence |no|na|||HRI||RO|||||||Mosquitoes were collected using a vacuum backpack aspirator outside and inside human dwellings in places like verandas, unfinished buildings (inside and out), fences, stored junks, and tree holes, as well as behind curtains, underbeds, and under couches, while knockdown catches were done in places like storerooms with pyrethrum aerosol spray |yes|no|no|1|2|2015|2015|cross|||The data was gathered throughout two seasons: the cold-dry season from June to September 2014 and the hot-wet season from January to February 2015. |arabiensis||morph|genetic/molecular|||||||||||||||||||||||||||||||||||||||||||||||||||||||||||||||||||||||||||||||||||||||||||||||||||||||||||||||||||||||||||||||||||||||||||||||||||||||||||||||||||||||||||||||||||||||||||||||||||||||||||||||||||||||||||||||||||||||||||||||||||||||||||||||||||||||||||||||||||||||||||||||||||||||||||||||||||||||||||||||||||||||||||||||||||||||||||||||||||||||||||||||||||||||||||||||||||||||||||||||||||JO||||||||
no|yes|no|none|VA56|10.1155/2022/6098536 |Munisi |Adult Anopheles Mosquito Distribution at a Low and High Malaria Transmission Site in Tanzania |BioMed Research International |2022|Preferential|||Tanzania|Misufini|||||||||||||||||within 5km|small polygon|GoogleMaps||Morogoro|Morogoro has a high malaria prevalence |no|na|||HRI||RO|||||||Mosquitoes were collected using a vacuum backpack aspirator outside and inside human dwellings in places like verandas, unfinished buildings (inside and out), fences, stored junks, and tree holes, as well as behind curtains, underbeds, and under couches, while knockdown catches were done in places like storerooms with pyrethrum aerosol spray |yes|no|no|6|9|2014|2014|cross|||The data was gathered throughout two seasons: the cold-dry season from June to September 2014 and the hot-wet season from January to February 2015. |quadriannulatus||morph|genetic/molecular|||||||||||||||||||||||||||||||||||||||||||||||||||||||||||||||||||||||||||||||||||||||||||||||||||||||||||||||||||||||||||||||||||||||||||||||||||||||||||||||||||||||||||||||||||||||||||||||||||||||||||||||||||||||||||||||||||||||||||||||||||||||||||||||||||||||||||||||||||||||||||||||||||||||||||||||||||||||||||||||||||||||||||||||||||||||||||||||||||||||||||||||||||||||||||||||||||||||||||||||||||JO||||||||
no|yes|no|none|VA56|10.1155/2022/6098536 |Munisi |Adult Anopheles Mosquito Distribution at a Low and High Malaria Transmission Site in Tanzania |BioMed Research International |2022|Preferential|||Tanzania|Misufini|||||||||||||||||within 5km|small polygon|GoogleMaps||Morogoro|Morogoro has a high malaria prevalence |no|na|||HRI||RO|||||||Mosquitoes were collected using a vacuum backpack aspirator outside and inside human dwellings in places like verandas, unfinished buildings (inside and out), fences, stored junks, and tree holes, as well as behind curtains, underbeds, and under couches, while knockdown catches were done in places like storerooms with pyrethrum aerosol spray |yes|no|no|1|2|2015|2015|cross|||The data was gathered throughout two seasons: the cold-dry season from June to September 2014 and the hot-wet season from January to February 2015. |quadriannulatus||morph|genetic/molecular|||||||||||||||||||||||||||||||||||||||||||||||||||||||||||||||||||||||||||||||||||||||||||||||||||||||||||||||||||||||||||||||||||||||||||||||||||||||||||||||||||||||||||||||||||||||||||||||||||||||||||||||||||||||||||||||||||||||||||||||||||||||||||||||||||||||||||||||||||||||||||||||||||||||||||||||||||||||||||||||||||||||||||||||||||||||||||||||||||||||||||||||||||||||||||||||||||||||||||||||||||JO||||||||
no|yes|no|none|VA56|10.1155/2022/6098536 |Munisi |Adult Anopheles Mosquito Distribution at a Low and High Malaria Transmission Site in Tanzania |BioMed Research International |2022|Preferential|||Tanzania|Mnarani|||||||||||||||||within 5km|small polygon|GoogleMaps||Dodoma|Dodoma has a low malaria prevalence |no|na|||HRI||RO|||||||Mosquitoes were collected using a vacuum backpack aspirator outside and inside human dwellings in places like verandas, unfinished buildings (inside and out), fences, stored junks, and tree holes, as well as behind curtains, underbeds, and under couches, while knockdown catches were done in places like storerooms with pyrethrum aerosol spray |yes|no|no|6|9|2014|2014|cross|||The data was gathered throughout two seasons: the cold-dry season from June to September 2014 and the hot-wet season from January to February 2015. |gambiae (S)||morph|genetic/molecular|||||||||||||||||||||||||||||||||||||||||||||||||||||||||||||||||||||||||||||||||||||||||||||||||||||||||||||||||||||||||||||||||||||||||||||||||||||||||||||||||||||||||||||||||||||||||||||||||||||||||||||||||||||||||||||||||||||||||||||||||||||||||||||||||||||||||||||||||||||||||||||||||||||||||||||||||||||||||||||||||||||||||||||||||||||||||||||||||||||||||||||||||||||||||||||||||||||||||||||||||||JO||||||||
no|yes|no|none|VA56|10.1155/2022/6098536 |Munisi |Adult Anopheles Mosquito Distribution at a Low and High Malaria Transmission Site in Tanzania |BioMed Research International |2022|Preferential|||Tanzania|Mnarani|||||||||||||||||within 5km|small polygon|GoogleMaps||Dodoma|Dodoma has a low malaria prevalence |no|na|||HRI||RO|||||||Mosquitoes were collected using a vacuum backpack aspirator outside and inside human dwellings in places like verandas, unfinished buildings (inside and out), fences, stored junks, and tree holes, as well as behind curtains, underbeds, and under couches, while knockdown catches were done in places like storerooms with pyrethrum aerosol spray |yes|no|no|1|2|2015|2015|cross|||The data was gathered throughout two seasons: the cold-dry season from June to September 2014 and the hot-wet season from January to February 2015. |gambiae (S)||morph|genetic/molecular|||||||||||||||||||||||||||||||||||||||||||||||||||||||||||||||||||||||||||||||||||||||||||||||||||||||||||||||||||||||||||||||||||||||||||||||||||||||||||||||||||||||||||||||||||||||||||||||||||||||||||||||||||||||||||||||||||||||||||||||||||||||||||||||||||||||||||||||||||||||||||||||||||||||||||||||||||||||||||||||||||||||||||||||||||||||||||||||||||||||||||||||||||||||||||||||||||||||||||||||||||JO||||||||
no|yes|no|none|VA56|10.1155/2022/6098536 |Munisi |Adult Anopheles Mosquito Distribution at a Low and High Malaria Transmission Site in Tanzania |BioMed Research International |2022|Preferential|||Tanzania|Mnarani|||||||||||||||||within 5km|small polygon|GoogleMaps||Dodoma|Dodoma has a low malaria prevalence |no|na|||HRI||RO|||||||Mosquitoes were collected using a vacuum backpack aspirator outside and inside human dwellings in places like verandas, unfinished buildings (inside and out), fences, stored junks, and tree holes, as well as behind curtains, underbeds, and under couches, while knockdown catches were done in places like storerooms with pyrethrum aerosol spray |yes|no|no|6|9|2014|2014|cross|||The data was gathered throughout two seasons: the cold-dry season from June to September 2014 and the hot-wet season from January to February 2015. |arabiensis||morph|genetic/molecular|||||||||||||||||||||||||||||||||||||||||||||||||||||||||||||||||||||||||||||||||||||||||||||||||||||||||||||||||||||||||||||||||||||||||||||||||||||||||||||||||||||||||||||||||||||||||||||||||||||||||||||||||||||||||||||||||||||||||||||||||||||||||||||||||||||||||||||||||||||||||||||||||||||||||||||||||||||||||||||||||||||||||||||||||||||||||||||||||||||||||||||||||||||||||||||||||||||||||||||||||||JO||||||||
no|yes|no|none|VA56|10.1155/2022/6098536 |Munisi |Adult Anopheles Mosquito Distribution at a Low and High Malaria Transmission Site in Tanzania |BioMed Research International |2022|Preferential|||Tanzania|Mnarani|||||||||||||||||within 5km|small polygon|GoogleMaps||Dodoma|Dodoma has a low malaria prevalence |no|na|||HRI||RO|||||||Mosquitoes were collected using a vacuum backpack aspirator outside and inside human dwellings in places like verandas, unfinished buildings (inside and out), fences, stored junks, and tree holes, as well as behind curtains, underbeds, and under couches, while knockdown catches were done in places like storerooms with pyrethrum aerosol spray |yes|no|no|1|2|2015|2015|cross|||The data was gathered throughout two seasons: the cold-dry season from June to September 2014 and the hot-wet season from January to February 2015. |arabiensis||morph|genetic/molecular|||||||||||||||||||||||||||||||||||||||||||||||||||||||||||||||||||||||||||||||||||||||||||||||||||||||||||||||||||||||||||||||||||||||||||||||||||||||||||||||||||||||||||||||||||||||||||||||||||||||||||||||||||||||||||||||||||||||||||||||||||||||||||||||||||||||||||||||||||||||||||||||||||||||||||||||||||||||||||||||||||||||||||||||||||||||||||||||||||||||||||||||||||||||||||||||||||||||||||||||||||JO||||||||
no|yes|no|none|VA56|10.1155/2022/6098536 |Munisi |Adult Anopheles Mosquito Distribution at a Low and High Malaria Transmission Site in Tanzania |BioMed Research International |2022|Preferential|||Tanzania|Mnarani|||||||||||||||||within 5km|small polygon|GoogleMaps||Dodoma|Dodoma has a low malaria prevalence |no|na|||HRI||RO|||||||Mosquitoes were collected using a vacuum backpack aspirator outside and inside human dwellings in places like verandas, unfinished buildings (inside and out), fences, stored junks, and tree holes, as well as behind curtains, underbeds, and under couches, while knockdown catches were done in places like storerooms with pyrethrum aerosol spray |yes|no|no|6|9|2014|2014|cross|||The data was gathered throughout two seasons: the cold-dry season from June to September 2014 and the hot-wet season from January to February 2015. |quadriannulatus||morph|genetic/molecular|||||||||||||||||||||||||||||||||||||||||||||||||||||||||||||||||||||||||||||||||||||||||||||||||||||||||||||||||||||||||||||||||||||||||||||||||||||||||||||||||||||||||||||||||||||||||||||||||||||||||||||||||||||||||||||||||||||||||||||||||||||||||||||||||||||||||||||||||||||||||||||||||||||||||||||||||||||||||||||||||||||||||||||||||||||||||||||||||||||||||||||||||||||||||||||||||||||||||||||||||||JO||||||||
no|yes|no|none|VA56|10.1155/2022/6098536 |Munisi |Adult Anopheles Mosquito Distribution at a Low and High Malaria Transmission Site in Tanzania |BioMed Research International |2022|Preferential|||Tanzania|Mnarani|||||||||||||||||within 5km|small polygon|GoogleMaps||Dodoma|Dodoma has a low malaria prevalence |no|na|||HRI||RO|||||||Mosquitoes were collected using a vacuum backpack aspirator outside and inside human dwellings in places like verandas, unfinished buildings (inside and out), fences, stored junks, and tree holes, as well as behind curtains, underbeds, and under couches, while knockdown catches were done in places like storerooms with pyrethrum aerosol spray |yes|no|no|1|2|2015|2015|cross|||The data was gathered throughout two seasons: the cold-dry season from June to September 2014 and the hot-wet season from January to February 2015. |quadriannulatus||morph|genetic/molecular|||||||||||||||||||||||||||||||||||||||||||||||||||||||||||||||||||||||||||||||||||||||||||||||||||||||||||||||||||||||||||||||||||||||||||||||||||||||||||||||||||||||||||||||||||||||||||||||||||||||||||||||||||||||||||||||||||||||||||||||||||||||||||||||||||||||||||||||||||||||||||||||||||||||||||||||||||||||||||||||||||||||||||||||||||||||||||||||||||||||||||||||||||||||||||||||||||||||||||||||||||JO||||||||
no|yes|no|none|VA56|10.1155/2022/6098536 |Munisi |Adult Anopheles Mosquito Distribution at a Low and High Malaria Transmission Site in Tanzania |BioMed Research International |2022|Preferential|||Tanzania|Swaswa|||||||||||||||||within 5km|small polygon|GoogleMaps||Dodoma|Dodoma has a low malaria prevalence |no|na|||HRI||RO|||||||Mosquitoes were collected using a vacuum backpack aspirator outside and inside human dwellings in places like verandas, unfinished buildings (inside and out), fences, stored junks, and tree holes, as well as behind curtains, underbeds, and under couches, while knockdown catches were done in places like storerooms with pyrethrum aerosol spray |yes|no|no|6|9|2014|2014|cross|||The data was gathered throughout two seasons: the cold-dry season from June to September 2014 and the hot-wet season from January to February 2015. |gambiae (S)||morph|genetic/molecular|||||||||||||||||||||||||||||||||||||||||||||||||||||||||||||||||||||||||||||||||||||||||||||||||||||||||||||||||||||||||||||||||||||||||||||||||||||||||||||||||||||||||||||||||||||||||||||||||||||||||||||||||||||||||||||||||||||||||||||||||||||||||||||||||||||||||||||||||||||||||||||||||||||||||||||||||||||||||||||||||||||||||||||||||||||||||||||||||||||||||||||||||||||||||||||||||||||||||||||||||||JO||||||||
no|yes|no|none|VA56|10.1155/2022/6098536 |Munisi |Adult Anopheles Mosquito Distribution at a Low and High Malaria Transmission Site in Tanzania |BioMed Research International |2022|Preferential|||Tanzania|Swaswa|||||||||||||||||within 5km|small polygon|GoogleMaps||Dodoma|Dodoma has a low malaria prevalence |no|na|||HRI||RO|||||||Mosquitoes were collected using a vacuum backpack aspirator outside and inside human dwellings in places like verandas, unfinished buildings (inside and out), fences, stored junks, and tree holes, as well as behind curtains, underbeds, and under couches, while knockdown catches were done in places like storerooms with pyrethrum aerosol spray |yes|no|no|1|2|2015|2015|cross|||The data was gathered throughout two seasons: the cold-dry season from June to September 2014 and the hot-wet season from January to February 2015. |gambiae (S)||morph|genetic/molecular|||||||||||||||||||||||||||||||||||||||||||||||||||||||||||||||||||||||||||||||||||||||||||||||||||||||||||||||||||||||||||||||||||||||||||||||||||||||||||||||||||||||||||||||||||||||||||||||||||||||||||||||||||||||||||||||||||||||||||||||||||||||||||||||||||||||||||||||||||||||||||||||||||||||||||||||||||||||||||||||||||||||||||||||||||||||||||||||||||||||||||||||||||||||||||||||||||||||||||||||||||JO||||||||
no|yes|no|none|VA56|10.1155/2022/6098536 |Munisi |Adult Anopheles Mosquito Distribution at a Low and High Malaria Transmission Site in Tanzania |BioMed Research International |2022|Preferential|||Tanzania|Swaswa|||||||||||||||||within 5km|small polygon|GoogleMaps||Dodoma|Dodoma has a low malaria prevalence |no|na|||HRI||RO|||||||Mosquitoes were collected using a vacuum backpack aspirator outside and inside human dwellings in places like verandas, unfinished buildings (inside and out), fences, stored junks, and tree holes, as well as behind curtains, underbeds, and under couches, while knockdown catches were done in places like storerooms with pyrethrum aerosol spray |yes|no|no|6|9|2014|2014|cross|||The data was gathered throughout two seasons: the cold-dry season from June to September 2014 and the hot-wet season from January to February 2015. |arabiensis||morph|genetic/molecular|||||||||||||||||||||||||||||||||||||||||||||||||||||||||||||||||||||||||||||||||||||||||||||||||||||||||||||||||||||||||||||||||||||||||||||||||||||||||||||||||||||||||||||||||||||||||||||||||||||||||||||||||||||||||||||||||||||||||||||||||||||||||||||||||||||||||||||||||||||||||||||||||||||||||||||||||||||||||||||||||||||||||||||||||||||||||||||||||||||||||||||||||||||||||||||||||||||||||||||||||||JO||||||||
no|yes|no|none|VA56|10.1155/2022/6098536 |Munisi |Adult Anopheles Mosquito Distribution at a Low and High Malaria Transmission Site in Tanzania |BioMed Research International |2022|Preferential|||Tanzania|Swaswa|||||||||||||||||within 5km|small polygon|GoogleMaps||Dodoma|Dodoma has a low malaria prevalence |no|na|||HRI||RO|||||||Mosquitoes were collected using a vacuum backpack aspirator outside and inside human dwellings in places like verandas, unfinished buildings (inside and out), fences, stored junks, and tree holes, as well as behind curtains, underbeds, and under couches, while knockdown catches were done in places like storerooms with pyrethrum aerosol spray |yes|no|no|1|2|2015|2015|cross|||The data was gathered throughout two seasons: the cold-dry season from June to September 2014 and the hot-wet season from January to February 2015. |arabiensis||morph|genetic/molecular|||||||||||||||||||||||||||||||||||||||||||||||||||||||||||||||||||||||||||||||||||||||||||||||||||||||||||||||||||||||||||||||||||||||||||||||||||||||||||||||||||||||||||||||||||||||||||||||||||||||||||||||||||||||||||||||||||||||||||||||||||||||||||||||||||||||||||||||||||||||||||||||||||||||||||||||||||||||||||||||||||||||||||||||||||||||||||||||||||||||||||||||||||||||||||||||||||||||||||||||||||JO||||||||
no|yes|no|none|VA56|10.1155/2022/6098536 |Munisi |Adult Anopheles Mosquito Distribution at a Low and High Malaria Transmission Site in Tanzania |BioMed Research International |2022|Preferential|||Tanzania|Swaswa|||||||||||||||||within 5km|small polygon|GoogleMaps||Dodoma|Dodoma has a low malaria prevalence |no|na|||HRI||RO|||||||Mosquitoes were collected using a vacuum backpack aspirator outside and inside human dwellings in places like verandas, unfinished buildings (inside and out), fences, stored junks, and tree holes, as well as behind curtains, underbeds, and under couches, while knockdown catches were done in places like storerooms with pyrethrum aerosol spray |yes|no|no|6|9|2014|2014|cross|||The data was gathered throughout two seasons: the cold-dry season from June to September 2014 and the hot-wet season from January to February 2015. |quadriannulatus||morph|genetic/molecular|||||||||||||||||||||||||||||||||||||||||||||||||||||||||||||||||||||||||||||||||||||||||||||||||||||||||||||||||||||||||||||||||||||||||||||||||||||||||||||||||||||||||||||||||||||||||||||||||||||||||||||||||||||||||||||||||||||||||||||||||||||||||||||||||||||||||||||||||||||||||||||||||||||||||||||||||||||||||||||||||||||||||||||||||||||||||||||||||||||||||||||||||||||||||||||||||||||||||||||||||||JO||||||||
no|yes|no|none|VA56|10.1155/2022/6098536 |Munisi |Adult Anopheles Mosquito Distribution at a Low and High Malaria Transmission Site in Tanzania |BioMed Research International |2022|Preferential|||Tanzania|Swaswa|||||||||||||||||within 5km|small polygon|GoogleMaps||Dodoma|Dodoma has a low malaria prevalence |no|na|||HRI||RO|||||||Mosquitoes were collected using a vacuum backpack aspirator outside and inside human dwellings in places like verandas, unfinished buildings (inside and out), fences, stored junks, and tree holes, as well as behind curtains, underbeds, and under couches, while knockdown catches were done in places like storerooms with pyrethrum aerosol spray |yes|no|no|1|2|2015|2015|cross|||The data was gathered throughout two seasons: the cold-dry season from June to September 2014 and the hot-wet season from January to February 2015. |quadriannulatus||morph|genetic/molecular|||||||||||||||||||||||||||||||||||||||||||||||||||||||||||||||||||||||||||||||||||||||||||||||||||||||||||||||||||||||||||||||||||||||||||||||||||||||||||||||||||||||||||||||||||||||||||||||||||||||||||||||||||||||||||||||||||||||||||||||||||||||||||||||||||||||||||||||||||||||||||||||||||||||||||||||||||||||||||||||||||||||||||||||||||||||||||||||||||||||||||||||||||||||||||||||||||||||||||||||||||JO||||||||
no|yes|yes|phenotypic|VA57|10.1371/journal.pone.0261713 |Demissew |Evidence of pyrethroid resistance in Anopheles amharicus and Anopheles arabiensis from Arjo- Didessa irrigation scheme, Ethiopia |PLOS ONE |2022|Random|||Ethiopia|Arjo-Didessa |||||||||||||||||greater than 10km|wide area|GoogleMaps|Oromia ||The study was conducted at Arjo-Didessa sugarcane irrigation area and its vicinity, Oromia Region, Ethiopia. According to a secondary source The area is found between two districts, Jimma-Arjo district and Buno-Bedele district in Oromia. The irrigation area has been classified into 11 agricultural commands, for this study, eight clusters were randomly selected for larval/pupal collection on the basis of anopheline larvae availability, larval density and habitat distribution. These were Com- mand-2, command-3, Command-4, Command-5, Command-6 and Abote Didessa (from the irrigation scheme), and from Kerka and Didessa clusters (clusters outside the irrigation area)|yes|combination|combination|According to a secondary source, LLIN and IRS were routine practiced and larval habitat management through community involvement was rarely applied except during epidemic years.|Larvae||||||||||yes|no|no|9|11|2019|2019|||1477 mm/year||gambiae (S)||morph|genetic/molecular|||||||Farmer (subsistence)||||||||||||||other||||||||According to a secondary source, the site was formerly a wildlife sanctuary (Didessa wildlife sanctuary), but since 2006 changed to a state-owned sugarcane plantation development to supply the sugar factory.||||||||||||||||||||||||||||||||||||||||||||||||||||||||||||||||||||||||||||||||||||||||||||||||||||||||||||||||||||||||||||||||||||||||||||||||||||||||||||||pupae + larvae|Pond|artificial|||||||||||pupae + larvae|Tyre tracks|artificial|||||||||||pupae + larvae|Other|||||||||||The main habitat types in the irrigated clusters were manmade ponds, tyre tracks, sugarcane farm ditches, hippopotamus trenches, hoof prints of hippopotamus and seepages from irrigation canals and gate valves ||||||||||||||||||||||||||||||||||||||||||||||||||||||||||||||||||||||||||||||||||||||||||||||||||||||||||||||||||||||||||||||||||||||||||||||||||||||||||||||||||||||||||||||||||JO||||||||
yes|yes|yes|phenotypic|VA57|10.1371/journal.pone.0261713 |Demissew |Evidence of pyrethroid resistance in Anopheles amharicus and Anopheles arabiensis from Arjo- Didessa irrigation scheme, Ethiopia |PLOS ONE |2022|Random|||Ethiopia|Arjo-Didessa |||||||||||||||||greater than 10km|wide area|GoogleMaps|Oromia ||The study was conducted at Arjo-Didessa sugarcane irrigation area and its vicinity, Oromia Region, Ethiopia. According to a secondary source The area is found between two districts, Jimma-Arjo district and Buno-Bedele district in Oromia. The irrigation area has been classified into 11 agricultural commands, for this study, eight clusters were randomly selected for larval/pupal collection on the basis of anopheline larvae availability, larval density and habitat distribution. These were Com- mand-2, command-3, Command-4, Command-5, Command-6 and Abote Didessa (from the irrigation scheme), and from Kerka and Didessa clusters (clusters outside the irrigation area)|yes|combination|combination|According to a secondary source, LLIN and IRS were routine practiced and larval habitat management through community involvement was rarely applied except during epidemic years.|Larvae||||||||||yes|no|no|9|11|2019|2019|||1477 mm/year||arabiensis||morph|genetic/molecular|||||||Farmer (subsistence)||||||||||||||other||||||||According to a secondary source, the site was formerly a wildlife sanctuary (Didessa wildlife sanctuary), but since 2006 changed to a state-owned sugarcane plantation development to supply the sugar factory.||||||||||||||||||||||||||||||||||||||||||||||||||||||||||||||||||||||||||||||||||||||||||||||||||||||||||||||||||||||||||||||||||||||||||||||||||||||||||||||pupae + larvae|Pond|artificial|||||||||||pupae + larvae|Tyre tracks|artificial|||||||||||pupae + larvae|Other|||||||||||The main habitat types in the irrigated clusters were manmade ponds, tyre tracks, sugarcane farm ditches, hippopotamus trenches, hoof prints of hippopotamus and seepages from irrigation canals and gate valves |Yes|||F1||3|5|WHO Bioassay 2016|deltamethrin|pyrethroid|Sodium channel modulators|3A|0.05||60|||||48||0.85||||20.6|80.6||||||||||||||||||||||||Of those samples analyzed for presence of kdr gene, none of them were positive for kdr (L1014F) allele mutation. |||||||||||||||||||||||||||||||||||||||||||||||||||||||||||||||||||||||||||||||||||||||||||||||||||||||||||||||||||||||||||||||JO||||||||
yes|yes|yes|phenotypic|VA57|10.1371/journal.pone.0261713 |Demissew |Evidence of pyrethroid resistance in Anopheles amharicus and Anopheles arabiensis from Arjo- Didessa irrigation scheme, Ethiopia |PLOS ONE |2022|Random|||Ethiopia|Arjo-Didessa |||||||||||||||||greater than 10km|wide area|GoogleMaps|Oromia ||The study was conducted at Arjo-Didessa sugarcane irrigation area and its vicinity, Oromia Region, Ethiopia. According to a secondary source The area is found between two districts, Jimma-Arjo district and Buno-Bedele district in Oromia. The irrigation area has been classified into 11 agricultural commands, for this study, eight clusters were randomly selected for larval/pupal collection on the basis of anopheline larvae availability, larval density and habitat distribution. These were Com- mand-2, command-3, Command-4, Command-5, Command-6 and Abote Didessa (from the irrigation scheme), and from Kerka and Didessa clusters (clusters outside the irrigation area)|yes|combination|combination|According to a secondary source, LLIN and IRS were routine practiced and larval habitat management through community involvement was rarely applied except during epidemic years.|Larvae||||||||||yes|no|no|9|11|2019|2019|||1477 mm/year||arabiensis||morph|genetic/molecular|||||||Farmer (subsistence)||||||||||||||other||||||||According to a secondary source, the site was formerly a wildlife sanctuary (Didessa wildlife sanctuary), but since 2006 changed to a state-owned sugarcane plantation development to supply the sugar factory.||||||||||||||||||||||||||||||||||||||||||||||||||||||||||||||||||||||||||||||||||||||||||||||||||||||||||||||||||||||||||||||||||||||||||||||||||||||||||||||pupae + larvae|Pond|artificial|||||||||||pupae + larvae|Tyre tracks|artificial|||||||||||pupae + larvae|Other|||||||||||The main habitat types in the irrigated clusters were manmade ponds, tyre tracks, sugarcane farm ditches, hippopotamus trenches, hoof prints of hippopotamus and seepages from irrigation canals and gate valves |Yes|||F1||3|5|WHO Bioassay 2016|alphacypermethrin|pyrethroid|Sodium channel modulators|3A|0.05||60|||||40||0.868||||14.4|44.7|||||||||||||||||||||||||||||||||||||||||||||||||||||||||||||||||||||||||||||||||||||||||||||||||||||||||||||||||||||||||||||||||||||||||||||||||||||||JO||||||||
yes|yes|yes|phenotypic|VA57|10.1371/journal.pone.0261713 |Demissew |Evidence of pyrethroid resistance in Anopheles amharicus and Anopheles arabiensis from Arjo- Didessa irrigation scheme, Ethiopia |PLOS ONE |2022|Random|||Ethiopia|Arjo-Didessa |||||||||||||||||greater than 10km|wide area|GoogleMaps|Oromia ||The study was conducted at Arjo-Didessa sugarcane irrigation area and its vicinity, Oromia Region, Ethiopia. According to a secondary source The area is found between two districts, Jimma-Arjo district and Buno-Bedele district in Oromia. The irrigation area has been classified into 11 agricultural commands, for this study, eight clusters were randomly selected for larval/pupal collection on the basis of anopheline larvae availability, larval density and habitat distribution. These were Com- mand-2, command-3, Command-4, Command-5, Command-6 and Abote Didessa (from the irrigation scheme), and from Kerka and Didessa clusters (clusters outside the irrigation area)|yes|combination|combination|According to a secondary source, LLIN and IRS were routine practiced and larval habitat management through community involvement was rarely applied except during epidemic years.|Larvae||||||||||yes|no|no|9|11|2019|2019|||1477 mm/year||arabiensis||morph|genetic/molecular|||||||Farmer (subsistence)||||||||||||||other||||||||According to a secondary source, the site was formerly a wildlife sanctuary (Didessa wildlife sanctuary), but since 2006 changed to a state-owned sugarcane plantation development to supply the sugar factory.||||||||||||||||||||||||||||||||||||||||||||||||||||||||||||||||||||||||||||||||||||||||||||||||||||||||||||||||||||||||||||||||||||||||||||||||||||||||||||||pupae + larvae|Pond|artificial|||||||||||pupae + larvae|Tyre tracks|artificial|||||||||||pupae + larvae|Other|||||||||||The main habitat types in the irrigated clusters were manmade ponds, tyre tracks, sugarcane farm ditches, hippopotamus trenches, hoof prints of hippopotamus and seepages from irrigation canals and gate valves |Yes|||F1||3|5|WHO Bioassay 2016|bendiocarb|carbamate|Acetylcholinesterase (AChE) inhibitors|1A|0.1||60|||||22||0.99||||||||||||||||||||||||||||||||||||||||||||||||||||||||||||||||||||||||||||||||||||||||||||||||||||||||||||||||||||||||||||||||||||||||||||||||||||||||||||JO||||||||
yes|yes|yes|phenotypic|VA57|10.1371/journal.pone.0261713 |Demissew |Evidence of pyrethroid resistance in Anopheles amharicus and Anopheles arabiensis from Arjo- Didessa irrigation scheme, Ethiopia |PLOS ONE |2022|Random|||Ethiopia|Arjo-Didessa |||||||||||||||||greater than 10km|wide area|GoogleMaps|Oromia ||The study was conducted at Arjo-Didessa sugarcane irrigation area and its vicinity, Oromia Region, Ethiopia. According to a secondary source The area is found between two districts, Jimma-Arjo district and Buno-Bedele district in Oromia. The irrigation area has been classified into 11 agricultural commands, for this study, eight clusters were randomly selected for larval/pupal collection on the basis of anopheline larvae availability, larval density and habitat distribution. These were Com- mand-2, command-3, Command-4, Command-5, Command-6 and Abote Didessa (from the irrigation scheme), and from Kerka and Didessa clusters (clusters outside the irrigation area)|yes|combination|combination|According to a secondary source, LLIN and IRS were routine practiced and larval habitat management through community involvement was rarely applied except during epidemic years.|Larvae||||||||||yes|no|no|9|11|2019|2019|||1477 mm/year||arabiensis||morph|genetic/molecular|||||||Farmer (subsistence)||||||||||||||other||||||||According to a secondary source, the site was formerly a wildlife sanctuary (Didessa wildlife sanctuary), but since 2006 changed to a state-owned sugarcane plantation development to supply the sugar factory.||||||||||||||||||||||||||||||||||||||||||||||||||||||||||||||||||||||||||||||||||||||||||||||||||||||||||||||||||||||||||||||||||||||||||||||||||||||||||||||pupae + larvae|Pond|artificial|||||||||||pupae + larvae|Tyre tracks|artificial|||||||||||pupae + larvae|Other|||||||||||The main habitat types in the irrigated clusters were manmade ponds, tyre tracks, sugarcane farm ditches, hippopotamus trenches, hoof prints of hippopotamus and seepages from irrigation canals and gate valves |Yes|||F1||3|5|WHO Bioassay 2016|propoxur|carbamate|Acetylcholinesterase (AChE) inhibitors|1A|0.1||60|||||26||1||||||||||||||||||||||||||||||||||||||||||||||||||||||||||||||||||||||||||||||||||||||||||||||||||||||||||||||||||||||||||||||||||||||||||||||||||||||||||||JO||||||||
yes|yes|yes|phenotypic|VA57|10.1371/journal.pone.0261713 |Demissew |Evidence of pyrethroid resistance in Anopheles amharicus and Anopheles arabiensis from Arjo- Didessa irrigation scheme, Ethiopia |PLOS ONE |2022|Random|||Ethiopia|Arjo-Didessa |||||||||||||||||greater than 10km|wide area|GoogleMaps|Oromia ||The study was conducted at Arjo-Didessa sugarcane irrigation area and its vicinity, Oromia Region, Ethiopia. According to a secondary source The area is found between two districts, Jimma-Arjo district and Buno-Bedele district in Oromia. The irrigation area has been classified into 11 agricultural commands, for this study, eight clusters were randomly selected for larval/pupal collection on the basis of anopheline larvae availability, larval density and habitat distribution. These were Com- mand-2, command-3, Command-4, Command-5, Command-6 and Abote Didessa (from the irrigation scheme), and from Kerka and Didessa clusters (clusters outside the irrigation area)|yes|combination|combination|According to a secondary source, LLIN and IRS were routine practiced and larval habitat management through community involvement was rarely applied except during epidemic years.|Larvae||||||||||yes|no|no|9|11|2019|2019|||1477 mm/year||arabiensis||morph|genetic/molecular|||||||Farmer (subsistence)||||||||||||||other||||||||According to a secondary source, the site was formerly a wildlife sanctuary (Didessa wildlife sanctuary), but since 2006 changed to a state-owned sugarcane plantation development to supply the sugar factory.||||||||||||||||||||||||||||||||||||||||||||||||||||||||||||||||||||||||||||||||||||||||||||||||||||||||||||||||||||||||||||||||||||||||||||||||||||||||||||||pupae + larvae|Pond|artificial|||||||||||pupae + larvae|Tyre tracks|artificial|||||||||||pupae + larvae|Other|||||||||||The main habitat types in the irrigated clusters were manmade ponds, tyre tracks, sugarcane farm ditches, hippopotamus trenches, hoof prints of hippopotamus and seepages from irrigation canals and gate valves |Yes|||F1||3|5|WHO Bioassay 2016|pirimiphos-methyl|organophosphate|Acetylcholinesterase (AChE) inhibitors|1B|0.25||60|||||31||1||||||||||||||||||||||||||||||||||||||||||||||||||||||||||||||||||||||||||||||||||||||||||||||||||||||||||||||||||||||||||||||||||||||||||||||||||||||||||||JO||||||||
