bio_data,occ_data, MAP_DATA,MAP_NOTES,source_ID,citation (DOI),author,article title,journal title,publication year,adult data,larval site data,IR data,study/sampling design,contact authors,source notes,country,site,latitude_1,longitude_1,latitude_2,longitude_2,latitude_3,longitude_3,latitude_4,longitude_4,latitude_5,longitude_5,latitude_6,longitude_6,latitude_7,longitude_7,latitude_8,longitude_8,confidence in georef,GOOD_GUESS,BAD_GUESS,area type,georef source,admin level_1,admin level_2,site notes,insecticide control,control type,ITN use?,control notes,sampling method_1,n_1,sampling method_2,n_2,sampling method_3,n_3,sampling method_4,n_4,n_tot,sampling method notes,binary presence,binary absence,abundance data in a graph,month_st,month_end,year_st,year_end,season (given),season (calc),rainfall/time,season notes ,species,SPECIES1,SPECIES2,species notes,id_1,id_2,roof,walls,house screening,open eaves,cooking,housing notes,common occupation_1,common occupation_2,common occupation_3,outdoor activities at night,sleeping outdoors,outdoor timings/hours,outdoor activities notes,average bedtime,average wake time,time people leave home  in morning,hours spent away from home per day,seasonal labour,community notes,forest,farming,farming notes,livestock_1,livestock_2,livestock_3,livestock_4,livestock notes,local plants,environment notes,sampling (biology)_1,sampling (biology)_2,sampling (biology)_3,sampling (biology)_n,parity (n),parity (total),parity (%),daily survival rate (%),fecundity (mean batch size),gonotrophic cycle (days),biology notes,sampling (infection)_1,sampling (infection)_2,sampling (infection)_3,sampling (infection)_n,SR by dissection (n),SR by dissection (total),SR by dissection (%),SR by CSP (n_pool),SR by CSP (total_pool),SR by CSP(%),SR by Pf (n),SR by Pf (total),SR by P. falciparum,SR by Pv (n),SR by Pv (total),SR by P. vivax,oocyst (n),oocyst (total),oocyst rate (%),EIR,EIR (period),Ext. incubation period (days),infection notes,HBR sampling (indoor),indoor HBR,HBR sampling (outdoor),outdoor HBR,HBR sampling (combined)_1,HBR sampling (combined)_2,HBR sampling (combined)_3,HBR sampling (combined)_n,combined HBR,HBR (unit),ABR sampling_1,ABR sampling_2,ABR sampling_3,ABR sampling_n,ABR,ABR unit,biting rate notes,host sampling (indoor),indoor host (n),indoor host (total),indoor host %,host sampling (outdoor),outdoor host (n),outdoor host (total),outdoor host (%),host sampling (combined)_1,host sampling (combined)_2,host sampling (combined)_3,host sampling (combined)_n,combined host (n),combined host (total),combined host,host (unit),host sampling (other)_1,host sampling (other)_2,host sampling (other)_3,host sampling (other)_n,other host (n),other host (total),host (other),host (other) unit,host notes,biting -  No. of sampling nights (indoors),biting sampling (indoor),indoor biting (n),indoor biting (total),indoor biting data,biting -  No. of sampling nights (outdoors),biting sampling (outdoor),outdoor biting (n),outdoor biting (total),outdoor biting data,indoor/outdoor biting (unit),indoor/outdoor biting notes,biting activity (indoor)  -  No. of sampling nights,18.00-19.00 (in),19.00-20.00 (in),20.00-21.00 (in),21.00-22.00 (in),22.00-23.00 (in),23.00-00.00 (in),00.00-01.00 (in),01.00-02.00 (in),02.00-03.00 (in),03.00-04.00 (in),04.00-05.00 (in),05.00-06.00 (in),18.30-21.30 (in),21.30-00.30 (in),00.30-03.30 (in),03.30-06.30 (in),biting activity (outdoor)  -  No. of sampling nights,18.00-19.00 (out),19.00-20.00 (out),20.00-21.00 (out),21.00-22.00 (out),22.00-23.00 (out),23.00-00.00 (out),00.00-01.00 (out),01.00-02.00 (out),02.00-03.00 (out),03.00-04.00 (out),04.00-05.00 (out),05.00-06.00 (out),18.30-21.30 (out),21.30-00.30 (out),00.30-03.30 (out),03.30-06.30 (out),biting activity (combined)  -  No. of sampling nights,18.00-19.00 (combined),19.00-20.00 (combined),20.00-21.00 (combined),21.00-22.00 (combined),22.00-23.00 (combined),23.00-00.00 (combined),00.00-01.00 (combined),01.00-02.00 (combined),02.00-03.00 (combined),03.00-04.00 (combined),04.00-05.00 (combined),05.00-06.00 (combined),18.30-21.30 (combined),21.30-00.30 (combined),00.30-03.30 (combined),03.30-06.30 (combined),biting notes,resting sampling (indoor),unfed (indoor),fed (indoor),gravid (indoor),total (indoor),resting sampling (outdoor),unfed (outdoor),fed (outdoor),gravid (outdoor),total (outdoor),resting sampling (other),unfed (other),fed (other),gravid (other),total (other),resting (unit),resting notes,larval habitat_1,LH-1_site character,LH-1_turbidity?,LH-1_salinity?,LH-1_vegetation?,LH-1_shade?,LH-1_water current,LH-1_size (diameter/widest point),LH-1_depth,LH-1_permanence,LH-1_other fauna?,LH-1_larval control present?,larval habitat_2,LH-2_site character,LH-2_turbididity?,LH-2_salinity?,LH-2_vegetation?,LH-2_shade?,LH-2_water current,LH-2_size,LH-2_depth,LH-2_permenance,LH-2_other fauna?,LH-2_larval control present?,Larval habitat_3,LH-1_site character_3,LH-3_turbidity?,LH-3_salinity?,LH-3_vegetation?,LH-3_shade?,LH-3_water current,LH-3_size,LH-3_depth,LH-3_other fauna?,LH-3_larval control present?,larval notes,data abstracted by,data checked by,final check
0,1,yes,"Paper is pre 1981, no vectors",4504,,Stafford,,,,no,,,,,,,,,,,,,,,,,,,,,,,,,,,,,,,,,,,,,,,,,,,,,,,,,,,,,,,,,,,,,,,,,,,,,,,,,,,,,,,,,,,,,,,,,,,,,,,,,,,,,,,,,,,,,,,,,,,,,,,,,,,,,,,,,,,,,,,,,,,,,,,,,,,,,,,,,,,,,,,,,,,,,,,,,,,,,,,,,,,,,,,,,,,,,,,,,,,,,,,,,,,,,,,,,,,,,,,,,,,,,,,,,,,,,,,,,,,,,,,,,,,,,,,,,,,,,,,,,,,,,,,,,,,,,,,,,,,,,,,,,,,,,,,
0,1,yes,"Paper is pre 1981, no vectors",4505,,Hutapea,,,,no,,,,,,,,,,,,,,,,,,,,,,,,,,,,,,,,,,,,,,,,,,,,,,,,,,,,,,,,,,,,,,,,,,,,,,,,,,,,,,,,,,,,,,,,,,,,,,,,,,,,,,,,,,,,,,,,,,,,,,,,,,,,,,,,,,,,,,,,,,,,,,,,,,,,,,,,,,,,,,,,,,,,,,,,,,,,,,,,,,,,,,,,,,,,,,,,,,,,,,,,,,,,,,,,,,,,,,,,,,,,,,,,,,,,,,,,,,,,,,,,,,,,,,,,,,,,,,,,,,,,,,,,,,,,,,,,,,,,,,,,,,,,,,,
0,1,yes,"Paper is pre 1981, no vectors",4506,,Stafford,,,,no,,,,,,,,,,,,,,,,,,,,,,,,,,,,,,,,,,,,,,,,,,,,,,,,,,,,,,,,,,,,,,,,,,,,,,,,,,,,,,,,,,,,,,,,,,,,,,,,,,,,,,,,,,,,,,,,,,,,,,,,,,,,,,,,,,,,,,,,,,,,,,,,,,,,,,,,,,,,,,,,,,,,,,,,,,,,,,,,,,,,,,,,,,,,,,,,,,,,,,,,,,,,,,,,,,,,,,,,,,,,,,,,,,,,,,,,,,,,,,,,,,,,,,,,,,,,,,,,,,,,,,,,,,,,,,,,,,,,,,,,,,,,,,,
0,1,yes,"Paper is pre 1981, no vectors",4507,,Joesoef,,,,no,,,,,,,,,,,,,,,,,,,,,,,,,,,,,,,,,,,,,,,,,,,,,,,,,,,,,,,,,,,,,,,,,,,,,,,,,,,,,,,,,,,,,,,,,,,,,,,,,,,,,,,,,,,,,,,,,,,,,,,,,,,,,,,,,,,,,,,,,,,,,,,,,,,,,,,,,,,,,,,,,,,,,,,,,,,,,,,,,,,,,,,,,,,,,,,,,,,,,,,,,,,,,,,,,,,,,,,,,,,,,,,,,,,,,,,,,,,,,,,,,,,,,,,,,,,,,,,,,,,,,,,,,,,,,,,,,,,,,,,,,,,,,,,
0,1,yes,No Vector data. ,4508,,Gandahusada,,,1981,no,,,,,,,,,,,,,,,,,,,,,,,,,,,,,,,,,,,,,,,,,,,,,,,,,,,,,,,,,,,,,,,,,,,,,,,,,,,,,,,,,,,,,,,,,,,,,,,,,,,,,,,,,,,,,,,,,,,,,,,,,,,,,,,,,,,,,,,,,,,,,,,,,,,,,,,,,,,,,,,,,,,,,,,,,,,,,,,,,,,,,,,,,,,,,,,,,,,,,,,,,,,,,,,,,,,,,,,,,,,,,,,,,,,,,,,,,,,,,,,,,,,,,,,,,,,,,,,,,,,,,,,,,,,,,,,,,,,,,,,,,,,,,,,
0,1,yes,"Paper in foreign language, but doesn't seem to have data from the abstract in English. (paper appears to be in Indonesian, but english abstracts and summaries do not indicate any Anopheles sampling. Only evidence of An. presence is from a personal communication with a WHO entomologist called Akimaya (EH))",4509,,Simanjuntak,,,1981,no,,,,,,,,,,,,,,,,,,,,,,,,,,,,,,,,,,,,,,,,,,,,,,,,,,,,,,,,,,,,,,,,,,,,,,,,,,,,,,,,,,,,,,,,,,,,,,,,,,,,,,,,,,,,,,,,,,,,,,,,,,,,,,,,,,,,,,,,,,,,,,,,,,,,,,,,,,,,,,,,,,,,,,,,,,,,,,,,,,,,,,,,,,,,,,,,,,,,,,,,,,,,,,,,,,,,,,,,,,,,,,,,,,,,,,,,,,,,,,,,,,,,,,,,,,,,,,,,,,,,,,,,,,,,,,,,,,,,,,,,,,,,,,,
0,1,yes,No Vector data. ,4510,,Dimpudus,,,1981,no,,,,,,,,,,,,,,,,,,,,,,,,,,,,,,,,,,,,,,,,,,,,,,,,,,,,,,,,,,,,,,,,,,,,,,,,,,,,,,,,,,,,,,,,,,,,,,,,,,,,,,,,,,,,,,,,,,,,,,,,,,,,,,,,,,,,,,,,,,,,,,,,,,,,,,,,,,,,,,,,,,,,,,,,,,,,,,,,,,,,,,,,,,,,,,,,,,,,,,,,,,,,,,,,,,,,,,,,,,,,,,,,,,,,,,,,,,,,,,,,,,,,,,,,,,,,,,,,,,,,,,,,,,,,,,,,,,,,,,,,,,,,,,,
0,1,yes,No Vector data. ,4511,,Smrkovski,,,1983,no,,,,,,,,,,,,,,,,,,,,,,,,,,,,,,,,,,,,,,,,,,,,,,,,,,,,,,,,,,,,,,,,,,,,,,,,,,,,,,,,,,,,,,,,,,,,,,,,,,,,,,,,,,,,,,,,,,,,,,,,,,,,,,,,,,,,,,,,,,,,,,,,,,,,,,,,,,,,,,,,,,,,,,,,,,,,,,,,,,,,,,,,,,,,,,,,,,,,,,,,,,,,,,,,,,,,,,,,,,,,,,,,,,,,,,,,,,,,,,,,,,,,,,,,,,,,,,,,,,,,,,,,,,,,,,,,,,,,,,,,,,,,,,,
0,1,yes,No Vector data. ,4512,,Hoffman,,,1984,no,,,,,,,,,,,,,,,,,,,,,,,,,,,,,,,,,,,,,,,,,,,,,,,,,,,,,,,,,,,,,,,,,,,,,,,,,,,,,,,,,,,,,,,,,,,,,,,,,,,,,,,,,,,,,,,,,,,,,,,,,,,,,,,,,,,,,,,,,,,,,,,,,,,,,,,,,,,,,,,,,,,,,,,,,,,,,,,,,,,,,,,,,,,,,,,,,,,,,,,,,,,,,,,,,,,,,,,,,,,,,,,,,,,,,,,,,,,,,,,,,,,,,,,,,,,,,,,,,,,,,,,,,,,,,,,,,,,,,,,,,,,,,,,
0,1,yes,No Vector data. ,4514,,Kaneko,,,1989,no,,,,,,,,,,,,,,,,,,,,,,,,,,,,,,,,,,,,,,,,,,,,,,,,,,,,,,,,,,,,,,,,,,,,,,,,,,,,,,,,,,,,,,,,,,,,,,,,,,,,,,,,,,,,,,,,,,,,,,,,,,,,,,,,,,,,,,,,,,,,,,,,,,,,,,,,,,,,,,,,,,,,,,,,,,,,,,,,,,,,,,,,,,,,,,,,,,,,,,,,,,,,,,,,,,,,,,,,,,,,,,,,,,,,,,,,,,,,,,,,,,,,,,,,,,,,,,,,,,,,,,,,,,,,,,,,,,,,,,,,,,,,,,,
0,1,yes,No Vector data. ,4515,,Baird,,,1990,no,,,,,,,,,,,,,,,,,,,,,,,,,,,,,,,,,,,,,,,,,,,,,,,,,,,,,,,,,,,,,,,,,,,,,,,,,,,,,,,,,,,,,,,,,,,,,,,,,,,,,,,,,,,,,,,,,,,,,,,,,,,,,,,,,,,,,,,,,,,,,,,,,,,,,,,,,,,,,,,,,,,,,,,,,,,,,,,,,,,,,,,,,,,,,,,,,,,,,,,,,,,,,,,,,,,,,,,,,,,,,,,,,,,,,,,,,,,,,,,,,,,,,,,,,,,,,,,,,,,,,,,,,,,,,,,,,,,,,,,,,,,,,,,
0,1,yes,No Vector data. ,4517,,Fryauff,,,1998,no,,,,,,,,,,,,,,,,,,,,,,,,,,,,,,,,,,,,,,,,,,,,,,,,,,,,,,,,,,,,,,,,,,,,,,,,,,,,,,,,,,,,,,,,,,,,,,,,,,,,,,,,,,,,,,,,,,,,,,,,,,,,,,,,,,,,,,,,,,,,,,,,,,,,,,,,,,,,,,,,,,,,,,,,,,,,,,,,,,,,,,,,,,,,,,,,,,,,,,,,,,,,,,,,,,,,,,,,,,,,,,,,,,,,,,,,,,,,,,,,,,,,,,,,,,,,,,,,,,,,,,,,,,,,,,,,,,,,,,,,,,,,,,,
0,1,yes,No Vector data. ,4518,,Purnomo,,,1999,no,,,,,,,,,,,,,,,,,,,,,,,,,,,,,,,,,,,,,,,,,,,,,,,,,,,,,,,,,,,,,,,,,,,,,,,,,,,,,,,,,,,,,,,,,,,,,,,,,,,,,,,,,,,,,,,,,,,,,,,,,,,,,,,,,,,,,,,,,,,,,,,,,,,,,,,,,,,,,,,,,,,,,,,,,,,,,,,,,,,,,,,,,,,,,,,,,,,,,,,,,,,,,,,,,,,,,,,,,,,,,,,,,,,,,,,,,,,,,,,,,,,,,,,,,,,,,,,,,,,,,,,,,,,,,,,,,,,,,,,,,,,,,,,
0,1,yes,"Study on malaria from abstract, doesn't look like it has Vector data, the paper is in a foreign language. (indonesian (EH))",4519,,Ristiyanto,,,2002,no,,,,,,,,,,,,,,,,,,,,,,,,,,,,,,,,,,,,,,,,,,,,,,,,,,,,,,,,,,,,,,,,,,,,,,,,,,,,,,,,,,,,,,,,,,,,,,,,,,,,,,,,,,,,,,,,,,,,,,,,,,,,,,,,,,,,,,,,,,,,,,,,,,,,,,,,,,,,,,,,,,,,,,,,,,,,,,,,,,,,,,,,,,,,,,,,,,,,,,,,,,,,,,,,,,,,,,,,,,,,,,,,,,,,,,,,,,,,,,,,,,,,,,,,,,,,,,,,,,,,,,,,,,,,,,,,,,,,,,,,,,,,,,,
0,1,yes,"Paper in foreign language, but doesn't seem to have data from the abstract in English. (indonesian (EH))",4521,,Ompusunggu,,,2005,no,,,,,,,,,,,,,,,,,,,,,,,,,,,,,,,,,,,,,,,,,,,,,,,,,,,,,,,,,,,,,,,,,,,,,,,,,,,,,,,,,,,,,,,,,,,,,,,,,,,,,,,,,,,,,,,,,,,,,,,,,,,,,,,,,,,,,,,,,,,,,,,,,,,,,,,,,,,,,,,,,,,,,,,,,,,,,,,,,,,,,,,,,,,,,,,,,,,,,,,,,,,,,,,,,,,,,,,,,,,,,,,,,,,,,,,,,,,,,,,,,,,,,,,,,,,,,,,,,,,,,,,,,,,,,,,,,,,,,,,,,,,,,,,
0,1,yes,No Vector data. ,4523,,Beasley,,,2000,no,,,,,,,,,,,,,,,,,,,,,,,,,,,,,,,,,,,,,,,,,,,,,,,,,,,,,,,,,,,,,,,,,,,,,,,,,,,,,,,,,,,,,,,,,,,,,,,,,,,,,,,,,,,,,,,,,,,,,,,,,,,,,,,,,,,,,,,,,,,,,,,,,,,,,,,,,,,,,,,,,,,,,,,,,,,,,,,,,,,,,,,,,,,,,,,,,,,,,,,,,,,,,,,,,,,,,,,,,,,,,,,,,,,,,,,,,,,,,,,,,,,,,,,,,,,,,,,,,,,,,,,,,,,,,,,,,,,,,,,,,,,,,,,
0,1,yes,"The 1st trial was conducted during the dry season, May-June where An. gambiae s.s. S form accounted for only 5% of the total. (study is a trial of itns. ? Is a verandah trap (EH))",4524,10.3201/eid1411.071575 ,Pennetier,Mixture for Controlling Insecticide- Resistant Malaria Vectors ,Emerging Infectious Diseases ,2008,yes,no,genotypic,,,,Burkina Faso,VK7 Village,11.4,-4.4167,,,,,,,,,,,,,,,,no,no,point,other,Not Specified,Not Specified,"Not Listed- village is in the valley of Kou River, near Bobo-Dioulasso, in Southwestern part of the country. Coords, of this site could not be found using all available source, and limited info to investigate further. (VK7 mentioned in mulitple sources, but best coords appear to come from pdf 3067. Match description given in this pdf (EH))",yes,ITN,,,HRI ,,HBN,,?,,,,,,yes,no,na,5,6,2006,2006,dry,,,,,gambiae (S/M),n.a.,M & S Form,morph,,,,,,,,Farmer (subsistence),,,,,,,,,,,,The area is used by farmers for large-scale cultivation of rice.,,rice,,,,,,,,,,,,,,,,,,,,,,,,,,,,,,,,,,,,,,,,,,,,,,,,,,,,,,,,,,,,,,,,,,,,,,,,,,,,,,,,,,,,,,,,,,,,,,,,,,,,,,,,,,,,,,,,,,,,,,,,,,,,,,,,,,,,,,,,,,,,,,,,,,,,,,,,,,,,,,,,,,,,,,,,,,,,,,,,,,,,,,,,,,,,,,,,,,,,,,,,,,JO,JAO,CMK
0,1,yes,During the wet season (2nd trail) An. gambiae s.s. S form accounted for 85% of the total collections.,4524,10.3201/eid1411.071575 ,Pennetier,Mixture for Controlling Insecticide- Resistant Malaria Vectors ,Emerging Infectious Diseases ,2008,yes,no,genotypic,,,,Burkina Faso,VK7 Village,11.4,-4.4167,,,,,,,,,,,,,,,,no,no,point,other,Not Specified,Not Specified,"Not Listed- village is in the valley of Kou River, near Bobo-Dioulasso, in Southwestern part of the country. Coords, of this site could not be found using all available source, and limited info to investigate further. (VK7 mentioned in mulitple sources, but best coords appear to come from pdf 3067. Match description given in this pdf (EH))",yes,ITN,,,HRI ,,HBN,,?,,,,,,yes,no,na,9,10,2006,2006,wet,,,,,gambiae (S/M),n.a.,M & S Form,morph,,,,,,,,Farmer (subsistence),,,,,,,,,,,,The area is used by farmers for large-scale cultivation of rice.,,rice,,,,,,,,,,,,,,,,,,,,,,,,,,,,,,,,,,,,,,,,,,,,,,,,,,,,,,,,,,,,,,,,,,,,,,,,,,,,,,,,,,,,,,,,,,,,,,,,,,,,,,,,,,,,,,,,,,,,,,,,,,,,,,,,,,,,,,,,,,,,,,,,,,,,,,,,,,,,,,,,,,,,,,,,,,,,,,,,,,,,,,,,,,,,,,,,,,,,,,,,,,JO,JAO,CMK
0,1,yes,field collections were done at this site.,4525,,Vidhyanandhini,,,2008,yes,,,,,,India,Pondicherry,11.933,79.834,,,,,,,,,,,,,,,,no,no,point,*encarta,Pondicherry ,Not Specified,"Not Listed- paper coords closely match encarta coords (coords in paper are 11.9938, 79.8508 (EH))",n.a.,,,,,,,,,,,,,,,,,,,,,,,,,,stephensi,n.a.,,morph,genetic/molecular,,,,,,,,,,,,,,,,,,,,,,,,,,,,,,,,,,,,,,,,,,,,,,,,,,,,,,,,,,,,,,,,,,,,,,,,,,,,,,,,,,,,,,,,,,,,,,,,,,,,,,,,,,,,,,,,,,,,,,,,,,,,,,,,,,,,,,,,,,,,,,,,,,,,,,,,,,,,,,,,,,,,,,,,,,,,,,,,,,,,,,,,,,,,,,,,,,,,,,,,,,,,,,,,,,,,,,,,,,,,,,,,,
0,1,yes,field collections were done at this site.,4525,,Vidhyanandhini,,,2008,yes,,,,,,India,Rameswaram,9.284,79.316,,,,,,,,,,,,,,,,no,no,point,*encarta,Not Specified,Not Specified,"Not Listed- paper coords are (9.254, 79.274), when plotted in encarta, they fall about 5.2 km SW of Rameswaram city. ",n.a.,,,,,,,,,,,,,,,,,,,,,,,,,,culicifacies,n.a.,,morph,genetic/molecular,,,,,,,,,,,,,,,,,,,,,,,,,,,,,,,,,,,,,,,,,,,,,,,,,,,,,,,,,,,,,,,,,,,,,,,,,,,,,,,,,,,,,,,,,,,,,,,,,,,,,,,,,,,,,,,,,,,,,,,,,,,,,,,,,,,,,,,,,,,,,,,,,,,,,,,,,,,,,,,,,,,,,,,,,,,,,,,,,,,,,,,,,,,,,,,,,,,,,,,,,,,,,,,,,,,,,,,,,,,,,,,,,
0,1,yes,"CDC LT used for collections were placed in cow farms and stables. (also found An. maculipennis. Should contact authors to try and get locations of individual sampling sites, and year by year data (EH))",4526,,Aranda,,,2008,yes,,,,,,Spain,Badia de Roses,42.201,3.104,,,,,,,,,,,,,,,,no,no,wide area,*encarta,Catalonia,Girona,"N/E- Badia de Roses is located on the coast, in the province of Girona. It forms a bay which borders on swamps, salt marshes and lagoons. Four locations were sampled. (Found gulf of roses in encarta to the north east of Girona city. Took a midpoint of the bay, and from measuring width of bay in encarta judge to be a wide area. Should contact authors to try and get precise coords for 4 sampling sites (EH))",n.a.,,,,ILT ,3294,,,,,,,,,,,,5,11,2001,2005,,,,,,atroparvus,n.a.,,morph,,,,,,,,,,,,,,,,,,,,,,,,,,,,,,,,,,,,,,,,,,,,,,,,,,,,,,,,,,,,,,,,,,,,,,,,,,,,,,,,,,,,,,,,,,,,,,,,,,,,,,,,,,,,,,,,,,,,,,,,,,,,,,,,,,,,,,,,,,,,,,,,,,,,,,,,,,,,,,,,,,,,,,,,,,,,,,,,,,,,,,,,,,,,,,,,,,,,,,,,,,,,,,,,,,,,,,,,,,,,,,,,,,
0,1,yes,"Other Anophelines collected here were An. algeriensis, An. claviger & An. plumbeus (Also collected in Bacelona). ",4526,,Aranda,,,2008,yes,,,,,,Spain,Marismas del Odiel & Donana,36.995,-6.397,,,,,,,,,,,,,,,,no,no,large polygon,*encarta,Andalusia,Huelva,"N/E- sites are along the tidal salt marshes of the lower reaches of the Guadalquivir River i.e. 10 different locations were sampled. (centroids for Donana National Park (39.995, -6.397) and Marismas del Odiel salt marshes (37.057, -6.223) are from encarta, where the two features are clearly displayed. Area type is from encarta. Should contact authors for 10 individual sites, as a large area is not useful (EH))",n.a.,,,,LT,517,,,,,,,,,,,,5,11,2002,2005,,,,,,atroparvus,n.a.,,morph,,,,,,,,,,,,,,,,,,,,,,,,,,,,,,,,,,,,,,,,,,,,,,,,,,,,,,,,,,,,,,,,,,,,,,,,,,,,,,,,,,,,,,,,,,,,,,,,,,,,,,,,,,,,,,,,,,,,,,,,,,,,,,,,,,,,,,,,,,,,,,,,,,,,,,,,,,,,,,,,,,,,,,,,,,,,,,,,,,,,,,,,,,,,,,,,,,,,,,,,,,,,,,,,,,,,,,,,,,,,,,,,,,
0,1,yes,,4526,,Aranda,,,2008,yes,,,,,,Spain,Delta de l'Ebre,40.716,0.695,,,,,,,,,,,,,,,,no,no,small polygon,*encarta,Catalonia,Tarragona,"N/E- Delta de l'Ebre region is located in the province of Tarragona and it consists of a delta, almost entirely covered by rice fields, and areas of swamps and salt mashes. 13 locations were sampled. (The delta of the river Ebro (Delta de l'Ebre) was found in encarta, and a centroid used for a small polygon. (EH))",n.a.,,,,HLC,1035,,,,,,,,,,,,5,11,2001,2005,,,,,,atroparvus,n.a.,,morph,,,,,,,,,,,,,,,,,,,,,,,,,,,,,,,,,,,,,,,,,,,,,,,,,,,,,,,,,,,,,,,,,,,,,,,,,,,,,,,,,,,,,,,,,,,,,,,,,,,,,,,,,,,,,,,,,,,,,,,,,,,,,,,,,,,,,,,,,,,,,,,,,,,,,,,,,,,,,,,,,,,,,,,,,,,,,,,,,,,,,,,,,,,,,,,,,,,,,,,,,,,,,,,,,,,,,,,,,,,,,,,,,,
0,1,yes,"Other anophelines accounting for only 2% of total collections were An. kondori, An. triannulatus, An. evansae, An. deaneorum, An. peryassui, An. rangeli & An. braziliensis.",4527,,Cruz,,,2008,yes,,,,,,Brazil,Porto Velho sampling sites (along Madeira River),-8.8,-63.933,,,,,,,,,,,,,,,,no,no,large polygon,*encarta,Rondonia state,Porto Velho,"Not Listed- 21 collection sites on both sides of the Madeira River, along a 260 km stretch between Santa Antonio (-8.8063, -63.9440) paper and Abena District (-9.6983, -65.3718). So, it’s a wide area. We don't know the exact sq. km it covers to classify it as a polygon, it's more correct to call is a wide area and not a point, because a river can't be a point. Used the coords of the two points to show the beginning and ending point of the study area. In encarta the point/limits/boundaries are quite clear and there is no need to define then further i.e. adding extra LL.    (Sampling area is 260km long, so is not a wide area. Have used encarta coords for Santo Antonio (-8.8, -63.933) which match closely to coords in paper (-8.8063, -63.9441). Coords for Abuna are -9.715, -65.371 in encarta, but since the paper says the study went up to Abuna district, and I can't find a map of the district, I've used coords in paper (-9.6984, -65.3718). Need to contact authors, as there are 21 potential sampling sites, and the data as we have it is unusable (EH))",n.a.,,,,HLC - in,,HLC - out,,,,,,,,,,,7,12,2004,2004,,,,,,albitarsis,n.a.,,morph,,,,,,,,,,,,,,,,,,,,,,,,,,,,,,,,,,,,,,,,,,,,,,,,,,,,,,,,,,,,,,,,,,,,,,,,,,,,,,,,,,,,,,,,,,,,,,,,,,,,,,,,,,,,,,,,,,,,,,,,,,,,,,,,,,,,,,,,,,,,,,,,,,,,,,,,,,,,,,,,,,,,,,,,,,,,,,,,,,,,,,,,,,,,,,,,,,,,,,,,,,,,,,,,,,,,,,,,,,,,,,,,,,
0,1,yes,,4527,,Cruz,,,2008,yes,,,,,,Brazil,Porto Velho sampling sites (along Madeira River),-8.8,-63.933,,,,,,,,,,,,,,,,,,,,,,,n.a.,,,,HLC - in,,HLC - out,,,,,,,,,,,7,12,2004,2004,,,,,,darlingi,n.a.,,morph,,,,,,,,,,,,,,,,,,,,,,,,,,,,,,,,,,,,,,,,,,,,,,,,,,,,,,,,,,,,,,,,,,,,,,,,,,,,,,,,,,,,,,,,,,,,,,,,,,,,,,,,,,,,,,,,,,,,,,,,,,,,,,,,,,,,,,,,,,,,,,,,,,,,,,,,,,,,,,,,,,,,,,,,,,,,,,,,,,,,,,,,,,,,,,,,,,,,,,,,,,,,,,,,,,,,,,,,,,,,,,,,,,
0,1,yes,"(Also found An. hyrcanus. An. hyrcanus also found at Chapaev (1241706655; 38.429705, 68.156379), Nouraosty (-517054309; 38.414708, 68.121056),  and Lohuti (-1615708864; 38.423992, 68.115167). Site names are from Site IDs, not the paper, but can tell from map in paper and google earth that they are the same sites. (EH))",4528,,Matthys,,,2008,yes,,,,,,Tajikistan,Shark,,,,,,,,,,,,,,,,,,no,no,point,combination,,,"(Site ID coords (38.426853, 68.156379) come from google earth, with which the aerial photo from the paper can be matched up. Name of Shark given in site ID, not the paper (EH))",n.a.,,,,Larvae,,,,,,,,,,,,,8,9,2007,2007,,,,,,superpictus,n.a.,,morph,,,,,,,,,,,,,,,,,,,,,,,,,,,,,,,,,,,,,,,,,,,,,,,,,,,,,,,,,,,,,,,,,,,,,,,,,,,,,,,,,,,,,,,,,,,,,,,,,,,,,,,,,,,,,,,,,,,,,,,,,,,,,,,,,,,,,,,,,,,,,,,,,,,,,,,,,,,,,,,,,,,,,,,,,,,,,,,,,,,,,,,,,,,,,,,,,,,,,,,,,,,,,,,,,,,,,,,,,,,,,,,,,,
0,1,yes,"(Also found An. claviger. An. claviger also found in Chapaev (1241706655; 38.429705, 68.179665). Site name is from Site ID, not the paper, but can tell from map in paper and google earth that it is the same sites. (EH))",4528,,Matthys,,,2008,yes,,,,,,Tajikistan,Natural Creek,38.418413,68.170373,,,,,,,,,,,,,,,,no,no,point,combination,,,"(coords are from google earth, when matched up with aerial photo in paper (EH))",n.a.,,,,Larvae,,,,,,,,,,,,,8,9,2007,2007,,,,,,superpictus,n.a.,,morph,,,,,,,,,,,,,,,,,,,,,,,,,,,,,,,,,,,,,,,,,,,,,,,,,,,,,,,,,,,,,,,,,,,,,,,,,,,,,,,,,,,,,,,,,,,,,,,,,,,,,,,,,,,,,,,,,,,,,,,,,,,,,,,,,,,,,,,,,,,,,,,,,,,,,,,,,,,,,,,,,,,,,,,,,,,,,,,,,,,,,,,,,,,,,,,,,,,,,,,,,,,,,,,,,,,,,,,,,,,,,,,,,,
0,1,yes,(Also found An. hyrcanus. (EH)),4528,,Matthys,,,2008,yes,,,,,,Tajikistan,Rice Paddy,38.397995,68.083792,,,,,,,,,,,,,,,,no,no,point,combination,,,"(coords are from google earth, when matched up with aerial photo in paper (EH))",n.a.,,,,Larvae,,,,,,,,,,,,,8,9,2007,2007,,,,,,superpictus,n.a.,,morph,,,,,,,,,,,,,,,,,,,,,,,,,,,,,,,,,,,,,,,,,,,,,,,,,,,,,,,,,,,,,,,,,,,,,,,,,,,,,,,,,,,,,,,,,,,,,,,,,,,,,,,,,,,,,,,,,,,,,,,,,,,,,,,,,,,,,,,,,,,,,,,,,,,,,,,,,,,,,,,,,,,,,,,,,,,,,,,,,,,,,,,,,,,,,,,,,,,,,,,,,,,,,,,,,,,,,,,,,,,,,,,,,,
0,1,yes,Other anophelines found An. peditaeniatus and An. tellatus ,4529,,Tuetun,,,2008,yes,,,,,,Thailand,Nong Chom Subdistrict,18.8535,99.0141,,,,,,,,,,,,,,,,no,no,point,webdb,Chiang Mai,San Sai district,"Not Listed-Site is a suburban area & subdisdrict. Coords from google earth, checked coords in encarta and they fall in the correct place.",n.a.,,,,HLC,,,,,,,,,,,,,9,11,2005,2005,,,,,,barbirostris,n.a.,,morph,,,,,,,,,,,,,,,,,,,,,,,,,,,,,,,,,,,,,,,,,,,,,,,,,,,,,,,,,,,,,,,,,,,,,,,,,,,,,,,,,,,,,,,,,,,,,,,,,,,,,,,,,,,,,,,,,,,,,,,,,,,,,,,,,,,,,,,,,,,,,,,,,,,,,,,,,,,,,,,,,,,,,,,,,,,,,,,,,,,,,,,,,,,,,,,,,,,,,,,,,,,,,,,,,,,,,,,,,,,,,,,,,,
0,1,yes,No Vector data. ,4530,,MOH Ethiopia,,,2008,no,,,,,,Thailand,Nong Chom Subdistrict,18.8535,99.0141,,,,,,,,,,,,,,,,,,,,,,,,,,,,,,,,,,,,,,,,,,,,,,,,,,,,,,,,,,,,,,,,,,,,,,,,,,,,,,,,,,,,,,,,,,,,,,,,,,,,,,,,,,,,,,,,,,,,,,,,,,,,,,,,,,,,,,,,,,,,,,,,,,,,,,,,,,,,,,,,,,,,,,,,,,,,,,,,,,,,,,,,,,,,,,,,,,,,,,,,,,,,,,,,,,,,,,,,,,,,,,,,,,,,,,,,,,,,,,,,,,,,,,,,,,,,,,,,,,,,,,,,,,,,,,,,,,,,,,
0,1,yes,Mosquito collection were conducted in two periods; before nets (Oct. 2000-Sept 2001) and after distribution (Oct 2001-June 2003). (these study villages were given no nets (EH)),4531,,Sahu,,,2008,yes,,,,,,India,"Rauligunda, Majtigunda & Rengamguda villages",18.483,82.247,18.278,82.125,,,,,,,,,,,,,,no,no,small polygon,combination,Orissa State,Malkangiri district,"Not Listed- Used map in article and encarta to estimate the site location, and plotted it in encarta. Wide area because the studies were done in groups of 3 villages. Used coords for each of the villages in sequence to represent the study area. (coords for Rauligunda are 18.531, 82.282; Majtigunda = 18.483, 82.247; Rengamguda = 18.278, 82.125 (EH))",no,na,,,HRI ,,,,,,,,,,,,,10,6,2000,2003,,,,,,culicifacies,n.a.,,?,,,,,,,,,,,,,,,,,,,,,,,,,,,,,,,,,,,,,,,,,,,,,,,,,,,,,,,,,,,,,,,,,,,,,,,,,,,,,,,,,,,,,,,,,,,,,,,,,,,,,,,,,,,,,,,,,,,,,,,,,,,,,,,,,,,,,,,,,,,,,,,,,,,,,,,,,,,,,,,,,,,,,,,,,,,,,,,,,,,,,,,,,,,,,,,,,,,,,,,,,,,,,,,,,,,,,,,,,,,,,,,,,,
0,1,yes,Mosquito collection were conducted in two periods; before nets (Oct. 2000-Sept 2001) and after distribution (Oct 2001-June 2003).,4531,,Sahu,,,2008,yes,,,,,,India,"Rauligunda, Majtigunda & Rengamguda villages",18.483,82.247,18.278,82.125,,,,,,,,,,,,,,,,,,,,,no,na,,,HRI ,,,,,,,,,,,,,10,6,2000,2003,,,,,,fluviatilis,n.a.,,?,,,,,,,,,,,,,,,,,,,,,,,,,,,,,,,,,,,,,,,,,,,,,,,,,,,,,,,,,,,,,,,,,,,,,,,,,,,,,,,,,,,,,,,,,,,,,,,,,,,,,,,,,,,,,,,,,,,,,,,,,,,,,,,,,,,,,,,,,,,,,,,,,,,,,,,,,,,,,,,,,,,,,,,,,,,,,,,,,,,,,,,,,,,,,,,,,,,,,,,,,,,,,,,,,,,,,,,,,,,,,,,,,,
0,1,yes,"(monthly vector presence in each of the village sets is shown in figure 2. When very low densities of vectors were caught it became difficult to distinguish between presence and absence, so no zero values have been given, and only months where presence is certain are recorded. Could contact authors for more definitive data (EH))",4531,,Sahu,,,2008,yes,,,,,,India,"Rauligunda, Majtigunda & Rengamguda villages",18.483,82.247,18.278,82.125,,,,,,,,,,,,,,,,,,,,,no,na,,,HRI ,,,,,,,,,,,,,2,2,2001,2001,,,,,,culicifacies,n.a.,,?,,,,,,,,,,,,,,,,,,,,,,,,,,,,,,,,,,,,,,,,,,,,,,,,,,,,,,,,,,,,,,,,,,,,,,,,,,,,,,,,,,,,,,,,,,,,,,,,,,,,,,,,,,,,,,,,,,,,,,,,,,,,,,,,,,,,,,,,,,,,,,,,,,,,,,,,,,,,,,,,,,,,,,,,,,,,,,,,,,,,,,,,,,,,,,,,,,,,,,,,,,,,,,,,,,,,,,,,,,,,,,,,,,
0,1,yes,,4531,,Sahu,,,2008,yes,,,,,,India,"Rauligunda, Majtigunda & Rengamguda villages",18.483,82.247,18.278,82.125,,,,,,,,,,,,,,,,,,,,,no,na,,,HRI ,,,,,,,,,,,,,3,3,2001,2001,,,,,,culicifacies,n.a.,,?,,,,,,,,,,,,,,,,,,,,,,,,,,,,,,,,,,,,,,,,,,,,,,,,,,,,,,,,,,,,,,,,,,,,,,,,,,,,,,,,,,,,,,,,,,,,,,,,,,,,,,,,,,,,,,,,,,,,,,,,,,,,,,,,,,,,,,,,,,,,,,,,,,,,,,,,,,,,,,,,,,,,,,,,,,,,,,,,,,,,,,,,,,,,,,,,,,,,,,,,,,,,,,,,,,,,,,,,,,,,,,,,,,
0,1,yes,,4531,,Sahu,,,2008,yes,,,,,,India,"Rauligunda, Majtigunda & Rengamguda villages",18.483,82.247,18.278,82.125,,,,,,,,,,,,,,,,,,,,,no,na,,,HRI ,,,,,,,,,,,,,4,4,2001,2001,,,,,,culicifacies,n.a.,,?,,,,,,,,,,,,,,,,,,,,,,,,,,,,,,,,,,,,,,,,,,,,,,,,,,,,,,,,,,,,,,,,,,,,,,,,,,,,,,,,,,,,,,,,,,,,,,,,,,,,,,,,,,,,,,,,,,,,,,,,,,,,,,,,,,,,,,,,,,,,,,,,,,,,,,,,,,,,,,,,,,,,,,,,,,,,,,,,,,,,,,,,,,,,,,,,,,,,,,,,,,,,,,,,,,,,,,,,,,,,,,,,,,
0,1,yes,,4531,,Sahu,,,2008,yes,,,,,,India,"Rauligunda, Majtigunda & Rengamguda villages",18.483,82.247,18.278,82.125,,,,,,,,,,,,,,,,,,,,,no,na,,,HRI ,,,,,,,,,,,,,5,5,2001,2001,,,,,,culicifacies,n.a.,,?,,,,,,,,,,,,,,,,,,,,,,,,,,,,,,,,,,,,,,,,,,,,,,,,,,,,,,,,,,,,,,,,,,,,,,,,,,,,,,,,,,,,,,,,,,,,,,,,,,,,,,,,,,,,,,,,,,,,,,,,,,,,,,,,,,,,,,,,,,,,,,,,,,,,,,,,,,,,,,,,,,,,,,,,,,,,,,,,,,,,,,,,,,,,,,,,,,,,,,,,,,,,,,,,,,,,,,,,,,,,,,,,,,
0,1,yes,,4531,,Sahu,,,2008,yes,,,,,,India,"Rauligunda, Majtigunda & Rengamguda villages",18.483,82.247,18.278,82.125,,,,,,,,,,,,,,,,,,,,,no,na,,,HRI ,,,,,,,,,,,,,6,6,2001,2001,,,,,,culicifacies,n.a.,,?,,,,,,,,,,,,,,,,,,,,,,,,,,,,,,,,,,,,,,,,,,,,,,,,,,,,,,,,,,,,,,,,,,,,,,,,,,,,,,,,,,,,,,,,,,,,,,,,,,,,,,,,,,,,,,,,,,,,,,,,,,,,,,,,,,,,,,,,,,,,,,,,,,,,,,,,,,,,,,,,,,,,,,,,,,,,,,,,,,,,,,,,,,,,,,,,,,,,,,,,,,,,,,,,,,,,,,,,,,,,,,,,,,
0,1,yes,,4531,,Sahu,,,2008,yes,,,,,,India,"Rauligunda, Majtigunda & Rengamguda villages",18.483,82.247,18.278,82.125,,,,,,,,,,,,,,,,,,,,,no,na,,,HRI ,,,,,,,,,,,,,7,7,2001,2001,,,,,,culicifacies,n.a.,,?,,,,,,,,,,,,,,,,,,,,,,,,,,,,,,,,,,,,,,,,,,,,,,,,,,,,,,,,,,,,,,,,,,,,,,,,,,,,,,,,,,,,,,,,,,,,,,,,,,,,,,,,,,,,,,,,,,,,,,,,,,,,,,,,,,,,,,,,,,,,,,,,,,,,,,,,,,,,,,,,,,,,,,,,,,,,,,,,,,,,,,,,,,,,,,,,,,,,,,,,,,,,,,,,,,,,,,,,,,,,,,,,,,
0,1,yes,,4531,,Sahu,,,2008,yes,,,,,,India,"Rauligunda, Majtigunda & Rengamguda villages",18.483,82.247,18.278,82.125,,,,,,,,,,,,,,,,,,,,,no,na,,,HRI ,,,,,,,,,,,,,8,8,2001,2001,,,,,,culicifacies,n.a.,,?,,,,,,,,,,,,,,,,,,,,,,,,,,,,,,,,,,,,,,,,,,,,,,,,,,,,,,,,,,,,,,,,,,,,,,,,,,,,,,,,,,,,,,,,,,,,,,,,,,,,,,,,,,,,,,,,,,,,,,,,,,,,,,,,,,,,,,,,,,,,,,,,,,,,,,,,,,,,,,,,,,,,,,,,,,,,,,,,,,,,,,,,,,,,,,,,,,,,,,,,,,,,,,,,,,,,,,,,,,,,,,,,,,
0,1,yes,,4531,,Sahu,,,2008,yes,,,,,,India,"Rauligunda, Majtigunda & Rengamguda villages",18.483,82.247,18.278,82.125,,,,,,,,,,,,,,,,,,,,,no,na,,,HRI ,,,,,,,,,,,,,9,9,2001,2001,,,,,,culicifacies,n.a.,,?,,,,,,,,,,,,,,,,,,,,,,,,,,,,,,,,,,,,,,,,,,,,,,,,,,,,,,,,,,,,,,,,,,,,,,,,,,,,,,,,,,,,,,,,,,,,,,,,,,,,,,,,,,,,,,,,,,,,,,,,,,,,,,,,,,,,,,,,,,,,,,,,,,,,,,,,,,,,,,,,,,,,,,,,,,,,,,,,,,,,,,,,,,,,,,,,,,,,,,,,,,,,,,,,,,,,,,,,,,,,,,,,,,
0,1,yes,,4531,,Sahu,,,2008,yes,,,,,,India,"Rauligunda, Majtigunda & Rengamguda villages",18.483,82.247,18.278,82.125,,,,,,,,,,,,,,,,,,,,,no,na,,,HRI ,,,,,,,,,,,,,1,1,2002,2002,,,,,,culicifacies,n.a.,,?,,,,,,,,,,,,,,,,,,,,,,,,,,,,,,,,,,,,,,,,,,,,,,,,,,,,,,,,,,,,,,,,,,,,,,,,,,,,,,,,,,,,,,,,,,,,,,,,,,,,,,,,,,,,,,,,,,,,,,,,,,,,,,,,,,,,,,,,,,,,,,,,,,,,,,,,,,,,,,,,,,,,,,,,,,,,,,,,,,,,,,,,,,,,,,,,,,,,,,,,,,,,,,,,,,,,,,,,,,,,,,,,,,
0,1,yes,,4531,,Sahu,,,2008,yes,,,,,,India,"Rauligunda, Majtigunda & Rengamguda villages",18.483,82.247,18.278,82.125,,,,,,,,,,,,,,,,,,,,,no,na,,,HRI ,,,,,,,,,,,,,3,3,2002,2002,,,,,,culicifacies,n.a.,,?,,,,,,,,,,,,,,,,,,,,,,,,,,,,,,,,,,,,,,,,,,,,,,,,,,,,,,,,,,,,,,,,,,,,,,,,,,,,,,,,,,,,,,,,,,,,,,,,,,,,,,,,,,,,,,,,,,,,,,,,,,,,,,,,,,,,,,,,,,,,,,,,,,,,,,,,,,,,,,,,,,,,,,,,,,,,,,,,,,,,,,,,,,,,,,,,,,,,,,,,,,,,,,,,,,,,,,,,,,,,,,,,,,
0,1,yes,,4531,,Sahu,,,2008,yes,,,,,,India,"Rauligunda, Majtigunda & Rengamguda villages",18.483,82.247,18.278,82.125,,,,,,,,,,,,,,,,,,,,,no,na,,,HRI ,,,,,,,,,,,,,4,4,2002,2002,,,,,,culicifacies,n.a.,,?,,,,,,,,,,,,,,,,,,,,,,,,,,,,,,,,,,,,,,,,,,,,,,,,,,,,,,,,,,,,,,,,,,,,,,,,,,,,,,,,,,,,,,,,,,,,,,,,,,,,,,,,,,,,,,,,,,,,,,,,,,,,,,,,,,,,,,,,,,,,,,,,,,,,,,,,,,,,,,,,,,,,,,,,,,,,,,,,,,,,,,,,,,,,,,,,,,,,,,,,,,,,,,,,,,,,,,,,,,,,,,,,,,
0,1,yes,,4531,,Sahu,,,2008,yes,,,,,,India,"Rauligunda, Majtigunda & Rengamguda villages",18.483,82.247,18.278,82.125,,,,,,,,,,,,,,,,,,,,,no,na,,,HRI ,,,,,,,,,,,,,5,5,2002,2002,,,,,,culicifacies,n.a.,,?,,,,,,,,,,,,,,,,,,,,,,,,,,,,,,,,,,,,,,,,,,,,,,,,,,,,,,,,,,,,,,,,,,,,,,,,,,,,,,,,,,,,,,,,,,,,,,,,,,,,,,,,,,,,,,,,,,,,,,,,,,,,,,,,,,,,,,,,,,,,,,,,,,,,,,,,,,,,,,,,,,,,,,,,,,,,,,,,,,,,,,,,,,,,,,,,,,,,,,,,,,,,,,,,,,,,,,,,,,,,,,,,,,
0,1,yes,,4531,,Sahu,,,2008,yes,,,,,,India,"Rauligunda, Majtigunda & Rengamguda villages",18.483,82.247,18.278,82.125,,,,,,,,,,,,,,,,,,,,,no,na,,,HRI ,,,,,,,,,,,,,6,6,2002,2002,,,,,,culicifacies,n.a.,,?,,,,,,,,,,,,,,,,,,,,,,,,,,,,,,,,,,,,,,,,,,,,,,,,,,,,,,,,,,,,,,,,,,,,,,,,,,,,,,,,,,,,,,,,,,,,,,,,,,,,,,,,,,,,,,,,,,,,,,,,,,,,,,,,,,,,,,,,,,,,,,,,,,,,,,,,,,,,,,,,,,,,,,,,,,,,,,,,,,,,,,,,,,,,,,,,,,,,,,,,,,,,,,,,,,,,,,,,,,,,,,,,,,
0,1,yes,,4531,,Sahu,,,2008,yes,,,,,,India,"Rauligunda, Majtigunda & Rengamguda villages",18.483,82.247,18.278,82.125,,,,,,,,,,,,,,,,,,,,,no,na,,,HRI ,,,,,,,,,,,,,7,7,2002,2002,,,,,,culicifacies,n.a.,,?,,,,,,,,,,,,,,,,,,,,,,,,,,,,,,,,,,,,,,,,,,,,,,,,,,,,,,,,,,,,,,,,,,,,,,,,,,,,,,,,,,,,,,,,,,,,,,,,,,,,,,,,,,,,,,,,,,,,,,,,,,,,,,,,,,,,,,,,,,,,,,,,,,,,,,,,,,,,,,,,,,,,,,,,,,,,,,,,,,,,,,,,,,,,,,,,,,,,,,,,,,,,,,,,,,,,,,,,,,,,,,,,,,
0,1,yes,,4531,,Sahu,,,2008,yes,,,,,,India,"Rauligunda, Majtigunda & Rengamguda villages",18.483,82.247,18.278,82.125,,,,,,,,,,,,,,,,,,,,,no,na,,,HRI ,,,,,,,,,,,,,8,8,2002,2002,,,,,,culicifacies,n.a.,,?,,,,,,,,,,,,,,,,,,,,,,,,,,,,,,,,,,,,,,,,,,,,,,,,,,,,,,,,,,,,,,,,,,,,,,,,,,,,,,,,,,,,,,,,,,,,,,,,,,,,,,,,,,,,,,,,,,,,,,,,,,,,,,,,,,,,,,,,,,,,,,,,,,,,,,,,,,,,,,,,,,,,,,,,,,,,,,,,,,,,,,,,,,,,,,,,,,,,,,,,,,,,,,,,,,,,,,,,,,,,,,,,,,
0,1,yes,,4531,,Sahu,,,2008,yes,,,,,,India,"Rauligunda, Majtigunda & Rengamguda villages",18.483,82.247,18.278,82.125,,,,,,,,,,,,,,,,,,,,,no,na,,,HRI ,,,,,,,,,,,,,9,9,2002,2002,,,,,,culicifacies,n.a.,,?,,,,,,,,,,,,,,,,,,,,,,,,,,,,,,,,,,,,,,,,,,,,,,,,,,,,,,,,,,,,,,,,,,,,,,,,,,,,,,,,,,,,,,,,,,,,,,,,,,,,,,,,,,,,,,,,,,,,,,,,,,,,,,,,,,,,,,,,,,,,,,,,,,,,,,,,,,,,,,,,,,,,,,,,,,,,,,,,,,,,,,,,,,,,,,,,,,,,,,,,,,,,,,,,,,,,,,,,,,,,,,,,,,
0,1,yes,,4531,,Sahu,,,2008,yes,,,,,,India,"Rauligunda, Majtigunda & Rengamguda villages",18.483,82.247,18.278,82.125,,,,,,,,,,,,,,,,,,,,,no,na,,,HRI ,,,,,,,,,,,,,10,10,2002,2002,,,,,,culicifacies,n.a.,,?,,,,,,,,,,,,,,,,,,,,,,,,,,,,,,,,,,,,,,,,,,,,,,,,,,,,,,,,,,,,,,,,,,,,,,,,,,,,,,,,,,,,,,,,,,,,,,,,,,,,,,,,,,,,,,,,,,,,,,,,,,,,,,,,,,,,,,,,,,,,,,,,,,,,,,,,,,,,,,,,,,,,,,,,,,,,,,,,,,,,,,,,,,,,,,,,,,,,,,,,,,,,,,,,,,,,,,,,,,,,,,,,,,
0,1,yes,,4531,,Sahu,,,2008,yes,,,,,,India,"Rauligunda, Majtigunda & Rengamguda villages",18.483,82.247,18.278,82.125,,,,,,,,,,,,,,,,,,,,,no,na,,,HRI ,,,,,,,,,,,,,2,2,2003,2003,,,,,,culicifacies,n.a.,,?,,,,,,,,,,,,,,,,,,,,,,,,,,,,,,,,,,,,,,,,,,,,,,,,,,,,,,,,,,,,,,,,,,,,,,,,,,,,,,,,,,,,,,,,,,,,,,,,,,,,,,,,,,,,,,,,,,,,,,,,,,,,,,,,,,,,,,,,,,,,,,,,,,,,,,,,,,,,,,,,,,,,,,,,,,,,,,,,,,,,,,,,,,,,,,,,,,,,,,,,,,,,,,,,,,,,,,,,,,,,,,,,,,
0,1,yes,,4531,,Sahu,,,2008,yes,,,,,,India,"Rauligunda, Majtigunda & Rengamguda villages",18.483,82.247,18.278,82.125,,,,,,,,,,,,,,,,,,,,,no,na,,,HRI ,,,,,,,,,,,,,3,3,2003,2003,,,,,,culicifacies,n.a.,,?,,,,,,,,,,,,,,,,,,,,,,,,,,,,,,,,,,,,,,,,,,,,,,,,,,,,,,,,,,,,,,,,,,,,,,,,,,,,,,,,,,,,,,,,,,,,,,,,,,,,,,,,,,,,,,,,,,,,,,,,,,,,,,,,,,,,,,,,,,,,,,,,,,,,,,,,,,,,,,,,,,,,,,,,,,,,,,,,,,,,,,,,,,,,,,,,,,,,,,,,,,,,,,,,,,,,,,,,,,,,,,,,,,
0,1,yes,,4531,,Sahu,,,2008,yes,,,,,,India,"Rauligunda, Majtigunda & Rengamguda villages",18.483,82.247,18.278,82.125,,,,,,,,,,,,,,,,,,,,,no,na,,,HRI ,,,,,,,,,,,,,10,10,2000,2000,,,,,,fluviatilis,n.a.,,?,,,,,,,,,,,,,,,,,,,,,,,,,,,,,,,,,,,,,,,,,,,,,,,,,,,,,,,,,,,,,,,,,,,,,,,,,,,,,,,,,,,,,,,,,,,,,,,,,,,,,,,,,,,,,,,,,,,,,,,,,,,,,,,,,,,,,,,,,,,,,,,,,,,,,,,,,,,,,,,,,,,,,,,,,,,,,,,,,,,,,,,,,,,,,,,,,,,,,,,,,,,,,,,,,,,,,,,,,,,,,,,,,,
0,1,yes,,4531,,Sahu,,,2008,yes,,,,,,India,"Rauligunda, Majtigunda & Rengamguda villages",18.483,82.247,18.278,82.125,,,,,,,,,,,,,,,,,,,,,no,na,,,HRI ,,,,,,,,,,,,,11,11,2000,2000,,,,,,fluviatilis,n.a.,,?,,,,,,,,,,,,,,,,,,,,,,,,,,,,,,,,,,,,,,,,,,,,,,,,,,,,,,,,,,,,,,,,,,,,,,,,,,,,,,,,,,,,,,,,,,,,,,,,,,,,,,,,,,,,,,,,,,,,,,,,,,,,,,,,,,,,,,,,,,,,,,,,,,,,,,,,,,,,,,,,,,,,,,,,,,,,,,,,,,,,,,,,,,,,,,,,,,,,,,,,,,,,,,,,,,,,,,,,,,,,,,,,,,
0,1,yes,,4531,,Sahu,,,2008,yes,,,,,,India,"Rauligunda, Majtigunda & Rengamguda villages",18.483,82.247,18.278,82.125,,,,,,,,,,,,,,,,,,,,,no,na,,,HRI ,,,,,,,,,,,,,12,12,2000,2000,,,,,,fluviatilis,n.a.,,?,,,,,,,,,,,,,,,,,,,,,,,,,,,,,,,,,,,,,,,,,,,,,,,,,,,,,,,,,,,,,,,,,,,,,,,,,,,,,,,,,,,,,,,,,,,,,,,,,,,,,,,,,,,,,,,,,,,,,,,,,,,,,,,,,,,,,,,,,,,,,,,,,,,,,,,,,,,,,,,,,,,,,,,,,,,,,,,,,,,,,,,,,,,,,,,,,,,,,,,,,,,,,,,,,,,,,,,,,,,,,,,,,,
0,1,yes,,4531,,Sahu,,,2008,yes,,,,,,India,"Rauligunda, Majtigunda & Rengamguda villages",18.483,82.247,18.278,82.125,,,,,,,,,,,,,,,,,,,,,no,na,,,HRI ,,,,,,,,,,,,,1,1,2001,2001,,,,,,fluviatilis,n.a.,,?,,,,,,,,,,,,,,,,,,,,,,,,,,,,,,,,,,,,,,,,,,,,,,,,,,,,,,,,,,,,,,,,,,,,,,,,,,,,,,,,,,,,,,,,,,,,,,,,,,,,,,,,,,,,,,,,,,,,,,,,,,,,,,,,,,,,,,,,,,,,,,,,,,,,,,,,,,,,,,,,,,,,,,,,,,,,,,,,,,,,,,,,,,,,,,,,,,,,,,,,,,,,,,,,,,,,,,,,,,,,,,,,,,
0,1,yes,,4531,,Sahu,,,2008,yes,,,,,,India,"Rauligunda, Majtigunda & Rengamguda villages",18.483,82.247,18.278,82.125,,,,,,,,,,,,,,,,,,,,,no,na,,,HRI ,,,,,,,,,,,,,2,2,2001,2001,,,,,,fluviatilis,n.a.,,?,,,,,,,,,,,,,,,,,,,,,,,,,,,,,,,,,,,,,,,,,,,,,,,,,,,,,,,,,,,,,,,,,,,,,,,,,,,,,,,,,,,,,,,,,,,,,,,,,,,,,,,,,,,,,,,,,,,,,,,,,,,,,,,,,,,,,,,,,,,,,,,,,,,,,,,,,,,,,,,,,,,,,,,,,,,,,,,,,,,,,,,,,,,,,,,,,,,,,,,,,,,,,,,,,,,,,,,,,,,,,,,,,,
0,1,yes,,4531,,Sahu,,,2008,yes,,,,,,India,"Rauligunda, Majtigunda & Rengamguda villages",18.483,82.247,18.278,82.125,,,,,,,,,,,,,,,,,,,,,no,na,,,HRI ,,,,,,,,,,,,,3,3,2001,2001,,,,,,fluviatilis,n.a.,,?,,,,,,,,,,,,,,,,,,,,,,,,,,,,,,,,,,,,,,,,,,,,,,,,,,,,,,,,,,,,,,,,,,,,,,,,,,,,,,,,,,,,,,,,,,,,,,,,,,,,,,,,,,,,,,,,,,,,,,,,,,,,,,,,,,,,,,,,,,,,,,,,,,,,,,,,,,,,,,,,,,,,,,,,,,,,,,,,,,,,,,,,,,,,,,,,,,,,,,,,,,,,,,,,,,,,,,,,,,,,,,,,,,
0,1,yes,,4531,,Sahu,,,2008,yes,,,,,,India,"Rauligunda, Majtigunda & Rengamguda villages",18.483,82.247,18.278,82.125,,,,,,,,,,,,,,,,,,,,,no,na,,,HRI ,,,,,,,,,,,,,6,6,2001,2001,,,,,,fluviatilis,n.a.,,?,,,,,,,,,,,,,,,,,,,,,,,,,,,,,,,,,,,,,,,,,,,,,,,,,,,,,,,,,,,,,,,,,,,,,,,,,,,,,,,,,,,,,,,,,,,,,,,,,,,,,,,,,,,,,,,,,,,,,,,,,,,,,,,,,,,,,,,,,,,,,,,,,,,,,,,,,,,,,,,,,,,,,,,,,,,,,,,,,,,,,,,,,,,,,,,,,,,,,,,,,,,,,,,,,,,,,,,,,,,,,,,,,,
0,1,yes,,4531,,Sahu,,,2008,yes,,,,,,India,"Rauligunda, Majtigunda & Rengamguda villages",18.483,82.247,18.278,82.125,,,,,,,,,,,,,,,,,,,,,no,na,,,HRI ,,,,,,,,,,,,,7,7,2001,2001,,,,,,fluviatilis,n.a.,,?,,,,,,,,,,,,,,,,,,,,,,,,,,,,,,,,,,,,,,,,,,,,,,,,,,,,,,,,,,,,,,,,,,,,,,,,,,,,,,,,,,,,,,,,,,,,,,,,,,,,,,,,,,,,,,,,,,,,,,,,,,,,,,,,,,,,,,,,,,,,,,,,,,,,,,,,,,,,,,,,,,,,,,,,,,,,,,,,,,,,,,,,,,,,,,,,,,,,,,,,,,,,,,,,,,,,,,,,,,,,,,,,,,
0,1,yes,,4531,,Sahu,,,2008,yes,,,,,,India,"Rauligunda, Majtigunda & Rengamguda villages",18.483,82.247,18.278,82.125,,,,,,,,,,,,,,,,,,,,,no,na,,,HRI ,,,,,,,,,,,,,8,8,2001,2001,,,,,,fluviatilis,n.a.,,?,,,,,,,,,,,,,,,,,,,,,,,,,,,,,,,,,,,,,,,,,,,,,,,,,,,,,,,,,,,,,,,,,,,,,,,,,,,,,,,,,,,,,,,,,,,,,,,,,,,,,,,,,,,,,,,,,,,,,,,,,,,,,,,,,,,,,,,,,,,,,,,,,,,,,,,,,,,,,,,,,,,,,,,,,,,,,,,,,,,,,,,,,,,,,,,,,,,,,,,,,,,,,,,,,,,,,,,,,,,,,,,,,,
0,1,yes,,4531,,Sahu,,,2008,yes,,,,,,India,"Rauligunda, Majtigunda & Rengamguda villages",18.483,82.247,18.278,82.125,,,,,,,,,,,,,,,,,,,,,no,na,,,HRI ,,,,,,,,,,,,,9,9,2001,2001,,,,,,fluviatilis,n.a.,,?,,,,,,,,,,,,,,,,,,,,,,,,,,,,,,,,,,,,,,,,,,,,,,,,,,,,,,,,,,,,,,,,,,,,,,,,,,,,,,,,,,,,,,,,,,,,,,,,,,,,,,,,,,,,,,,,,,,,,,,,,,,,,,,,,,,,,,,,,,,,,,,,,,,,,,,,,,,,,,,,,,,,,,,,,,,,,,,,,,,,,,,,,,,,,,,,,,,,,,,,,,,,,,,,,,,,,,,,,,,,,,,,,,
0,1,yes,,4531,,Sahu,,,2008,yes,,,,,,India,"Rauligunda, Majtigunda & Rengamguda villages",18.483,82.247,18.278,82.125,,,,,,,,,,,,,,,,,,,,,no,na,,,HRI ,,,,,,,,,,,,,10,10,2001,2001,,,,,,fluviatilis,n.a.,,?,,,,,,,,,,,,,,,,,,,,,,,,,,,,,,,,,,,,,,,,,,,,,,,,,,,,,,,,,,,,,,,,,,,,,,,,,,,,,,,,,,,,,,,,,,,,,,,,,,,,,,,,,,,,,,,,,,,,,,,,,,,,,,,,,,,,,,,,,,,,,,,,,,,,,,,,,,,,,,,,,,,,,,,,,,,,,,,,,,,,,,,,,,,,,,,,,,,,,,,,,,,,,,,,,,,,,,,,,,,,,,,,,,
0,1,yes,,4531,,Sahu,,,2008,yes,,,,,,India,"Rauligunda, Majtigunda & Rengamguda villages",18.483,82.247,18.278,82.125,,,,,,,,,,,,,,,,,,,,,no,na,,,HRI ,,,,,,,,,,,,,11,11,2001,2001,,,,,,fluviatilis,n.a.,,?,,,,,,,,,,,,,,,,,,,,,,,,,,,,,,,,,,,,,,,,,,,,,,,,,,,,,,,,,,,,,,,,,,,,,,,,,,,,,,,,,,,,,,,,,,,,,,,,,,,,,,,,,,,,,,,,,,,,,,,,,,,,,,,,,,,,,,,,,,,,,,,,,,,,,,,,,,,,,,,,,,,,,,,,,,,,,,,,,,,,,,,,,,,,,,,,,,,,,,,,,,,,,,,,,,,,,,,,,,,,,,,,,,
0,1,yes,,4531,,Sahu,,,2008,yes,,,,,,India,"Rauligunda, Majtigunda & Rengamguda villages",18.483,82.247,18.278,82.125,,,,,,,,,,,,,,,,,,,,,no,na,,,HRI ,,,,,,,,,,,,,12,12,2001,2001,,,,,,fluviatilis,n.a.,,?,,,,,,,,,,,,,,,,,,,,,,,,,,,,,,,,,,,,,,,,,,,,,,,,,,,,,,,,,,,,,,,,,,,,,,,,,,,,,,,,,,,,,,,,,,,,,,,,,,,,,,,,,,,,,,,,,,,,,,,,,,,,,,,,,,,,,,,,,,,,,,,,,,,,,,,,,,,,,,,,,,,,,,,,,,,,,,,,,,,,,,,,,,,,,,,,,,,,,,,,,,,,,,,,,,,,,,,,,,,,,,,,,,
0,1,yes,,4531,,Sahu,,,2008,yes,,,,,,India,"Rauligunda, Majtigunda & Rengamguda villages",18.483,82.247,18.278,82.125,,,,,,,,,,,,,,,,,,,,,no,na,,,HRI ,,,,,,,,,,,,,1,1,2002,2002,,,,,,fluviatilis,n.a.,,?,,,,,,,,,,,,,,,,,,,,,,,,,,,,,,,,,,,,,,,,,,,,,,,,,,,,,,,,,,,,,,,,,,,,,,,,,,,,,,,,,,,,,,,,,,,,,,,,,,,,,,,,,,,,,,,,,,,,,,,,,,,,,,,,,,,,,,,,,,,,,,,,,,,,,,,,,,,,,,,,,,,,,,,,,,,,,,,,,,,,,,,,,,,,,,,,,,,,,,,,,,,,,,,,,,,,,,,,,,,,,,,,,,
0,1,yes,,4531,,Sahu,,,2008,yes,,,,,,India,"Rauligunda, Majtigunda & Rengamguda villages",18.483,82.247,18.278,82.125,,,,,,,,,,,,,,,,,,,,,no,na,,,HRI ,,,,,,,,,,,,,2,2,2002,2002,,,,,,fluviatilis,n.a.,,?,,,,,,,,,,,,,,,,,,,,,,,,,,,,,,,,,,,,,,,,,,,,,,,,,,,,,,,,,,,,,,,,,,,,,,,,,,,,,,,,,,,,,,,,,,,,,,,,,,,,,,,,,,,,,,,,,,,,,,,,,,,,,,,,,,,,,,,,,,,,,,,,,,,,,,,,,,,,,,,,,,,,,,,,,,,,,,,,,,,,,,,,,,,,,,,,,,,,,,,,,,,,,,,,,,,,,,,,,,,,,,,,,,
0,1,yes,,4531,,Sahu,,,2008,yes,,,,,,India,"Rauligunda, Majtigunda & Rengamguda villages",18.483,82.247,18.278,82.125,,,,,,,,,,,,,,,,,,,,,no,na,,,HRI ,,,,,,,,,,,,,3,3,2002,2002,,,,,,fluviatilis,n.a.,,?,,,,,,,,,,,,,,,,,,,,,,,,,,,,,,,,,,,,,,,,,,,,,,,,,,,,,,,,,,,,,,,,,,,,,,,,,,,,,,,,,,,,,,,,,,,,,,,,,,,,,,,,,,,,,,,,,,,,,,,,,,,,,,,,,,,,,,,,,,,,,,,,,,,,,,,,,,,,,,,,,,,,,,,,,,,,,,,,,,,,,,,,,,,,,,,,,,,,,,,,,,,,,,,,,,,,,,,,,,,,,,,,,,
0,1,yes,,4531,,Sahu,,,2008,yes,,,,,,India,"Rauligunda, Majtigunda & Rengamguda villages",18.483,82.247,18.278,82.125,,,,,,,,,,,,,,,,,,,,,no,na,,,HRI ,,,,,,,,,,,,,8,8,2002,2002,,,,,,fluviatilis,n.a.,,?,,,,,,,,,,,,,,,,,,,,,,,,,,,,,,,,,,,,,,,,,,,,,,,,,,,,,,,,,,,,,,,,,,,,,,,,,,,,,,,,,,,,,,,,,,,,,,,,,,,,,,,,,,,,,,,,,,,,,,,,,,,,,,,,,,,,,,,,,,,,,,,,,,,,,,,,,,,,,,,,,,,,,,,,,,,,,,,,,,,,,,,,,,,,,,,,,,,,,,,,,,,,,,,,,,,,,,,,,,,,,,,,,,
0,1,yes,,4531,,Sahu,,,2008,yes,,,,,,India,"Rauligunda, Majtigunda & Rengamguda villages",18.483,82.247,18.278,82.125,,,,,,,,,,,,,,,,,,,,,no,na,,,HRI ,,,,,,,,,,,,,9,9,2002,2002,,,,,,fluviatilis,n.a.,,?,,,,,,,,,,,,,,,,,,,,,,,,,,,,,,,,,,,,,,,,,,,,,,,,,,,,,,,,,,,,,,,,,,,,,,,,,,,,,,,,,,,,,,,,,,,,,,,,,,,,,,,,,,,,,,,,,,,,,,,,,,,,,,,,,,,,,,,,,,,,,,,,,,,,,,,,,,,,,,,,,,,,,,,,,,,,,,,,,,,,,,,,,,,,,,,,,,,,,,,,,,,,,,,,,,,,,,,,,,,,,,,,,,
0,1,yes,,4531,,Sahu,,,2008,yes,,,,,,India,"Rauligunda, Majtigunda & Rengamguda villages",18.483,82.247,18.278,82.125,,,,,,,,,,,,,,,,,,,,,no,na,,,HRI ,,,,,,,,,,,,,10,10,2002,2002,,,,,,fluviatilis,n.a.,,?,,,,,,,,,,,,,,,,,,,,,,,,,,,,,,,,,,,,,,,,,,,,,,,,,,,,,,,,,,,,,,,,,,,,,,,,,,,,,,,,,,,,,,,,,,,,,,,,,,,,,,,,,,,,,,,,,,,,,,,,,,,,,,,,,,,,,,,,,,,,,,,,,,,,,,,,,,,,,,,,,,,,,,,,,,,,,,,,,,,,,,,,,,,,,,,,,,,,,,,,,,,,,,,,,,,,,,,,,,,,,,,,,,
0,1,yes,,4531,,Sahu,,,2008,yes,,,,,,India,"Rauligunda, Majtigunda & Rengamguda villages",18.483,82.247,18.278,82.125,,,,,,,,,,,,,,,,,,,,,no,na,,,HRI ,,,,,,,,,,,,,11,11,2002,2002,,,,,,fluviatilis,n.a.,,?,,,,,,,,,,,,,,,,,,,,,,,,,,,,,,,,,,,,,,,,,,,,,,,,,,,,,,,,,,,,,,,,,,,,,,,,,,,,,,,,,,,,,,,,,,,,,,,,,,,,,,,,,,,,,,,,,,,,,,,,,,,,,,,,,,,,,,,,,,,,,,,,,,,,,,,,,,,,,,,,,,,,,,,,,,,,,,,,,,,,,,,,,,,,,,,,,,,,,,,,,,,,,,,,,,,,,,,,,,,,,,,,,,
0,1,yes,,4531,,Sahu,,,2008,yes,,,,,,India,"Rauligunda, Majtigunda & Rengamguda villages",18.483,82.247,18.278,82.125,,,,,,,,,,,,,,,,,,,,,no,na,,,HRI ,,,,,,,,,,,,,12,12,2002,2002,,,,,,fluviatilis,n.a.,,?,,,,,,,,,,,,,,,,,,,,,,,,,,,,,,,,,,,,,,,,,,,,,,,,,,,,,,,,,,,,,,,,,,,,,,,,,,,,,,,,,,,,,,,,,,,,,,,,,,,,,,,,,,,,,,,,,,,,,,,,,,,,,,,,,,,,,,,,,,,,,,,,,,,,,,,,,,,,,,,,,,,,,,,,,,,,,,,,,,,,,,,,,,,,,,,,,,,,,,,,,,,,,,,,,,,,,,,,,,,,,,,,,,
0,1,yes,,4531,,Sahu,,,2008,yes,,,,,,India,"Rauligunda, Majtigunda & Rengamguda villages",18.483,82.247,18.278,82.125,,,,,,,,,,,,,,,,,,,,,no,na,,,HRI ,,,,,,,,,,,,,1,1,2003,2003,,,,,,fluviatilis,n.a.,,?,,,,,,,,,,,,,,,,,,,,,,,,,,,,,,,,,,,,,,,,,,,,,,,,,,,,,,,,,,,,,,,,,,,,,,,,,,,,,,,,,,,,,,,,,,,,,,,,,,,,,,,,,,,,,,,,,,,,,,,,,,,,,,,,,,,,,,,,,,,,,,,,,,,,,,,,,,,,,,,,,,,,,,,,,,,,,,,,,,,,,,,,,,,,,,,,,,,,,,,,,,,,,,,,,,,,,,,,,,,,,,,,,,
0,1,yes,,4531,,Sahu,,,2008,yes,,,,,,India,"Rauligunda, Majtigunda & Rengamguda villages",18.483,82.247,18.278,82.125,,,,,,,,,,,,,,,,,,,,,no,na,,,HRI ,,,,,,,,,,,,,2,2,2003,2003,,,,,,fluviatilis,n.a.,,?,,,,,,,,,,,,,,,,,,,,,,,,,,,,,,,,,,,,,,,,,,,,,,,,,,,,,,,,,,,,,,,,,,,,,,,,,,,,,,,,,,,,,,,,,,,,,,,,,,,,,,,,,,,,,,,,,,,,,,,,,,,,,,,,,,,,,,,,,,,,,,,,,,,,,,,,,,,,,,,,,,,,,,,,,,,,,,,,,,,,,,,,,,,,,,,,,,,,,,,,,,,,,,,,,,,,,,,,,,,,,,,,,,
0,1,yes,,4531,,Sahu,,,2008,yes,,,,,,India,"Rauligunda, Majtigunda & Rengamguda villages",18.483,82.247,18.278,82.125,,,,,,,,,,,,,,,,,,,,,no,na,,,HRI ,,,,,,,,,,,,,3,3,2003,2003,,,,,,fluviatilis,n.a.,,?,,,,,,,,,,,,,,,,,,,,,,,,,,,,,,,,,,,,,,,,,,,,,,,,,,,,,,,,,,,,,,,,,,,,,,,,,,,,,,,,,,,,,,,,,,,,,,,,,,,,,,,,,,,,,,,,,,,,,,,,,,,,,,,,,,,,,,,,,,,,,,,,,,,,,,,,,,,,,,,,,,,,,,,,,,,,,,,,,,,,,,,,,,,,,,,,,,,,,,,,,,,,,,,,,,,,,,,,,,,,,,,,,,
0,1,yes,"Untreated nets were used, and they were distributed in (Sept. 2001). Mosquito collection were conducted in two periods; before nets (Oct. 2000-Sept 2001) and after distribution (Oct 2001-June 2003). (these study villages were given untreated bed nets (EH))",4531,,Sahu,,,2008,yes,,,,,,India,"Pakhnaguda, Bonoguda & Machaguda villages",18.418,82.224,18.408,82.223,,,,,,,,,,,,,,no,no,wide area,combination,Orissa State,Malkangiri district,"Not Listed- Used map in article and encarta to estimate the site location, and plotted it in encarta. Wide area because the studies were done in groups of 3 villages. Used coords for each of the villages in sequence to represent the study area. (coords are; Paknaguda; 18.522, 82.283; Bonoguda; 18.418, 82.224; Machaguda; 18.408, 82.223. (EH))",no,na,,,HRI ,,,,,,,,,,,,,10,6,2000,2003,,,,,,culicifacies,n.a.,,?,,,,,,,,,,,,,,,,,,,,,,,,,,,,,,,,,,,,,,,,,,,,,,,,,,,,,,,,,,,,,,,,,,,,,,,,,,,,,,,,,,,,,,,,,,,,,,,,,,,,,,,,,,,,,,,,,,,,,,,,,,,,,,,,,,,,,,,,,,,,,,,,,,,,,,,,,,,,,,,,,,,,,,,,,,,,,,,,,,,,,,,,,,,,,,,,,,,,,,,,,,,,,,,,,,,,,,,,,,,,,,,,,,
0,1,yes,"Untreated nets were used, and they were distributed in (Sept. 2001). Mosquito collection were conducted in two periods; before nets (Oct. 2000-Sept 2001) and after distribution (Oct 2001-June 2003).",4531,,Sahu,,,2008,yes,,,,,,India,"Pakhnaguda, Bonoguda & Machaguda villages",18.418,82.224,18.408,82.223,,,,,,,,,,,,,,,,,,,,,no,na,,,HRI ,,,,,,,,,,,,,10,6,2000,2003,,,,,,fluviatilis,n.a.,,?,,,,,,,,,,,,,,,,,,,,,,,,,,,,,,,,,,,,,,,,,,,,,,,,,,,,,,,,,,,,,,,,,,,,,,,,,,,,,,,,,,,,,,,,,,,,,,,,,,,,,,,,,,,,,,,,,,,,,,,,,,,,,,,,,,,,,,,,,,,,,,,,,,,,,,,,,,,,,,,,,,,,,,,,,,,,,,,,,,,,,,,,,,,,,,,,,,,,,,,,,,,,,,,,,,,,,,,,,,,,,,,,,,
0,1,yes,,4531,,Sahu,,,2008,yes,,,,,,India,"Pakhnaguda, Bonoguda & Machaguda villages",18.418,82.224,18.408,82.223,,,,,,,,,,,,,,,,,,,,,no,na,,,HRI ,,,,,,,,,,,,,10,10,2000,2000,,,,,,culicifacies,n.a.,,?,,,,,,,,,,,,,,,,,,,,,,,,,,,,,,,,,,,,,,,,,,,,,,,,,,,,,,,,,,,,,,,,,,,,,,,,,,,,,,,,,,,,,,,,,,,,,,,,,,,,,,,,,,,,,,,,,,,,,,,,,,,,,,,,,,,,,,,,,,,,,,,,,,,,,,,,,,,,,,,,,,,,,,,,,,,,,,,,,,,,,,,,,,,,,,,,,,,,,,,,,,,,,,,,,,,,,,,,,,,,,,,,,,
0,1,yes,,4531,,Sahu,,,2008,yes,,,,,,India,"Pakhnaguda, Bonoguda & Machaguda villages",18.418,82.224,18.408,82.223,,,,,,,,,,,,,,,,,,,,,no,na,,,HRI ,,,,,,,,,,,,,2,2,2001,2001,,,,,,culicifacies,n.a.,,?,,,,,,,,,,,,,,,,,,,,,,,,,,,,,,,,,,,,,,,,,,,,,,,,,,,,,,,,,,,,,,,,,,,,,,,,,,,,,,,,,,,,,,,,,,,,,,,,,,,,,,,,,,,,,,,,,,,,,,,,,,,,,,,,,,,,,,,,,,,,,,,,,,,,,,,,,,,,,,,,,,,,,,,,,,,,,,,,,,,,,,,,,,,,,,,,,,,,,,,,,,,,,,,,,,,,,,,,,,,,,,,,,,
0,1,yes,,4531,,Sahu,,,2008,yes,,,,,,India,"Pakhnaguda, Bonoguda & Machaguda villages",18.418,82.224,18.408,82.223,,,,,,,,,,,,,,,,,,,,,no,na,,,HRI ,,,,,,,,,,,,,3,3,2001,2001,,,,,,culicifacies,n.a.,,?,,,,,,,,,,,,,,,,,,,,,,,,,,,,,,,,,,,,,,,,,,,,,,,,,,,,,,,,,,,,,,,,,,,,,,,,,,,,,,,,,,,,,,,,,,,,,,,,,,,,,,,,,,,,,,,,,,,,,,,,,,,,,,,,,,,,,,,,,,,,,,,,,,,,,,,,,,,,,,,,,,,,,,,,,,,,,,,,,,,,,,,,,,,,,,,,,,,,,,,,,,,,,,,,,,,,,,,,,,,,,,,,,,
0,1,yes,,4531,,Sahu,,,2008,yes,,,,,,India,"Pakhnaguda, Bonoguda & Machaguda villages",18.418,82.224,18.408,82.223,,,,,,,,,,,,,,,,,,,,,no,na,,,HRI ,,,,,,,,,,,,,4,4,2001,2001,,,,,,culicifacies,n.a.,,?,,,,,,,,,,,,,,,,,,,,,,,,,,,,,,,,,,,,,,,,,,,,,,,,,,,,,,,,,,,,,,,,,,,,,,,,,,,,,,,,,,,,,,,,,,,,,,,,,,,,,,,,,,,,,,,,,,,,,,,,,,,,,,,,,,,,,,,,,,,,,,,,,,,,,,,,,,,,,,,,,,,,,,,,,,,,,,,,,,,,,,,,,,,,,,,,,,,,,,,,,,,,,,,,,,,,,,,,,,,,,,,,,,
0,1,yes,,4531,,Sahu,,,2008,yes,,,,,,India,"Pakhnaguda, Bonoguda & Machaguda villages",18.418,82.224,18.408,82.223,,,,,,,,,,,,,,,,,,,,,no,na,,,HRI ,,,,,,,,,,,,,5,5,2001,2001,,,,,,culicifacies,n.a.,,?,,,,,,,,,,,,,,,,,,,,,,,,,,,,,,,,,,,,,,,,,,,,,,,,,,,,,,,,,,,,,,,,,,,,,,,,,,,,,,,,,,,,,,,,,,,,,,,,,,,,,,,,,,,,,,,,,,,,,,,,,,,,,,,,,,,,,,,,,,,,,,,,,,,,,,,,,,,,,,,,,,,,,,,,,,,,,,,,,,,,,,,,,,,,,,,,,,,,,,,,,,,,,,,,,,,,,,,,,,,,,,,,,,
0,1,yes,,4531,,Sahu,,,2008,yes,,,,,,India,"Pakhnaguda, Bonoguda & Machaguda villages",18.418,82.224,18.408,82.223,,,,,,,,,,,,,,,,,,,,,no,na,,,HRI ,,,,,,,,,,,,,6,6,2001,2001,,,,,,culicifacies,n.a.,,?,,,,,,,,,,,,,,,,,,,,,,,,,,,,,,,,,,,,,,,,,,,,,,,,,,,,,,,,,,,,,,,,,,,,,,,,,,,,,,,,,,,,,,,,,,,,,,,,,,,,,,,,,,,,,,,,,,,,,,,,,,,,,,,,,,,,,,,,,,,,,,,,,,,,,,,,,,,,,,,,,,,,,,,,,,,,,,,,,,,,,,,,,,,,,,,,,,,,,,,,,,,,,,,,,,,,,,,,,,,,,,,,,,
0,1,yes,,4531,,Sahu,,,2008,yes,,,,,,India,"Pakhnaguda, Bonoguda & Machaguda villages",18.418,82.224,18.408,82.223,,,,,,,,,,,,,,,,,,,,,no,na,,,HRI ,,,,,,,,,,,,,7,7,2001,2001,,,,,,culicifacies,n.a.,,?,,,,,,,,,,,,,,,,,,,,,,,,,,,,,,,,,,,,,,,,,,,,,,,,,,,,,,,,,,,,,,,,,,,,,,,,,,,,,,,,,,,,,,,,,,,,,,,,,,,,,,,,,,,,,,,,,,,,,,,,,,,,,,,,,,,,,,,,,,,,,,,,,,,,,,,,,,,,,,,,,,,,,,,,,,,,,,,,,,,,,,,,,,,,,,,,,,,,,,,,,,,,,,,,,,,,,,,,,,,,,,,,,,
0,1,yes,,4531,,Sahu,,,2008,yes,,,,,,India,"Pakhnaguda, Bonoguda & Machaguda villages",18.418,82.224,18.408,82.223,,,,,,,,,,,,,,,,,,,,,no,na,,,HRI ,,,,,,,,,,,,,8,8,2001,2001,,,,,,culicifacies,n.a.,,?,,,,,,,,,,,,,,,,,,,,,,,,,,,,,,,,,,,,,,,,,,,,,,,,,,,,,,,,,,,,,,,,,,,,,,,,,,,,,,,,,,,,,,,,,,,,,,,,,,,,,,,,,,,,,,,,,,,,,,,,,,,,,,,,,,,,,,,,,,,,,,,,,,,,,,,,,,,,,,,,,,,,,,,,,,,,,,,,,,,,,,,,,,,,,,,,,,,,,,,,,,,,,,,,,,,,,,,,,,,,,,,,,,
0,1,yes,,4531,,Sahu,,,2008,yes,,,,,,India,"Pakhnaguda, Bonoguda & Machaguda villages",18.418,82.224,18.408,82.223,,,,,,,,,,,,,,,,,,,,,no,na,,,HRI ,,,,,,,,,,,,,9,9,2001,2001,,,,,,culicifacies,n.a.,,?,,,,,,,,,,,,,,,,,,,,,,,,,,,,,,,,,,,,,,,,,,,,,,,,,,,,,,,,,,,,,,,,,,,,,,,,,,,,,,,,,,,,,,,,,,,,,,,,,,,,,,,,,,,,,,,,,,,,,,,,,,,,,,,,,,,,,,,,,,,,,,,,,,,,,,,,,,,,,,,,,,,,,,,,,,,,,,,,,,,,,,,,,,,,,,,,,,,,,,,,,,,,,,,,,,,,,,,,,,,,,,,,,,
0,1,yes,,4531,,Sahu,,,2008,yes,,,,,,India,"Pakhnaguda, Bonoguda & Machaguda villages",18.418,82.224,18.408,82.223,,,,,,,,,,,,,,,,,,,,,no,na,,,HRI ,,,,,,,,,,,,,11,11,2001,2001,,,,,,culicifacies,n.a.,,?,,,,,,,,,,,,,,,,,,,,,,,,,,,,,,,,,,,,,,,,,,,,,,,,,,,,,,,,,,,,,,,,,,,,,,,,,,,,,,,,,,,,,,,,,,,,,,,,,,,,,,,,,,,,,,,,,,,,,,,,,,,,,,,,,,,,,,,,,,,,,,,,,,,,,,,,,,,,,,,,,,,,,,,,,,,,,,,,,,,,,,,,,,,,,,,,,,,,,,,,,,,,,,,,,,,,,,,,,,,,,,,,,,
0,1,yes,,4531,,Sahu,,,2008,yes,,,,,,India,"Pakhnaguda, Bonoguda & Machaguda villages",18.418,82.224,18.408,82.223,,,,,,,,,,,,,,,,,,,,,no,na,,,HRI ,,,,,,,,,,,,,12,12,2001,2001,,,,,,culicifacies,n.a.,,?,,,,,,,,,,,,,,,,,,,,,,,,,,,,,,,,,,,,,,,,,,,,,,,,,,,,,,,,,,,,,,,,,,,,,,,,,,,,,,,,,,,,,,,,,,,,,,,,,,,,,,,,,,,,,,,,,,,,,,,,,,,,,,,,,,,,,,,,,,,,,,,,,,,,,,,,,,,,,,,,,,,,,,,,,,,,,,,,,,,,,,,,,,,,,,,,,,,,,,,,,,,,,,,,,,,,,,,,,,,,,,,,,,
0,1,yes,,4531,,Sahu,,,2008,yes,,,,,,India,"Pakhnaguda, Bonoguda & Machaguda villages",18.418,82.224,18.408,82.223,,,,,,,,,,,,,,,,,,,,,no,na,,,HRI ,,,,,,,,,,,,,2,2,2002,2002,,,,,,culicifacies,n.a.,,?,,,,,,,,,,,,,,,,,,,,,,,,,,,,,,,,,,,,,,,,,,,,,,,,,,,,,,,,,,,,,,,,,,,,,,,,,,,,,,,,,,,,,,,,,,,,,,,,,,,,,,,,,,,,,,,,,,,,,,,,,,,,,,,,,,,,,,,,,,,,,,,,,,,,,,,,,,,,,,,,,,,,,,,,,,,,,,,,,,,,,,,,,,,,,,,,,,,,,,,,,,,,,,,,,,,,,,,,,,,,,,,,,,
0,1,yes,,4531,,Sahu,,,2008,yes,,,,,,India,"Pakhnaguda, Bonoguda & Machaguda villages",18.418,82.224,18.408,82.223,,,,,,,,,,,,,,,,,,,,,no,na,,,HRI ,,,,,,,,,,,,,3,3,2002,2002,,,,,,culicifacies,n.a.,,?,,,,,,,,,,,,,,,,,,,,,,,,,,,,,,,,,,,,,,,,,,,,,,,,,,,,,,,,,,,,,,,,,,,,,,,,,,,,,,,,,,,,,,,,,,,,,,,,,,,,,,,,,,,,,,,,,,,,,,,,,,,,,,,,,,,,,,,,,,,,,,,,,,,,,,,,,,,,,,,,,,,,,,,,,,,,,,,,,,,,,,,,,,,,,,,,,,,,,,,,,,,,,,,,,,,,,,,,,,,,,,,,,,
0,1,yes,,4531,,Sahu,,,2008,yes,,,,,,India,"Pakhnaguda, Bonoguda & Machaguda villages",18.418,82.224,18.408,82.223,,,,,,,,,,,,,,,,,,,,,no,na,,,HRI ,,,,,,,,,,,,,4,4,2002,2002,,,,,,culicifacies,n.a.,,?,,,,,,,,,,,,,,,,,,,,,,,,,,,,,,,,,,,,,,,,,,,,,,,,,,,,,,,,,,,,,,,,,,,,,,,,,,,,,,,,,,,,,,,,,,,,,,,,,,,,,,,,,,,,,,,,,,,,,,,,,,,,,,,,,,,,,,,,,,,,,,,,,,,,,,,,,,,,,,,,,,,,,,,,,,,,,,,,,,,,,,,,,,,,,,,,,,,,,,,,,,,,,,,,,,,,,,,,,,,,,,,,,,
0,1,yes,,4531,,Sahu,,,2008,yes,,,,,,India,"Pakhnaguda, Bonoguda & Machaguda villages",18.418,82.224,18.408,82.223,,,,,,,,,,,,,,,,,,,,,no,na,,,HRI ,,,,,,,,,,,,,5,5,2002,2002,,,,,,culicifacies,n.a.,,?,,,,,,,,,,,,,,,,,,,,,,,,,,,,,,,,,,,,,,,,,,,,,,,,,,,,,,,,,,,,,,,,,,,,,,,,,,,,,,,,,,,,,,,,,,,,,,,,,,,,,,,,,,,,,,,,,,,,,,,,,,,,,,,,,,,,,,,,,,,,,,,,,,,,,,,,,,,,,,,,,,,,,,,,,,,,,,,,,,,,,,,,,,,,,,,,,,,,,,,,,,,,,,,,,,,,,,,,,,,,,,,,,,
0,1,yes,,4531,,Sahu,,,2008,yes,,,,,,India,"Pakhnaguda, Bonoguda & Machaguda villages",18.418,82.224,18.408,82.223,,,,,,,,,,,,,,,,,,,,,no,na,,,HRI ,,,,,,,,,,,,,6,6,2002,2002,,,,,,culicifacies,n.a.,,?,,,,,,,,,,,,,,,,,,,,,,,,,,,,,,,,,,,,,,,,,,,,,,,,,,,,,,,,,,,,,,,,,,,,,,,,,,,,,,,,,,,,,,,,,,,,,,,,,,,,,,,,,,,,,,,,,,,,,,,,,,,,,,,,,,,,,,,,,,,,,,,,,,,,,,,,,,,,,,,,,,,,,,,,,,,,,,,,,,,,,,,,,,,,,,,,,,,,,,,,,,,,,,,,,,,,,,,,,,,,,,,,,,
0,1,yes,,4531,,Sahu,,,2008,yes,,,,,,India,"Pakhnaguda, Bonoguda & Machaguda villages",18.418,82.224,18.408,82.223,,,,,,,,,,,,,,,,,,,,,no,na,,,HRI ,,,,,,,,,,,,,7,7,2002,2002,,,,,,culicifacies,n.a.,,?,,,,,,,,,,,,,,,,,,,,,,,,,,,,,,,,,,,,,,,,,,,,,,,,,,,,,,,,,,,,,,,,,,,,,,,,,,,,,,,,,,,,,,,,,,,,,,,,,,,,,,,,,,,,,,,,,,,,,,,,,,,,,,,,,,,,,,,,,,,,,,,,,,,,,,,,,,,,,,,,,,,,,,,,,,,,,,,,,,,,,,,,,,,,,,,,,,,,,,,,,,,,,,,,,,,,,,,,,,,,,,,,,,
0,1,yes,,4531,,Sahu,,,2008,yes,,,,,,India,"Pakhnaguda, Bonoguda & Machaguda villages",18.418,82.224,18.408,82.223,,,,,,,,,,,,,,,,,,,,,no,na,,,HRI ,,,,,,,,,,,,,8,8,2002,2002,,,,,,culicifacies,n.a.,,?,,,,,,,,,,,,,,,,,,,,,,,,,,,,,,,,,,,,,,,,,,,,,,,,,,,,,,,,,,,,,,,,,,,,,,,,,,,,,,,,,,,,,,,,,,,,,,,,,,,,,,,,,,,,,,,,,,,,,,,,,,,,,,,,,,,,,,,,,,,,,,,,,,,,,,,,,,,,,,,,,,,,,,,,,,,,,,,,,,,,,,,,,,,,,,,,,,,,,,,,,,,,,,,,,,,,,,,,,,,,,,,,,,
0,1,yes,,4531,,Sahu,,,2008,yes,,,,,,India,"Pakhnaguda, Bonoguda & Machaguda villages",18.418,82.224,18.408,82.223,,,,,,,,,,,,,,,,,,,,,no,na,,,HRI ,,,,,,,,,,,,,9,9,2002,2002,,,,,,culicifacies,n.a.,,?,,,,,,,,,,,,,,,,,,,,,,,,,,,,,,,,,,,,,,,,,,,,,,,,,,,,,,,,,,,,,,,,,,,,,,,,,,,,,,,,,,,,,,,,,,,,,,,,,,,,,,,,,,,,,,,,,,,,,,,,,,,,,,,,,,,,,,,,,,,,,,,,,,,,,,,,,,,,,,,,,,,,,,,,,,,,,,,,,,,,,,,,,,,,,,,,,,,,,,,,,,,,,,,,,,,,,,,,,,,,,,,,,,
0,1,yes,,4531,,Sahu,,,2008,yes,,,,,,India,"Pakhnaguda, Bonoguda & Machaguda villages",18.418,82.224,18.408,82.223,,,,,,,,,,,,,,,,,,,,,no,na,,,HRI ,,,,,,,,,,,,,10,10,2002,2002,,,,,,culicifacies,n.a.,,?,,,,,,,,,,,,,,,,,,,,,,,,,,,,,,,,,,,,,,,,,,,,,,,,,,,,,,,,,,,,,,,,,,,,,,,,,,,,,,,,,,,,,,,,,,,,,,,,,,,,,,,,,,,,,,,,,,,,,,,,,,,,,,,,,,,,,,,,,,,,,,,,,,,,,,,,,,,,,,,,,,,,,,,,,,,,,,,,,,,,,,,,,,,,,,,,,,,,,,,,,,,,,,,,,,,,,,,,,,,,,,,,,,
0,1,yes,,4531,,Sahu,,,2008,yes,,,,,,India,"Pakhnaguda, Bonoguda & Machaguda villages",18.418,82.224,18.408,82.223,,,,,,,,,,,,,,,,,,,,,no,na,,,HRI ,,,,,,,,,,,,,2,2,2003,2003,,,,,,culicifacies,n.a.,,?,,,,,,,,,,,,,,,,,,,,,,,,,,,,,,,,,,,,,,,,,,,,,,,,,,,,,,,,,,,,,,,,,,,,,,,,,,,,,,,,,,,,,,,,,,,,,,,,,,,,,,,,,,,,,,,,,,,,,,,,,,,,,,,,,,,,,,,,,,,,,,,,,,,,,,,,,,,,,,,,,,,,,,,,,,,,,,,,,,,,,,,,,,,,,,,,,,,,,,,,,,,,,,,,,,,,,,,,,,,,,,,,,,
0,1,yes,,4531,,Sahu,,,2008,yes,,,,,,India,"Pakhnaguda, Bonoguda & Machaguda villages",18.418,82.224,18.408,82.223,,,,,,,,,,,,,,,,,,,,,no,na,,,HRI ,,,,,,,,,,,,,3,3,2003,2003,,,,,,culicifacies,n.a.,,?,,,,,,,,,,,,,,,,,,,,,,,,,,,,,,,,,,,,,,,,,,,,,,,,,,,,,,,,,,,,,,,,,,,,,,,,,,,,,,,,,,,,,,,,,,,,,,,,,,,,,,,,,,,,,,,,,,,,,,,,,,,,,,,,,,,,,,,,,,,,,,,,,,,,,,,,,,,,,,,,,,,,,,,,,,,,,,,,,,,,,,,,,,,,,,,,,,,,,,,,,,,,,,,,,,,,,,,,,,,,,,,,,,
0,1,yes,,4531,,Sahu,,,2008,yes,,,,,,India,"Pakhnaguda, Bonoguda & Machaguda villages",18.418,82.224,18.408,82.223,,,,,,,,,,,,,,,,,,,,,no,na,,,HRI ,,,,,,,,,,,,,10,,2000,2000,,,,,,fluviatilis,n.a.,,?,,,,,,,,,,,,,,,,,,,,,,,,,,,,,,,,,,,,,,,,,,,,,,,,,,,,,,,,,,,,,,,,,,,,,,,,,,,,,,,,,,,,,,,,,,,,,,,,,,,,,,,,,,,,,,,,,,,,,,,,,,,,,,,,,,,,,,,,,,,,,,,,,,,,,,,,,,,,,,,,,,,,,,,,,,,,,,,,,,,,,,,,,,,,,,,,,,,,,,,,,,,,,,,,,,,,,,,,,,,,,,,,,,
0,1,yes,,4531,,Sahu,,,2008,yes,,,,,,India,"Pakhnaguda, Bonoguda & Machaguda villages",18.418,82.224,18.408,82.223,,,,,,,,,,,,,,,,,,,,,no,na,,,HRI ,,,,,,,,,,,,,11,,2000,2000,,,,,,fluviatilis,n.a.,,?,,,,,,,,,,,,,,,,,,,,,,,,,,,,,,,,,,,,,,,,,,,,,,,,,,,,,,,,,,,,,,,,,,,,,,,,,,,,,,,,,,,,,,,,,,,,,,,,,,,,,,,,,,,,,,,,,,,,,,,,,,,,,,,,,,,,,,,,,,,,,,,,,,,,,,,,,,,,,,,,,,,,,,,,,,,,,,,,,,,,,,,,,,,,,,,,,,,,,,,,,,,,,,,,,,,,,,,,,,,,,,,,,,
0,1,yes,,4531,,Sahu,,,2008,yes,,,,,,India,"Pakhnaguda, Bonoguda & Machaguda villages",18.418,82.224,18.408,82.223,,,,,,,,,,,,,,,,,,,,,no,na,,,HRI ,,,,,,,,,,,,,12,,2000,2000,,,,,,fluviatilis,n.a.,,?,,,,,,,,,,,,,,,,,,,,,,,,,,,,,,,,,,,,,,,,,,,,,,,,,,,,,,,,,,,,,,,,,,,,,,,,,,,,,,,,,,,,,,,,,,,,,,,,,,,,,,,,,,,,,,,,,,,,,,,,,,,,,,,,,,,,,,,,,,,,,,,,,,,,,,,,,,,,,,,,,,,,,,,,,,,,,,,,,,,,,,,,,,,,,,,,,,,,,,,,,,,,,,,,,,,,,,,,,,,,,,,,,,
0,1,yes,,4531,,Sahu,,,2008,yes,,,,,,India,"Pakhnaguda, Bonoguda & Machaguda villages",18.418,82.224,18.408,82.223,,,,,,,,,,,,,,,,,,,,,no,na,,,HRI ,,,,,,,,,,,,,1,,2001,2001,,,,,,fluviatilis,n.a.,,?,,,,,,,,,,,,,,,,,,,,,,,,,,,,,,,,,,,,,,,,,,,,,,,,,,,,,,,,,,,,,,,,,,,,,,,,,,,,,,,,,,,,,,,,,,,,,,,,,,,,,,,,,,,,,,,,,,,,,,,,,,,,,,,,,,,,,,,,,,,,,,,,,,,,,,,,,,,,,,,,,,,,,,,,,,,,,,,,,,,,,,,,,,,,,,,,,,,,,,,,,,,,,,,,,,,,,,,,,,,,,,,,,,
0,1,yes,,4531,,Sahu,,,2008,yes,,,,,,India,"Pakhnaguda, Bonoguda & Machaguda villages",18.418,82.224,18.408,82.223,,,,,,,,,,,,,,,,,,,,,no,na,,,HRI ,,,,,,,,,,,,,2,,2001,2001,,,,,,fluviatilis,n.a.,,?,,,,,,,,,,,,,,,,,,,,,,,,,,,,,,,,,,,,,,,,,,,,,,,,,,,,,,,,,,,,,,,,,,,,,,,,,,,,,,,,,,,,,,,,,,,,,,,,,,,,,,,,,,,,,,,,,,,,,,,,,,,,,,,,,,,,,,,,,,,,,,,,,,,,,,,,,,,,,,,,,,,,,,,,,,,,,,,,,,,,,,,,,,,,,,,,,,,,,,,,,,,,,,,,,,,,,,,,,,,,,,,,,,
0,1,yes,,4531,,Sahu,,,2008,yes,,,,,,India,"Pakhnaguda, Bonoguda & Machaguda villages",18.418,82.224,18.408,82.223,,,,,,,,,,,,,,,,,,,,,no,na,,,HRI ,,,,,,,,,,,,,3,,2001,2001,,,,,,fluviatilis,n.a.,,?,,,,,,,,,,,,,,,,,,,,,,,,,,,,,,,,,,,,,,,,,,,,,,,,,,,,,,,,,,,,,,,,,,,,,,,,,,,,,,,,,,,,,,,,,,,,,,,,,,,,,,,,,,,,,,,,,,,,,,,,,,,,,,,,,,,,,,,,,,,,,,,,,,,,,,,,,,,,,,,,,,,,,,,,,,,,,,,,,,,,,,,,,,,,,,,,,,,,,,,,,,,,,,,,,,,,,,,,,,,,,,,,,,
0,1,yes,,4531,,Sahu,,,2008,yes,,,,,,India,"Pakhnaguda, Bonoguda & Machaguda villages",18.418,82.224,18.408,82.223,,,,,,,,,,,,,,,,,,,,,no,na,,,HRI ,,,,,,,,,,,,,6,,2001,2001,,,,,,fluviatilis,n.a.,,?,,,,,,,,,,,,,,,,,,,,,,,,,,,,,,,,,,,,,,,,,,,,,,,,,,,,,,,,,,,,,,,,,,,,,,,,,,,,,,,,,,,,,,,,,,,,,,,,,,,,,,,,,,,,,,,,,,,,,,,,,,,,,,,,,,,,,,,,,,,,,,,,,,,,,,,,,,,,,,,,,,,,,,,,,,,,,,,,,,,,,,,,,,,,,,,,,,,,,,,,,,,,,,,,,,,,,,,,,,,,,,,,,,
0,1,yes,,4531,,Sahu,,,2008,yes,,,,,,India,"Pakhnaguda, Bonoguda & Machaguda villages",18.418,82.224,18.408,82.223,,,,,,,,,,,,,,,,,,,,,no,na,,,HRI ,,,,,,,,,,,,,7,,2001,2001,,,,,,fluviatilis,n.a.,,?,,,,,,,,,,,,,,,,,,,,,,,,,,,,,,,,,,,,,,,,,,,,,,,,,,,,,,,,,,,,,,,,,,,,,,,,,,,,,,,,,,,,,,,,,,,,,,,,,,,,,,,,,,,,,,,,,,,,,,,,,,,,,,,,,,,,,,,,,,,,,,,,,,,,,,,,,,,,,,,,,,,,,,,,,,,,,,,,,,,,,,,,,,,,,,,,,,,,,,,,,,,,,,,,,,,,,,,,,,,,,,,,,,
0,1,yes,,4531,,Sahu,,,2008,yes,,,,,,India,"Pakhnaguda, Bonoguda & Machaguda villages",18.418,82.224,18.408,82.223,,,,,,,,,,,,,,,,,,,,,no,na,,,HRI ,,,,,,,,,,,,,8,,2001,2001,,,,,,fluviatilis,n.a.,,?,,,,,,,,,,,,,,,,,,,,,,,,,,,,,,,,,,,,,,,,,,,,,,,,,,,,,,,,,,,,,,,,,,,,,,,,,,,,,,,,,,,,,,,,,,,,,,,,,,,,,,,,,,,,,,,,,,,,,,,,,,,,,,,,,,,,,,,,,,,,,,,,,,,,,,,,,,,,,,,,,,,,,,,,,,,,,,,,,,,,,,,,,,,,,,,,,,,,,,,,,,,,,,,,,,,,,,,,,,,,,,,,,,
0,1,yes,,4531,,Sahu,,,2008,yes,,,,,,India,"Pakhnaguda, Bonoguda & Machaguda villages",18.418,82.224,18.408,82.223,,,,,,,,,,,,,,,,,,,,,no,na,,,HRI ,,,,,,,,,,,,,9,,2001,2001,,,,,,fluviatilis,n.a.,,?,,,,,,,,,,,,,,,,,,,,,,,,,,,,,,,,,,,,,,,,,,,,,,,,,,,,,,,,,,,,,,,,,,,,,,,,,,,,,,,,,,,,,,,,,,,,,,,,,,,,,,,,,,,,,,,,,,,,,,,,,,,,,,,,,,,,,,,,,,,,,,,,,,,,,,,,,,,,,,,,,,,,,,,,,,,,,,,,,,,,,,,,,,,,,,,,,,,,,,,,,,,,,,,,,,,,,,,,,,,,,,,,,,
0,1,yes,,4531,,Sahu,,,2008,yes,,,,,,India,"Pakhnaguda, Bonoguda & Machaguda villages",18.418,82.224,18.408,82.223,,,,,,,,,,,,,,,,,,,,,no,na,,,HRI ,,,,,,,,,,,,,10,,2001,2001,,,,,,fluviatilis,n.a.,,?,,,,,,,,,,,,,,,,,,,,,,,,,,,,,,,,,,,,,,,,,,,,,,,,,,,,,,,,,,,,,,,,,,,,,,,,,,,,,,,,,,,,,,,,,,,,,,,,,,,,,,,,,,,,,,,,,,,,,,,,,,,,,,,,,,,,,,,,,,,,,,,,,,,,,,,,,,,,,,,,,,,,,,,,,,,,,,,,,,,,,,,,,,,,,,,,,,,,,,,,,,,,,,,,,,,,,,,,,,,,,,,,,,
0,1,yes,,4531,,Sahu,,,2008,yes,,,,,,India,"Pakhnaguda, Bonoguda & Machaguda villages",18.418,82.224,18.408,82.223,,,,,,,,,,,,,,,,,,,,,no,na,,,HRI ,,,,,,,,,,,,,11,,2001,2001,,,,,,fluviatilis,n.a.,,?,,,,,,,,,,,,,,,,,,,,,,,,,,,,,,,,,,,,,,,,,,,,,,,,,,,,,,,,,,,,,,,,,,,,,,,,,,,,,,,,,,,,,,,,,,,,,,,,,,,,,,,,,,,,,,,,,,,,,,,,,,,,,,,,,,,,,,,,,,,,,,,,,,,,,,,,,,,,,,,,,,,,,,,,,,,,,,,,,,,,,,,,,,,,,,,,,,,,,,,,,,,,,,,,,,,,,,,,,,,,,,,,,,
0,1,yes,,4531,,Sahu,,,2008,yes,,,,,,India,"Pakhnaguda, Bonoguda & Machaguda villages",18.418,82.224,18.408,82.223,,,,,,,,,,,,,,,,,,,,,no,na,,,HRI ,,,,,,,,,,,,,12,,2001,2001,,,,,,fluviatilis,n.a.,,?,,,,,,,,,,,,,,,,,,,,,,,,,,,,,,,,,,,,,,,,,,,,,,,,,,,,,,,,,,,,,,,,,,,,,,,,,,,,,,,,,,,,,,,,,,,,,,,,,,,,,,,,,,,,,,,,,,,,,,,,,,,,,,,,,,,,,,,,,,,,,,,,,,,,,,,,,,,,,,,,,,,,,,,,,,,,,,,,,,,,,,,,,,,,,,,,,,,,,,,,,,,,,,,,,,,,,,,,,,,,,,,,,,
0,1,yes,,4531,,Sahu,,,2008,yes,,,,,,India,"Pakhnaguda, Bonoguda & Machaguda villages",18.418,82.224,18.408,82.223,,,,,,,,,,,,,,,,,,,,,no,na,,,HRI ,,,,,,,,,,,,,1,,2002,2002,,,,,,fluviatilis,n.a.,,?,,,,,,,,,,,,,,,,,,,,,,,,,,,,,,,,,,,,,,,,,,,,,,,,,,,,,,,,,,,,,,,,,,,,,,,,,,,,,,,,,,,,,,,,,,,,,,,,,,,,,,,,,,,,,,,,,,,,,,,,,,,,,,,,,,,,,,,,,,,,,,,,,,,,,,,,,,,,,,,,,,,,,,,,,,,,,,,,,,,,,,,,,,,,,,,,,,,,,,,,,,,,,,,,,,,,,,,,,,,,,,,,,,
0,1,yes,,4531,,Sahu,,,2008,yes,,,,,,India,"Pakhnaguda, Bonoguda & Machaguda villages",18.418,82.224,18.408,82.223,,,,,,,,,,,,,,,,,,,,,no,na,,,HRI ,,,,,,,,,,,,,2,,2002,2002,,,,,,fluviatilis,n.a.,,?,,,,,,,,,,,,,,,,,,,,,,,,,,,,,,,,,,,,,,,,,,,,,,,,,,,,,,,,,,,,,,,,,,,,,,,,,,,,,,,,,,,,,,,,,,,,,,,,,,,,,,,,,,,,,,,,,,,,,,,,,,,,,,,,,,,,,,,,,,,,,,,,,,,,,,,,,,,,,,,,,,,,,,,,,,,,,,,,,,,,,,,,,,,,,,,,,,,,,,,,,,,,,,,,,,,,,,,,,,,,,,,,,,
0,1,yes,,4531,,Sahu,,,2008,yes,,,,,,India,"Pakhnaguda, Bonoguda & Machaguda villages",18.418,82.224,18.408,82.223,,,,,,,,,,,,,,,,,,,,,no,na,,,HRI ,,,,,,,,,,,,,8,,2002,2002,,,,,,fluviatilis,n.a.,,?,,,,,,,,,,,,,,,,,,,,,,,,,,,,,,,,,,,,,,,,,,,,,,,,,,,,,,,,,,,,,,,,,,,,,,,,,,,,,,,,,,,,,,,,,,,,,,,,,,,,,,,,,,,,,,,,,,,,,,,,,,,,,,,,,,,,,,,,,,,,,,,,,,,,,,,,,,,,,,,,,,,,,,,,,,,,,,,,,,,,,,,,,,,,,,,,,,,,,,,,,,,,,,,,,,,,,,,,,,,,,,,,,,
0,1,yes,,4531,,Sahu,,,2008,yes,,,,,,India,"Pakhnaguda, Bonoguda & Machaguda villages",18.418,82.224,18.408,82.223,,,,,,,,,,,,,,,,,,,,,no,na,,,HRI ,,,,,,,,,,,,,9,,2002,2002,,,,,,fluviatilis,n.a.,,?,,,,,,,,,,,,,,,,,,,,,,,,,,,,,,,,,,,,,,,,,,,,,,,,,,,,,,,,,,,,,,,,,,,,,,,,,,,,,,,,,,,,,,,,,,,,,,,,,,,,,,,,,,,,,,,,,,,,,,,,,,,,,,,,,,,,,,,,,,,,,,,,,,,,,,,,,,,,,,,,,,,,,,,,,,,,,,,,,,,,,,,,,,,,,,,,,,,,,,,,,,,,,,,,,,,,,,,,,,,,,,,,,,
0,1,yes,,4531,,Sahu,,,2008,yes,,,,,,India,"Pakhnaguda, Bonoguda & Machaguda villages",18.418,82.224,18.408,82.223,,,,,,,,,,,,,,,,,,,,,no,na,,,HRI ,,,,,,,,,,,,,10,,2002,2002,,,,,,fluviatilis,n.a.,,?,,,,,,,,,,,,,,,,,,,,,,,,,,,,,,,,,,,,,,,,,,,,,,,,,,,,,,,,,,,,,,,,,,,,,,,,,,,,,,,,,,,,,,,,,,,,,,,,,,,,,,,,,,,,,,,,,,,,,,,,,,,,,,,,,,,,,,,,,,,,,,,,,,,,,,,,,,,,,,,,,,,,,,,,,,,,,,,,,,,,,,,,,,,,,,,,,,,,,,,,,,,,,,,,,,,,,,,,,,,,,,,,,,
0,1,yes,,4531,,Sahu,,,2008,yes,,,,,,India,"Pakhnaguda, Bonoguda & Machaguda villages",18.418,82.224,18.408,82.223,,,,,,,,,,,,,,,,,,,,,no,na,,,HRI ,,,,,,,,,,,,,11,,2002,2002,,,,,,fluviatilis,n.a.,,?,,,,,,,,,,,,,,,,,,,,,,,,,,,,,,,,,,,,,,,,,,,,,,,,,,,,,,,,,,,,,,,,,,,,,,,,,,,,,,,,,,,,,,,,,,,,,,,,,,,,,,,,,,,,,,,,,,,,,,,,,,,,,,,,,,,,,,,,,,,,,,,,,,,,,,,,,,,,,,,,,,,,,,,,,,,,,,,,,,,,,,,,,,,,,,,,,,,,,,,,,,,,,,,,,,,,,,,,,,,,,,,,,,
0,1,yes,,4531,,Sahu,,,2008,yes,,,,,,India,"Pakhnaguda, Bonoguda & Machaguda villages",18.418,82.224,18.408,82.223,,,,,,,,,,,,,,,,,,,,,no,na,,,HRI ,,,,,,,,,,,,,12,,2002,2002,,,,,,fluviatilis,n.a.,,?,,,,,,,,,,,,,,,,,,,,,,,,,,,,,,,,,,,,,,,,,,,,,,,,,,,,,,,,,,,,,,,,,,,,,,,,,,,,,,,,,,,,,,,,,,,,,,,,,,,,,,,,,,,,,,,,,,,,,,,,,,,,,,,,,,,,,,,,,,,,,,,,,,,,,,,,,,,,,,,,,,,,,,,,,,,,,,,,,,,,,,,,,,,,,,,,,,,,,,,,,,,,,,,,,,,,,,,,,,,,,,,,,,
0,1,yes,,4531,,Sahu,,,2008,yes,,,,,,India,"Pakhnaguda, Bonoguda & Machaguda villages",18.418,82.224,18.408,82.223,,,,,,,,,,,,,,,,,,,,,no,na,,,HRI ,,,,,,,,,,,,,1,,2003,2003,,,,,,fluviatilis,n.a.,,?,,,,,,,,,,,,,,,,,,,,,,,,,,,,,,,,,,,,,,,,,,,,,,,,,,,,,,,,,,,,,,,,,,,,,,,,,,,,,,,,,,,,,,,,,,,,,,,,,,,,,,,,,,,,,,,,,,,,,,,,,,,,,,,,,,,,,,,,,,,,,,,,,,,,,,,,,,,,,,,,,,,,,,,,,,,,,,,,,,,,,,,,,,,,,,,,,,,,,,,,,,,,,,,,,,,,,,,,,,,,,,,,,,
0,1,yes,,4531,,Sahu,,,2008,yes,,,,,,India,"Pakhnaguda, Bonoguda & Machaguda villages",18.418,82.224,18.408,82.223,,,,,,,,,,,,,,,,,,,,,no,na,,,HRI ,,,,,,,,,,,,,2,,2003,2003,,,,,,fluviatilis,n.a.,,?,,,,,,,,,,,,,,,,,,,,,,,,,,,,,,,,,,,,,,,,,,,,,,,,,,,,,,,,,,,,,,,,,,,,,,,,,,,,,,,,,,,,,,,,,,,,,,,,,,,,,,,,,,,,,,,,,,,,,,,,,,,,,,,,,,,,,,,,,,,,,,,,,,,,,,,,,,,,,,,,,,,,,,,,,,,,,,,,,,,,,,,,,,,,,,,,,,,,,,,,,,,,,,,,,,,,,,,,,,,,,,,,,,
0,1,yes,ITNs Treated with Lambdacyhalothrin. Nets were distributed in Sept. 2001 and re-treatment was done in June 2002. Mosquito collection were conducted in two periods; before nets (Oct. 2000-Sept 2001) and after distribution (Oct 2001-June 2003). (these study villages were given itn (EH)),4531,,Sahu,,,2008,yes,,,,,,India,"Pusuriguda, Sindhiguda & Nandiniguda villages",18.444,82.229,18.411,82.221,,,,,,,,,,,,,,no,no,wide area,combination,Orissa State,Malkangiri district,"Not Listed- Used map in article and encarta to estimate the site location, and plotted it in encarta. Wide area because the studies were done in groups of 3 villages. Used coords for each of the villages in sequence to represent the study area. (coords are Pusuriguda; 18.506, 82.275, Sindhiguda; 18.444, 82.229, Nandiniguda; 18.411, 82.221 (EH))",yes,ITN,,,HRI ,,,,,,,,,,,,,10,6,2000,2003,,,,,,culicifacies,n.a.,,?,,,,,,,,,,,,,,,,,,,,,,,,,,,,,,,,,,,,,,,,,,,,,,,,,,,,,,,,,,,,,,,,,,,,,,,,,,,,,,,,,,,,,,,,,,,,,,,,,,,,,,,,,,,,,,,,,,,,,,,,,,,,,,,,,,,,,,,,,,,,,,,,,,,,,,,,,,,,,,,,,,,,,,,,,,,,,,,,,,,,,,,,,,,,,,,,,,,,,,,,,,,,,,,,,,,,,,,,,,,,,,,,,,
0,1,yes,ITNs Treated with Lambdacyhalothrin. Nets were distributed in Sept. 2001 and re-treatment was done in June 2002. Mosquito collection were conducted in two periods; before nets (Oct. 2000-Sept 2001) and after distribution (Oct 2001-June 2003).,4531,,Sahu,,,2008,yes,,,,,,India,"Pusuriguda, Sindhiguda & Nandiniguda villages",18.444,82.229,18.411,82.221,,,,,,,,,,,,,,,,,,,,,yes,ITN,,,HRI ,,,,,,,,,,,,,10,6,2000,2003,,,,,,fluviatilis,n.a.,,?,,,,,,,,,,,,,,,,,,,,,,,,,,,,,,,,,,,,,,,,,,,,,,,,,,,,,,,,,,,,,,,,,,,,,,,,,,,,,,,,,,,,,,,,,,,,,,,,,,,,,,,,,,,,,,,,,,,,,,,,,,,,,,,,,,,,,,,,,,,,,,,,,,,,,,,,,,,,,,,,,,,,,,,,,,,,,,,,,,,,,,,,,,,,,,,,,,,,,,,,,,,,,,,,,,,,,,,,,,,,,,,,,,
0,1,yes,,4531,,Sahu,,,2008,yes,,,,,,India,"Pusuriguda, Sindhiguda & Nandiniguda villages",18.444,82.229,18.411,82.221,,,,,,,,,,,,,,,,,,,,,no,na,,,HRI ,,,,,,,,,,,,,10,10,2000,2000,,,,,,culicifacies,n.a.,,?,,,,,,,,,,,,,,,,,,,,,,,,,,,,,,,,,,,,,,,,,,,,,,,,,,,,,,,,,,,,,,,,,,,,,,,,,,,,,,,,,,,,,,,,,,,,,,,,,,,,,,,,,,,,,,,,,,,,,,,,,,,,,,,,,,,,,,,,,,,,,,,,,,,,,,,,,,,,,,,,,,,,,,,,,,,,,,,,,,,,,,,,,,,,,,,,,,,,,,,,,,,,,,,,,,,,,,,,,,,,,,,,,,
0,1,yes,,4531,,Sahu,,,2008,yes,,,,,,India,"Pusuriguda, Sindhiguda & Nandiniguda villages",18.444,82.229,18.411,82.221,,,,,,,,,,,,,,,,,,,,,no,na,,,HRI ,,,,,,,,,,,,,11,11,2000,2000,,,,,,culicifacies,n.a.,,?,,,,,,,,,,,,,,,,,,,,,,,,,,,,,,,,,,,,,,,,,,,,,,,,,,,,,,,,,,,,,,,,,,,,,,,,,,,,,,,,,,,,,,,,,,,,,,,,,,,,,,,,,,,,,,,,,,,,,,,,,,,,,,,,,,,,,,,,,,,,,,,,,,,,,,,,,,,,,,,,,,,,,,,,,,,,,,,,,,,,,,,,,,,,,,,,,,,,,,,,,,,,,,,,,,,,,,,,,,,,,,,,,,
0,1,yes,,4531,,Sahu,,,2008,yes,,,,,,India,"Pusuriguda, Sindhiguda & Nandiniguda villages",18.444,82.229,18.411,82.221,,,,,,,,,,,,,,,,,,,,,no,na,,,HRI ,,,,,,,,,,,,,12,12,2000,2000,,,,,,culicifacies,n.a.,,?,,,,,,,,,,,,,,,,,,,,,,,,,,,,,,,,,,,,,,,,,,,,,,,,,,,,,,,,,,,,,,,,,,,,,,,,,,,,,,,,,,,,,,,,,,,,,,,,,,,,,,,,,,,,,,,,,,,,,,,,,,,,,,,,,,,,,,,,,,,,,,,,,,,,,,,,,,,,,,,,,,,,,,,,,,,,,,,,,,,,,,,,,,,,,,,,,,,,,,,,,,,,,,,,,,,,,,,,,,,,,,,,,,
0,1,yes,,4531,,Sahu,,,2008,yes,,,,,,India,"Pusuriguda, Sindhiguda & Nandiniguda villages",18.444,82.229,18.411,82.221,,,,,,,,,,,,,,,,,,,,,no,na,,,HRI ,,,,,,,,,,,,,1,1,2001,2001,,,,,,culicifacies,n.a.,,?,,,,,,,,,,,,,,,,,,,,,,,,,,,,,,,,,,,,,,,,,,,,,,,,,,,,,,,,,,,,,,,,,,,,,,,,,,,,,,,,,,,,,,,,,,,,,,,,,,,,,,,,,,,,,,,,,,,,,,,,,,,,,,,,,,,,,,,,,,,,,,,,,,,,,,,,,,,,,,,,,,,,,,,,,,,,,,,,,,,,,,,,,,,,,,,,,,,,,,,,,,,,,,,,,,,,,,,,,,,,,,,,,,
0,1,yes,,4531,,Sahu,,,2008,yes,,,,,,India,"Pusuriguda, Sindhiguda & Nandiniguda villages",18.444,82.229,18.411,82.221,,,,,,,,,,,,,,,,,,,,,no,na,,,HRI ,,,,,,,,,,,,,2,2,2001,2001,,,,,,culicifacies,n.a.,,?,,,,,,,,,,,,,,,,,,,,,,,,,,,,,,,,,,,,,,,,,,,,,,,,,,,,,,,,,,,,,,,,,,,,,,,,,,,,,,,,,,,,,,,,,,,,,,,,,,,,,,,,,,,,,,,,,,,,,,,,,,,,,,,,,,,,,,,,,,,,,,,,,,,,,,,,,,,,,,,,,,,,,,,,,,,,,,,,,,,,,,,,,,,,,,,,,,,,,,,,,,,,,,,,,,,,,,,,,,,,,,,,,,
0,1,yes,,4531,,Sahu,,,2008,yes,,,,,,India,"Pusuriguda, Sindhiguda & Nandiniguda villages",18.444,82.229,18.411,82.221,,,,,,,,,,,,,,,,,,,,,no,na,,,HRI ,,,,,,,,,,,,,3,3,2001,2001,,,,,,culicifacies,n.a.,,?,,,,,,,,,,,,,,,,,,,,,,,,,,,,,,,,,,,,,,,,,,,,,,,,,,,,,,,,,,,,,,,,,,,,,,,,,,,,,,,,,,,,,,,,,,,,,,,,,,,,,,,,,,,,,,,,,,,,,,,,,,,,,,,,,,,,,,,,,,,,,,,,,,,,,,,,,,,,,,,,,,,,,,,,,,,,,,,,,,,,,,,,,,,,,,,,,,,,,,,,,,,,,,,,,,,,,,,,,,,,,,,,,,
0,1,yes,,4531,,Sahu,,,2008,yes,,,,,,India,"Pusuriguda, Sindhiguda & Nandiniguda villages",18.444,82.229,18.411,82.221,,,,,,,,,,,,,,,,,,,,,no,na,,,HRI ,,,,,,,,,,,,,4,4,2001,2001,,,,,,culicifacies,n.a.,,?,,,,,,,,,,,,,,,,,,,,,,,,,,,,,,,,,,,,,,,,,,,,,,,,,,,,,,,,,,,,,,,,,,,,,,,,,,,,,,,,,,,,,,,,,,,,,,,,,,,,,,,,,,,,,,,,,,,,,,,,,,,,,,,,,,,,,,,,,,,,,,,,,,,,,,,,,,,,,,,,,,,,,,,,,,,,,,,,,,,,,,,,,,,,,,,,,,,,,,,,,,,,,,,,,,,,,,,,,,,,,,,,,,
0,1,yes,,4531,,Sahu,,,2008,yes,,,,,,India,"Pusuriguda, Sindhiguda & Nandiniguda villages",18.444,82.229,18.411,82.221,,,,,,,,,,,,,,,,,,,,,no,na,,,HRI ,,,,,,,,,,,,,5,5,2001,2001,,,,,,culicifacies,n.a.,,?,,,,,,,,,,,,,,,,,,,,,,,,,,,,,,,,,,,,,,,,,,,,,,,,,,,,,,,,,,,,,,,,,,,,,,,,,,,,,,,,,,,,,,,,,,,,,,,,,,,,,,,,,,,,,,,,,,,,,,,,,,,,,,,,,,,,,,,,,,,,,,,,,,,,,,,,,,,,,,,,,,,,,,,,,,,,,,,,,,,,,,,,,,,,,,,,,,,,,,,,,,,,,,,,,,,,,,,,,,,,,,,,,,
0,1,yes,,4531,,Sahu,,,2008,yes,,,,,,India,"Pusuriguda, Sindhiguda & Nandiniguda villages",18.444,82.229,18.411,82.221,,,,,,,,,,,,,,,,,,,,,no,na,,,HRI ,,,,,,,,,,,,,6,6,2001,2001,,,,,,culicifacies,n.a.,,?,,,,,,,,,,,,,,,,,,,,,,,,,,,,,,,,,,,,,,,,,,,,,,,,,,,,,,,,,,,,,,,,,,,,,,,,,,,,,,,,,,,,,,,,,,,,,,,,,,,,,,,,,,,,,,,,,,,,,,,,,,,,,,,,,,,,,,,,,,,,,,,,,,,,,,,,,,,,,,,,,,,,,,,,,,,,,,,,,,,,,,,,,,,,,,,,,,,,,,,,,,,,,,,,,,,,,,,,,,,,,,,,,,
0,1,yes,,4531,,Sahu,,,2008,yes,,,,,,India,"Pusuriguda, Sindhiguda & Nandiniguda villages",18.444,82.229,18.411,82.221,,,,,,,,,,,,,,,,,,,,,no,na,,,HRI ,,,,,,,,,,,,,7,7,2001,2001,,,,,,culicifacies,n.a.,,?,,,,,,,,,,,,,,,,,,,,,,,,,,,,,,,,,,,,,,,,,,,,,,,,,,,,,,,,,,,,,,,,,,,,,,,,,,,,,,,,,,,,,,,,,,,,,,,,,,,,,,,,,,,,,,,,,,,,,,,,,,,,,,,,,,,,,,,,,,,,,,,,,,,,,,,,,,,,,,,,,,,,,,,,,,,,,,,,,,,,,,,,,,,,,,,,,,,,,,,,,,,,,,,,,,,,,,,,,,,,,,,,,,
0,1,yes,,4531,,Sahu,,,2008,yes,,,,,,India,"Pusuriguda, Sindhiguda & Nandiniguda villages",18.444,82.229,18.411,82.221,,,,,,,,,,,,,,,,,,,,,no,na,,,HRI ,,,,,,,,,,,,,8,8,2001,2001,,,,,,culicifacies,n.a.,,?,,,,,,,,,,,,,,,,,,,,,,,,,,,,,,,,,,,,,,,,,,,,,,,,,,,,,,,,,,,,,,,,,,,,,,,,,,,,,,,,,,,,,,,,,,,,,,,,,,,,,,,,,,,,,,,,,,,,,,,,,,,,,,,,,,,,,,,,,,,,,,,,,,,,,,,,,,,,,,,,,,,,,,,,,,,,,,,,,,,,,,,,,,,,,,,,,,,,,,,,,,,,,,,,,,,,,,,,,,,,,,,,,,
0,1,yes,,4531,,Sahu,,,2008,yes,,,,,,India,"Pusuriguda, Sindhiguda & Nandiniguda villages",18.444,82.229,18.411,82.221,,,,,,,,,,,,,,,,,,,,,no,na,,,HRI ,,,,,,,,,,,,,9,9,2001,2001,,,,,,culicifacies,n.a.,,?,,,,,,,,,,,,,,,,,,,,,,,,,,,,,,,,,,,,,,,,,,,,,,,,,,,,,,,,,,,,,,,,,,,,,,,,,,,,,,,,,,,,,,,,,,,,,,,,,,,,,,,,,,,,,,,,,,,,,,,,,,,,,,,,,,,,,,,,,,,,,,,,,,,,,,,,,,,,,,,,,,,,,,,,,,,,,,,,,,,,,,,,,,,,,,,,,,,,,,,,,,,,,,,,,,,,,,,,,,,,,,,,,,
0,1,yes,,4531,,Sahu,,,2008,yes,,,,,,India,"Pusuriguda, Sindhiguda & Nandiniguda villages",18.444,82.229,18.411,82.221,,,,,,,,,,,,,,,,,,,,,yes,ITN,,,HRI ,,,,,,,,,,,,,2,2,2002,2002,,,,,,culicifacies,n.a.,,?,,,,,,,,,,,,,,,,,,,,,,,,,,,,,,,,,,,,,,,,,,,,,,,,,,,,,,,,,,,,,,,,,,,,,,,,,,,,,,,,,,,,,,,,,,,,,,,,,,,,,,,,,,,,,,,,,,,,,,,,,,,,,,,,,,,,,,,,,,,,,,,,,,,,,,,,,,,,,,,,,,,,,,,,,,,,,,,,,,,,,,,,,,,,,,,,,,,,,,,,,,,,,,,,,,,,,,,,,,,,,,,,,,
0,1,yes,,4531,,Sahu,,,2008,yes,,,,,,India,"Pusuriguda, Sindhiguda & Nandiniguda villages",18.444,82.229,18.411,82.221,,,,,,,,,,,,,,,,,,,,,yes,ITN,,,HRI ,,,,,,,,,,,,,3,3,2002,2002,,,,,,culicifacies,n.a.,,?,,,,,,,,,,,,,,,,,,,,,,,,,,,,,,,,,,,,,,,,,,,,,,,,,,,,,,,,,,,,,,,,,,,,,,,,,,,,,,,,,,,,,,,,,,,,,,,,,,,,,,,,,,,,,,,,,,,,,,,,,,,,,,,,,,,,,,,,,,,,,,,,,,,,,,,,,,,,,,,,,,,,,,,,,,,,,,,,,,,,,,,,,,,,,,,,,,,,,,,,,,,,,,,,,,,,,,,,,,,,,,,,,,
0,1,yes,,4531,,Sahu,,,2008,yes,,,,,,India,"Pusuriguda, Sindhiguda & Nandiniguda villages",18.444,82.229,18.411,82.221,,,,,,,,,,,,,,,,,,,,,yes,ITN,,,HRI ,,,,,,,,,,,,,4,4,2002,2002,,,,,,culicifacies,n.a.,,?,,,,,,,,,,,,,,,,,,,,,,,,,,,,,,,,,,,,,,,,,,,,,,,,,,,,,,,,,,,,,,,,,,,,,,,,,,,,,,,,,,,,,,,,,,,,,,,,,,,,,,,,,,,,,,,,,,,,,,,,,,,,,,,,,,,,,,,,,,,,,,,,,,,,,,,,,,,,,,,,,,,,,,,,,,,,,,,,,,,,,,,,,,,,,,,,,,,,,,,,,,,,,,,,,,,,,,,,,,,,,,,,,,
0,1,yes,,4531,,Sahu,,,2008,yes,,,,,,India,"Pusuriguda, Sindhiguda & Nandiniguda villages",18.444,82.229,18.411,82.221,,,,,,,,,,,,,,,,,,,,,yes,ITN,,,HRI ,,,,,,,,,,,,,5,5,2002,2002,,,,,,culicifacies,n.a.,,?,,,,,,,,,,,,,,,,,,,,,,,,,,,,,,,,,,,,,,,,,,,,,,,,,,,,,,,,,,,,,,,,,,,,,,,,,,,,,,,,,,,,,,,,,,,,,,,,,,,,,,,,,,,,,,,,,,,,,,,,,,,,,,,,,,,,,,,,,,,,,,,,,,,,,,,,,,,,,,,,,,,,,,,,,,,,,,,,,,,,,,,,,,,,,,,,,,,,,,,,,,,,,,,,,,,,,,,,,,,,,,,,,,
0,1,yes,,4531,,Sahu,,,2008,yes,,,,,,India,"Pusuriguda, Sindhiguda & Nandiniguda villages",18.444,82.229,18.411,82.221,,,,,,,,,,,,,,,,,,,,,yes,ITN,,,HRI ,,,,,,,,,,,,,6,6,2002,2002,,,,,,culicifacies,n.a.,,?,,,,,,,,,,,,,,,,,,,,,,,,,,,,,,,,,,,,,,,,,,,,,,,,,,,,,,,,,,,,,,,,,,,,,,,,,,,,,,,,,,,,,,,,,,,,,,,,,,,,,,,,,,,,,,,,,,,,,,,,,,,,,,,,,,,,,,,,,,,,,,,,,,,,,,,,,,,,,,,,,,,,,,,,,,,,,,,,,,,,,,,,,,,,,,,,,,,,,,,,,,,,,,,,,,,,,,,,,,,,,,,,,,
0,1,yes,,4531,,Sahu,,,2008,yes,,,,,,India,"Pusuriguda, Sindhiguda & Nandiniguda villages",18.444,82.229,18.411,82.221,,,,,,,,,,,,,,,,,,,,,yes,ITN,,,HRI ,,,,,,,,,,,,,7,7,2002,2002,,,,,,culicifacies,n.a.,,?,,,,,,,,,,,,,,,,,,,,,,,,,,,,,,,,,,,,,,,,,,,,,,,,,,,,,,,,,,,,,,,,,,,,,,,,,,,,,,,,,,,,,,,,,,,,,,,,,,,,,,,,,,,,,,,,,,,,,,,,,,,,,,,,,,,,,,,,,,,,,,,,,,,,,,,,,,,,,,,,,,,,,,,,,,,,,,,,,,,,,,,,,,,,,,,,,,,,,,,,,,,,,,,,,,,,,,,,,,,,,,,,,,
0,1,yes,,4531,,Sahu,,,2008,yes,,,,,,India,"Pusuriguda, Sindhiguda & Nandiniguda villages",18.444,82.229,18.411,82.221,,,,,,,,,,,,,,,,,,,,,yes,ITN,,,HRI ,,,,,,,,,,,,,8,8,2002,2002,,,,,,culicifacies,n.a.,,?,,,,,,,,,,,,,,,,,,,,,,,,,,,,,,,,,,,,,,,,,,,,,,,,,,,,,,,,,,,,,,,,,,,,,,,,,,,,,,,,,,,,,,,,,,,,,,,,,,,,,,,,,,,,,,,,,,,,,,,,,,,,,,,,,,,,,,,,,,,,,,,,,,,,,,,,,,,,,,,,,,,,,,,,,,,,,,,,,,,,,,,,,,,,,,,,,,,,,,,,,,,,,,,,,,,,,,,,,,,,,,,,,,
0,1,yes,,4531,,Sahu,,,2008,yes,,,,,,India,"Pusuriguda, Sindhiguda & Nandiniguda villages",18.444,82.229,18.411,82.221,,,,,,,,,,,,,,,,,,,,,yes,ITN,,,HRI ,,,,,,,,,,,,,9,9,2002,2002,,,,,,culicifacies,n.a.,,?,,,,,,,,,,,,,,,,,,,,,,,,,,,,,,,,,,,,,,,,,,,,,,,,,,,,,,,,,,,,,,,,,,,,,,,,,,,,,,,,,,,,,,,,,,,,,,,,,,,,,,,,,,,,,,,,,,,,,,,,,,,,,,,,,,,,,,,,,,,,,,,,,,,,,,,,,,,,,,,,,,,,,,,,,,,,,,,,,,,,,,,,,,,,,,,,,,,,,,,,,,,,,,,,,,,,,,,,,,,,,,,,,,
0,1,yes,,4531,,Sahu,,,2008,yes,,,,,,India,"Pusuriguda, Sindhiguda & Nandiniguda villages",18.444,82.229,18.411,82.221,,,,,,,,,,,,,,,,,,,,,yes,ITN,,,HRI ,,,,,,,,,,,,,10,10,2002,2002,,,,,,culicifacies,n.a.,,?,,,,,,,,,,,,,,,,,,,,,,,,,,,,,,,,,,,,,,,,,,,,,,,,,,,,,,,,,,,,,,,,,,,,,,,,,,,,,,,,,,,,,,,,,,,,,,,,,,,,,,,,,,,,,,,,,,,,,,,,,,,,,,,,,,,,,,,,,,,,,,,,,,,,,,,,,,,,,,,,,,,,,,,,,,,,,,,,,,,,,,,,,,,,,,,,,,,,,,,,,,,,,,,,,,,,,,,,,,,,,,,,,,
0,1,yes,,4531,,Sahu,,,2008,yes,,,,,,India,"Pusuriguda, Sindhiguda & Nandiniguda villages",18.444,82.229,18.411,82.221,,,,,,,,,,,,,,,,,,,,,no,na,,,HRI ,,,,,,,,,,,,,10,10,2000,2000,,,,,,fluviatilis,n.a.,,?,,,,,,,,,,,,,,,,,,,,,,,,,,,,,,,,,,,,,,,,,,,,,,,,,,,,,,,,,,,,,,,,,,,,,,,,,,,,,,,,,,,,,,,,,,,,,,,,,,,,,,,,,,,,,,,,,,,,,,,,,,,,,,,,,,,,,,,,,,,,,,,,,,,,,,,,,,,,,,,,,,,,,,,,,,,,,,,,,,,,,,,,,,,,,,,,,,,,,,,,,,,,,,,,,,,,,,,,,,,,,,,,,,
0,1,yes,,4531,,Sahu,,,2008,yes,,,,,,India,"Pusuriguda, Sindhiguda & Nandiniguda villages",18.444,82.229,18.411,82.221,,,,,,,,,,,,,,,,,,,,,no,na,,,HRI ,,,,,,,,,,,,,11,11,2000,2000,,,,,,fluviatilis,n.a.,,?,,,,,,,,,,,,,,,,,,,,,,,,,,,,,,,,,,,,,,,,,,,,,,,,,,,,,,,,,,,,,,,,,,,,,,,,,,,,,,,,,,,,,,,,,,,,,,,,,,,,,,,,,,,,,,,,,,,,,,,,,,,,,,,,,,,,,,,,,,,,,,,,,,,,,,,,,,,,,,,,,,,,,,,,,,,,,,,,,,,,,,,,,,,,,,,,,,,,,,,,,,,,,,,,,,,,,,,,,,,,,,,,,,
0,1,yes,,4531,,Sahu,,,2008,yes,,,,,,India,"Pusuriguda, Sindhiguda & Nandiniguda villages",18.444,82.229,18.411,82.221,,,,,,,,,,,,,,,,,,,,,no,na,,,HRI ,,,,,,,,,,,,,12,12,2000,2000,,,,,,fluviatilis,n.a.,,?,,,,,,,,,,,,,,,,,,,,,,,,,,,,,,,,,,,,,,,,,,,,,,,,,,,,,,,,,,,,,,,,,,,,,,,,,,,,,,,,,,,,,,,,,,,,,,,,,,,,,,,,,,,,,,,,,,,,,,,,,,,,,,,,,,,,,,,,,,,,,,,,,,,,,,,,,,,,,,,,,,,,,,,,,,,,,,,,,,,,,,,,,,,,,,,,,,,,,,,,,,,,,,,,,,,,,,,,,,,,,,,,,,
0,1,yes,,4531,,Sahu,,,2008,yes,,,,,,India,"Pusuriguda, Sindhiguda & Nandiniguda villages",18.444,82.229,18.411,82.221,,,,,,,,,,,,,,,,,,,,,no,na,,,HRI ,,,,,,,,,,,,,1,1,2001,2001,,,,,,fluviatilis,n.a.,,?,,,,,,,,,,,,,,,,,,,,,,,,,,,,,,,,,,,,,,,,,,,,,,,,,,,,,,,,,,,,,,,,,,,,,,,,,,,,,,,,,,,,,,,,,,,,,,,,,,,,,,,,,,,,,,,,,,,,,,,,,,,,,,,,,,,,,,,,,,,,,,,,,,,,,,,,,,,,,,,,,,,,,,,,,,,,,,,,,,,,,,,,,,,,,,,,,,,,,,,,,,,,,,,,,,,,,,,,,,,,,,,,,,
0,1,yes,,4531,,Sahu,,,2008,yes,,,,,,India,"Pusuriguda, Sindhiguda & Nandiniguda villages",18.444,82.229,18.411,82.221,,,,,,,,,,,,,,,,,,,,,no,na,,,HRI ,,,,,,,,,,,,,2,2,2001,2001,,,,,,fluviatilis,n.a.,,?,,,,,,,,,,,,,,,,,,,,,,,,,,,,,,,,,,,,,,,,,,,,,,,,,,,,,,,,,,,,,,,,,,,,,,,,,,,,,,,,,,,,,,,,,,,,,,,,,,,,,,,,,,,,,,,,,,,,,,,,,,,,,,,,,,,,,,,,,,,,,,,,,,,,,,,,,,,,,,,,,,,,,,,,,,,,,,,,,,,,,,,,,,,,,,,,,,,,,,,,,,,,,,,,,,,,,,,,,,,,,,,,,,
0,1,yes,,4531,,Sahu,,,2008,yes,,,,,,India,"Pusuriguda, Sindhiguda & Nandiniguda villages",18.444,82.229,18.411,82.221,,,,,,,,,,,,,,,,,,,,,no,na,,,HRI ,,,,,,,,,,,,,3,3,2001,2001,,,,,,fluviatilis,n.a.,,?,,,,,,,,,,,,,,,,,,,,,,,,,,,,,,,,,,,,,,,,,,,,,,,,,,,,,,,,,,,,,,,,,,,,,,,,,,,,,,,,,,,,,,,,,,,,,,,,,,,,,,,,,,,,,,,,,,,,,,,,,,,,,,,,,,,,,,,,,,,,,,,,,,,,,,,,,,,,,,,,,,,,,,,,,,,,,,,,,,,,,,,,,,,,,,,,,,,,,,,,,,,,,,,,,,,,,,,,,,,,,,,,,,
0,1,yes,,4531,,Sahu,,,2008,yes,,,,,,India,"Pusuriguda, Sindhiguda & Nandiniguda villages",18.444,82.229,18.411,82.221,,,,,,,,,,,,,,,,,,,,,no,na,,,HRI ,,,,,,,,,,,,,6,6,2001,2001,,,,,,fluviatilis,n.a.,,?,,,,,,,,,,,,,,,,,,,,,,,,,,,,,,,,,,,,,,,,,,,,,,,,,,,,,,,,,,,,,,,,,,,,,,,,,,,,,,,,,,,,,,,,,,,,,,,,,,,,,,,,,,,,,,,,,,,,,,,,,,,,,,,,,,,,,,,,,,,,,,,,,,,,,,,,,,,,,,,,,,,,,,,,,,,,,,,,,,,,,,,,,,,,,,,,,,,,,,,,,,,,,,,,,,,,,,,,,,,,,,,,,,
0,1,yes,,4531,,Sahu,,,2008,yes,,,,,,India,"Pusuriguda, Sindhiguda & Nandiniguda villages",18.444,82.229,18.411,82.221,,,,,,,,,,,,,,,,,,,,,no,na,,,HRI ,,,,,,,,,,,,,7,7,2001,2001,,,,,,fluviatilis,n.a.,,?,,,,,,,,,,,,,,,,,,,,,,,,,,,,,,,,,,,,,,,,,,,,,,,,,,,,,,,,,,,,,,,,,,,,,,,,,,,,,,,,,,,,,,,,,,,,,,,,,,,,,,,,,,,,,,,,,,,,,,,,,,,,,,,,,,,,,,,,,,,,,,,,,,,,,,,,,,,,,,,,,,,,,,,,,,,,,,,,,,,,,,,,,,,,,,,,,,,,,,,,,,,,,,,,,,,,,,,,,,,,,,,,,,
0,1,yes,,4531,,Sahu,,,2008,yes,,,,,,India,"Pusuriguda, Sindhiguda & Nandiniguda villages",18.444,82.229,18.411,82.221,,,,,,,,,,,,,,,,,,,,,no,na,,,HRI ,,,,,,,,,,,,,8,8,2001,2001,,,,,,fluviatilis,n.a.,,?,,,,,,,,,,,,,,,,,,,,,,,,,,,,,,,,,,,,,,,,,,,,,,,,,,,,,,,,,,,,,,,,,,,,,,,,,,,,,,,,,,,,,,,,,,,,,,,,,,,,,,,,,,,,,,,,,,,,,,,,,,,,,,,,,,,,,,,,,,,,,,,,,,,,,,,,,,,,,,,,,,,,,,,,,,,,,,,,,,,,,,,,,,,,,,,,,,,,,,,,,,,,,,,,,,,,,,,,,,,,,,,,,,
0,1,yes,,4531,,Sahu,,,2008,yes,,,,,,India,"Pusuriguda, Sindhiguda & Nandiniguda villages",18.444,82.229,18.411,82.221,,,,,,,,,,,,,,,,,,,,,no,na,,,HRI ,,,,,,,,,,,,,9,9,2001,2001,,,,,,fluviatilis,n.a.,,?,,,,,,,,,,,,,,,,,,,,,,,,,,,,,,,,,,,,,,,,,,,,,,,,,,,,,,,,,,,,,,,,,,,,,,,,,,,,,,,,,,,,,,,,,,,,,,,,,,,,,,,,,,,,,,,,,,,,,,,,,,,,,,,,,,,,,,,,,,,,,,,,,,,,,,,,,,,,,,,,,,,,,,,,,,,,,,,,,,,,,,,,,,,,,,,,,,,,,,,,,,,,,,,,,,,,,,,,,,,,,,,,,,
0,1,yes,,4531,,Sahu,,,2008,yes,,,,,,India,"Pusuriguda, Sindhiguda & Nandiniguda villages",18.444,82.229,18.411,82.221,,,,,,,,,,,,,,,,,,,,,yes,ITN,,,HRI ,,,,,,,,,,,,,10,10,2001,2001,,,,,,fluviatilis,n.a.,,?,,,,,,,,,,,,,,,,,,,,,,,,,,,,,,,,,,,,,,,,,,,,,,,,,,,,,,,,,,,,,,,,,,,,,,,,,,,,,,,,,,,,,,,,,,,,,,,,,,,,,,,,,,,,,,,,,,,,,,,,,,,,,,,,,,,,,,,,,,,,,,,,,,,,,,,,,,,,,,,,,,,,,,,,,,,,,,,,,,,,,,,,,,,,,,,,,,,,,,,,,,,,,,,,,,,,,,,,,,,,,,,,,,
0,1,yes,,4531,,Sahu,,,2008,yes,,,,,,India,"Pusuriguda, Sindhiguda & Nandiniguda villages",18.444,82.229,18.411,82.221,,,,,,,,,,,,,,,,,,,,,yes,ITN,,,HRI ,,,,,,,,,,,,,11,11,2001,2001,,,,,,fluviatilis,n.a.,,?,,,,,,,,,,,,,,,,,,,,,,,,,,,,,,,,,,,,,,,,,,,,,,,,,,,,,,,,,,,,,,,,,,,,,,,,,,,,,,,,,,,,,,,,,,,,,,,,,,,,,,,,,,,,,,,,,,,,,,,,,,,,,,,,,,,,,,,,,,,,,,,,,,,,,,,,,,,,,,,,,,,,,,,,,,,,,,,,,,,,,,,,,,,,,,,,,,,,,,,,,,,,,,,,,,,,,,,,,,,,,,,,,,
0,1,yes,,4531,,Sahu,,,2008,yes,,,,,,India,"Pusuriguda, Sindhiguda & Nandiniguda villages",18.444,82.229,18.411,82.221,,,,,,,,,,,,,,,,,,,,,yes,ITN,,,HRI ,,,,,,,,,,,,,12,12,2001,2001,,,,,,fluviatilis,n.a.,,?,,,,,,,,,,,,,,,,,,,,,,,,,,,,,,,,,,,,,,,,,,,,,,,,,,,,,,,,,,,,,,,,,,,,,,,,,,,,,,,,,,,,,,,,,,,,,,,,,,,,,,,,,,,,,,,,,,,,,,,,,,,,,,,,,,,,,,,,,,,,,,,,,,,,,,,,,,,,,,,,,,,,,,,,,,,,,,,,,,,,,,,,,,,,,,,,,,,,,,,,,,,,,,,,,,,,,,,,,,,,,,,,,,
0,1,yes,,4531,,Sahu,,,2008,yes,,,,,,India,"Pusuriguda, Sindhiguda & Nandiniguda villages",18.444,82.229,18.411,82.221,,,,,,,,,,,,,,,,,,,,,yes,ITN,,,HRI ,,,,,,,,,,,,,1,1,2002,2002,,,,,,fluviatilis,n.a.,,?,,,,,,,,,,,,,,,,,,,,,,,,,,,,,,,,,,,,,,,,,,,,,,,,,,,,,,,,,,,,,,,,,,,,,,,,,,,,,,,,,,,,,,,,,,,,,,,,,,,,,,,,,,,,,,,,,,,,,,,,,,,,,,,,,,,,,,,,,,,,,,,,,,,,,,,,,,,,,,,,,,,,,,,,,,,,,,,,,,,,,,,,,,,,,,,,,,,,,,,,,,,,,,,,,,,,,,,,,,,,,,,,,,
0,1,yes,,4531,,Sahu,,,2008,yes,,,,,,India,"Pusuriguda, Sindhiguda & Nandiniguda villages",18.444,82.229,18.411,82.221,,,,,,,,,,,,,,,,,,,,,yes,ITN,,,HRI ,,,,,,,,,,,,,2,2,2002,2002,,,,,,fluviatilis,n.a.,,?,,,,,,,,,,,,,,,,,,,,,,,,,,,,,,,,,,,,,,,,,,,,,,,,,,,,,,,,,,,,,,,,,,,,,,,,,,,,,,,,,,,,,,,,,,,,,,,,,,,,,,,,,,,,,,,,,,,,,,,,,,,,,,,,,,,,,,,,,,,,,,,,,,,,,,,,,,,,,,,,,,,,,,,,,,,,,,,,,,,,,,,,,,,,,,,,,,,,,,,,,,,,,,,,,,,,,,,,,,,,,,,,,,
0,1,yes,,4531,,Sahu,,,2008,yes,,,,,,India,"Pusuriguda, Sindhiguda & Nandiniguda villages",18.444,82.229,18.411,82.221,,,,,,,,,,,,,,,,,,,,,yes,ITN,,,HRI ,,,,,,,,,,,,,3,3,2002,2002,,,,,,fluviatilis,n.a.,,?,,,,,,,,,,,,,,,,,,,,,,,,,,,,,,,,,,,,,,,,,,,,,,,,,,,,,,,,,,,,,,,,,,,,,,,,,,,,,,,,,,,,,,,,,,,,,,,,,,,,,,,,,,,,,,,,,,,,,,,,,,,,,,,,,,,,,,,,,,,,,,,,,,,,,,,,,,,,,,,,,,,,,,,,,,,,,,,,,,,,,,,,,,,,,,,,,,,,,,,,,,,,,,,,,,,,,,,,,,,,,,,,,,
0,1,yes,,4531,,Sahu,,,2008,yes,,,,,,India,"Pusuriguda, Sindhiguda & Nandiniguda villages",18.444,82.229,18.411,82.221,,,,,,,,,,,,,,,,,,,,,yes,ITN,,,HRI ,,,,,,,,,,,,,8,8,2002,2002,,,,,,fluviatilis,n.a.,,?,,,,,,,,,,,,,,,,,,,,,,,,,,,,,,,,,,,,,,,,,,,,,,,,,,,,,,,,,,,,,,,,,,,,,,,,,,,,,,,,,,,,,,,,,,,,,,,,,,,,,,,,,,,,,,,,,,,,,,,,,,,,,,,,,,,,,,,,,,,,,,,,,,,,,,,,,,,,,,,,,,,,,,,,,,,,,,,,,,,,,,,,,,,,,,,,,,,,,,,,,,,,,,,,,,,,,,,,,,,,,,,,,,
0,1,yes,,4531,,Sahu,,,2008,yes,,,,,,India,"Pusuriguda, Sindhiguda & Nandiniguda villages",18.444,82.229,18.411,82.221,,,,,,,,,,,,,,,,,,,,,yes,ITN,,,HRI ,,,,,,,,,,,,,9,9,2002,2002,,,,,,fluviatilis,n.a.,,?,,,,,,,,,,,,,,,,,,,,,,,,,,,,,,,,,,,,,,,,,,,,,,,,,,,,,,,,,,,,,,,,,,,,,,,,,,,,,,,,,,,,,,,,,,,,,,,,,,,,,,,,,,,,,,,,,,,,,,,,,,,,,,,,,,,,,,,,,,,,,,,,,,,,,,,,,,,,,,,,,,,,,,,,,,,,,,,,,,,,,,,,,,,,,,,,,,,,,,,,,,,,,,,,,,,,,,,,,,,,,,,,,,
0,1,yes,,4531,,Sahu,,,2008,yes,,,,,,India,"Pusuriguda, Sindhiguda & Nandiniguda villages",18.444,82.229,18.411,82.221,,,,,,,,,,,,,,,,,,,,,yes,ITN,,,HRI ,,,,,,,,,,,,,10,10,2002,2002,,,,,,fluviatilis,n.a.,,?,,,,,,,,,,,,,,,,,,,,,,,,,,,,,,,,,,,,,,,,,,,,,,,,,,,,,,,,,,,,,,,,,,,,,,,,,,,,,,,,,,,,,,,,,,,,,,,,,,,,,,,,,,,,,,,,,,,,,,,,,,,,,,,,,,,,,,,,,,,,,,,,,,,,,,,,,,,,,,,,,,,,,,,,,,,,,,,,,,,,,,,,,,,,,,,,,,,,,,,,,,,,,,,,,,,,,,,,,,,,,,,,,,
0,1,yes,,4531,,Sahu,,,2008,yes,,,,,,India,"Pusuriguda, Sindhiguda & Nandiniguda villages",18.444,82.229,18.411,82.221,,,,,,,,,,,,,,,,,,,,,yes,ITN,,,HRI ,,,,,,,,,,,,,11,11,2002,2002,,,,,,fluviatilis,n.a.,,?,,,,,,,,,,,,,,,,,,,,,,,,,,,,,,,,,,,,,,,,,,,,,,,,,,,,,,,,,,,,,,,,,,,,,,,,,,,,,,,,,,,,,,,,,,,,,,,,,,,,,,,,,,,,,,,,,,,,,,,,,,,,,,,,,,,,,,,,,,,,,,,,,,,,,,,,,,,,,,,,,,,,,,,,,,,,,,,,,,,,,,,,,,,,,,,,,,,,,,,,,,,,,,,,,,,,,,,,,,,,,,,,,,
0,1,yes,,4531,,Sahu,,,2008,yes,,,,,,India,"Pusuriguda, Sindhiguda & Nandiniguda villages",18.444,82.229,18.411,82.221,,,,,,,,,,,,,,,,,,,,,yes,ITN,,,HRI ,,,,,,,,,,,,,12,12,2002,2002,,,,,,fluviatilis,n.a.,,?,,,,,,,,,,,,,,,,,,,,,,,,,,,,,,,,,,,,,,,,,,,,,,,,,,,,,,,,,,,,,,,,,,,,,,,,,,,,,,,,,,,,,,,,,,,,,,,,,,,,,,,,,,,,,,,,,,,,,,,,,,,,,,,,,,,,,,,,,,,,,,,,,,,,,,,,,,,,,,,,,,,,,,,,,,,,,,,,,,,,,,,,,,,,,,,,,,,,,,,,,,,,,,,,,,,,,,,,,,,,,,,,,,
0,1,yes,,4531,,Sahu,,,2008,yes,,,,,,India,"Pusuriguda, Sindhiguda & Nandiniguda villages",18.444,82.229,18.411,82.221,,,,,,,,,,,,,,,,,,,,,yes,ITN,,,HRI ,,,,,,,,,,,,,1,1,2003,2003,,,,,,fluviatilis,n.a.,,?,,,,,,,,,,,,,,,,,,,,,,,,,,,,,,,,,,,,,,,,,,,,,,,,,,,,,,,,,,,,,,,,,,,,,,,,,,,,,,,,,,,,,,,,,,,,,,,,,,,,,,,,,,,,,,,,,,,,,,,,,,,,,,,,,,,,,,,,,,,,,,,,,,,,,,,,,,,,,,,,,,,,,,,,,,,,,,,,,,,,,,,,,,,,,,,,,,,,,,,,,,,,,,,,,,,,,,,,,,,,,,,,,,
0,1,yes,,4531,,Sahu,,,2008,yes,,,,,,India,"Pusuriguda, Sindhiguda & Nandiniguda villages",18.444,82.229,18.411,82.221,,,,,,,,,,,,,,,,,,,,,yes,ITN,,,HRI ,,,,,,,,,,,,,2,2,2003,2003,,,,,,fluviatilis,n.a.,,?,,,,,,,,,,,,,,,,,,,,,,,,,,,,,,,,,,,,,,,,,,,,,,,,,,,,,,,,,,,,,,,,,,,,,,,,,,,,,,,,,,,,,,,,,,,,,,,,,,,,,,,,,,,,,,,,,,,,,,,,,,,,,,,,,,,,,,,,,,,,,,,,,,,,,,,,,,,,,,,,,,,,,,,,,,,,,,,,,,,,,,,,,,,,,,,,,,,,,,,,,,,,,,,,,,,,,,,,,,,,,,,,,,
0,1,yes,,4531,,Sahu,,,2008,yes,,,,,,India,"Pusuriguda, Sindhiguda & Nandiniguda villages",18.444,82.229,18.411,82.221,,,,,,,,,,,,,,,,,,,,,yes,ITN,,,HRI ,,,,,,,,,,,,,3,3,2003,2003,,,,,,fluviatilis,n.a.,,?,,,,,,,,,,,,,,,,,,,,,,,,,,,,,,,,,,,,,,,,,,,,,,,,,,,,,,,,,,,,,,,,,,,,,,,,,,,,,,,,,,,,,,,,,,,,,,,,,,,,,,,,,,,,,,,,,,,,,,,,,,,,,,,,,,,,,,,,,,,,,,,,,,,,,,,,,,,,,,,,,,,,,,,,,,,,,,,,,,,,,,,,,,,,,,,,,,,,,,,,,,,,,,,,,,,,,,,,,,,,,,,,,,
0,1,yes,"No Vector data, PR paper.",4532,,Migot-Nabias,,,2008,no,,,,,,India,"Pusuriguda, Sindhiguda & Nandiniguda villages",18.444,82.229,18.411,82.221,,,,,,,,,,,,,,,,,,,,,,,,,,,,,,,,,,,,,,,,,,,,,,,,,,,,,,,,,,,,,,,,,,,,,,,,,,,,,,,,,,,,,,,,,,,,,,,,,,,,,,,,,,,,,,,,,,,,,,,,,,,,,,,,,,,,,,,,,,,,,,,,,,,,,,,,,,,,,,,,,,,,,,,,,,,,,,,,,,,,,,,,,,,,,,,,,,,,,,,,,,,,,,,,,,,,,,,,,,,,,,,,,,,,,,,,,,,,,,,,,,,,,,,,,,,,,,,,,,,,,,,,,,,,,,,,,,,,
0,1,yes,No Vector data. ,4533,,Koukounari,,,2008,no,,,,,,India,"Pusuriguda, Sindhiguda & Nandiniguda villages",18.444,82.229,18.411,82.221,,,,,,,,,,,,,,,,,,,,,,,,,,,,,,,,,,,,,,,,,,,,,,,,,,,,,,,,,,,,,,,,,,,,,,,,,,,,,,,,,,,,,,,,,,,,,,,,,,,,,,,,,,,,,,,,,,,,,,,,,,,,,,,,,,,,,,,,,,,,,,,,,,,,,,,,,,,,,,,,,,,,,,,,,,,,,,,,,,,,,,,,,,,,,,,,,,,,,,,,,,,,,,,,,,,,,,,,,,,,,,,,,,,,,,,,,,,,,,,,,,,,,,,,,,,,,,,,,,,,,,,,,,,,,,,,,,,,
0,1,yes,"Other species colleceted An. vagus 95.3%, An. peditaeniatus, An. philippinensis & An. kochi. (these species were collected from cattle sheds. Only figure for larval sampling is that 253 of 274 larvae reared to adults were An. vagus (EH))",4534,,Sanh,,,2008,yes,,,,,,Viet nam,Dong Thong Village,11.841,109.036,,,,,,,,,,,,,,,,yes,no,point,combination,Ninh Thuan Province,,"Listed under site ID (-1675100207), but there are no coords listed. (area mostly deforested, but some patches of forest exist near the gardens in the surrounding hills. Unable to locate site in georef sites. Paper states that site is in Phuoc Chien commune of Ninh Thuan province. Encarta centres Ninh Thuan province at around 20.033, 106.2, but this contradicts encarta which puts it towards the south of the country (http://en.wikipedia.org/wiki/File:VietnameseProvincesMap.png). pdf 826 gives location of Dong Thong, Phuoc Chien commune, Ninh Thuan province in a map, and this is the source of coords used here, which support wikipedia's positioning of the province (EH))",n.a.,,,,HLC - in,0,HLC - out,0,RO (ani-shelter),2,Larvae,,,,,,,9,10,2006,2006,,,,,,aconitus,n.a.,,,,,,,,,,,,,,,,,,,,,,,,,,,,,,,,,,,,,,,,,,,,,,,,,,,,,,,,,,,,,,,,,,,,,,,,,,,,,,,,,,,,,,,,,,,,,,,,,,,,,,,,,,,,,,,,,,,,,,,,,,,,,,,,,,,,,,,,,,,,,,,,,,,,,,,,,,,,,,,,,,,,,,,,,,,,,,,,,,,,,,,,,,,,,,,,,,,,,,,,,,,,,,,,,,,,,,,,,,,,,,,,,,,,
0,1,yes,"Other species colleceted An. vagus 95.3%, An. peditaeniatus, An. philippinensis & An. kochi.",4534,,Sanh,,,2008,yes,,,,,,Viet nam,Dong Thong Village,11.841,109.036,,,,,,,,,,,,,,,,,,,,,,,n.a.,,,,HLC - in,0,HLC - out,0,RO (ani-shelter),4,Larvae,,,,,,,9,10,2006,2006,,,,,,annularis,n.a.,,,,,,,,,,,,,,,,,,,,,,,,,,,,,,,,,,,,,,,,,,,,,,,,,,,,,,,,,,,,,,,,,,,,,,,,,,,,,,,,,,,,,,,,,,,,,,,,,,,,,,,,,,,,,,,,,,,,,,,,,,,,,,,,,,,,,,,,,,,,,,,,,,,,,,,,,,,,,,,,,,,,,,,,,,,,,,,,,,,,,,,,,,,,,,,,,,,,,,,,,,,,,,,,,,,,,,,,,,,,,,,,,,,,
0,1,yes,"Other species colleceted An. vagus 95.3%, An. peditaeniatus, An. philippinensis & An. kochi.",4534,,Sanh,,,2008,yes,,,,,,Viet nam,Dong Thong Village,11.841,109.036,,,,,,,,,,,,,,,,,,,,,,,n.a.,,,,HLC - in,0,HLC - out,0,RO (ani-shelter),3,Larvae,,,,,,,9,10,2006,2006,,,,,,minimus,n.a.,,,,,,,,,,,,,,,,,,,,,,,,,,,,,,,,,,,,,,,,,,,,,,,,,,,,,,,,,,,,,,,,,,,,,,,,,,,,,,,,,,,,,,,,,,,,,,,,,,,,,,,,,,,,,,,,,,,,,,,,,,,,,,,,,,,,,,,,,,,,,,,,,,,,,,,,,,,,,,,,,,,,,,,,,,,,,,,,,,,,,,,,,,,,,,,,,,,,,,,,,,,,,,,,,,,,,,,,,,,,,,,,,,,,
0,1,yes,"Other species colleceted An. vagus 95.3%, An. peditaeniatus, An. philippinensis & An. kochi. (No anophelines were caught in ILT in the dry season (Apr-May) of 2008 in the village (EH))",4534,,Sanh,,,2008,yes,,,,,,Viet nam,Dong Thong Village,11.841,109.036,,,,,,,,,,,,,,,,,,,,,,,n.a.,,,,HLC - in,0,HLC - out,0,RO (ani-shelter),5,Larvae,,,,,,,9,10,2006,2006,,,,,,sinensis,n.a.,,,,,,,,,,,,,,,,,,,,,,,,,,,,,,,,,,,,,,,,,,,,,,,,,,,,,,,,,,,,,,,,,,,,,,,,,,,,,,,,,,,,,,,,,,,,,,,,,,,,,,,,,,,,,,,,,,,,,,,,,,,,,,,,,,,,,,,,,,,,,,,,,,,,,,,,,,,,,,,,,,,,,,,,,,,,,,,,,,,,,,,,,,,,,,,,,,,,,,,,,,,,,,,,,,,,,,,,,,,,,,,,,,,,
0,1,yes,"1 An. vagus was also collected, using the ILT during this period.",4534,,Sanh,,,2008,yes,,,,,,Viet nam,Hills surrounding Dong Thong village (2 km from village),11.841,109.036,,,,,,,,,,,,,,,,yes,no,wide area,combination,Ninh Thuan Province,,"Not Listed- sites are garden plots approx 2 km from Dong Thong village. Since its within the 5 km radius, the coords for the village are more the sufficient to represent the hills, will call is a wide are because they are garden plots.",n.a.,,,,ILT ,14,HLC - out,5,,,,,,,,,,9,10,2006,2006,,,,,,dirus,n.a.,,,,,,,,,,,,,,,,,,,,,,,,,,,,,,,,,,,,,,,,,,,,,,,,,,,,,,,,,,,,,,,,,,,,,,,,,,,,,,,,,,,,,,,,,,,,,,,,,,,,,,,,,,,,,,,,,,,,,,,,,,,,,,,,,,,,,,,,,,,,,,,,,,,,,,,,,,,,,,,,,,,,,,,,,,,,,,,,,,,,,,,,,,,,,,,,,,,,,,,,,,,,,,,,,,,,,,,,,,,,,,,,,,,,
0,1,yes,,4534,,Sanh,,,2008,yes,,,,,,Viet nam,Hills surrounding Dong Thong village (2 km from village),11.841,109.036,,,,,,,,,,,,,,,,,,,,,,,n.a.,,,,ILT ,35,HLC - out,19,,,,,,,,,,9,10,2006,2006,,,,,,maculatus,n.a.,,,,,,,,,,,,,,,,,,,,,,,,,,,,,,,,,,,,,,,,,,,,,,,,,,,,,,,,,,,,,,,,,,,,,,,,,,,,,,,,,,,,,,,,,,,,,,,,,,,,,,,,,,,,,,,,,,,,,,,,,,,,,,,,,,,,,,,,,,,,,,,,,,,,,,,,,,,,,,,,,,,,,,,,,,,,,,,,,,,,,,,,,,,,,,,,,,,,,,,,,,,,,,,,,,,,,,,,,,,,,,,,,,,,
0,1,yes,"Dry season, Collections were made indoors from traps (paper states that similar collections took place six months after the originals, and gives figures for indoor traps and outdoor human biting - have assumed that the traps they used were still light trapes (EH)).",4534,,Sanh,,,2008,yes,,,,,,Viet nam,Hills surrounding Dong Thong village (2 km from village),11.841,109.036,,,,,,,,,,,,,,,,,,,,,,,n.a.,,,,ILT ,123,HLC,7,,,,,,,,,,4,5,2007,2007,,,,,,dirus,n.a.,,,,,,,,,,,,,,,,,,,,,,,,,,,,,,,,,,,,,,,,,,,,,,,,,,,,,,,,,,,,,,,,,,,,,,,,,,,,,,,,,,,,,,,,,,,,,,,,,,,,,,,,,,,,,,,,,,,,,,,,,,,,,,,,,,,,,,,,,,,,,,,,,,,,,,,,,,,,,,,,,,,,,,,,,,,,,,,,,,,,,,,,,,,,,,,,,,,,,,,,,,,,,,,,,,,,,,,,,,,,,,,,,,,,
0,1,yes,"Dry season, Collections were made indoors from traps (paper states that similar collections took place six months after the originals, and gives figures for indoor traps and outdoor human biting - have assumed that the traps they used were still light trapes (EH)).",4534,,Sanh,,,2008,yes,,,,,,Viet nam,Hills surrounding Dong Thong village (2 km from village),11.841,109.036,,,,,,,,,,,,,,,,,,,,,,,n.a.,,,,ILT ,14,HLC,5,,,,,,,,,,4,5,2007,2007,,,,,,maculatus,n.a.,,,,,,,,,,,,,,,,,,,,,,,,,,,,,,,,,,,,,,,,,,,,,,,,,,,,,,,,,,,,,,,,,,,,,,,,,,,,,,,,,,,,,,,,,,,,,,,,,,,,,,,,,,,,,,,,,,,,,,,,,,,,,,,,,,,,,,,,,,,,,,,,,,,,,,,,,,,,,,,,,,,,,,,,,,,,,,,,,,,,,,,,,,,,,,,,,,,,,,,,,,,,,,,,,,,,,,,,,,,,,,,,,,,,
0,1,yes,Collection were made in houses on the hill side during the dry season of 2008,4534,,Sanh,,,2008,yes,,,,,,Viet nam,Hills surrounding Dong Thong village (2 km from village),11.841,109.036,,,,,,,,,,,,,,,,,,,,,,,n.a.,,,,ILT ,36,,,,,,,,,,,,4,5,2008,2008,,,,,,dirus,n.a.,,,,,,,,,,,,,,,,,,,,,,,,,,,,,,,,,,,,,,,,,,,,,,,,,,,,,,,,,,,,,,,,,,,,,,,,,,,,,,,,,,,,,,,,,,,,,,,,,,,,,,,,,,,,,,,,,,,,,,,,,,,,,,,,,,,,,,,,,,,,,,,,,,,,,,,,,,,,,,,,,,,,,,,,,,,,,,,,,,,,,,,,,,,,,,,,,,,,,,,,,,,,,,,,,,,,,,,,,,,,,,,,,,,,
0,1,yes,Collection were made in houses on the hill side during the dry season of 2009,4534,,Sanh,,,2008,yes,,,,,,Viet nam,Hills surrounding Dong Thong village (2 km from village),11.841,109.036,,,,,,,,,,,,,,,,,,,,,,,n.a.,,,,ILT ,22,,,,,,,,,,,,4,5,2008,2008,,,,,,maculatus,n.a.,,,,,,,,,,,,,,,,,,,,,,,,,,,,,,,,,,,,,,,,,,,,,,,,,,,,,,,,,,,,,,,,,,,,,,,,,,,,,,,,,,,,,,,,,,,,,,,,,,,,,,,,,,,,,,,,,,,,,,,,,,,,,,,,,,,,,,,,,,,,,,,,,,,,,,,,,,,,,,,,,,,,,,,,,,,,,,,,,,,,,,,,,,,,,,,,,,,,,,,,,,,,,,,,,,,,,,,,,,,,,,,,,,,,
0,,yes,,,,,,,,,,,,,,,,,,,,,,,,,,,,,,,,,,,,,,,,,,,,,,,,,,,,,,,,,,,,,,,,,,,,,,,,,,,,,,,,,,,,,,,,,,,,,,,,,,,,,,,,,,,,,,,,,,,,,,,,,,,,,,,,,,,,,,,,,,,,,,,,,,,,,,,,,,,,,,,,,,,,,,,,,,,,,,,,,,,,,,,,,,,,,,,,,,,,,,,,,,,,,,,,,,,,,,,,,,,,,,,,,,,,,,,,,,,,,,,,,,,,,,,,,,,,,,,,,,,,,,,,,,,,,,,,,,,,,,,,,,,,,,,,,,,,,,,
0,1,yes,"Study dates are not clearly stated, but the period is mentioned to be 47 months. Other anopheline species collected An. leesoni, An. parensis & An. christyi, though specific site where they were found is not mentioned (figure 3 shows sampling starting in november 2002, and continuing until after august 2006, so sampling period is 47 months from november 2002, inclusive (EH))",4538,10.1186/1475-2875-7-231,Kristan,Variations in entomological indices in relation to weather patterns and malaria incidence in East African highlands: implications for epidemic prevention and control,Malar J,2008,yes,no,none,na,,,Kenya,Kilibwoni Health Centre,0.2167,35.2333,,,,,,,,,,,,,,,,no,no,point,geoname,Not Specified,Nandi district,"Not Listed- site is located in Kilibwoni sublocation. Plotted paper coords in encarta, and location match that on the article map, so its  a match. (found in GNS at same coords as in paper (0.2167, 35.2333), feature type is ""market."" Site described as rural (EH))",n.a.,,,,HRI ,27,,,,,,,,,yes,no,no,11,10,2002,2006,,cross,1424/year,Peak temperatures occur during February and March. There are two rainy seasons: March-May and July-September.,,GAMBIAE COMPLEX,arabiensis,,morph,genetic/molecular,mix,mix,,,,"Four types of houses were included in the samples: Type A (mud walls and metal roofs), Type B (mud walls and thatched roofs), Type C (a mixture of cement and mud walls and metal roofs), and Type D (wooden walls and metal roofs) ",Farmer (subsistence),,,,,,,,,,,,"All localities are rural and the livelihood of the populations is based largely on subsistence agriculture. In Bufundi, adult males also work as seasonal labourers in mechanized farms in other districts.",,other,"The cool and wet climate is suitable for growing tea, which is a significant cash crop in the district.",,,,,,,,,,,,,,,,,,,,,,,,,,,,,,,,,,,,,,,,,,,,,,,,,,,,,,,,,,,,,,,,,,,,,,,,,,,,,,,,,,,,,,,,,,,,,,,,,,,,,,,,,,,,,,,,,,,,,,,,,,,,,,,,,,,,,,,,,,,,,,,,,,,,,,,,,,,,,,,,,,,,,,,,,,,,,,,,,,,,,,,,,,,,,,,,,,,,,,,,,JO,JAO,CMK
0,1,yes,,4538,10.1186/1475-2875-7-231,Kristan,Variations in entomological indices in relation to weather patterns and malaria incidence in East African highlands: implications for epidemic prevention and control,Malar J,2008,yes,no,none,na,,,Kenya,Kilibwoni Health Centre,0.2167,35.2333,,,,,,,,,,,,,,,,no,no,point,geoname,Not Specified,Nandi district,,n.a.,,,,HRI ,17,,,,,,,,,yes,no,no,11,10,2002,2006,,cross,1424/year,Peak temperatures occur during February and March. There are two rainy seasons: March-May and July-September.,,GAMBIAE COMPLEX,gambiae s.s.,,morph,genetic/molecular,mix,mix,,,,"Four types of houses were included in the samples: Type A (mud walls and metal roofs), Type B (mud walls and thatched roofs), Type C (a mixture of cement and mud walls and metal roofs), and Type D (wooden walls and metal roofs) ",Farmer (subsistence),,,,,,,,,,,,"All localities are rural and the livelihood of the populations is based largely on subsistence agriculture. In Bufundi, adult males also work as seasonal labourers in mechanized farms in other districts.",,other,"The cool and wet climate is suitable for growing tea, which is a significant cash crop in the district.",,,,,,,,,,,,,,,,,,,,,,,,,,,,,,,,,,,,,,,,,,,,,,,,,,,,,,,,,,,,,,,,,,,,,,,,,,,,,,,,,,,,,,,,,,,,,,,,,,,,,,,,,,,,,,,,,,,,,,,,,,,,,,,,,,,,,,,,,,,,,,,,,,,,,,,,,,,,,,,,,,,,,,,,,,,,,,,,,,,,,,,,,,,,,,,,,,,,,,,,,JO,JAO,CMK
0,1,yes,"(paper states that PCR was used to identify members of the funestus group, then subsequently only refers to An. funestus. Assume this means only member of group found was An. funestus s.s., but could check with authors to confirm (EH))",4538,10.1186/1475-2875-7-231,Kristan,Variations in entomological indices in relation to weather patterns and malaria incidence in East African highlands: implications for epidemic prevention and control,Malar J,2008,yes,no,none,na,,,Kenya,Kilibwoni Health Centre,0.2167,35.2333,,,,,,,,,,,,,,,,no,no,point,geoname,Not Specified,Nandi district,,n.a.,,,,HRI ,2,,,,,,,,,yes,no,no,11,10,2002,2006,,cross,1424/year,Peak temperatures occur during February and March. There are two rainy seasons: March-May and July-September.,,funestus,n.a.,,morph,genetic/molecular,mix,mix,,,,"Four types of houses were included in the samples: Type A (mud walls and metal roofs), Type B (mud walls and thatched roofs), Type C (a mixture of cement and mud walls and metal roofs), and Type D (wooden walls and metal roofs) ",Farmer (subsistence),,,,,,,,,,,,"All localities are rural and the livelihood of the populations is based largely on subsistence agriculture. In Bufundi, adult males also work as seasonal labourers in mechanized farms in other districts.",,other,"The cool and wet climate is suitable for growing tea, which is a significant cash crop in the district.",,,,,,,,,,,,,,,,,,,,,,,,,,,,,,,,,,,,,,,,,,,,,,,,,,,,,,,,,,,,,,,,,,,,,,,,,,,,,,,,,,,,,,,,,,,,,,,,,,,,,,,,,,,,,,,,,,,,,,,,,,,,,,,,,,,,,,,,,,,,,,,,,,,,,,,,,,,,,,,,,,,,,,,,,,,,,,,,,,,,,,,,,,,,,,,,,,,,,,,,,JO,JAO,CMK
0,1,yes,"(monthly presence data either from the main body of the text or, in the case of Kebisoni, from figure 3. Should contact authors though, as this probably isn't exhaustive, and absences haven't been included as I couldn't be sure whether, in fig 3, vector density was zero or just very low (EH))",4538,10.1186/1475-2875-7-231,Kristan,Variations in entomological indices in relation to weather patterns and malaria incidence in East African highlands: implications for epidemic prevention and control,Malar J,2008,yes,no,none,na,,,Kenya,Kilibwoni Health Centre,0.2167,35.2333,,,,,,,,,,,,,,,,no,no,point,geoname,Not Specified,Nandi district,,n.a.,,,,HRI ,,,,,,,,,,yes,no,no,1,1,2003,2003,,cross,1424/year,Peak temperatures occur during February and March. There are two rainy seasons: March-May and July-September.,,GAMBIAE COMPLEX,gambiae s.s.,,morph,genetic/molecular,mix,mix,,,,"Four types of houses were included in the samples: Type A (mud walls and metal roofs), Type B (mud walls and thatched roofs), Type C (a mixture of cement and mud walls and metal roofs), and Type D (wooden walls and metal roofs) ",Farmer (subsistence),,,,,,,,,,,,"All localities are rural and the livelihood of the populations is based largely on subsistence agriculture. In Bufundi, adult males also work as seasonal labourers in mechanized farms in other districts.",,other,"The cool and wet climate is suitable for growing tea, which is a significant cash crop in the district.",,,,,,,,,,,,,,,,,,,,,,,,,,,,,,,,,,,,,,,,,,,,,,,,,,,,,,,,,,,,,,,,,,,,,,,,,,,,,,,,,,,,,,,,,,,,,,,,,,,,,,,,,,,,,,,,,,,,,,,,,,,,,,,,,,,,,,,,,,,,,,,,,,,,,,,,,,,,,,,,,,,,,,,,,,,,,,,,,,,,,,,,,,,,,,,,,,,,,,,,,JO,JAO,CMK
0,1,yes,,4538,10.1186/1475-2875-7-231,Kristan,Variations in entomological indices in relation to weather patterns and malaria incidence in East African highlands: implications for epidemic prevention and control,Malar J,2008,yes,no,none,na,,,Kenya,Kilibwoni Health Centre,0.2167,35.2333,,,,,,,,,,,,,,,,no,no,point,geoname,Not Specified,Nandi district,,n.a.,,,,HRI ,,,,,,,,,,yes,no,no,4,4,2003,2003,,cross,1424/year,Peak temperatures occur during February and March. There are two rainy seasons: March-May and July-September.,,GAMBIAE COMPLEX,gambiae s.s.,,morph,genetic/molecular,mix,mix,,,,"Four types of houses were included in the samples: Type A (mud walls and metal roofs), Type B (mud walls and thatched roofs), Type C (a mixture of cement and mud walls and metal roofs), and Type D (wooden walls and metal roofs) ",Farmer (subsistence),,,,,,,,,,,,"All localities are rural and the livelihood of the populations is based largely on subsistence agriculture. In Bufundi, adult males also work as seasonal labourers in mechanized farms in other districts.",,other,"The cool and wet climate is suitable for growing tea, which is a significant cash crop in the district.",,,,,,,,,,,,,,,,,,,,,,,,,,,,,,,,,,,,,,,,,,,,,,,,,,,,,,,,,,,,,,,,,,,,,,,,,,,,,,,,,,,,,,,,,,,,,,,,,,,,,,,,,,,,,,,,,,,,,,,,,,,,,,,,,,,,,,,,,,,,,,,,,,,,,,,,,,,,,,,,,,,,,,,,,,,,,,,,,,,,,,,,,,,,,,,,,,,,,,,,,JO,JAO,CMK
0,1,yes,,4538,10.1186/1475-2875-7-231,Kristan,Variations in entomological indices in relation to weather patterns and malaria incidence in East African highlands: implications for epidemic prevention and control,Malar J,2008,yes,no,none,na,,,Kenya,Kilibwoni Health Centre,0.2167,35.2333,,,,,,,,,,,,,,,,no,no,point,geoname,Not Specified,Nandi district,,n.a.,,,,HRI ,,,,,,,,,,yes,no,no,1,1,2003,2003,,cross,1424/year,Peak temperatures occur during February and March. There are two rainy seasons: March-May and July-September.,,GAMBIAE COMPLEX,arabiensis,,morph,genetic/molecular,mix,mix,,,,"Four types of houses were included in the samples: Type A (mud walls and metal roofs), Type B (mud walls and thatched roofs), Type C (a mixture of cement and mud walls and metal roofs), and Type D (wooden walls and metal roofs) ",Farmer (subsistence),,,,,,,,,,,,"All localities are rural and the livelihood of the populations is based largely on subsistence agriculture. In Bufundi, adult males also work as seasonal labourers in mechanized farms in other districts.",,other,"The cool and wet climate is suitable for growing tea, which is a significant cash crop in the district.",,,,,,,,,,,,,,,,,,,,,,,,,,,,,,,,,,,,,,,,,,,,,,,,,,,,,,,,,,,,,,,,,,,,,,,,,,,,,,,,,,,,,,,,,,,,,,,,,,,,,,,,,,,,,,,,,,,,,,,,,,,,,,,,,,,,,,,,,,,,,,,,,,,,,,,,,,,,,,,,,,,,,,,,,,,,,,,,,,,,,,,,,,,,,,,,,,,,,,,,,JO,JAO,CMK
0,1,yes,,4538,10.1186/1475-2875-7-231,Kristan,Variations in entomological indices in relation to weather patterns and malaria incidence in East African highlands: implications for epidemic prevention and control,Malar J,2008,yes,no,none,na,,,Kenya,Kilibwoni Health Centre,0.2167,35.2333,,,,,,,,,,,,,,,,no,no,point,geoname,Not Specified,Nandi district,,n.a.,,,,HRI ,,,,,,,,,,yes,no,no,2,2,2003,2003,,cross,1424/year,Peak temperatures occur during February and March. There are two rainy seasons: March-May and July-September.,,GAMBIAE COMPLEX,arabiensis,,morph,genetic/molecular,mix,mix,,,,"Four types of houses were included in the samples: Type A (mud walls and metal roofs), Type B (mud walls and thatched roofs), Type C (a mixture of cement and mud walls and metal roofs), and Type D (wooden walls and metal roofs) ",Farmer (subsistence),,,,,,,,,,,,"All localities are rural and the livelihood of the populations is based largely on subsistence agriculture. In Bufundi, adult males also work as seasonal labourers in mechanized farms in other districts.",,other,"The cool and wet climate is suitable for growing tea, which is a significant cash crop in the district.",,,,,,,,,,,,,,,,,,,,,,,,,,,,,,,,,,,,,,,,,,,,,,,,,,,,,,,,,,,,,,,,,,,,,,,,,,,,,,,,,,,,,,,,,,,,,,,,,,,,,,,,,,,,,,,,,,,,,,,,,,,,,,,,,,,,,,,,,,,,,,,,,,,,,,,,,,,,,,,,,,,,,,,,,,,,,,,,,,,,,,,,,,,,,,,,,,,,,,,,,JO,JAO,CMK
0,1,yes,,4538,10.1186/1475-2875-7-231,Kristan,Variations in entomological indices in relation to weather patterns and malaria incidence in East African highlands: implications for epidemic prevention and control,Malar J,2008,yes,no,none,na,,,Kenya,Kilibwoni Health Centre,0.2167,35.2333,,,,,,,,,,,,,,,,no,no,point,geoname,Not Specified,Nandi district,,n.a.,,,,HRI ,,,,,,,,,,yes,no,no,3,3,2003,2003,,cross,1424/year,Peak temperatures occur during February and March. There are two rainy seasons: March-May and July-September.,,GAMBIAE COMPLEX,arabiensis,,morph,genetic/molecular,mix,mix,,,,"Four types of houses were included in the samples: Type A (mud walls and metal roofs), Type B (mud walls and thatched roofs), Type C (a mixture of cement and mud walls and metal roofs), and Type D (wooden walls and metal roofs) ",Farmer (subsistence),,,,,,,,,,,,"All localities are rural and the livelihood of the populations is based largely on subsistence agriculture. In Bufundi, adult males also work as seasonal labourers in mechanized farms in other districts.",,other,"The cool and wet climate is suitable for growing tea, which is a significant cash crop in the district.",,,,,,,,,,,,,,,,,,,,,,,,,,,,,,,,,,,,,,,,,,,,,,,,,,,,,,,,,,,,,,,,,,,,,,,,,,,,,,,,,,,,,,,,,,,,,,,,,,,,,,,,,,,,,,,,,,,,,,,,,,,,,,,,,,,,,,,,,,,,,,,,,,,,,,,,,,,,,,,,,,,,,,,,,,,,,,,,,,,,,,,,,,,,,,,,,,,,,,,,,JO,JAO,CMK
0,1,yes,,4538,10.1186/1475-2875-7-231,Kristan,Variations in entomological indices in relation to weather patterns and malaria incidence in East African highlands: implications for epidemic prevention and control,Malar J,2008,yes,no,none,na,,,Kenya,Kilibwoni Health Centre,0.2167,35.2333,,,,,,,,,,,,,,,,no,no,point,geoname,Not Specified,Nandi district,,n.a.,,,,HRI ,,,,,,,,,,yes,no,no,4,4,2003,2003,,cross,1424/year,Peak temperatures occur during February and March. There are two rainy seasons: March-May and July-September.,,GAMBIAE COMPLEX,arabiensis,,morph,genetic/molecular,mix,mix,,,,"Four types of houses were included in the samples: Type A (mud walls and metal roofs), Type B (mud walls and thatched roofs), Type C (a mixture of cement and mud walls and metal roofs), and Type D (wooden walls and metal roofs) ",Farmer (subsistence),,,,,,,,,,,,"All localities are rural and the livelihood of the populations is based largely on subsistence agriculture. In Bufundi, adult males also work as seasonal labourers in mechanized farms in other districts.",,other,"The cool and wet climate is suitable for growing tea, which is a significant cash crop in the district.",,,,,,,,,,,,,,,,,,,,,,,,,,,,,,,,,,,,,,,,,,,,,,,,,,,,,,,,,,,,,,,,,,,,,,,,,,,,,,,,,,,,,,,,,,,,,,,,,,,,,,,,,,,,,,,,,,,,,,,,,,,,,,,,,,,,,,,,,,,,,,,,,,,,,,,,,,,,,,,,,,,,,,,,,,,,,,,,,,,,,,,,,,,,,,,,,,,,,,,,,JO,JAO,CMK
0,1,yes,,4538,10.1186/1475-2875-7-231,Kristan,Variations in entomological indices in relation to weather patterns and malaria incidence in East African highlands: implications for epidemic prevention and control,Malar J,2008,yes,no,none,na,,,Kenya,Kilibwoni Health Centre,0.2167,35.2333,,,,,,,,,,,,,,,,no,no,point,geoname,Not Specified,Nandi district,,n.a.,,,,HRI ,,,,,,,,,,yes,no,no,2,2,2003,2003,,cross,1424/year,Peak temperatures occur during February and March. There are two rainy seasons: March-May and July-September.,,funestus,n.a.,,morph,genetic/molecular,mix,mix,,,,"Four types of houses were included in the samples: Type A (mud walls and metal roofs), Type B (mud walls and thatched roofs), Type C (a mixture of cement and mud walls and metal roofs), and Type D (wooden walls and metal roofs) ",Farmer (subsistence),,,,,,,,,,,,"All localities are rural and the livelihood of the populations is based largely on subsistence agriculture. In Bufundi, adult males also work as seasonal labourers in mechanized farms in other districts.",,other,"The cool and wet climate is suitable for growing tea, which is a significant cash crop in the district.",,,,,,,,,,,,,,,,,,,,,,,,,,,,,,,,,,,,,,,,,,,,,,,,,,,,,,,,,,,,,,,,,,,,,,,,,,,,,,,,,,,,,,,,,,,,,,,,,,,,,,,,,,,,,,,,,,,,,,,,,,,,,,,,,,,,,,,,,,,,,,,,,,,,,,,,,,,,,,,,,,,,,,,,,,,,,,,,,,,,,,,,,,,,,,,,,,,,,,,,,JO,JAO,CMK
0,1,yes,,4538,10.1186/1475-2875-7-231,Kristan,Variations in entomological indices in relation to weather patterns and malaria incidence in East African highlands: implications for epidemic prevention and control,Malar J,2008,yes,no,none,na,,,Kenya,Kilibwoni Health Centre,0.2167,35.2333,,,,,,,,,,,,,,,,no,no,point,geoname,Not Specified,Nandi district,,n.a.,,,,HRI ,,,,,,,,,,yes,no,no,2,2,2003,2003,,cross,1424/year,Peak temperatures occur during February and March. There are two rainy seasons: March-May and July-September.,,funestus,n.a.,,morph,genetic/molecular,mix,mix,,,,"Four types of houses were included in the samples: Type A (mud walls and metal roofs), Type B (mud walls and thatched roofs), Type C (a mixture of cement and mud walls and metal roofs), and Type D (wooden walls and metal roofs) ",Farmer (subsistence),,,,,,,,,,,,"All localities are rural and the livelihood of the populations is based largely on subsistence agriculture. In Bufundi, adult males also work as seasonal labourers in mechanized farms in other districts.",,other,"The cool and wet climate is suitable for growing tea, which is a significant cash crop in the district.",,,,,,,,,,,,,,,,,,,,,,,,,,,,,,,,,,,,,,,,,,,,,,,,,,,,,,,,,,,,,,,,,,,,,,,,,,,,,,,,,,,,,,,,,,,,,,,,,,,,,,,,,,,,,,,,,,,,,,,,,,,,,,,,,,,,,,,,,,,,,,,,,,,,,,,,,,,,,,,,,,,,,,,,,,,,,,,,,,,,,,,,,,,,,,,,,,,,,,,,,JO,JAO,CMK
0,1,yes,,4538,10.1186/1475-2875-7-231,Kristan,Variations in entomological indices in relation to weather patterns and malaria incidence in East African highlands: implications for epidemic prevention and control,Malar J,2008,yes,no,none,na,,,Kenya,Kilibwoni Health Centre,0.2167,35.2333,,,,,,,,,,,,,,,,no,no,point,geoname,Not Specified,Nandi district,,n.a.,,,,HRI ,,,,,,,,,,yes,no,no,2,2,2003,2003,,cross,1424/year,Peak temperatures occur during February and March. There are two rainy seasons: March-May and July-September.,,leesoni,,,morph,genetic/molecular,mix,mix,,,,"Four types of houses were included in the samples: Type A (mud walls and metal roofs), Type B (mud walls and thatched roofs), Type C (a mixture of cement and mud walls and metal roofs), and Type D (wooden walls and metal roofs) ",Farmer (subsistence),,,,,,,,,,,,"All localities are rural and the livelihood of the populations is based largely on subsistence agriculture. In Bufundi, adult males also work as seasonal labourers in mechanized farms in other districts.",,other,"The cool and wet climate is suitable for growing tea, which is a significant cash crop in the district.",,,,,,,,,,,,,,,,,,,,,,,,,,,,,,,,,,,,,,,,,,,,,,,,,,,,,,,,,,,,,,,,,,,,,,,,,,,,,,,,,,,,,,,,,,,,,,,,,,,,,,,,,,,,,,,,,,,,,,,,,,,,,,,,,,,,,,,,,,,,,,,,,,,,,,,,,,,,,,,,,,,,,,,,,,,,,,,,,,,,,,,,,,,,,,,,,,,,,,,,,JO,JAO,CMK
0,1,yes,,4538,10.1186/1475-2875-7-231,Kristan,Variations in entomological indices in relation to weather patterns and malaria incidence in East African highlands: implications for epidemic prevention and control,Malar J,2008,yes,no,none,na,,,Kenya,Kilibwoni Health Centre,0.2167,35.2333,,,,,,,,,,,,,,,,no,no,point,geoname,Not Specified,Nandi district,,n.a.,,,,HRI ,,,,,,,,,,yes,no,no,2,2,2003,2003,,cross,1424/year,Peak temperatures occur during February and March. There are two rainy seasons: March-May and July-September.,,parensis,,,morph,genetic/molecular,mix,mix,,,,"Four types of houses were included in the samples: Type A (mud walls and metal roofs), Type B (mud walls and thatched roofs), Type C (a mixture of cement and mud walls and metal roofs), and Type D (wooden walls and metal roofs) ",Farmer (subsistence),,,,,,,,,,,,"All localities are rural and the livelihood of the populations is based largely on subsistence agriculture. In Bufundi, adult males also work as seasonal labourers in mechanized farms in other districts.",,other,"The cool and wet climate is suitable for growing tea, which is a significant cash crop in the district.",,,,,,,,,,,,,,,,,,,,,,,,,,,,,,,,,,,,,,,,,,,,,,,,,,,,,,,,,,,,,,,,,,,,,,,,,,,,,,,,,,,,,,,,,,,,,,,,,,,,,,,,,,,,,,,,,,,,,,,,,,,,,,,,,,,,,,,,,,,,,,,,,,,,,,,,,,,,,,,,,,,,,,,,,,,,,,,,,,,,,,,,,,,,,,,,,,,,,,,,,JO,JAO,CMK
0,1,yes,,4538,10.1186/1475-2875-7-231,Kristan,Variations in entomological indices in relation to weather patterns and malaria incidence in East African highlands: implications for epidemic prevention and control,Malar J,2008,yes,no,none,na,,,Kenya,Kilibwoni Health Centre,0.2167,35.2333,,,,,,,,,,,,,,,,no,no,point,geoname,Not Specified,Nandi district,,n.a.,,,,HRI ,,,,,,,,,,yes,no,no,2,2,2003,2003,,cross,1424/year,Peak temperatures occur during February and March. There are two rainy seasons: March-May and July-September.,,christyi,,,morph,genetic/molecular,mix,mix,,,,"Four types of houses were included in the samples: Type A (mud walls and metal roofs), Type B (mud walls and thatched roofs), Type C (a mixture of cement and mud walls and metal roofs), and Type D (wooden walls and metal roofs) ",Farmer (subsistence),,,,,,,,,,,,"All localities are rural and the livelihood of the populations is based largely on subsistence agriculture. In Bufundi, adult males also work as seasonal labourers in mechanized farms in other districts.",,other,"The cool and wet climate is suitable for growing tea, which is a significant cash crop in the district.",,,,,,,,,,,,,,,,,,,,,,,,,,,,,,,,,,,,,,,,,,,,,,,,,,,,,,,,,,,,,,,,,,,,,,,,,,,,,,,,,,,,,,,,,,,,,,,,,,,,,,,,,,,,,,,,,,,,,,,,,,,,,,,,,,,,,,,,,,,,,,,,,,,,,,,,,,,,,,,,,,,,,,,,,,,,,,,,,,,,,,,,,,,,,,,,,,,,,,,,,JO,JAO,CMK
0,1,yes,,4538,10.1186/1475-2875-7-231,Kristan,Variations in entomological indices in relation to weather patterns and malaria incidence in East African highlands: implications for epidemic prevention and control,Malar J,2008,yes,no,none,na,,,Kenya,Sengera Health Centre,-0.8667,34.7167,,,,,,,,,,,,,,,,no,no,point,paper,Not Specified,Gucha district,"Not Listed- site is is a non-government Health Centre located in Bosoti sublocation. Plotted paper coords in encarta, and location match that on the article map, so its  a match. (In GNS 2 schools found for Sengera at -0.9167, 34.7167, -0.6167, 3.8333, and a hill at -0.5333, 34.9667, but since there's no way to choose between these coords, have used coords from paper, which fall in the same area. Site is rural (EH))",n.a.,,,,HRI ,3,,,,,,,,,yes,no,no,11,10,2002,2006,,cross,1709/year,"The hottest months are March and November, and the two rainy seasons are April-June and September-December.",,GAMBIAE COMPLEX,arabiensis,,morph,genetic/molecular,mix,mix,,,,"Four types of houses were included in the samples: Type A (mud walls and metal roofs), Type B (mud walls and thatched roofs), Type C (a mixture of cement and mud walls and metal roofs), and Type D (wooden walls and metal roofs) ",Farmer (subsistence),,,,,,,,,,,,"All localities are rural and the livelihood of the populations is based largely on subsistence agriculture. In Bufundi, adult males also work as seasonal labourers in mechanized farms in other districts.",,other,There are several local tea plantations consisting of small holdings owned by local farmers. ,,,,,,,,,,,,,,,,,,,,,,,,,,,,,,,,,,,,,,,,,,,,,,,,,,,,,,,,,,,,,,,,,,,,,,,,,,,,,,,,,,,,,,,,,,,,,,,,,,,,,,,,,,,,,,,,,,,,,,,,,,,,,,,,,,,,,,,,,,,,,,,,,,,,,,,,,,,,,,,,,,,,,,,,,,,,,,,,,,,,,,,,,,,,,,,,,,,,,,,,,JO,JAO,CMK
0,1,yes,,4538,10.1186/1475-2875-7-231,Kristan,Variations in entomological indices in relation to weather patterns and malaria incidence in East African highlands: implications for epidemic prevention and control,Malar J,2008,yes,no,none,na,,,Kenya,Sengera Health Centre,-0.8667,34.7167,,,,,,,,,,,,,,,,no,no,point,paper,Not Specified,Gucha district,,n.a.,,,,HRI ,21,,,,,,,,,yes,no,no,11,10,2002,2006,,cross,1709/year,"The hottest months are March and November, and the two rainy seasons are April-June and September-December.",,GAMBIAE COMPLEX,gambiae s.s.,,morph,genetic/molecular,mix,mix,,,,"Four types of houses were included in the samples: Type A (mud walls and metal roofs), Type B (mud walls and thatched roofs), Type C (a mixture of cement and mud walls and metal roofs), and Type D (wooden walls and metal roofs) ",Farmer (subsistence),,,,,,,,,,,,"All localities are rural and the livelihood of the populations is based largely on subsistence agriculture. In Bufundi, adult males also work as seasonal labourers in mechanized farms in other districts.",,other,There are several local tea plantations consisting of small holdings owned by local farmers. ,,,,,,,,,,,,,,,,,,,,,,,,,,,,,,,,,,,,,,,,,,,,,,,,,,,,,,,,,,,,,,,,,,,,,,,,,,,,,,,,,,,,,,,,,,,,,,,,,,,,,,,,,,,,,,,,,,,,,,,,,,,,,,,,,,,,,,,,,,,,,,,,,,,,,,,,,,,,,,,,,,,,,,,,,,,,,,,,,,,,,,,,,,,,,,,,,,,,,,,,,JO,JAO,CMK
0,1,yes,,4538,10.1186/1475-2875-7-231,Kristan,Variations in entomological indices in relation to weather patterns and malaria incidence in East African highlands: implications for epidemic prevention and control,Malar J,2008,yes,no,none,na,,,Kenya,Sengera Health Centre,-0.8667,34.7167,,,,,,,,,,,,,,,,no,no,point,paper,Not Specified,Gucha district,,n.a.,,,,HRI ,1,,,,,,,,,yes,no,no,11,10,2002,2006,,cross,1709/year,"The hottest months are March and November, and the two rainy seasons are April-June and September-December.",,funestus,n.a.,,morph,genetic/molecular,mix,mix,,,,"Four types of houses were included in the samples: Type A (mud walls and metal roofs), Type B (mud walls and thatched roofs), Type C (a mixture of cement and mud walls and metal roofs), and Type D (wooden walls and metal roofs) ",Farmer (subsistence),,,,,,,,,,,,"All localities are rural and the livelihood of the populations is based largely on subsistence agriculture. In Bufundi, adult males also work as seasonal labourers in mechanized farms in other districts.",,other,There are several local tea plantations consisting of small holdings owned by local farmers. ,,,,,,,,,,,,,,,,,,,,,,,,,,,,,,,,,,,,,,,,,,,,,,,,,,,,,,,,,,,,,,,,,,,,,,,,,,,,,,,,,,,,,,,,,,,,,,,,,,,,,,,,,,,,,,,,,,,,,,,,,,,,,,,,,,,,,,,,,,,,,,,,,,,,,,,,,,,,,,,,,,,,,,,,,,,,,,,,,,,,,,,,,,,,,,,,,,,,,,,,,JO,JAO,CMK
0,1,yes,,4538,10.1186/1475-2875-7-231,Kristan,Variations in entomological indices in relation to weather patterns and malaria incidence in East African highlands: implications for epidemic prevention and control,Malar J,2008,yes,no,none,na,,,Kenya,Sengera Health Centre,-0.8667,34.7167,,,,,,,,,,,,,,,,no,no,point,paper,Not Specified,Gucha district,,n.a.,,,,HRI ,,,,,,,,,,yes,no,no,1,1,2003,2003,,cross,1709/year,"The hottest months are March and November, and the two rainy seasons are April-June and September-December.",,GAMBIAE COMPLEX,gambiae s.s.,,morph,genetic/molecular,mix,mix,,,,"Four types of houses were included in the samples: Type A (mud walls and metal roofs), Type B (mud walls and thatched roofs), Type C (a mixture of cement and mud walls and metal roofs), and Type D (wooden walls and metal roofs) ",Farmer (subsistence),,,,,,,,,,,,"All localities are rural and the livelihood of the populations is based largely on subsistence agriculture. In Bufundi, adult males also work as seasonal labourers in mechanized farms in other districts.",,other,There are several local tea plantations consisting of small holdings owned by local farmers. ,,,,,,,,,,,,,,,,,,,,,,,,,,,,,,,,,,,,,,,,,,,,,,,,,,,,,,,,,,,,,,,,,,,,,,,,,,,,,,,,,,,,,,,,,,,,,,,,,,,,,,,,,,,,,,,,,,,,,,,,,,,,,,,,,,,,,,,,,,,,,,,,,,,,,,,,,,,,,,,,,,,,,,,,,,,,,,,,,,,,,,,,,,,,,,,,,,,,,,,,,JO,JAO,CMK
0,1,yes,,4538,10.1186/1475-2875-7-231,Kristan,Variations in entomological indices in relation to weather patterns and malaria incidence in East African highlands: implications for epidemic prevention and control,Malar J,2008,yes,no,none,na,,,Kenya,Sengera Health Centre,-0.8667,34.7167,,,,,,,,,,,,,,,,no,no,point,paper,Not Specified,Gucha district,,n.a.,,,,HRI ,,,,,,,,,,yes,no,no,2,2,2003,2003,,cross,1709/year,"The hottest months are March and November, and the two rainy seasons are April-June and September-December.",,GAMBIAE COMPLEX,gambiae s.s.,,morph,genetic/molecular,mix,mix,,,,"Four types of houses were included in the samples: Type A (mud walls and metal roofs), Type B (mud walls and thatched roofs), Type C (a mixture of cement and mud walls and metal roofs), and Type D (wooden walls and metal roofs) ",Farmer (subsistence),,,,,,,,,,,,"All localities are rural and the livelihood of the populations is based largely on subsistence agriculture. In Bufundi, adult males also work as seasonal labourers in mechanized farms in other districts.",,other,There are several local tea plantations consisting of small holdings owned by local farmers. ,,,,,,,,,,,,,,,,,,,,,,,,,,,,,,,,,,,,,,,,,,,,,,,,,,,,,,,,,,,,,,,,,,,,,,,,,,,,,,,,,,,,,,,,,,,,,,,,,,,,,,,,,,,,,,,,,,,,,,,,,,,,,,,,,,,,,,,,,,,,,,,,,,,,,,,,,,,,,,,,,,,,,,,,,,,,,,,,,,,,,,,,,,,,,,,,,,,,,,,,,JO,JAO,CMK
0,1,yes,,4538,10.1186/1475-2875-7-231,Kristan,Variations in entomological indices in relation to weather patterns and malaria incidence in East African highlands: implications for epidemic prevention and control,Malar J,2008,yes,no,none,na,,,Kenya,Sengera Health Centre,-0.8667,34.7167,,,,,,,,,,,,,,,,no,no,point,paper,Not Specified,Gucha district,,n.a.,,,,HRI ,,,,,,,,,,yes,no,no,2,2,2003,2003,,cross,1709/year,"The hottest months are March and November, and the two rainy seasons are April-June and September-December.",,leesoni,,,morph,genetic/molecular,mix,mix,,,,"Four types of houses were included in the samples: Type A (mud walls and metal roofs), Type B (mud walls and thatched roofs), Type C (a mixture of cement and mud walls and metal roofs), and Type D (wooden walls and metal roofs) ",Farmer (subsistence),,,,,,,,,,,,"All localities are rural and the livelihood of the populations is based largely on subsistence agriculture. In Bufundi, adult males also work as seasonal labourers in mechanized farms in other districts.",,other,There are several local tea plantations consisting of small holdings owned by local farmers. ,,,,,,,,,,,,,,,,,,,,,,,,,,,,,,,,,,,,,,,,,,,,,,,,,,,,,,,,,,,,,,,,,,,,,,,,,,,,,,,,,,,,,,,,,,,,,,,,,,,,,,,,,,,,,,,,,,,,,,,,,,,,,,,,,,,,,,,,,,,,,,,,,,,,,,,,,,,,,,,,,,,,,,,,,,,,,,,,,,,,,,,,,,,,,,,,,,,,,,,,,JO,JAO,CMK
0,1,yes,,4538,10.1186/1475-2875-7-231,Kristan,Variations in entomological indices in relation to weather patterns and malaria incidence in East African highlands: implications for epidemic prevention and control,Malar J,2008,yes,no,none,na,,,Kenya,Sengera Health Centre,-0.8667,34.7167,,,,,,,,,,,,,,,,no,no,point,paper,Not Specified,Gucha district,,n.a.,,,,HRI ,,,,,,,,,,yes,no,no,2,2,2003,2003,,cross,1709/year,"The hottest months are March and November, and the two rainy seasons are April-June and September-December.",,parensis,,,morph,genetic/molecular,mix,mix,,,,"Four types of houses were included in the samples: Type A (mud walls and metal roofs), Type B (mud walls and thatched roofs), Type C (a mixture of cement and mud walls and metal roofs), and Type D (wooden walls and metal roofs) ",Farmer (subsistence),,,,,,,,,,,,"All localities are rural and the livelihood of the populations is based largely on subsistence agriculture. In Bufundi, adult males also work as seasonal labourers in mechanized farms in other districts.",,other,There are several local tea plantations consisting of small holdings owned by local farmers. ,,,,,,,,,,,,,,,,,,,,,,,,,,,,,,,,,,,,,,,,,,,,,,,,,,,,,,,,,,,,,,,,,,,,,,,,,,,,,,,,,,,,,,,,,,,,,,,,,,,,,,,,,,,,,,,,,,,,,,,,,,,,,,,,,,,,,,,,,,,,,,,,,,,,,,,,,,,,,,,,,,,,,,,,,,,,,,,,,,,,,,,,,,,,,,,,,,,,,,,,,JO,JAO,CMK
0,1,yes,,4538,10.1186/1475-2875-7-231,Kristan,Variations in entomological indices in relation to weather patterns and malaria incidence in East African highlands: implications for epidemic prevention and control,Malar J,2008,yes,no,none,na,,,Kenya,Sengera Health Centre,-0.8667,34.7167,,,,,,,,,,,,,,,,no,no,point,paper,Not Specified,Gucha district,,n.a.,,,,HRI ,,,,,,,,,,yes,no,no,2,2,2003,2003,,cross,1709/year,"The hottest months are March and November, and the two rainy seasons are April-June and September-December.",,christyi,,,morph,genetic/molecular,mix,mix,,,,"Four types of houses were included in the samples: Type A (mud walls and metal roofs), Type B (mud walls and thatched roofs), Type C (a mixture of cement and mud walls and metal roofs), and Type D (wooden walls and metal roofs) ",Farmer (subsistence),,,,,,,,,,,,"All localities are rural and the livelihood of the populations is based largely on subsistence agriculture. In Bufundi, adult males also work as seasonal labourers in mechanized farms in other districts.",,other,There are several local tea plantations consisting of small holdings owned by local farmers. ,,,,,,,,,,,,,,,,,,,,,,,,,,,,,,,,,,,,,,,,,,,,,,,,,,,,,,,,,,,,,,,,,,,,,,,,,,,,,,,,,,,,,,,,,,,,,,,,,,,,,,,,,,,,,,,,,,,,,,,,,,,,,,,,,,,,,,,,,,,,,,,,,,,,,,,,,,,,,,,,,,,,,,,,,,,,,,,,,,,,,,,,,,,,,,,,,,,,,,,,,JO,JAO,CMK
0,1,yes,,4538,10.1186/1475-2875-7-231,Kristan,Variations in entomological indices in relation to weather patterns and malaria incidence in East African highlands: implications for epidemic prevention and control,Malar J,2008,yes,no,none,na,,,Uganda,Bufundi Health Centre,-1.284,29.866,,,,,,,,,,,,,,,,no,no,point,*encarta,Kabale district,,"Not Listed- site is located in Kishanje parish. Paper Coords match encarta exactly. (paper coords are -1.2833, 29.8667. Site is rural (EH))",n.a.,,,,HRI ,0,,,,,,,,,yes,no,no,11,10,2002,2006,,cross,884/year,"Average temperatures are fairly constant throughout the year, with slight peaks occurring in February, August and September. Rain falls in all months except
June and July, with two peaks: the main one being in April and a second in September.",,GAMBIAE COMPLEX,arabiensis,,morph,genetic/molecular,mix,mix,,,,"Four types of houses were included in the samples: Type A (mud walls and metal roofs), Type B (mud walls and thatched roofs), Type C (a mixture of cement and mud walls and metal roofs), and Type D (wooden walls and metal roofs) ",Farmer (subsistence),Agriculture worker,,,,,,,,,,,"All localities are rural and the livelihood of the populations is based largely on subsistence agriculture. In Bufundi, adult males also work as seasonal labourers in mechanized farms in other districts.",,,,,,,,,,,,,,,,,,,,,,,,,,,,,,,,,,,,,,,,,,,,,,,,,,,,,,,,,,,,,,,,,,,,,,,,,,,,,,,,,,,,,,,,,,,,,,,,,,,,,,,,,,,,,,,,,,,,,,,,,,,,,,,,,,,,,,,,,,,,,,,,,,,,,,,,,,,,,,,,,,,,,,,,,,,,,,,,,,,,,,,,,,,,,,,,,,,,,,,,,,,,JO,JAO,CMK
0,1,yes,,4538,10.1186/1475-2875-7-231,Kristan,Variations in entomological indices in relation to weather patterns and malaria incidence in East African highlands: implications for epidemic prevention and control,Malar J,2008,yes,no,none,na,,,Uganda,Bufundi Health Centre,-1.284,29.866,,,,,,,,,,,,,,,,no,no,point,*encarta,Kabale district,,,n.a.,,,,HRI ,3,,,,,,,,,yes,no,no,11,10,2002,2006,,cross,884/year,"Average temperatures are fairly constant throughout the year, with slight peaks occurring in February, August and September. Rain falls in all months except
June and July, with two peaks: the main one being in April and a second in September.",,GAMBIAE COMPLEX,gambiae s.s.,,morph,genetic/molecular,mix,mix,,,,"Four types of houses were included in the samples: Type A (mud walls and metal roofs), Type B (mud walls and thatched roofs), Type C (a mixture of cement and mud walls and metal roofs), and Type D (wooden walls and metal roofs) ",Farmer (subsistence),Agriculture worker,,,,,,,,,,,"All localities are rural and the livelihood of the populations is based largely on subsistence agriculture. In Bufundi, adult males also work as seasonal labourers in mechanized farms in other districts.",,,,,,,,,,,,,,,,,,,,,,,,,,,,,,,,,,,,,,,,,,,,,,,,,,,,,,,,,,,,,,,,,,,,,,,,,,,,,,,,,,,,,,,,,,,,,,,,,,,,,,,,,,,,,,,,,,,,,,,,,,,,,,,,,,,,,,,,,,,,,,,,,,,,,,,,,,,,,,,,,,,,,,,,,,,,,,,,,,,,,,,,,,,,,,,,,,,,,,,,,,,,JO,JAO,CMK
0,1,yes,,4538,10.1186/1475-2875-7-231,Kristan,Variations in entomological indices in relation to weather patterns and malaria incidence in East African highlands: implications for epidemic prevention and control,Malar J,2008,yes,no,none,na,,,Uganda,Bufundi Health Centre,-1.284,29.866,,,,,,,,,,,,,,,,no,no,point,*encarta,Kabale district,,,n.a.,,,,HRI ,1,,,,,,,,,yes,no,no,11,10,2002,2006,,cross,884/year,"Average temperatures are fairly constant throughout the year, with slight peaks occurring in February, August and September. Rain falls in all months except
June and July, with two peaks: the main one being in April and a second in September.",,funestus,n.a.,,morph,genetic/molecular,mix,mix,,,,"Four types of houses were included in the samples: Type A (mud walls and metal roofs), Type B (mud walls and thatched roofs), Type C (a mixture of cement and mud walls and metal roofs), and Type D (wooden walls and metal roofs) ",Farmer (subsistence),Agriculture worker,,,,,,,,,,,"All localities are rural and the livelihood of the populations is based largely on subsistence agriculture. In Bufundi, adult males also work as seasonal labourers in mechanized farms in other districts.",,,,,,,,,,,,,,,,,,,,,,,,,,,,,,,,,,,,,,,,,,,,,,,,,,,,,,,,,,,,,,,,,,,,,,,,,,,,,,,,,,,,,,,,,,,,,,,,,,,,,,,,,,,,,,,,,,,,,,,,,,,,,,,,,,,,,,,,,,,,,,,,,,,,,,,,,,,,,,,,,,,,,,,,,,,,,,,,,,,,,,,,,,,,,,,,,,,,,,,,,,,,JO,JAO,CMK
0,1,yes,,4538,10.1186/1475-2875-7-231,Kristan,Variations in entomological indices in relation to weather patterns and malaria incidence in East African highlands: implications for epidemic prevention and control,Malar J,2008,yes,no,none,na,,,Uganda,Bufundi Health Centre,-1.284,29.866,,,,,,,,,,,,,,,,no,no,point,*encarta,Kabale district,,,n.a.,,,,HRI ,,,,,,,,,,yes,no,no,11,10,2002,2006,,cross,884/year,"Average temperatures are fairly constant throughout the year, with slight peaks occurring in February, August and September. Rain falls in all months except
June and July, with two peaks: the main one being in April and a second in September.",,leesoni,,,morph,genetic/molecular,mix,mix,,,,"Four types of houses were included in the samples: Type A (mud walls and metal roofs), Type B (mud walls and thatched roofs), Type C (a mixture of cement and mud walls and metal roofs), and Type D (wooden walls and metal roofs) ",Farmer (subsistence),Agriculture worker,,,,,,,,,,,"All localities are rural and the livelihood of the populations is based largely on subsistence agriculture. In Bufundi, adult males also work as seasonal labourers in mechanized farms in other districts.",,,,,,,,,,,,,,,,,,,,,,,,,,,,,,,,,,,,,,,,,,,,,,,,,,,,,,,,,,,,,,,,,,,,,,,,,,,,,,,,,,,,,,,,,,,,,,,,,,,,,,,,,,,,,,,,,,,,,,,,,,,,,,,,,,,,,,,,,,,,,,,,,,,,,,,,,,,,,,,,,,,,,,,,,,,,,,,,,,,,,,,,,,,,,,,,,,,,,,,,,,,,JO,JAO,CMK
0,1,yes,,4538,10.1186/1475-2875-7-231,Kristan,Variations in entomological indices in relation to weather patterns and malaria incidence in East African highlands: implications for epidemic prevention and control,Malar J,2008,yes,no,none,na,,,Uganda,Bufundi Health Centre,-1.284,29.866,,,,,,,,,,,,,,,,no,no,point,*encarta,Kabale district,,,n.a.,,,,HRI ,,,,,,,,,,yes,no,no,11,10,2002,2006,,cross,884/year,"Average temperatures are fairly constant throughout the year, with slight peaks occurring in February, August and September. Rain falls in all months except
June and July, with two peaks: the main one being in April and a second in September.",,parensis,,,morph,genetic/molecular,mix,mix,,,,"Four types of houses were included in the samples: Type A (mud walls and metal roofs), Type B (mud walls and thatched roofs), Type C (a mixture of cement and mud walls and metal roofs), and Type D (wooden walls and metal roofs) ",Farmer (subsistence),Agriculture worker,,,,,,,,,,,"All localities are rural and the livelihood of the populations is based largely on subsistence agriculture. In Bufundi, adult males also work as seasonal labourers in mechanized farms in other districts.",,,,,,,,,,,,,,,,,,,,,,,,,,,,,,,,,,,,,,,,,,,,,,,,,,,,,,,,,,,,,,,,,,,,,,,,,,,,,,,,,,,,,,,,,,,,,,,,,,,,,,,,,,,,,,,,,,,,,,,,,,,,,,,,,,,,,,,,,,,,,,,,,,,,,,,,,,,,,,,,,,,,,,,,,,,,,,,,,,,,,,,,,,,,,,,,,,,,,,,,,,,,JO,JAO,CMK
0,1,yes,,4538,10.1186/1475-2875-7-231,Kristan,Variations in entomological indices in relation to weather patterns and malaria incidence in East African highlands: implications for epidemic prevention and control,Malar J,2008,yes,no,none,na,,,Uganda,Bufundi Health Centre,-1.284,29.866,,,,,,,,,,,,,,,,no,no,point,*encarta,Kabale district,,,n.a.,,,,HRI ,,,,,,,,,,yes,no,no,11,10,2002,2006,,cross,884/year,"Average temperatures are fairly constant throughout the year, with slight peaks occurring in February, August and September. Rain falls in all months except
June and July, with two peaks: the main one being in April and a second in September.",,christyi,,,morph,genetic/molecular,mix,mix,,,,"Four types of houses were included in the samples: Type A (mud walls and metal roofs), Type B (mud walls and thatched roofs), Type C (a mixture of cement and mud walls and metal roofs), and Type D (wooden walls and metal roofs) ",Farmer (subsistence),Agriculture worker,,,,,,,,,,,"All localities are rural and the livelihood of the populations is based largely on subsistence agriculture. In Bufundi, adult males also work as seasonal labourers in mechanized farms in other districts.",,,,,,,,,,,,,,,,,,,,,,,,,,,,,,,,,,,,,,,,,,,,,,,,,,,,,,,,,,,,,,,,,,,,,,,,,,,,,,,,,,,,,,,,,,,,,,,,,,,,,,,,,,,,,,,,,,,,,,,,,,,,,,,,,,,,,,,,,,,,,,,,,,,,,,,,,,,,,,,,,,,,,,,,,,,,,,,,,,,,,,,,,,,,,,,,,,,,,,,,,,,,JO,JAO,CMK
0,1,yes,,4538,10.1186/1475-2875-7-231,Kristan,Variations in entomological indices in relation to weather patterns and malaria incidence in East African highlands: implications for epidemic prevention and control,Malar J,2008,yes,no,none,na,,,Uganda,Kebisoni Health Centre,-0.85,29.999,,,,,,,,,,,,,,,,no,no,point,*encarta,Rukungiri district,,"Not Listed- site is located in kakinga parish. Paper Coords match encarta exactly. (paper coords are -0.8667, 30.015. Site is rural (EH))",n.a.,,,,HRI ,5,,,,,,,,,yes,no,no,11,10,2002,2006,,cross,1007/year,"Kakinga parish is characterized by a mild climate with two rainy seasons: March-April and September- November. Temperatures are highest in February and
between June and August.",,GAMBIAE COMPLEX,arabiensis,,morph,genetic/molecular,mix,mix,,,,"Four types of houses were included in the samples: Type A (mud walls and metal roofs), Type B (mud walls and thatched roofs), Type C (a mixture of cement and mud walls and metal roofs), and Type D (wooden walls and metal roofs) ",Farmer (subsistence),,,,,,,,,,,,"All localities are rural and the livelihood of the populations is based largely on subsistence agriculture. In Bufundi, adult males also work as seasonal labourers in mechanized farms in other districts.",,,,,,,,,,,,,,,,,,,,,,,,,,,,,,,,,,,,,,,,,,,,,,,,,,,,,,,,,,,,,,,,,,,,,,,,,,,,,,,,,,,,,,,,,,,,,,,,,,,,,,,,,,,,,,,,,,,,,,,,,,,,,,,,,,,,,,,,,,,,,,,,,,,,,,,,,,,,,,,,,,,,,,,,,,,,,,,,,,,,,,,,,,,,,,,,,,,,,,,,,,,,JO,JAO,CMK
0,1,yes,,4538,10.1186/1475-2875-7-231,Kristan,Variations in entomological indices in relation to weather patterns and malaria incidence in East African highlands: implications for epidemic prevention and control,Malar J,2008,yes,no,none,na,,,Uganda,Kebisoni Health Centre,-0.85,29.999,,,,,,,,,,,,,,,,no,no,point,*encarta,Rukungiri district,,,n.a.,,,,HRI ,169,,,,,,,,,yes,no,no,11,10,2002,2006,,cross,1007/year,"Kakinga parish is characterized by a mild climate with two rainy seasons: March-April and September- November. Temperatures are highest in February and
between June and August.",,GAMBIAE COMPLEX,gambiae s.s.,,morph,genetic/molecular,mix,mix,,,,"Four types of houses were included in the samples: Type A (mud walls and metal roofs), Type B (mud walls and thatched roofs), Type C (a mixture of cement and mud walls and metal roofs), and Type D (wooden walls and metal roofs) ",Farmer (subsistence),,,,,,,,,,,,"All localities are rural and the livelihood of the populations is based largely on subsistence agriculture. In Bufundi, adult males also work as seasonal labourers in mechanized farms in other districts.",,,,,,,,,,,,,,,,,,,,,,,,,,,,,,,,,,,,,,,,,,,,,,,,,,,,,,,,,,,,,,,,,,,,,,,,,,,,,,,,,,,,,,,,,,,,,,,,,,,,,,,,,,,,,,,,,,,,,,,,,,,,,,,,,,,,,,,,,,,,,,,,,,,,,,,,,,,,,,,,,,,,,,,,,,,,,,,,,,,,,,,,,,,,,,,,,,,,,,,,,,,,JO,JAO,CMK
0,1,yes,,4538,10.1186/1475-2875-7-231,Kristan,Variations in entomological indices in relation to weather patterns and malaria incidence in East African highlands: implications for epidemic prevention and control,Malar J,2008,yes,no,none,na,,,Uganda,Kebisoni Health Centre,-0.85,29.999,,,,,,,,,,,,,,,,no,no,point,*encarta,Rukungiri district,,,n.a.,,,,HRI ,9,,,,,,,,,yes,no,no,11,10,2002,2006,,cross,1007/year,"Kakinga parish is characterized by a mild climate with two rainy seasons: March-April and September- November. Temperatures are highest in February and
between June and August.",,funestus,n.a.,,morph,genetic/molecular,mix,mix,,,,"Four types of houses were included in the samples: Type A (mud walls and metal roofs), Type B (mud walls and thatched roofs), Type C (a mixture of cement and mud walls and metal roofs), and Type D (wooden walls and metal roofs) ",Farmer (subsistence),,,,,,,,,,,,"All localities are rural and the livelihood of the populations is based largely on subsistence agriculture. In Bufundi, adult males also work as seasonal labourers in mechanized farms in other districts.",,,,,,,,,,,,,,,,,,,,,,,,,,,,,,,,,,,,,,,,,,,,,,,,,,,,,,,,,,,,,,,,,,,,,,,,,,,,,,,,,,,,,,,,,,,,,,,,,,,,,,,,,,,,,,,,,,,,,,,,,,,,,,,,,,,,,,,,,,,,,,,,,,,,,,,,,,,,,,,,,,,,,,,,,,,,,,,,,,,,,,,,,,,,,,,,,,,,,,,,,,,,JO,JAO,CMK
0,1,yes,,4538,10.1186/1475-2875-7-231,Kristan,Variations in entomological indices in relation to weather patterns and malaria incidence in East African highlands: implications for epidemic prevention and control,Malar J,2008,yes,no,none,na,,,Uganda,Kebisoni Health Centre,-0.85,29.999,,,,,,,,,,,,,,,,no,no,point,*encarta,Rukungiri district,,,n.a.,,,,HRI ,,,,,,,,,,yes,no,no,11,11,2003,2003,,cross,1007/year,"Kakinga parish is characterized by a mild climate with two rainy seasons: March-April and September- November. Temperatures are highest in February and
between June and August.",,GAMBIAE COMPLEX,arabiensis,,morph,genetic/molecular,mix,mix,,,,"Four types of houses were included in the samples: Type A (mud walls and metal roofs), Type B (mud walls and thatched roofs), Type C (a mixture of cement and mud walls and metal roofs), and Type D (wooden walls and metal roofs) ",Farmer (subsistence),,,,,,,,,,,,"All localities are rural and the livelihood of the populations is based largely on subsistence agriculture. In Bufundi, adult males also work as seasonal labourers in mechanized farms in other districts.",,,,,,,,,,,,,,,,,,,,,,,,,,,,,,,,,,,,,,,,,,,,,,,,,,,,,,,,,,,,,,,,,,,,,,,,,,,,,,,,,,,,,,,,,,,,,,,,,,,,,,,,,,,,,,,,,,,,,,,,,,,,,,,,,,,,,,,,,,,,,,,,,,,,,,,,,,,,,,,,,,,,,,,,,,,,,,,,,,,,,,,,,,,,,,,,,,,,,,,,,,,,JO,JAO,CMK
0,1,yes,,4538,10.1186/1475-2875-7-231,Kristan,Variations in entomological indices in relation to weather patterns and malaria incidence in East African highlands: implications for epidemic prevention and control,Malar J,2008,yes,no,none,na,,,Uganda,Kebisoni Health Centre,-0.85,29.999,,,,,,,,,,,,,,,,no,no,point,*encarta,Rukungiri district,,,n.a.,,,,HRI ,,,,,,,,,,yes,no,no,5,5,2006,2006,,cross,1007/year,"Kakinga parish is characterized by a mild climate with two rainy seasons: March-April and September- November. Temperatures are highest in February and
between June and August.",,GAMBIAE COMPLEX,arabiensis,,morph,genetic/molecular,mix,mix,,,,"Four types of houses were included in the samples: Type A (mud walls and metal roofs), Type B (mud walls and thatched roofs), Type C (a mixture of cement and mud walls and metal roofs), and Type D (wooden walls and metal roofs) ",Farmer (subsistence),,,,,,,,,,,,"All localities are rural and the livelihood of the populations is based largely on subsistence agriculture. In Bufundi, adult males also work as seasonal labourers in mechanized farms in other districts.",,,,,,,,,,,,,,,,,,,,,,,,,,,,,,,,,,,,,,,,,,,,,,,,,,,,,,,,,,,,,,,,,,,,,,,,,,,,,,,,,,,,,,,,,,,,,,,,,,,,,,,,,,,,,,,,,,,,,,,,,,,,,,,,,,,,,,,,,,,,,,,,,,,,,,,,,,,,,,,,,,,,,,,,,,,,,,,,,,,,,,,,,,,,,,,,,,,,,,,,,,,,JO,JAO,CMK
0,1,yes,,4538,10.1186/1475-2875-7-231,Kristan,Variations in entomological indices in relation to weather patterns and malaria incidence in East African highlands: implications for epidemic prevention and control,Malar J,2008,yes,no,none,na,,,Uganda,Kebisoni Health Centre,-0.85,29.999,,,,,,,,,,,,,,,,no,no,point,*encarta,Rukungiri district,,,n.a.,,,,HRI ,,,,,,,,,,yes,no,no,2,2,2003,2003,,cross,1007/year,"Kakinga parish is characterized by a mild climate with two rainy seasons: March-April and September- November. Temperatures are highest in February and
between June and August.",,GAMBIAE COMPLEX,gambiae s.s.,,morph,genetic/molecular,mix,mix,,,,"Four types of houses were included in the samples: Type A (mud walls and metal roofs), Type B (mud walls and thatched roofs), Type C (a mixture of cement and mud walls and metal roofs), and Type D (wooden walls and metal roofs) ",Farmer (subsistence),,,,,,,,,,,,"All localities are rural and the livelihood of the populations is based largely on subsistence agriculture. In Bufundi, adult males also work as seasonal labourers in mechanized farms in other districts.",,,,,,,,,,,,,,,,,,,,,,,,,,,,,,,,,,,,,,,,,,,,,,,,,,,,,,,,,,,,,,,,,,,,,,,,,,,,,,,,,,,,,,,,,,,,,,,,,,,,,,,,,,,,,,,,,,,,,,,,,,,,,,,,,,,,,,,,,,,,,,,,,,,,,,,,,,,,,,,,,,,,,,,,,,,,,,,,,,,,,,,,,,,,,,,,,,,,,,,,,,,,JO,JAO,CMK
0,1,yes,,4538,10.1186/1475-2875-7-231,Kristan,Variations in entomological indices in relation to weather patterns and malaria incidence in East African highlands: implications for epidemic prevention and control,Malar J,2008,yes,no,none,na,,,Uganda,Kebisoni Health Centre,-0.85,29.999,,,,,,,,,,,,,,,,no,no,point,*encarta,Rukungiri district,,,n.a.,,,,HRI ,,,,,,,,,,yes,no,no,11,11,2003,2003,,cross,1007/year,"Kakinga parish is characterized by a mild climate with two rainy seasons: March-April and September- November. Temperatures are highest in February and
between June and August.",,GAMBIAE COMPLEX,gambiae s.s.,,morph,genetic/molecular,mix,mix,,,,"Four types of houses were included in the samples: Type A (mud walls and metal roofs), Type B (mud walls and thatched roofs), Type C (a mixture of cement and mud walls and metal roofs), and Type D (wooden walls and metal roofs) ",Farmer (subsistence),,,,,,,,,,,,"All localities are rural and the livelihood of the populations is based largely on subsistence agriculture. In Bufundi, adult males also work as seasonal labourers in mechanized farms in other districts.",,,,,,,,,,,,,,,,,,,,,,,,,,,,,,,,,,,,,,,,,,,,,,,,,,,,,,,,,,,,,,,,,,,,,,,,,,,,,,,,,,,,,,,,,,,,,,,,,,,,,,,,,,,,,,,,,,,,,,,,,,,,,,,,,,,,,,,,,,,,,,,,,,,,,,,,,,,,,,,,,,,,,,,,,,,,,,,,,,,,,,,,,,,,,,,,,,,,,,,,,,,,JO,JAO,CMK
0,1,yes,,4538,10.1186/1475-2875-7-231,Kristan,Variations in entomological indices in relation to weather patterns and malaria incidence in East African highlands: implications for epidemic prevention and control,Malar J,2008,yes,no,none,na,,,Uganda,Kebisoni Health Centre,-0.85,29.999,,,,,,,,,,,,,,,,no,no,point,*encarta,Rukungiri district,,,n.a.,,,,HRI ,,,,,,,,,,yes,no,no,5,5,2004,2004,,cross,1007/year,"Kakinga parish is characterized by a mild climate with two rainy seasons: March-April and September- November. Temperatures are highest in February and
between June and August.",,GAMBIAE COMPLEX,gambiae s.s.,,morph,genetic/molecular,mix,mix,,,,"Four types of houses were included in the samples: Type A (mud walls and metal roofs), Type B (mud walls and thatched roofs), Type C (a mixture of cement and mud walls and metal roofs), and Type D (wooden walls and metal roofs) ",Farmer (subsistence),,,,,,,,,,,,"All localities are rural and the livelihood of the populations is based largely on subsistence agriculture. In Bufundi, adult males also work as seasonal labourers in mechanized farms in other districts.",,,,,,,,,,,,,,,,,,,,,,,,,,,,,,,,,,,,,,,,,,,,,,,,,,,,,,,,,,,,,,,,,,,,,,,,,,,,,,,,,,,,,,,,,,,,,,,,,,,,,,,,,,,,,,,,,,,,,,,,,,,,,,,,,,,,,,,,,,,,,,,,,,,,,,,,,,,,,,,,,,,,,,,,,,,,,,,,,,,,,,,,,,,,,,,,,,,,,,,,,,,,JO,JAO,CMK
0,1,yes,,4538,10.1186/1475-2875-7-231,Kristan,Variations in entomological indices in relation to weather patterns and malaria incidence in East African highlands: implications for epidemic prevention and control,Malar J,2008,yes,no,none,na,,,Uganda,Kebisoni Health Centre,-0.85,29.999,,,,,,,,,,,,,,,,no,no,point,*encarta,Rukungiri district,,,n.a.,,,,HRI ,,,,,,,,,,yes,no,no,9,9,2004,2004,,cross,1007/year,"Kakinga parish is characterized by a mild climate with two rainy seasons: March-April and September- November. Temperatures are highest in February and
between June and August.",,GAMBIAE COMPLEX,gambiae s.s.,,morph,genetic/molecular,mix,mix,,,,"Four types of houses were included in the samples: Type A (mud walls and metal roofs), Type B (mud walls and thatched roofs), Type C (a mixture of cement and mud walls and metal roofs), and Type D (wooden walls and metal roofs) ",Farmer (subsistence),,,,,,,,,,,,"All localities are rural and the livelihood of the populations is based largely on subsistence agriculture. In Bufundi, adult males also work as seasonal labourers in mechanized farms in other districts.",,,,,,,,,,,,,,,,,,,,,,,,,,,,,,,,,,,,,,,,,,,,,,,,,,,,,,,,,,,,,,,,,,,,,,,,,,,,,,,,,,,,,,,,,,,,,,,,,,,,,,,,,,,,,,,,,,,,,,,,,,,,,,,,,,,,,,,,,,,,,,,,,,,,,,,,,,,,,,,,,,,,,,,,,,,,,,,,,,,,,,,,,,,,,,,,,,,,,,,,,,,,JO,JAO,CMK
0,1,yes,,4538,10.1186/1475-2875-7-231,Kristan,Variations in entomological indices in relation to weather patterns and malaria incidence in East African highlands: implications for epidemic prevention and control,Malar J,2008,yes,no,none,na,,,Uganda,Kebisoni Health Centre,-0.85,29.999,,,,,,,,,,,,,,,,no,no,point,*encarta,Rukungiri district,,,n.a.,,,,HRI ,,,,,,,,,,yes,no,no,10,10,2004,2004,,cross,1007/year,"Kakinga parish is characterized by a mild climate with two rainy seasons: March-April and September- November. Temperatures are highest in February and
between June and August.",,GAMBIAE COMPLEX,gambiae s.s.,,morph,genetic/molecular,mix,mix,,,,"Four types of houses were included in the samples: Type A (mud walls and metal roofs), Type B (mud walls and thatched roofs), Type C (a mixture of cement and mud walls and metal roofs), and Type D (wooden walls and metal roofs) ",Farmer (subsistence),,,,,,,,,,,,"All localities are rural and the livelihood of the populations is based largely on subsistence agriculture. In Bufundi, adult males also work as seasonal labourers in mechanized farms in other districts.",,,,,,,,,,,,,,,,,,,,,,,,,,,,,,,,,,,,,,,,,,,,,,,,,,,,,,,,,,,,,,,,,,,,,,,,,,,,,,,,,,,,,,,,,,,,,,,,,,,,,,,,,,,,,,,,,,,,,,,,,,,,,,,,,,,,,,,,,,,,,,,,,,,,,,,,,,,,,,,,,,,,,,,,,,,,,,,,,,,,,,,,,,,,,,,,,,,,,,,,,,,,JO,JAO,CMK
0,1,yes,,4538,10.1186/1475-2875-7-231,Kristan,Variations in entomological indices in relation to weather patterns and malaria incidence in East African highlands: implications for epidemic prevention and control,Malar J,2008,yes,no,none,na,,,Uganda,Kebisoni Health Centre,-0.85,29.999,,,,,,,,,,,,,,,,no,no,point,*encarta,Rukungiri district,,,n.a.,,,,HRI ,,,,,,,,,,yes,no,no,11,11,2004,2004,,cross,1007/year,"Kakinga parish is characterized by a mild climate with two rainy seasons: March-April and September- November. Temperatures are highest in February and
between June and August.",,GAMBIAE COMPLEX,gambiae s.s.,,morph,genetic/molecular,mix,mix,,,,"Four types of houses were included in the samples: Type A (mud walls and metal roofs), Type B (mud walls and thatched roofs), Type C (a mixture of cement and mud walls and metal roofs), and Type D (wooden walls and metal roofs) ",Farmer (subsistence),,,,,,,,,,,,"All localities are rural and the livelihood of the populations is based largely on subsistence agriculture. In Bufundi, adult males also work as seasonal labourers in mechanized farms in other districts.",,,,,,,,,,,,,,,,,,,,,,,,,,,,,,,,,,,,,,,,,,,,,,,,,,,,,,,,,,,,,,,,,,,,,,,,,,,,,,,,,,,,,,,,,,,,,,,,,,,,,,,,,,,,,,,,,,,,,,,,,,,,,,,,,,,,,,,,,,,,,,,,,,,,,,,,,,,,,,,,,,,,,,,,,,,,,,,,,,,,,,,,,,,,,,,,,,,,,,,,,,,,JO,JAO,CMK
0,1,yes,,4538,10.1186/1475-2875-7-231,Kristan,Variations in entomological indices in relation to weather patterns and malaria incidence in East African highlands: implications for epidemic prevention and control,Malar J,2008,yes,no,none,na,,,Uganda,Kebisoni Health Centre,-0.85,29.999,,,,,,,,,,,,,,,,no,no,point,*encarta,Rukungiri district,,,n.a.,,,,HRI ,,,,,,,,,,yes,no,no,12,12,2004,2004,,cross,1007/year,"Kakinga parish is characterized by a mild climate with two rainy seasons: March-April and September- November. Temperatures are highest in February and
between June and August.",,GAMBIAE COMPLEX,gambiae s.s.,,morph,genetic/molecular,mix,mix,,,,"Four types of houses were included in the samples: Type A (mud walls and metal roofs), Type B (mud walls and thatched roofs), Type C (a mixture of cement and mud walls and metal roofs), and Type D (wooden walls and metal roofs) ",Farmer (subsistence),,,,,,,,,,,,"All localities are rural and the livelihood of the populations is based largely on subsistence agriculture. In Bufundi, adult males also work as seasonal labourers in mechanized farms in other districts.",,,,,,,,,,,,,,,,,,,,,,,,,,,,,,,,,,,,,,,,,,,,,,,,,,,,,,,,,,,,,,,,,,,,,,,,,,,,,,,,,,,,,,,,,,,,,,,,,,,,,,,,,,,,,,,,,,,,,,,,,,,,,,,,,,,,,,,,,,,,,,,,,,,,,,,,,,,,,,,,,,,,,,,,,,,,,,,,,,,,,,,,,,,,,,,,,,,,,,,,,,,,JO,JAO,CMK
0,1,yes,,4538,10.1186/1475-2875-7-231,Kristan,Variations in entomological indices in relation to weather patterns and malaria incidence in East African highlands: implications for epidemic prevention and control,Malar J,2008,yes,no,none,na,,,Uganda,Kebisoni Health Centre,-0.85,29.999,,,,,,,,,,,,,,,,no,no,point,*encarta,Rukungiri district,,,n.a.,,,,HRI ,,,,,,,,,,yes,no,no,4,4,2005,2005,,cross,1007/year,"Kakinga parish is characterized by a mild climate with two rainy seasons: March-April and September- November. Temperatures are highest in February and
between June and August.",,GAMBIAE COMPLEX,gambiae s.s.,,morph,genetic/molecular,mix,mix,,,,"Four types of houses were included in the samples: Type A (mud walls and metal roofs), Type B (mud walls and thatched roofs), Type C (a mixture of cement and mud walls and metal roofs), and Type D (wooden walls and metal roofs) ",Farmer (subsistence),,,,,,,,,,,,"All localities are rural and the livelihood of the populations is based largely on subsistence agriculture. In Bufundi, adult males also work as seasonal labourers in mechanized farms in other districts.",,,,,,,,,,,,,,,,,,,,,,,,,,,,,,,,,,,,,,,,,,,,,,,,,,,,,,,,,,,,,,,,,,,,,,,,,,,,,,,,,,,,,,,,,,,,,,,,,,,,,,,,,,,,,,,,,,,,,,,,,,,,,,,,,,,,,,,,,,,,,,,,,,,,,,,,,,,,,,,,,,,,,,,,,,,,,,,,,,,,,,,,,,,,,,,,,,,,,,,,,,,,JO,JAO,CMK
0,1,yes,,4538,10.1186/1475-2875-7-231,Kristan,Variations in entomological indices in relation to weather patterns and malaria incidence in East African highlands: implications for epidemic prevention and control,Malar J,2008,yes,no,none,na,,,Uganda,Kebisoni Health Centre,-0.85,29.999,,,,,,,,,,,,,,,,no,no,point,*encarta,Rukungiri district,,,n.a.,,,,HRI ,,,,,,,,,,yes,no,no,7,7,2005,2005,,cross,1007/year,"Kakinga parish is characterized by a mild climate with two rainy seasons: March-April and September- November. Temperatures are highest in February and
between June and August.",,GAMBIAE COMPLEX,gambiae s.s.,,morph,genetic/molecular,mix,mix,,,,"Four types of houses were included in the samples: Type A (mud walls and metal roofs), Type B (mud walls and thatched roofs), Type C (a mixture of cement and mud walls and metal roofs), and Type D (wooden walls and metal roofs) ",Farmer (subsistence),,,,,,,,,,,,"All localities are rural and the livelihood of the populations is based largely on subsistence agriculture. In Bufundi, adult males also work as seasonal labourers in mechanized farms in other districts.",,,,,,,,,,,,,,,,,,,,,,,,,,,,,,,,,,,,,,,,,,,,,,,,,,,,,,,,,,,,,,,,,,,,,,,,,,,,,,,,,,,,,,,,,,,,,,,,,,,,,,,,,,,,,,,,,,,,,,,,,,,,,,,,,,,,,,,,,,,,,,,,,,,,,,,,,,,,,,,,,,,,,,,,,,,,,,,,,,,,,,,,,,,,,,,,,,,,,,,,,,,,JO,JAO,CMK
0,1,yes,,4538,10.1186/1475-2875-7-231,Kristan,Variations in entomological indices in relation to weather patterns and malaria incidence in East African highlands: implications for epidemic prevention and control,Malar J,2008,yes,no,none,na,,,Uganda,Kebisoni Health Centre,-0.85,29.999,,,,,,,,,,,,,,,,no,no,point,*encarta,Rukungiri district,,,n.a.,,,,HRI ,,,,,,,,,,yes,no,no,9,9,2005,2005,,cross,1007/year,"Kakinga parish is characterized by a mild climate with two rainy seasons: March-April and September- November. Temperatures are highest in February and
between June and August.",,GAMBIAE COMPLEX,gambiae s.s.,,morph,genetic/molecular,mix,mix,,,,"Four types of houses were included in the samples: Type A (mud walls and metal roofs), Type B (mud walls and thatched roofs), Type C (a mixture of cement and mud walls and metal roofs), and Type D (wooden walls and metal roofs) ",Farmer (subsistence),,,,,,,,,,,,"All localities are rural and the livelihood of the populations is based largely on subsistence agriculture. In Bufundi, adult males also work as seasonal labourers in mechanized farms in other districts.",,,,,,,,,,,,,,,,,,,,,,,,,,,,,,,,,,,,,,,,,,,,,,,,,,,,,,,,,,,,,,,,,,,,,,,,,,,,,,,,,,,,,,,,,,,,,,,,,,,,,,,,,,,,,,,,,,,,,,,,,,,,,,,,,,,,,,,,,,,,,,,,,,,,,,,,,,,,,,,,,,,,,,,,,,,,,,,,,,,,,,,,,,,,,,,,,,,,,,,,,,,,JO,JAO,CMK
0,1,yes,,4538,10.1186/1475-2875-7-231,Kristan,Variations in entomological indices in relation to weather patterns and malaria incidence in East African highlands: implications for epidemic prevention and control,Malar J,2008,yes,no,none,na,,,Uganda,Kebisoni Health Centre,-0.85,29.999,,,,,,,,,,,,,,,,no,no,point,*encarta,Rukungiri district,,,n.a.,,,,HRI ,,,,,,,,,,yes,no,no,10,10,2005,2005,,cross,1007/year,"Kakinga parish is characterized by a mild climate with two rainy seasons: March-April and September- November. Temperatures are highest in February and
between June and August.",,GAMBIAE COMPLEX,gambiae s.s.,,morph,genetic/molecular,mix,mix,,,,"Four types of houses were included in the samples: Type A (mud walls and metal roofs), Type B (mud walls and thatched roofs), Type C (a mixture of cement and mud walls and metal roofs), and Type D (wooden walls and metal roofs) ",Farmer (subsistence),,,,,,,,,,,,"All localities are rural and the livelihood of the populations is based largely on subsistence agriculture. In Bufundi, adult males also work as seasonal labourers in mechanized farms in other districts.",,,,,,,,,,,,,,,,,,,,,,,,,,,,,,,,,,,,,,,,,,,,,,,,,,,,,,,,,,,,,,,,,,,,,,,,,,,,,,,,,,,,,,,,,,,,,,,,,,,,,,,,,,,,,,,,,,,,,,,,,,,,,,,,,,,,,,,,,,,,,,,,,,,,,,,,,,,,,,,,,,,,,,,,,,,,,,,,,,,,,,,,,,,,,,,,,,,,,,,,,,,,JO,JAO,CMK
0,1,yes,,4538,10.1186/1475-2875-7-231,Kristan,Variations in entomological indices in relation to weather patterns and malaria incidence in East African highlands: implications for epidemic prevention and control,Malar J,2008,yes,no,none,na,,,Uganda,Kebisoni Health Centre,-0.85,29.999,,,,,,,,,,,,,,,,no,no,point,*encarta,Rukungiri district,,,n.a.,,,,HRI ,,,,,,,,,,yes,no,no,11,11,2005,2005,,cross,1007/year,"Kakinga parish is characterized by a mild climate with two rainy seasons: March-April and September- November. Temperatures are highest in February and
between June and August.",,GAMBIAE COMPLEX,gambiae s.s.,,morph,genetic/molecular,mix,mix,,,,"Four types of houses were included in the samples: Type A (mud walls and metal roofs), Type B (mud walls and thatched roofs), Type C (a mixture of cement and mud walls and metal roofs), and Type D (wooden walls and metal roofs) ",Farmer (subsistence),,,,,,,,,,,,"All localities are rural and the livelihood of the populations is based largely on subsistence agriculture. In Bufundi, adult males also work as seasonal labourers in mechanized farms in other districts.",,,,,,,,,,,,,,,,,,,,,,,,,,,,,,,,,,,,,,,,,,,,,,,,,,,,,,,,,,,,,,,,,,,,,,,,,,,,,,,,,,,,,,,,,,,,,,,,,,,,,,,,,,,,,,,,,,,,,,,,,,,,,,,,,,,,,,,,,,,,,,,,,,,,,,,,,,,,,,,,,,,,,,,,,,,,,,,,,,,,,,,,,,,,,,,,,,,,,,,,,,,,JO,JAO,CMK
0,1,yes,,4538,10.1186/1475-2875-7-231,Kristan,Variations in entomological indices in relation to weather patterns and malaria incidence in East African highlands: implications for epidemic prevention and control,Malar J,2008,yes,no,none,na,,,Uganda,Kebisoni Health Centre,-0.85,29.999,,,,,,,,,,,,,,,,no,no,point,*encarta,Rukungiri district,,,n.a.,,,,HRI ,,,,,,,,,,yes,no,no,3,3,2006,2006,,cross,1007/year,"Kakinga parish is characterized by a mild climate with two rainy seasons: March-April and September- November. Temperatures are highest in February and
between June and August.",,GAMBIAE COMPLEX,gambiae s.s.,,morph,genetic/molecular,mix,mix,,,,"Four types of houses were included in the samples: Type A (mud walls and metal roofs), Type B (mud walls and thatched roofs), Type C (a mixture of cement and mud walls and metal roofs), and Type D (wooden walls and metal roofs) ",Farmer (subsistence),,,,,,,,,,,,"All localities are rural and the livelihood of the populations is based largely on subsistence agriculture. In Bufundi, adult males also work as seasonal labourers in mechanized farms in other districts.",,,,,,,,,,,,,,,,,,,,,,,,,,,,,,,,,,,,,,,,,,,,,,,,,,,,,,,,,,,,,,,,,,,,,,,,,,,,,,,,,,,,,,,,,,,,,,,,,,,,,,,,,,,,,,,,,,,,,,,,,,,,,,,,,,,,,,,,,,,,,,,,,,,,,,,,,,,,,,,,,,,,,,,,,,,,,,,,,,,,,,,,,,,,,,,,,,,,,,,,,,,,JO,JAO,CMK
0,1,yes,,4538,10.1186/1475-2875-7-231,Kristan,Variations in entomological indices in relation to weather patterns and malaria incidence in East African highlands: implications for epidemic prevention and control,Malar J,2008,yes,no,none,na,,,Uganda,Kebisoni Health Centre,-0.85,29.999,,,,,,,,,,,,,,,,no,no,point,*encarta,Rukungiri district,,,n.a.,,,,HRI ,,,,,,,,,,yes,no,no,4,4,2006,2006,,cross,1007/year,"Kakinga parish is characterized by a mild climate with two rainy seasons: March-April and September- November. Temperatures are highest in February and
between June and August.",,GAMBIAE COMPLEX,gambiae s.s.,,morph,genetic/molecular,mix,mix,,,,"Four types of houses were included in the samples: Type A (mud walls and metal roofs), Type B (mud walls and thatched roofs), Type C (a mixture of cement and mud walls and metal roofs), and Type D (wooden walls and metal roofs) ",Farmer (subsistence),,,,,,,,,,,,"All localities are rural and the livelihood of the populations is based largely on subsistence agriculture. In Bufundi, adult males also work as seasonal labourers in mechanized farms in other districts.",,,,,,,,,,,,,,,,,,,,,,,,,,,,,,,,,,,,,,,,,,,,,,,,,,,,,,,,,,,,,,,,,,,,,,,,,,,,,,,,,,,,,,,,,,,,,,,,,,,,,,,,,,,,,,,,,,,,,,,,,,,,,,,,,,,,,,,,,,,,,,,,,,,,,,,,,,,,,,,,,,,,,,,,,,,,,,,,,,,,,,,,,,,,,,,,,,,,,,,,,,,,JO,JAO,CMK
0,1,yes,,4538,10.1186/1475-2875-7-231,Kristan,Variations in entomological indices in relation to weather patterns and malaria incidence in East African highlands: implications for epidemic prevention and control,Malar J,2008,yes,no,none,na,,,Uganda,Kebisoni Health Centre,-0.85,29.999,,,,,,,,,,,,,,,,no,no,point,*encarta,Rukungiri district,,,n.a.,,,,HRI ,,,,,,,,,,yes,no,no,5,5,2006,2006,,cross,1007/year,"Kakinga parish is characterized by a mild climate with two rainy seasons: March-April and September- November. Temperatures are highest in February and
between June and August.",,GAMBIAE COMPLEX,gambiae s.s.,,morph,genetic/molecular,mix,mix,,,,"Four types of houses were included in the samples: Type A (mud walls and metal roofs), Type B (mud walls and thatched roofs), Type C (a mixture of cement and mud walls and metal roofs), and Type D (wooden walls and metal roofs) ",Farmer (subsistence),,,,,,,,,,,,"All localities are rural and the livelihood of the populations is based largely on subsistence agriculture. In Bufundi, adult males also work as seasonal labourers in mechanized farms in other districts.",,,,,,,,,,,,,,,,,,,,,,,,,,,,,,,,,,,,,,,,,,,,,,,,,,,,,,,,,,,,,,,,,,,,,,,,,,,,,,,,,,,,,,,,,,,,,,,,,,,,,,,,,,,,,,,,,,,,,,,,,,,,,,,,,,,,,,,,,,,,,,,,,,,,,,,,,,,,,,,,,,,,,,,,,,,,,,,,,,,,,,,,,,,,,,,,,,,,,,,,,,,,JO,JAO,CMK
0,1,yes,,4538,10.1186/1475-2875-7-231,Kristan,Variations in entomological indices in relation to weather patterns and malaria incidence in East African highlands: implications for epidemic prevention and control,Malar J,2008,yes,no,none,na,,,Uganda,Kebisoni Health Centre,-0.85,29.999,,,,,,,,,,,,,,,,no,no,point,*encarta,Rukungiri district,,,n.a.,,,,HRI ,,,,,,,,,,yes,no,no,6,6,2006,2006,,cross,1007/year,"Kakinga parish is characterized by a mild climate with two rainy seasons: March-April and September- November. Temperatures are highest in February and
between June and August.",,GAMBIAE COMPLEX,gambiae s.s.,,morph,genetic/molecular,mix,mix,,,,"Four types of houses were included in the samples: Type A (mud walls and metal roofs), Type B (mud walls and thatched roofs), Type C (a mixture of cement and mud walls and metal roofs), and Type D (wooden walls and metal roofs) ",Farmer (subsistence),,,,,,,,,,,,"All localities are rural and the livelihood of the populations is based largely on subsistence agriculture. In Bufundi, adult males also work as seasonal labourers in mechanized farms in other districts.",,,,,,,,,,,,,,,,,,,,,,,,,,,,,,,,,,,,,,,,,,,,,,,,,,,,,,,,,,,,,,,,,,,,,,,,,,,,,,,,,,,,,,,,,,,,,,,,,,,,,,,,,,,,,,,,,,,,,,,,,,,,,,,,,,,,,,,,,,,,,,,,,,,,,,,,,,,,,,,,,,,,,,,,,,,,,,,,,,,,,,,,,,,,,,,,,,,,,,,,,,,,JO,JAO,CMK
0,1,yes,,4538,10.1186/1475-2875-7-231,Kristan,Variations in entomological indices in relation to weather patterns and malaria incidence in East African highlands: implications for epidemic prevention and control,Malar J,2008,yes,no,none,na,,,Uganda,Kebisoni Health Centre,-0.85,29.999,,,,,,,,,,,,,,,,no,no,point,*encarta,Rukungiri district,,,n.a.,,,,HRI ,,,,,,,,,,yes,no,no,3,3,2006,2006,,cross,1007/year,"Kakinga parish is characterized by a mild climate with two rainy seasons: March-April and September- November. Temperatures are highest in February and
between June and August.",,funestus,n.a.,,morph,genetic/molecular,mix,mix,,,,"Four types of houses were included in the samples: Type A (mud walls and metal roofs), Type B (mud walls and thatched roofs), Type C (a mixture of cement and mud walls and metal roofs), and Type D (wooden walls and metal roofs) ",Farmer (subsistence),,,,,,,,,,,,"All localities are rural and the livelihood of the populations is based largely on subsistence agriculture. In Bufundi, adult males also work as seasonal labourers in mechanized farms in other districts.",,,,,,,,,,,,,,,,,,,,,,,,,,,,,,,,,,,,,,,,,,,,,,,,,,,,,,,,,,,,,,,,,,,,,,,,,,,,,,,,,,,,,,,,,,,,,,,,,,,,,,,,,,,,,,,,,,,,,,,,,,,,,,,,,,,,,,,,,,,,,,,,,,,,,,,,,,,,,,,,,,,,,,,,,,,,,,,,,,,,,,,,,,,,,,,,,,,,,,,,,,,,JO,JAO,CMK
0,1,yes,,4538,10.1186/1475-2875-7-231,Kristan,Variations in entomological indices in relation to weather patterns and malaria incidence in East African highlands: implications for epidemic prevention and control,Malar J,2008,yes,no,none,na,,,Uganda,Kebisoni Health Centre,-0.85,29.999,,,,,,,,,,,,,,,,no,no,point,*encarta,Rukungiri district,,,n.a.,,,,HRI ,,,,,,,,,,yes,no,no,4,4,2006,2006,,cross,1007/year,"Kakinga parish is characterized by a mild climate with two rainy seasons: March-April and September- November. Temperatures are highest in February and
between June and August.",,funestus,n.a.,,morph,genetic/molecular,mix,mix,,,,"Four types of houses were included in the samples: Type A (mud walls and metal roofs), Type B (mud walls and thatched roofs), Type C (a mixture of cement and mud walls and metal roofs), and Type D (wooden walls and metal roofs) ",Farmer (subsistence),,,,,,,,,,,,"All localities are rural and the livelihood of the populations is based largely on subsistence agriculture. In Bufundi, adult males also work as seasonal labourers in mechanized farms in other districts.",,,,,,,,,,,,,,,,,,,,,,,,,,,,,,,,,,,,,,,,,,,,,,,,,,,,,,,,,,,,,,,,,,,,,,,,,,,,,,,,,,,,,,,,,,,,,,,,,,,,,,,,,,,,,,,,,,,,,,,,,,,,,,,,,,,,,,,,,,,,,,,,,,,,,,,,,,,,,,,,,,,,,,,,,,,,,,,,,,,,,,,,,,,,,,,,,,,,,,,,,,,,JO,JAO,CMK
0,1,yes,,4538,10.1186/1475-2875-7-231,Kristan,Variations in entomological indices in relation to weather patterns and malaria incidence in East African highlands: implications for epidemic prevention and control,Malar J,2008,yes,no,none,na,,,Uganda,Kebisoni Health Centre,-0.85,29.999,,,,,,,,,,,,,,,,no,no,point,*encarta,Rukungiri district,,,n.a.,,,,HRI ,,,,,,,,,,yes,no,no,6,6,2006,2006,,cross,1007/year,"Kakinga parish is characterized by a mild climate with two rainy seasons: March-April and September- November. Temperatures are highest in February and
between June and August.",,funestus,n.a.,,morph,genetic/molecular,mix,mix,,,,"Four types of houses were included in the samples: Type A (mud walls and metal roofs), Type B (mud walls and thatched roofs), Type C (a mixture of cement and mud walls and metal roofs), and Type D (wooden walls and metal roofs) ",Farmer (subsistence),,,,,,,,,,,,"All localities are rural and the livelihood of the populations is based largely on subsistence agriculture. In Bufundi, adult males also work as seasonal labourers in mechanized farms in other districts.",,,,,,,,,,,,,,,,,,,,,,,,,,,,,,,,,,,,,,,,,,,,,,,,,,,,,,,,,,,,,,,,,,,,,,,,,,,,,,,,,,,,,,,,,,,,,,,,,,,,,,,,,,,,,,,,,,,,,,,,,,,,,,,,,,,,,,,,,,,,,,,,,,,,,,,,,,,,,,,,,,,,,,,,,,,,,,,,,,,,,,,,,,,,,,,,,,,,,,,,,,,,JO,JAO,CMK
0,1,yes,,4538,10.1186/1475-2875-7-231,Kristan,Variations in entomological indices in relation to weather patterns and malaria incidence in East African highlands: implications for epidemic prevention and control,Malar J,2008,yes,no,none,na,,,Uganda,Kebisoni Health Centre,-0.85,29.999,,,,,,,,,,,,,,,,no,no,point,*encarta,Rukungiri district,,,n.a.,,,,HRI ,,,,,,,,,,yes,no,no,6,6,2006,2006,,cross,1007/year,"Kakinga parish is characterized by a mild climate with two rainy seasons: March-April and September- November. Temperatures are highest in February and
between June and August.",,leesoni,,,morph,genetic/molecular,mix,mix,,,,"Four types of houses were included in the samples: Type A (mud walls and metal roofs), Type B (mud walls and thatched roofs), Type C (a mixture of cement and mud walls and metal roofs), and Type D (wooden walls and metal roofs) ",Farmer (subsistence),,,,,,,,,,,,"All localities are rural and the livelihood of the populations is based largely on subsistence agriculture. In Bufundi, adult males also work as seasonal labourers in mechanized farms in other districts.",,,,,,,,,,,,,,,,,,,,,,,,,,,,,,,,,,,,,,,,,,,,,,,,,,,,,,,,,,,,,,,,,,,,,,,,,,,,,,,,,,,,,,,,,,,,,,,,,,,,,,,,,,,,,,,,,,,,,,,,,,,,,,,,,,,,,,,,,,,,,,,,,,,,,,,,,,,,,,,,,,,,,,,,,,,,,,,,,,,,,,,,,,,,,,,,,,,,,,,,,,,,JO,JAO,CMK
0,1,yes,,4538,10.1186/1475-2875-7-231,Kristan,Variations in entomological indices in relation to weather patterns and malaria incidence in East African highlands: implications for epidemic prevention and control,Malar J,2008,yes,no,none,na,,,Uganda,Kebisoni Health Centre,-0.85,29.999,,,,,,,,,,,,,,,,no,no,point,*encarta,Rukungiri district,,,n.a.,,,,HRI ,,,,,,,,,,yes,no,no,6,6,2006,2006,,cross,1007/year,"Kakinga parish is characterized by a mild climate with two rainy seasons: March-April and September- November. Temperatures are highest in February and
between June and August.",,parensis,,,morph,genetic/molecular,mix,mix,,,,"Four types of houses were included in the samples: Type A (mud walls and metal roofs), Type B (mud walls and thatched roofs), Type C (a mixture of cement and mud walls and metal roofs), and Type D (wooden walls and metal roofs) ",Farmer (subsistence),,,,,,,,,,,,"All localities are rural and the livelihood of the populations is based largely on subsistence agriculture. In Bufundi, adult males also work as seasonal labourers in mechanized farms in other districts.",,,,,,,,,,,,,,,,,,,,,,,,,,,,,,,,,,,,,,,,,,,,,,,,,,,,,,,,,,,,,,,,,,,,,,,,,,,,,,,,,,,,,,,,,,,,,,,,,,,,,,,,,,,,,,,,,,,,,,,,,,,,,,,,,,,,,,,,,,,,,,,,,,,,,,,,,,,,,,,,,,,,,,,,,,,,,,,,,,,,,,,,,,,,,,,,,,,,,,,,,,,,JO,JAO,CMK
0,1,yes,,4538,10.1186/1475-2875-7-231,Kristan,Variations in entomological indices in relation to weather patterns and malaria incidence in East African highlands: implications for epidemic prevention and control,Malar J,2008,yes,no,none,na,,,Uganda,Kebisoni Health Centre,-0.85,29.999,,,,,,,,,,,,,,,,no,no,point,*encarta,Rukungiri district,,,n.a.,,,,HRI ,,,,,,,,,,yes,no,no,6,6,2006,2006,,cross,1007/year,"Kakinga parish is characterized by a mild climate with two rainy seasons: March-April and September- November. Temperatures are highest in February and
between June and August.",,christyi,,,morph,genetic/molecular,mix,mix,,,,"Four types of houses were included in the samples: Type A (mud walls and metal roofs), Type B (mud walls and thatched roofs), Type C (a mixture of cement and mud walls and metal roofs), and Type D (wooden walls and metal roofs) ",Farmer (subsistence),,,,,,,,,,,,"All localities are rural and the livelihood of the populations is based largely on subsistence agriculture. In Bufundi, adult males also work as seasonal labourers in mechanized farms in other districts.",,,,,,,,,,,,,,,,,,,,,,,,,,,,,,,,,,,,,,,,,,,,,,,,,,,,,,,,,,,,,,,,,,,,,,,,,,,,,,,,,,,,,,,,,,,,,,,,,,,,,,,,,,,,,,,,,,,,,,,,,,,,,,,,,,,,,,,,,,,,,,,,,,,,,,,,,,,,,,,,,,,,,,,,,,,,,,,,,,,,,,,,,,,,,,,,,,,,,,,,,,,,JO,JAO,CMK
1,0,yes,,4538,10.1186/1475-2875-7-231,Kristan,Variations in entomological indices in relation to weather patterns and malaria incidence in East African highlands: implications for epidemic prevention and control,Malar J,2008,yes,no,none,na,,Ask if authors have SR data for other species and sites. Author confirmed that this is not available due to very low sample numbers.,Uganda,Bufundi,-1.284,29.866,,,,,,,,,,,,,,,,no,no,point,,,,"Located in Kishanje parish, Kabale District, 2291 m above sea level. Steep topography and most people live in valleys within approx 50-150 m below this. The highest and coolest of the four sites. Temperatures fairly constant throughout the year, slight peaks in February, August and September (min 12.8, max 21.4, mean 16.1 degC). Rain falls in all months except June and July with two peaks in April and September (annual rainfall 884 mm). Rural and population are largely subsistence farmers with adult males also working as seasonal labourers in other districts. Houses mud walled with metal or thatched roofs.",n.a.,,,"ITN rate low, IRS occassionally carried out, especially as a late response to an epidemic",,,,,,,,,,,yes,no,no,11,9,2002,2006,,cross,884/year,"Average temperatures are fairly constant throughout the year, with slight peaks occurring in February, August and September. Rain falls in all months except
June and July, with two peaks: the main one being in April and a second in September.",gambiae (S/M),,,,morph,genetic/molecular,mix,mix,,,,"Four types of houses were included in the samples: Type A (mud walls and metal roofs), Type B (mud walls and thatched roofs), Type C (a mixture of cement and mud walls and metal roofs), and Type D (wooden walls and metal roofs) ",Farmer (subsistence),Agriculture worker,,,,,,,,,,,"All localities are rural and the livelihood of the populations is based largely on subsistence agriculture. In Bufundi, adult males also work as seasonal labourers in mechanized farms in other districts.",,,,,,,,,,,,,,,,,,,,,,,,,,,,,,,,,,,,,,,,,,,,,,,,,,,,,,,,,,,,,,,,,,,,,,,,,,,,,,,,,,,,,,"Of ABI, 1/1 goat blood",,,,,,,,,,,,,,,,,,,,,,,,,,,,,,,,,,,,,,,,,,,,,,,,,,,,,,,,,,,,,,,,,,,,,,,,,,,,,,,,,,CMa,MS,,,,,,,,,,,,,,,,,,,,,,,,,,,,,,,,,,,JO,JAO,CMK
1,0,yes,,4538,10.1186/1475-2875-7-231,Kristan,Variations in entomological indices in relation to weather patterns and malaria incidence in East African highlands: implications for epidemic prevention and control,Malar J,2008,yes,no,none,na,,Ask if authors have SR data for other species and sites. Author confirmed that this is not available due to very low sample numbers.,Uganda,Kebisoni,-0.85,29.999,,,,,,,,,,,,,,,,no,no,point,,,,"Located in Kakinga parish, Rukungiri District, 1670 m above sea level. Mild climate with two rainy seasons, March - April and September - November (annual rainfall 1007 mm). Temperatures highest in February and June - August (min 15.5, max 26.4, mean 20.1 degC). Rural and population are largely subsistence farmers. Houses mud walled with metal or thatched roofs.",n.a.,,,"ITN rate low, IRS occassionally carried out, especially as a late response to an epidemic",,,,,,,,,,,yes,no,no,11,9,2002,2006,,cross,1007/year,"Kakinga parish is characterized by a mild climate with two rainy seasons: March-April and September- November. Temperatures are highest in February and
between June and August.",gambiae (S/M),,,,morph,genetic/molecular,mix,mix,,,,"Four types of houses were included in the samples: Type A (mud walls and metal roofs), Type B (mud walls and thatched roofs), Type C (a mixture of cement and mud walls and metal roofs), and Type D (wooden walls and metal roofs) ",Farmer (subsistence),,,,,,,,,,,,"All localities are rural and the livelihood of the populations is based largely on subsistence agriculture. In Bufundi, adult males also work as seasonal labourers in mechanized farms in other districts.",,,,,,,,,,,,,,,,,,,,,,,,,,,,,,,,,,,,,,,,,,,,,,,,,,,,,,,,,,,,,,,,,,,,,,,,,,,,,,,,,,,,,,"Of ABI, 2/25 cow blood, 1/25 goat blood and 22/25 unknown blood",,,,,,,,,,,,,,,,,,,,,,,,,,,,,,,,,,,,,,,,,,,,,,,,,,,,,,,,,,,,,,,,,,,,,,,,,,,,,,,,,,CMa,MS,,,,,,,,,,,,,,,,,,,,,,,,,,,,,,,,,,,JO,JAO,CMK
1,0,yes,,4538,10.1186/1475-2875-7-231,Kristan,Variations in entomological indices in relation to weather patterns and malaria incidence in East African highlands: implications for epidemic prevention and control,Malar J,2008,yes,no,none,na,,Ask if authors have SR data for other species and sites. Author confirmed that this is not available due to very low sample numbers.,Kenya,Sengera,-0.8667,34.7167,,,,,,,,,,,,,,,,no,no,point,,,,"Bosoti sub-location, Gucha District, 1816 m above sea level. Several local tea plantations consisting of small holdings owned by local farmers. Hottest months March and November (min 14.4, max 25.8, mean 18.9 degC), and two rainy seasons April - June and September - December (annual rainfall 1709 mm). Rural and population are largely subsistence farmers. Houses mud walled with metal or thatched roofs.",n.a.,,,"ITN rate low, IRS occassionally carried out, especially as a late response to an epidemic",,,,,,,,,,,yes,no,no,11,9,2002,2006,,cross,1709/year,"The hottest months are March and November, and the two rainy seasons are April-June and September-December.",gambiae (S/M),,,,morph,genetic/molecular,mix,mix,,,,"Four types of houses were included in the samples: Type A (mud walls and metal roofs), Type B (mud walls and thatched roofs), Type C (a mixture of cement and mud walls and metal roofs), and Type D (wooden walls and metal roofs) ",Farmer (subsistence),,,,,,,,,,,,"All localities are rural and the livelihood of the populations is based largely on subsistence agriculture. In Bufundi, adult males also work as seasonal labourers in mechanized farms in other districts.",,other,There are several local tea plantations consisting of small holdings owned by local farmers. ,,,,,,,,,,,,,,,,,,,,,,,,,,,,,,,,,,,,,,,,,,,,,,,,,,,,,,,,,,,,,,,,,,,,,,,,,,,,,,,,,,,"Of ABI, 1/7 goat blood and 6/7 unknown blood",,,,,,,,,,,,,,,,,,,,,,,,,,,,,,,,,,,,,,,,,,,,,,,,,,,,,,,,,,,,,,,,,,,,,,,,,,,,,,,,,,CMa,MS,,,,,,,,,,,,,,,,,,,,,,,,,,,,,,,,,,,JO,JAO,CMK
1,0,yes,,4538,10.1186/1475-2875-7-231,Kristan,Variations in entomological indices in relation to weather patterns and malaria incidence in East African highlands: implications for epidemic prevention and control,Malar J,2008,yes,no,none,na,,Ask if authors have SR data for other species and sites. Author confirmed that this is not available due to very low sample numbers.,Kenya,Kilibwoni,0.2167,35.2333,,,,,,,,,,,,,,,,no,no,point,,,,"Kilibwoni sub-location, North Nandi District, 2065m above sea level.Cool and wet climate suitable for growing tea. Peak temperatures in February and March (min 11.5, max 24.6, mean 17.0 degC), two rainy seasons in March - May and July - September (annual rainfall 1424 mm). Rural and population are largely subsistence farmers. Houses mud walled with metal or thatched roofs, cement walled with metal roofs or wooden walled with metal roofs.",n.a.,,,"ITN rate low, IRS occassionally carried out, especially as a late response to an epidemic",,,,,,,,,,,yes,no,no,11,9,2002,2006,,cross,1424/year,Peak temperatures occur during February and March. There are two rainy seasons: March-May and July-September.,gambiae (S/M),,,,morph,genetic/molecular,mix,mix,,,,"Four types of houses were included in the samples: Type A (mud walls and metal roofs), Type B (mud walls and thatched roofs), Type C (a mixture of cement and mud walls and metal roofs), and Type D (wooden walls and metal roofs) ",Farmer (subsistence),,,,,,,,,,,,"All localities are rural and the livelihood of the populations is based largely on subsistence agriculture. In Bufundi, adult males also work as seasonal labourers in mechanized farms in other districts.",,other,"The cool and wet climate is suitable for growing tea, which is a significant cash crop in the district.",,,,,,,,,,,,,,,,,,,,,,,,,,,,,,,,,,,,,,,,,,,,,,,,,,,,,,,,,,,,,,,,,,,,,,,,,,,,,,,,,,,"Of ABI, 3/5 goat blood and 2/5 unknown blood",,,,,,,,,,,,,,,,,,,,,,,,,,,,,,,,,,,,,,,,,,,,,,,,,,,,,,,,,,,,,,,,,,,,,,,,,,,,,,,,,,CMa,MS,,,,,,,,,,,,,,,,,,,,,,,,,,,,,,,,,,,JO,JAO,CMK
1,0,yes,,4538,10.1186/1475-2875-7-231,Kristan,Variations in entomological indices in relation to weather patterns and malaria incidence in East African highlands: implications for epidemic prevention and control,Malar J,2008,yes,no,none,na,,Ask if authors have SR data for other species and sites. Author confirmed that this is not available due to very low sample numbers.,Uganda,Kebisoni,-0.85,29.999,,,,,,,,,,,,,,,,no,no,point,,,,"Located in Kakinga parish, Rukungiri District, 1670 m above sea level. Mild climate with two rainy seasons, March - April and September - November (annual rainfall 1007 mm). Temperatures highest in February and June - August (min 15.5, max 26.4, mean 20.1 degC). Rural and population are largely subsistence farmers. Houses mud walled with metal or thatched roofs.",n.a.,,,"ITN rate low, IRS occassionally carried out, especially as a late response to an epidemic",,,,,,,,,,,yes,no,no,11,9,2002,2006,,cross,1007/year,"Kakinga parish is characterized by a mild climate with two rainy seasons: March-April and September- November. Temperatures are highest in February and
between June and August.",arabiensis,,,,morph,genetic/molecular,mix,mix,,,,"Four types of houses were included in the samples: Type A (mud walls and metal roofs), Type B (mud walls and thatched roofs), Type C (a mixture of cement and mud walls and metal roofs), and Type D (wooden walls and metal roofs) ",Farmer (subsistence),,,,,,,,,,,,"All localities are rural and the livelihood of the populations is based largely on subsistence agriculture. In Bufundi, adult males also work as seasonal labourers in mechanized farms in other districts.",,,,,,,,,,,,,,,,,,,,,,,,,,,,,,,,,,,,,,,,,,,,,,,,,,,,,,,,,,,,,,,,,,,,,,,,,,,,,,,,,,,,,,"Of ABI,  2/2 unknown blood",,,,,,,,,,,,,,,,,,,,,,,,,,,,,,,,,,,,,,,,,,,,,,,,,,,,,,,,,,,,,,,,,,,,,,,,,,,,,,,,,,CMa,MS,,,,,,,,,,,,,,,,,,,,,,,,,,,,,,,,,,,JO,JAO,CMK
1,0,yes,,4538,10.1186/1475-2875-7-231,Kristan,Variations in entomological indices in relation to weather patterns and malaria incidence in East African highlands: implications for epidemic prevention and control,Malar J,2008,yes,no,none,na,,Ask if authors have SR data for other species and sites. Author confirmed that this is not available due to very low sample numbers.,Kenya,Sengera,-0.8667,34.7167,,,,,,,,,,,,,,,,no,no,point,,,,"Bosoti sub-location, Gucha District, 1816 m above sea level. Several local tea plantations consisting of small holdings owned by local farmers. Hottest months March and November (min 14.4, max 25.8, mean 18.9 degC), and two rainy seasons April - June and September - December (annual rainfall 1709 mm). Rural and population are largely subsistence farmers. Houses mud walled with metal or thatched roofs.",n.a.,,,"ITN rate low, IRS occassionally carried out, especially as a late response to an epidemic",,,,,,,,,,,yes,no,no,11,9,2002,2006,,cross,1709/year,"The hottest months are March and November, and the two rainy seasons are April-June and September-December.",arabiensis,,,,morph,genetic/molecular,mix,mix,,,,"Four types of houses were included in the samples: Type A (mud walls and metal roofs), Type B (mud walls and thatched roofs), Type C (a mixture of cement and mud walls and metal roofs), and Type D (wooden walls and metal roofs) ",Farmer (subsistence),,,,,,,,,,,,"All localities are rural and the livelihood of the populations is based largely on subsistence agriculture. In Bufundi, adult males also work as seasonal labourers in mechanized farms in other districts.",,other,There are several local tea plantations consisting of small holdings owned by local farmers. ,,,,,,,,,,,,,,,,,,,,,,,,,,,,,,,,,,,,,,,,,,,,,,,,,,,,,,,,,,,,,,,,,,,,,,,,,,,,,,,,,,,"Of ABI, 1/1 unknown blood",,,,,,,,,,,,,,,,,,,,,,,,,,,,,,,,,,,,,,,,,,,,,,,,,,,,,,,,,,,,,,,,,,,,,,,,,,,,,,,,,,CMa,MS,,,,,,,,,,,,,,,,,,,,,,,,,,,,,,,,,,,JO,JAO,CMK
1,0,yes,,4538,10.1186/1475-2875-7-231,Kristan,Variations in entomological indices in relation to weather patterns and malaria incidence in East African highlands: implications for epidemic prevention and control,Malar J,2008,yes,no,none,na,,Ask if authors have SR data for other species and sites. Author confirmed that this is not available due to very low sample numbers.,Kenya,Kilibwoni,0.2167,35.2333,,,,,,,,,,,,,,,,no,no,point,,,,"Kilibwoni sub-location, North Nandi District, 2065m above sea level.Cool and wet climate suitable for growing tea. Peak temperatures in February and March (min 11.5, max 24.6, mean 17.0 degC), two rainy seasons in March - May and July - September (annual rainfall 1424 mm). Rural and population are largely subsistence farmers. Houses mud walled with metal or thatched roofs, cement walled with metal roofs or wooden walled with metal roofs.",n.a.,,,"ITN rate low, IRS occassionally carried out, especially as a late response to an epidemic",,,,,,,,,,,yes,no,no,11,9,2002,2006,,cross,1424/year,Peak temperatures occur during February and March. There are two rainy seasons: March-May and July-September.,arabiensis,,,,morph,genetic/molecular,mix,mix,,,,"Four types of houses were included in the samples: Type A (mud walls and metal roofs), Type B (mud walls and thatched roofs), Type C (a mixture of cement and mud walls and metal roofs), and Type D (wooden walls and metal roofs) ",Farmer (subsistence),,,,,,,,,,,,"All localities are rural and the livelihood of the populations is based largely on subsistence agriculture. In Bufundi, adult males also work as seasonal labourers in mechanized farms in other districts.",,other,"The cool and wet climate is suitable for growing tea, which is a significant cash crop in the district.",,,,,,,,,,,,,,,,,,,,,,,,,,,,,,,,,,,,,,,,,,,,,,,,,,,,,,,,,,,,,,,,,,,,,,,,,,,,,,,,,,,"Of ABI, 9/15 cow blood, 4/15 goat blood and 2/15 unknown blood",,,,,,,,,,,,,,,,,,,,,,,,,,,,,,,,,,,,,,,,,,,,,,,,,,,,,,,,,,,,,,,,,,,,,,,,,,,,,,,,,,CMa,MS,,,,,,,,,,,,,,,,,,,,,,,,,,,,,,,,,,,JO,JAO,CMK
1,0,yes,,4538,10.1186/1475-2875-7-231,Kristan,Variations in entomological indices in relation to weather patterns and malaria incidence in East African highlands: implications for epidemic prevention and control,Malar J,2008,yes,no,none,na,,Ask if authors have SR data for other species and sites. Author confirmed that this is not available due to very low sample numbers.,Uganda,Kebisoni,-0.85,29.999,,,,,,,,,,,,,,,,no,no,point,,,,"Located in Kakinga parish, Rukungiri District, 1670 m above sea level. Mild climate with two rainy seasons, March - April and September - November (annual rainfall 1007 mm). Temperatures highest in February and June - August (min 15.5, max 26.4, mean 20.1 degC). Rural and population are largely subsistence farmers. Houses mud walled with metal or thatched roofs.",n.a.,,,"ITN rate low, IRS occassionally carried out, especially as a late response to an epidemic",,,,,,,,,,,yes,no,no,11,9,2002,2006,,cross,1007/year,"Kakinga parish is characterized by a mild climate with two rainy seasons: March-April and September- November. Temperatures are highest in February and
between June and August.",funestus,,,,morph,genetic/molecular,mix,mix,,,,"Four types of houses were included in the samples: Type A (mud walls and metal roofs), Type B (mud walls and thatched roofs), Type C (a mixture of cement and mud walls and metal roofs), and Type D (wooden walls and metal roofs) ",Farmer (subsistence),,,,,,,,,,,,"All localities are rural and the livelihood of the populations is based largely on subsistence agriculture. In Bufundi, adult males also work as seasonal labourers in mechanized farms in other districts.",,,,,,,,,,,,,,,,,,,,,,,,,,,,,,,,,,,,,,,,,,,,,,,,,,,,,,,,,,,,,,,,,,,,,,,,,,,,,,,,,,,,,,"Of ABI, 4/4 unknown blood",,,,,,,,,,,,,,,,,,,,,,,,,,,,,,,,,,,,,,,,,,,,,,,,,,,,,,,,,,,,,,,,,,,,,,,,,,,,,,,,,,CMa,MS,,,,,,,,,,,,,,,,,,,,,,,,,,,,,,,,,,,JO,JAO,CMK
1,0,yes,,4538,10.1186/1475-2875-7-231,Kristan,Variations in entomological indices in relation to weather patterns and malaria incidence in East African highlands: implications for epidemic prevention and control,Malar J,2008,yes,no,none,na,,Ask if authors have SR data for other species and sites. Author confirmed that this is not available due to very low sample numbers.,Kenya,Sengera,-0.8667,34.7167,,,,,,,,,,,,,,,,no,no,point,,,,"Bosoti sub-location, Gucha District, 1816 m above sea level. Several local tea plantations consisting of small holdings owned by local farmers. Hottest months March and November (min 14.4, max 25.8, mean 18.9 degC), and two rainy seasons April - June and September - December (annual rainfall 1709 mm). Rural and population are largely subsistence farmers. Houses mud walled with metal or thatched roofs.",n.a.,,,"ITN rate low, IRS occassionally carried out, especially as a late response to an epidemic",,,,,,,,,,,yes,no,no,11,9,2002,2006,,cross,1709/year,"The hottest months are March and November, and the two rainy seasons are April-June and September-December.",funestus,,,,morph,genetic/molecular,mix,mix,,,,"Four types of houses were included in the samples: Type A (mud walls and metal roofs), Type B (mud walls and thatched roofs), Type C (a mixture of cement and mud walls and metal roofs), and Type D (wooden walls and metal roofs) ",Farmer (subsistence),,,,,,,,,,,,"All localities are rural and the livelihood of the populations is based largely on subsistence agriculture. In Bufundi, adult males also work as seasonal labourers in mechanized farms in other districts.",,other,There are several local tea plantations consisting of small holdings owned by local farmers. ,,,,,,,,,,,,,,,,,,,,,,,,,,,,,,,,,,,,,,,,,,,,,,,,,,,,,,,,,,,,,,,,,,,,,,,,,,,,,,,,,,,,,,,,,,,,,,,,,,,,,,,,,,,,,,,,,,,,,,,,,,,,,,,,,,,,,,,,,,,,,,,,,,,,,,,,,,,,,,,,,,,,,CMa,MS,,,,,,,,,,,,,,,,,,,,,,,,,,,,,,,,,,,JO,JAO,CMK
1,0,yes,,4538,10.1186/1475-2875-7-231,Kristan,Variations in entomological indices in relation to weather patterns and malaria incidence in East African highlands: implications for epidemic prevention and control,Malar J,2008,yes,no,none,na,,Ask if authors have SR data for other species and sites. Author confirmed that this is not available due to very low sample numbers.,Kenya,Kilibwoni,0.2167,35.2333,,,,,,,,,,,,,,,,no,no,point,,,,"Kilibwoni sub-location, North Nandi District, 2065m above sea level.Cool and wet climate suitable for growing tea. Peak temperatures in February and March (min 11.5, max 24.6, mean 17.0 degC), two rainy seasons in March - May and July - September (annual rainfall 1424 mm). Rural and population are largely subsistence farmers. Houses mud walled with metal or thatched roofs, cement walled with metal roofs or wooden walled with metal roofs.",n.a.,,,"ITN rate low, IRS occassionally carried out, especially as a late response to an epidemic",,,,,,,,,,,yes,no,no,11,9,2002,2006,,cross,1424/year,Peak temperatures occur during February and March. There are two rainy seasons: March-May and July-September.,funestus,,,,morph,genetic/molecular,mix,mix,,,,"Four types of houses were included in the samples: Type A (mud walls and metal roofs), Type B (mud walls and thatched roofs), Type C (a mixture of cement and mud walls and metal roofs), and Type D (wooden walls and metal roofs) ",Farmer (subsistence),,,,,,,,,,,,"All localities are rural and the livelihood of the populations is based largely on subsistence agriculture. In Bufundi, adult males also work as seasonal labourers in mechanized farms in other districts.",,other,"The cool and wet climate is suitable for growing tea, which is a significant cash crop in the district.",,,,,,,,,,,,,,,,,,,,,,,,,,,,,,,,,,,,,,,,,,,,,,,,,,,,,,,,,,,,,,,,,,,,,,,,,,,,,,,,,,,"Of ABI, 1/1 unknown blood",,,,,,,,,,,,,,,,,,,,,,,,,,,,,,,,,,,,,,,,,,,,,,,,,,,,,,,,,,,,,,,,,,,,,,,,,,,,,,,,,,CMa,MS,,,,,,,,,,,,,,,,,,,,,,,,,,,,,,,,,,,JO,JAO,CMK
0,1,yes,,4538,10.1186/1475-2875-7-231,Kristan,Variations in entomological indices in relation to weather patterns and malaria incidence in East African highlands: implications for epidemic prevention and control,Malar J,2008,yes,no,none,na,,Ask if authors have SR data for other species and sites. Author confirmed that this is not available due to very low sample numbers.,Kenya,Kilibwoni,0.2167,35.2333,,,,,,,,,,,,,,,,no,no,point,,,,"Kilibwoni sub-location, North Nandi District, 2065m above sea level.Cool and wet climate suitable for growing tea. Peak temperatures in February and March (min 11.5, max 24.6, mean 17.0 degC), two rainy seasons in March - May and July - September (annual rainfall 1424 mm). Rural and population are largely subsistence farmers. Houses mud walled with metal or thatched roofs, cement walled with metal roofs or wooden walled with metal roofs.",n.a.,,,"ITN rate low, IRS occassionally carried out, especially as a late response to an epidemic",HRI ,,,,,,,,,,yes,no,no,9,4,2005,2006,,cross,1424/year,Peak temperatures occur during February and March. There are two rainy seasons: March-May and July-September.,,GAMBIAE COMPLEX,gambiae s.s.,,morph,genetic/molecular,mix,mix,,,,"Four types of houses were included in the samples: Type A (mud walls and metal roofs), Type B (mud walls and thatched roofs), Type C (a mixture of cement and mud walls and metal roofs), and Type D (wooden walls and metal roofs) ",Farmer (subsistence),,,,,,,,,,,,"All localities are rural and the livelihood of the populations is based largely on subsistence agriculture. In Bufundi, adult males also work as seasonal labourers in mechanized farms in other districts.",,other,"The cool and wet climate is suitable for growing tea, which is a significant cash crop in the district.",,,,,,,,,,,,,,,,,,,,,,,,,,,,,,,,,,,,,,,,,,,,,,,,,,,,,,,,,,,,,,,,,,,,,,,,,,,,,,,,,,,,,,,,,,,,,,,,,,,,,,,,,,,,,,,,,,,,,,,,,,,,,,,,,,,,,,,,,,,,,,,,,,,,,,,,,,,,,,,,,,,,,,,,,,,,,,,,,,,,,,,,,,,,,,,,,,,,,,,,,JO,JAO,CMK
0,1,yes,"Cyfluthrin- impregnated bednets. An. culicifacies (89%) was the most abundant anopheline collected in the trail area. Also collected was An. dthali. (pre-intervention stage, paper states that all prior contol measures in area had been stopped since august 1994 (EH))",4541,,Zaim,,,1998,yes,,,,,,Iran,10 villages under trial in Ghassreghand area,,,,,,,,,,,,,,,,,,,,small polygon,,Sistan va Baluchestan (Baluchistan),Not Specified,"Not Listed- The 10 villages have not been specified, so can't get there coords. Coords for Ghassreghand not found either. (Ghasreghand, from map in pdf 2079, is at roughly 26.296, 60.689, but due to the paucity of information on the map, and the lack of any indication where the various villages are, this would be a bad guess. As we don't know how far apart the villages are, have had to put area type as small polygon (EH))",no,,,,HRI ,,RO (ani-shelter),,,,,,,,,,,3,3,1995,1995,,,,,,culicifacies,n.a.,,,,,,,,,,,,,,,,,,,,,,,,,,,,,,,,,,,,,,,,,,,,,,,,,,,,,,,,,,,,,,,,,,,,,,,,,,,,,,,,,,,,,,,,,,,,,,,,,,,,,,,,,,,,,,,,,,,,,,,,,,,,,,,,,,,,,,,,,,,,,,,,,,,,,,,,,,,,,,,,,,,,,,,,,,,,,,,,,,,,,,,,,,,,,,,,,,,,,,,,,,,,,,,,,,,,,,,,,,,,,,,,,,,,
0,1,yes,"Cyfluthrin- impregnated bednets. An. culicifacies (89%) was the most abundant anopheline collected in the trail area. Also collected was An. dthali. (pre-intervention stage, paper states that all prior contol measures in area had been stopped since august 1994 (EH))",4541,,Zaim,,,1998,yes,,,,,,Iran,10 villages under trial in Ghassreghand area,,,,,,,,,,,,,,,,,,,,,,,,,no,,,,HRI ,,RO (ani-shelter),,,,,,,,,,,4,4,1995,1995,,,,,,culicifacies,n.a.,,,,,,,,,,,,,,,,,,,,,,,,,,,,,,,,,,,,,,,,,,,,,,,,,,,,,,,,,,,,,,,,,,,,,,,,,,,,,,,,,,,,,,,,,,,,,,,,,,,,,,,,,,,,,,,,,,,,,,,,,,,,,,,,,,,,,,,,,,,,,,,,,,,,,,,,,,,,,,,,,,,,,,,,,,,,,,,,,,,,,,,,,,,,,,,,,,,,,,,,,,,,,,,,,,,,,,,,,,,,,,,,,,,,
0,1,yes,Cyfluthrin- impregnated bednets. An. culicifacies (89%) was the most abundant anopheline collected in the trail area. Also collected was An. dthali.,4541,,Zaim,,,1998,yes,,,,,,Iran,10 villages under trial in Ghassreghand area,,,,,,,,,,,,,,,,,,,,,,,,,yes,ITN,,,HRI ,,RO (ani-shelter),,,,,,,,,,,5,5,1995,1995,,,,,,culicifacies,n.a.,,,,,,,,,,,,,,,,,,,,,,,,,,,,,,,,,,,,,,,,,,,,,,,,,,,,,,,,,,,,,,,,,,,,,,,,,,,,,,,,,,,,,,,,,,,,,,,,,,,,,,,,,,,,,,,,,,,,,,,,,,,,,,,,,,,,,,,,,,,,,,,,,,,,,,,,,,,,,,,,,,,,,,,,,,,,,,,,,,,,,,,,,,,,,,,,,,,,,,,,,,,,,,,,,,,,,,,,,,,,,,,,,,,,
0,1,yes,Cyfluthrin- impregnated bednets. An. culicifacies (89%) was the most abundant anopheline collected in the trail area. Also collected was An. dthali.,4541,,Zaim,,,1998,yes,,,,,,Iran,10 villages under trial in Ghassreghand area,,,,,,,,,,,,,,,,,,,,,,,,,yes,ITN,,,HRI ,,RO (ani-shelter),,,,,,,,,,,6,6,1995,1995,,,,,,culicifacies,n.a.,,,,,,,,,,,,,,,,,,,,,,,,,,,,,,,,,,,,,,,,,,,,,,,,,,,,,,,,,,,,,,,,,,,,,,,,,,,,,,,,,,,,,,,,,,,,,,,,,,,,,,,,,,,,,,,,,,,,,,,,,,,,,,,,,,,,,,,,,,,,,,,,,,,,,,,,,,,,,,,,,,,,,,,,,,,,,,,,,,,,,,,,,,,,,,,,,,,,,,,,,,,,,,,,,,,,,,,,,,,,,,,,,,,,
0,1,yes,Cyfluthrin- impregnated bednets. An. culicifacies (89%) was the most abundant anopheline collected in the trail area. Also collected was An. dthali.,4541,,Zaim,,,1998,yes,,,,,,Iran,10 villages under trial in Ghassreghand area,,,,,,,,,,,,,,,,,,,,,,,,,yes,ITN,,,HRI ,,RO (ani-shelter),,,,,,,,,,,7,7,1995,1995,,,,,,culicifacies,n.a.,,,,,,,,,,,,,,,,,,,,,,,,,,,,,,,,,,,,,,,,,,,,,,,,,,,,,,,,,,,,,,,,,,,,,,,,,,,,,,,,,,,,,,,,,,,,,,,,,,,,,,,,,,,,,,,,,,,,,,,,,,,,,,,,,,,,,,,,,,,,,,,,,,,,,,,,,,,,,,,,,,,,,,,,,,,,,,,,,,,,,,,,,,,,,,,,,,,,,,,,,,,,,,,,,,,,,,,,,,,,,,,,,,,,
0,1,yes,Cyfluthrin- impregnated bednets. An. culicifacies (89%) was the most abundant anopheline collected in the trail area. Also collected was An. dthali.,4541,,Zaim,,,1998,yes,,,,,,Iran,10 villages under trial in Ghassreghand area,,,,,,,,,,,,,,,,,,,,,,,,,yes,ITN,,,HRI ,,RO (ani-shelter),,,,,,,,,,,8,8,1995,1995,,,,,,culicifacies,n.a.,,,,,,,,,,,,,,,,,,,,,,,,,,,,,,,,,,,,,,,,,,,,,,,,,,,,,,,,,,,,,,,,,,,,,,,,,,,,,,,,,,,,,,,,,,,,,,,,,,,,,,,,,,,,,,,,,,,,,,,,,,,,,,,,,,,,,,,,,,,,,,,,,,,,,,,,,,,,,,,,,,,,,,,,,,,,,,,,,,,,,,,,,,,,,,,,,,,,,,,,,,,,,,,,,,,,,,,,,,,,,,,,,,,,
0,1,yes,Cyfluthrin- impregnated bednets. An. culicifacies (89%) was the most abundant anopheline collected in the trail area. Also collected was An. dthali.,4541,,Zaim,,,1998,yes,,,,,,Iran,10 villages under trial in Ghassreghand area,,,,,,,,,,,,,,,,,,,,,,,,,yes,ITN,,,HRI ,,RO (ani-shelter),,,,,,,,,,,9,9,1995,1995,,,,,,culicifacies,n.a.,,,,,,,,,,,,,,,,,,,,,,,,,,,,,,,,,,,,,,,,,,,,,,,,,,,,,,,,,,,,,,,,,,,,,,,,,,,,,,,,,,,,,,,,,,,,,,,,,,,,,,,,,,,,,,,,,,,,,,,,,,,,,,,,,,,,,,,,,,,,,,,,,,,,,,,,,,,,,,,,,,,,,,,,,,,,,,,,,,,,,,,,,,,,,,,,,,,,,,,,,,,,,,,,,,,,,,,,,,,,,,,,,,,,
0,1,yes,Cyfluthrin- impregnated bednets. An. culicifacies (89%) was the most abundant anopheline collected in the trail area. Also collected was An. dthali.,4541,,Zaim,,,1998,yes,,,,,,Iran,10 villages under trial in Ghassreghand area,,,,,,,,,,,,,,,,,,,,,,,,,yes,ITN,,,HRI ,,RO (ani-shelter),,,,,,,,,,,10,10,1995,1995,,,,,,culicifacies,n.a.,,,,,,,,,,,,,,,,,,,,,,,,,,,,,,,,,,,,,,,,,,,,,,,,,,,,,,,,,,,,,,,,,,,,,,,,,,,,,,,,,,,,,,,,,,,,,,,,,,,,,,,,,,,,,,,,,,,,,,,,,,,,,,,,,,,,,,,,,,,,,,,,,,,,,,,,,,,,,,,,,,,,,,,,,,,,,,,,,,,,,,,,,,,,,,,,,,,,,,,,,,,,,,,,,,,,,,,,,,,,,,,,,,,,
0,1,yes,Cyfluthrin- impregnated bednets. An. culicifacies (89%) was the most abundant anopheline collected in the trail area. Also collected was An. dthali.,4541,,Zaim,,,1998,yes,,,,,,Iran,10 villages under trial in Ghassreghand area,,,,,,,,,,,,,,,,,,,,,,,,,yes,ITN,,,HRI ,,RO (ani-shelter),,,,,,,,,,,11,11,1995,1995,,,,,,culicifacies,n.a.,,,,,,,,,,,,,,,,,,,,,,,,,,,,,,,,,,,,,,,,,,,,,,,,,,,,,,,,,,,,,,,,,,,,,,,,,,,,,,,,,,,,,,,,,,,,,,,,,,,,,,,,,,,,,,,,,,,,,,,,,,,,,,,,,,,,,,,,,,,,,,,,,,,,,,,,,,,,,,,,,,,,,,,,,,,,,,,,,,,,,,,,,,,,,,,,,,,,,,,,,,,,,,,,,,,,,,,,,,,,,,,,,,,,
0,1,yes,"Cyfluthrin- impregnated bednets. An. culicifacies (89%) was the most abundant anopheline collected in the trail area. Also collected was An. dthali. (fluviatilis = 0.6% total catch, dthali = 2.7% total catch (EH))",4541,,Zaim,,,1998,yes,,,,,,Iran,10 villages under trial in Ghassreghand area,,,,,,,,,,,,,,,,,,,,,,,,,yes,ITN,,,HRI ,,RO (ani-shelter),,,,,,,,,,,3,11,1995,1995,,,,,,fluviatilis,n.a.,,,,,,,,,,,,,,,,,,,,,,,,,,,,,,,,,,,,,,,,,,,,,,,,,,,,,,,,,,,,,,,,,,,,,,,,,,,,,,,,,,,,,,,,,,,,,,,,,,,,,,,,,,,,,,,,,,,,,,,,,,,,,,,,,,,,,,,,,,,,,,,,,,,,,,,,,,,,,,,,,,,,,,,,,,,,,,,,,,,,,,,,,,,,,,,,,,,,,,,,,,,,,,,,,,,,,,,,,,,,,,,,,,,,
0,1,yes,Cyfluthrin- impregnated bednets. An. culicifacies (89%) was the most abundant anopheline collected in the trail area. Also collected was An. dthali. (pulcherrimus = 4.4% of total catch (EH)),4541,,Zaim,,,1998,yes,,,,,,Iran,10 villages under trial in Ghassreghand area,,,,,,,,,,,,,,,,,,,,,,,,,yes,ITN,,,HRI ,,RO (ani-shelter),,,,,,,,,,,3,11,1995,1995,,,,,,pulcherrimus,n.a.,,,,,,,,,,,,,,,,,,,,,,,,,,,,,,,,,,,,,,,,,,,,,,,,,,,,,,,,,,,,,,,,,,,,,,,,,,,,,,,,,,,,,,,,,,,,,,,,,,,,,,,,,,,,,,,,,,,,,,,,,,,,,,,,,,,,,,,,,,,,,,,,,,,,,,,,,,,,,,,,,,,,,,,,,,,,,,,,,,,,,,,,,,,,,,,,,,,,,,,,,,,,,,,,,,,,,,,,,,,,,,,,,,,,
0,1,yes,Cyfluthrin- impregnated bednets. An. culicifacies (89%) was the most abundant anopheline collected in the trail area. Also collected was An. dthali. (stephensi = 2.7% of total catch (EH)),4541,,Zaim,,,1998,yes,,,,,,Iran,10 villages under trial in Ghassreghand area,,,,,,,,,,,,,,,,,,,,,,,,,yes,ITN,,,HRI ,,RO (ani-shelter),,,,,,,,,,,3,11,1995,1995,,,,,,stephensi,n.a.,,,,,,,,,,,,,,,,,,,,,,,,,,,,,,,,,,,,,,,,,,,,,,,,,,,,,,,,,,,,,,,,,,,,,,,,,,,,,,,,,,,,,,,,,,,,,,,,,,,,,,,,,,,,,,,,,,,,,,,,,,,,,,,,,,,,,,,,,,,,,,,,,,,,,,,,,,,,,,,,,,,,,,,,,,,,,,,,,,,,,,,,,,,,,,,,,,,,,,,,,,,,,,,,,,,,,,,,,,,,,,,,,,,,
0,1,yes,"Cyfluthrin- impregnated bednets. An. culicifacies (89%) was the most abundant anopheline collected in the trail area. Also collected was An. dthali. (superpictus = 0.1% of total catch. 0.8% of total catch listed as ""other"" species (EH))",4541,,Zaim,,,1998,yes,,,,,,Iran,10 villages under trial in Ghassreghand area,,,,,,,,,,,,,,,,,,,,,,,,,yes,ITN,,,HRI ,,RO (ani-shelter),,,,,,,,,,,3,11,1995,1995,,,,,,superpictus,n.a.,,,,,,,,,,,,,,,,,,,,,,,,,,,,,,,,,,,,,,,,,,,,,,,,,,,,,,,,,,,,,,,,,,,,,,,,,,,,,,,,,,,,,,,,,,,,,,,,,,,,,,,,,,,,,,,,,,,,,,,,,,,,,,,,,,,,,,,,,,,,,,,,,,,,,,,,,,,,,,,,,,,,,,,,,,,,,,,,,,,,,,,,,,,,,,,,,,,,,,,,,,,,,,,,,,,,,,,,,,,,,,,,,,,,
0,1,yes,An. stephensi (90.5%) was the most abundant anopheline collected in this control village. Also collected was An. dthali. (culicifacies = 7.7% of total catch. In Zeineddini no vector control operations had been in place for about 5 years (EH)),4541,,Zaim,,,1998,yes,,,,,,Iran,Village of Zeineddini (Control village) in Ghassrehand area,26.6708,60.7417,,,,,,,,,,,,,,,,no,no,point,other,Sistan va Baluchestan (Baluchistan),Not Specified,"Not Listed- coords not found in all geo-ref sources. (Zeyn od Din found in encarta (26.183, 60.766) near site of Ghasreghand from pdf 2079, but name is probably too different from that in the paper to be able to use. However, did find coords for Zeineddini in pdf 2081, which are in Ghassreghan, so have used them (EH))",no,,,,HRI ,,RO (ani-shelter),,,,,,,,,,,3,11,1995,1995,,,,,,culicifacies,n.a.,,,,,,,,,,,,,,,,,,,,,,,,,,,,,,,,,,,,,,,,,,,,,,,,,,,,,,,,,,,,,,,,,,,,,,,,,,,,,,,,,,,,,,,,,,,,,,,,,,,,,,,,,,,,,,,,,,,,,,,,,,,,,,,,,,,,,,,,,,,,,,,,,,,,,,,,,,,,,,,,,,,,,,,,,,,,,,,,,,,,,,,,,,,,,,,,,,,,,,,,,,,,,,,,,,,,,,,,,,,,,,,,,,,,
0,1,yes,An. stephensi (90.5%) was the most abundant anopheline collected in this control village. Also collected was An. dthali. (pulcherrimus = 1.1% of total catch (EH)),4541,,Zaim,,,1998,yes,,,,,,Iran,Village of Zeineddini (Control village) in Ghassrehand area,26.6708,60.7417,,,,,,,,,,,,,,,,,,,,,,,no,,,,HRI ,,RO (ani-shelter),,,,,,,,,,,3,11,1995,1995,,,,,,pulcherrimus,n.a.,,,,,,,,,,,,,,,,,,,,,,,,,,,,,,,,,,,,,,,,,,,,,,,,,,,,,,,,,,,,,,,,,,,,,,,,,,,,,,,,,,,,,,,,,,,,,,,,,,,,,,,,,,,,,,,,,,,,,,,,,,,,,,,,,,,,,,,,,,,,,,,,,,,,,,,,,,,,,,,,,,,,,,,,,,,,,,,,,,,,,,,,,,,,,,,,,,,,,,,,,,,,,,,,,,,,,,,,,,,,,,,,,,,,
0,1,yes,"An. stephensi (90.5%) was the most abundant anopheline collected in this control village. Also collected was An. dthali. (dthali = 0.6% of total catch. 0.1% of total catch is listed as ""others"" (EH))",4541,,Zaim,,,1998,yes,,,,,,Iran,Village of Zeineddini (Control village) in Ghassrehand area,26.6708,60.7417,,,,,,,,,,,,,,,,,,,,,,,no,,,,HRI ,,RO (ani-shelter),,,,,,,,,,,3,11,1995,1995,,,,,,stephensi,n.a.,,,,,,,,,,,,,,,,,,,,,,,,,,,,,,,,,,,,,,,,,,,,,,,,,,,,,,,,,,,,,,,,,,,,,,,,,,,,,,,,,,,,,,,,,,,,,,,,,,,,,,,,,,,,,,,,,,,,,,,,,,,,,,,,,,,,,,,,,,,,,,,,,,,,,,,,,,,,,,,,,,,,,,,,,,,,,,,,,,,,,,,,,,,,,,,,,,,,,,,,,,,,,,,,,,,,,,,,,,,,,,,,,,,,
0,1,yes,"An. culicifacies (92.2%), again was the most abundant anopheline species colleced in this two other control villages. Also collected was An. dthali. (dthali = 4% of total catch (EH))",4541,,Zaim,,,1998,yes,,,,,,Iran,2 Other Control villages in Ghassreghand area,,,,,,,,,,,,,,,,,,,,small polygon,,Sistan va Baluchestan (Baluchistan),Not Specified,"Not Listed- Unamed control villages within Ghassreghad area. Coords can't be found. (As don't know how far apart villages are, have had to put as small polygon (EH))",no,,,,HRI ,,RO (ani-shelter),,,,,,,,,,,3,11,1995,1995,,,,,,culicifacies,n.a.,,,,,,,,,,,,,,,,,,,,,,,,,,,,,,,,,,,,,,,,,,,,,,,,,,,,,,,,,,,,,,,,,,,,,,,,,,,,,,,,,,,,,,,,,,,,,,,,,,,,,,,,,,,,,,,,,,,,,,,,,,,,,,,,,,,,,,,,,,,,,,,,,,,,,,,,,,,,,,,,,,,,,,,,,,,,,,,,,,,,,,,,,,,,,,,,,,,,,,,,,,,,,,,,,,,,,,,,,,,,,,,,,,,,
0,1,yes,"An. culicifacies (92.2%), again was the most abundant anopheline species colleced in this two other control villages. Also collected was An. dthali. (pulcherrimus = 3.2% of total catch (EH))",4541,,Zaim,,,1998,yes,,,,,,Iran,2 Other Control villages in Ghassreghand area,,,,,,,,,,,,,,,,,,,,,,,,,no,,,,HRI ,,RO (ani-shelter),,,,,,,,,,,3,11,1995,1995,,,,,,pulcherrimus,n.a.,,,,,,,,,,,,,,,,,,,,,,,,,,,,,,,,,,,,,,,,,,,,,,,,,,,,,,,,,,,,,,,,,,,,,,,,,,,,,,,,,,,,,,,,,,,,,,,,,,,,,,,,,,,,,,,,,,,,,,,,,,,,,,,,,,,,,,,,,,,,,,,,,,,,,,,,,,,,,,,,,,,,,,,,,,,,,,,,,,,,,,,,,,,,,,,,,,,,,,,,,,,,,,,,,,,,,,,,,,,,,,,,,,,,
0,1,yes,"An. culicifacies (92.2%), again was the most abundant anopheline species colleced in this two other control villages. Also collected was An. dthali. (stephensi = 0.5% of total catch, 0.1% of total catch is listed as ""others"" (EH))",4541,,Zaim,,,1998,yes,,,,,,Iran,2 Other Control villages in Ghassreghand area,,,,,,,,,,,,,,,,,,,,,,,,,no,,,,HRI ,,RO (ani-shelter),,,,,,,,,,,3,11,1995,1995,,,,,,stephensi,n.a.,,,,,,,,,,,,,,,,,,,,,,,,,,,,,,,,,,,,,,,,,,,,,,,,,,,,,,,,,,,,,,,,,,,,,,,,,,,,,,,,,,,,,,,,,,,,,,,,,,,,,,,,,,,,,,,,,,,,,,,,,,,,,,,,,,,,,,,,,,,,,,,,,,,,,,,,,,,,,,,,,,,,,,,,,,,,,,,,,,,,,,,,,,,,,,,,,,,,,,,,,,,,,,,,,,,,,,,,,,,,,,,,,,,,
0,1,yes,"(the majority of catches were HRI, but they are not located to sites, so have been unable to put down (EH))",4542,10.1186/1471-2148-8-309,Pombi,Chromosomal plasticity and evolutionary potential in the malaria vector Anopheles gambiae sensu stricto: insights from three decades of rare paracentric inversions,BMC Evolutionary Biology,2008,yes,no,none,,,,Gambia,Mandina Ba,13.283,-16.584,,,,,,,,,,,,,,,,no,no,point,*encarta,Not Specified,Not Specified,"Not Listed- Found in encarta, paper coords are (13.5333, -16.7333).",n.a.,,,,,,,,,,,,,,,,,,,1981,1981,,,,,,GAMBIAE COMPLEX,gambiae s.s.,,morph,cell/chromo,,,,,,,,,,,,,,,,,,,,,,,,,,,,,,,,,,,,,,,,,,,,,,,,,,,,,,,,,,,,,,,,,,,,,,,,,,,,,,,,,,,,,,,,,,,,,,,,,,,,,,,,,,,,,,,,,,,,,,,,,,,,,,,,,,,,,,,,,,,,,,,,,,,,,,,,,,,,,,,,,,,,,,,,,,,,,,,,,,,,,,,,,,,,,,,,,,,,,,,,,,,,,,,,,,,,,,,,,,,,,,,JO,JAO,CMK
0,1,yes,,4542,10.1186/1471-2148-8-309,Pombi,Chromosomal plasticity and evolutionary potential in the malaria vector Anopheles gambiae sensu stricto: insights from three decades of rare paracentric inversions,BMC Evolutionary Biology,2008,yes,no,none,,,,Gambia,Sare Samba sowe,13.583,-15.901,,,,,,,,,,,,,,,,no,no,point,*encarta,Not Specified,Not Specified,"Not Listed- site could not be found in all the geo-ref sources, so used paper coords which fall within the Gambian borders. Not much info to go by to investigate further. (paper coords fall insider Senegal; 13.6167, -16.05. Unable to locate Sare Samba Sowe, but coords are close to village of Ker Samba Sow, so have assumed is same place and used encarta coords for there (EH))",n.a.,,,,,,,,,,,,,,,,,,,2006,2006,,,,,,GAMBIAE COMPLEX,gambiae s.s.,,morph,cell/chromo,,,,,,,,,,,,,,,,,,,,,,,,,,,,,,,,,,,,,,,,,,,,,,,,,,,,,,,,,,,,,,,,,,,,,,,,,,,,,,,,,,,,,,,,,,,,,,,,,,,,,,,,,,,,,,,,,,,,,,,,,,,,,,,,,,,,,,,,,,,,,,,,,,,,,,,,,,,,,,,,,,,,,,,,,,,,,,,,,,,,,,,,,,,,,,,,,,,,,,,,,,,,,,,,,,,,,,,,,,,,,,,JO,JAO,CMK
0,1,yes,,4542,10.1186/1471-2148-8-309,Pombi,Chromosomal plasticity and evolutionary potential in the malaria vector Anopheles gambiae sensu stricto: insights from three decades of rare paracentric inversions,BMC Evolutionary Biology,2008,yes,no,none,,,,Senegal,Ker Madi,13.75,-15.401,,,,,,,,,,,,,,,,no,no,point,*encarta,Not Specified,Not Specified,"Not Listed- Paper coords (13.6333, -15.800) fall in southern senegal. There is a site Keri madi at the border of Senegal and Gambia at (13.751, -15.401), convinced that this is our site. (Paper states site is in the Gambia, and gives coords of 13.6333, -15.8. However, these coords fall in Senegal. There is a Ker Madi in Senegal, at 13.75, -15.401, and this has been used. GNS gives Ker Madi with the same coords as encarta, but states that it is in the Gambia. Have put as being in Senegal, because that's what it says in encarta (EH))",n.a.,,,,,,,,,,,,,,,,,,,1981,1981,,,,,,GAMBIAE COMPLEX,gambiae s.s.,,morph,cell/chromo,,,,,,,,,,,,,,,,,,,,,,,,,,,,,,,,,,,,,,,,,,,,,,,,,,,,,,,,,,,,,,,,,,,,,,,,,,,,,,,,,,,,,,,,,,,,,,,,,,,,,,,,,,,,,,,,,,,,,,,,,,,,,,,,,,,,,,,,,,,,,,,,,,,,,,,,,,,,,,,,,,,,,,,,,,,,,,,,,,,,,,,,,,,,,,,,,,,,,,,,,,,,,,,,,,,,,,,,,,,,,,,JO,JAO,CMK
0,1,yes,,4542,10.1186/1471-2148-8-309,Pombi,Chromosomal plasticity and evolutionary potential in the malaria vector Anopheles gambiae sensu stricto: insights from three decades of rare paracentric inversions,BMC Evolutionary Biology,2008,yes,no,none,,,,Gambia,Touba Tafsir,13.2833,-14.15,,,,,,,,,,,,,,,,no,no,point,webdb,Not Specified,Not Specified,"Not Listed- site could not be found in all the geo-ref sources, so used paper coords which fall within the Gambian borders. Not much info to go by to investigate further. (found as Tuba Tafsir in webdb (fallingrain), close to coords in paper (13.3667, -14.2) (EH))",n.a.,,,,,,,,,,,,,,,,,,,2005,2005,,,,,,GAMBIAE COMPLEX,gambiae s.s.,,morph,cell/chromo,,,,,,,,,,,,,,,,,,,,,,,,,,,,,,,,,,,,,,,,,,,,,,,,,,,,,,,,,,,,,,,,,,,,,,,,,,,,,,,,,,,,,,,,,,,,,,,,,,,,,,,,,,,,,,,,,,,,,,,,,,,,,,,,,,,,,,,,,,,,,,,,,,,,,,,,,,,,,,,,,,,,,,,,,,,,,,,,,,,,,,,,,,,,,,,,,,,,,,,,,,,,,,,,,,,,,,,,,,,,,,,JO,JAO,CMK
0,1,yes,,4542,10.1186/1471-2148-8-309,Pombi,Chromosomal plasticity and evolutionary potential in the malaria vector Anopheles gambiae sensu stricto: insights from three decades of rare paracentric inversions,BMC Evolutionary Biology,2008,yes,no,none,,,,Gambia,Limbambulu Yamadou,13.4167,-14.1333,,,,,,,,,,,,,,,,no,no,point,geoname,Not Specified,Not Specified,"Not Listed- Paper coords (13.6333, -14.1667) fall in southern senegal, and can't find site in all the geo-ref sources. There is a site Limbambulu at (13.433, -14.117) in encarta, could be our site. (Site at Limbambulu in encarta has same coords as site in GNS (13.433, 14.1333). Three Limbambulus are given in GNS, all with different alt. names. Site in Encarta has the alt name Dramane. Limbambulu / Yamadu = 13.4167, -14.1333 (site chosen here) and Limbambulu / Jaha is found at 13.4167, -14.1167 (EH))",n.a.,,,,,,,,,,,,,,,,,,,2006,2006,,,,,,GAMBIAE COMPLEX,gambiae s.s.,,morph,cell/chromo,,,,,,,,,,,,,,,,,,,,,,,,,,,,,,,,,,,,,,,,,,,,,,,,,,,,,,,,,,,,,,,,,,,,,,,,,,,,,,,,,,,,,,,,,,,,,,,,,,,,,,,,,,,,,,,,,,,,,,,,,,,,,,,,,,,,,,,,,,,,,,,,,,,,,,,,,,,,,,,,,,,,,,,,,,,,,,,,,,,,,,,,,,,,,,,,,,,,,,,,,,,,,,,,,,,,,,,,,,,,,,,JO,JAO,CMK
0,1,yes,,4542,10.1186/1471-2148-8-309,Pombi,Chromosomal plasticity and evolutionary potential in the malaria vector Anopheles gambiae sensu stricto: insights from three decades of rare paracentric inversions,BMC Evolutionary Biology,2008,yes,no,none,,,,Guinea-Bissau,Biquedje,11.867,-15.583,,,,,,,,,,,,,,,,no,no,point,paper/map,Not Specified,Not Specified,"Not Listed- Site not found in all the sources. Plotted paper coords in encarta, and they fall very close to Bissau city Site not found in all the sources. (coords fall on the town of Santa Luzia. Because of the large distance between some of the paper coords and the sites in encarta, e.g. Beli, I am not confident that coords from the paper (11.8667, -15.5833) fall within 5km of the actual site (EH))",n.a.,,,,,,,,,,,,,,,,,,,1992,1992,,,,,,GAMBIAE COMPLEX,gambiae s.s.,,morph,cell/chromo,,,,,,,,,,,,,,,,,,,,,,,,,,,,,,,,,,,,,,,,,,,,,,,,,,,,,,,,,,,,,,,,,,,,,,,,,,,,,,,,,,,,,,,,,,,,,,,,,,,,,,,,,,,,,,,,,,,,,,,,,,,,,,,,,,,,,,,,,,,,,,,,,,,,,,,,,,,,,,,,,,,,,,,,,,,,,,,,,,,,,,,,,,,,,,,,,,,,,,,,,,,,,,,,,,,,,,,,,,,,,,,JO,JAO,CMK
0,1,yes,,4542,10.1186/1471-2148-8-309,Pombi,Chromosomal plasticity and evolutionary potential in the malaria vector Anopheles gambiae sensu stricto: insights from three decades of rare paracentric inversions,BMC Evolutionary Biology,2008,yes,no,none,,,,Guinea-Bissau,Bissau,11.864,-15.599,,,,,,,,,,,,,,,,no,no,point,*encarta,Not Specified,Not Specified,"Not Listed- paper coords are (11.8667, -15.5833). (paper coords are the same as those gien for Biquedje (EH))",n.a.,,,,,,,,,,,,,,,,,,,1981,1981,,,,,,GAMBIAE COMPLEX,gambiae s.s.,,morph,cell/chromo,,,,,,,,,,,,,,,,,,,,,,,,,,,,,,,,,,,,,,,,,,,,,,,,,,,,,,,,,,,,,,,,,,,,,,,,,,,,,,,,,,,,,,,,,,,,,,,,,,,,,,,,,,,,,,,,,,,,,,,,,,,,,,,,,,,,,,,,,,,,,,,,,,,,,,,,,,,,,,,,,,,,,,,,,,,,,,,,,,,,,,,,,,,,,,,,,,,,,,,,,,,,,,,,,,,,,,,,,,,,,,,JO,JAO,CMK
0,1,yes,,4542,10.1186/1471-2148-8-309,Pombi,Chromosomal plasticity and evolutionary potential in the malaria vector Anopheles gambiae sensu stricto: insights from three decades of rare paracentric inversions,BMC Evolutionary Biology,2008,yes,no,none,,,,Guinea-Bissau,Beli,11.848,-13.927,,,,,,,,,,,,,,,,no,no,point,*encarta,Not Specified,Not Specified,"Not Listed- Paper coords are (12.1167, -14.1000). (paper coords >30km from site in encarta (EH))",n.a.,,,,,,,,,,,,,,,,,,,1992,1992,,,,,,GAMBIAE COMPLEX,gambiae s.s.,,morph,cell/chromo,,,,,,,,,,,,,,,,,,,,,,,,,,,,,,,,,,,,,,,,,,,,,,,,,,,,,,,,,,,,,,,,,,,,,,,,,,,,,,,,,,,,,,,,,,,,,,,,,,,,,,,,,,,,,,,,,,,,,,,,,,,,,,,,,,,,,,,,,,,,,,,,,,,,,,,,,,,,,,,,,,,,,,,,,,,,,,,,,,,,,,,,,,,,,,,,,,,,,,,,,,,,,,,,,,,,,,,,,,,,,,,JO,JAO,CMK
0,1,yes,,4542,10.1186/1471-2148-8-309,Pombi,Chromosomal plasticity and evolutionary potential in the malaria vector Anopheles gambiae sensu stricto: insights from three decades of rare paracentric inversions,BMC Evolutionary Biology,2008,yes,no,none,,,,Guinea-Bissau,Gabu,12.28,-14.234,,,,,,,,,,,,,,,,no,no,point,*encarta,Not Specified,Not Specified,"Not Listed- Paper coords are (12.1167, -14.1000). (same coords used for 4 sites (Beli, Gabu, Lugadjole, Pataqui), so have no confidence that they are within 5km of any of the correct sites. (EH))",n.a.,,,,,,,,,,,,,,,,,,,1982,1982,,,,,,GAMBIAE COMPLEX,gambiae s.s.,,morph,cell/chromo,,,,,,,,,,,,,,,,,,,,,,,,,,,,,,,,,,,,,,,,,,,,,,,,,,,,,,,,,,,,,,,,,,,,,,,,,,,,,,,,,,,,,,,,,,,,,,,,,,,,,,,,,,,,,,,,,,,,,,,,,,,,,,,,,,,,,,,,,,,,,,,,,,,,,,,,,,,,,,,,,,,,,,,,,,,,,,,,,,,,,,,,,,,,,,,,,,,,,,,,,,,,,,,,,,,,,,,,,,,,,,,JO,JAO,CMK
0,1,yes,,4542,10.1186/1471-2148-8-309,Pombi,Chromosomal plasticity and evolutionary potential in the malaria vector Anopheles gambiae sensu stricto: insights from three decades of rare paracentric inversions,BMC Evolutionary Biology,2008,yes,no,none,,,,Guinea-Bissau,Lugadjole,11.8,-13.85,,,,,,,,,,,,,,,,no,no,point,*encarta,Not Specified,Not Specified,"Not Listed- Paper coords are (12.1167, -14.1000). (found as Lugajole in encarta (EH))",n.a.,,,,,,,,,,,,,,,,,,,1982,1982,,,,,,GAMBIAE COMPLEX,gambiae s.s.,,morph,cell/chromo,,,,,,,,,,,,,,,,,,,,,,,,,,,,,,,,,,,,,,,,,,,,,,,,,,,,,,,,,,,,,,,,,,,,,,,,,,,,,,,,,,,,,,,,,,,,,,,,,,,,,,,,,,,,,,,,,,,,,,,,,,,,,,,,,,,,,,,,,,,,,,,,,,,,,,,,,,,,,,,,,,,,,,,,,,,,,,,,,,,,,,,,,,,,,,,,,,,,,,,,,,,,,,,,,,,,,,,,,,,,,,,JO,JAO,CMK
0,1,yes,,4542,10.1186/1471-2148-8-309,Pombi,Chromosomal plasticity and evolutionary potential in the malaria vector Anopheles gambiae sensu stricto: insights from three decades of rare paracentric inversions,BMC Evolutionary Biology,2008,yes,no,none,,,,Guinea-Bissau,Pataqui,11.884,-13.967,,,,,,,,,,,,,,,,no,no,point,*encarta,Not Specified,Not Specified,"Not Listed- Paper coords are (12.1167, -14.1000). (found as Pataque in encarta (EH))",n.a.,,,,,,,,,,,,,,,,,,,1992,1992,,,,,,GAMBIAE COMPLEX,gambiae s.s.,,morph,cell/chromo,,,,,,,,,,,,,,,,,,,,,,,,,,,,,,,,,,,,,,,,,,,,,,,,,,,,,,,,,,,,,,,,,,,,,,,,,,,,,,,,,,,,,,,,,,,,,,,,,,,,,,,,,,,,,,,,,,,,,,,,,,,,,,,,,,,,,,,,,,,,,,,,,,,,,,,,,,,,,,,,,,,,,,,,,,,,,,,,,,,,,,,,,,,,,,,,,,,,,,,,,,,,,,,,,,,,,,,,,,,,,,,JO,JAO,CMK
0,1,yes,,4542,10.1186/1471-2148-8-309,Pombi,Chromosomal plasticity and evolutionary potential in the malaria vector Anopheles gambiae sensu stricto: insights from three decades of rare paracentric inversions,BMC Evolutionary Biology,2008,yes,no,none,,,,Senegal,Wassadou,12.744,-14.158,,,,,,,,,,,,,,,,no,no,point,*encarta,Not Specified,Not Specified,"Not Listed- Several sites in encarta that match our site name, plotted paper coords (12.7500, -14.1667) and chose encarta site that was very close to it. (2 other Wassadous in Senegal are 100 and 200 km away from coords in paper, hereas this Wassadou is <2km, so have gone with this site (EH))",n.a.,,,,,,,,,,,,,,,,,,,2006,2006,,,,,,GAMBIAE COMPLEX,gambiae s.s.,,morph,cell/chromo,,,,,,,,,,,,,,,,,,,,,,,,,,,,,,,,,,,,,,,,,,,,,,,,,,,,,,,,,,,,,,,,,,,,,,,,,,,,,,,,,,,,,,,,,,,,,,,,,,,,,,,,,,,,,,,,,,,,,,,,,,,,,,,,,,,,,,,,,,,,,,,,,,,,,,,,,,,,,,,,,,,,,,,,,,,,,,,,,,,,,,,,,,,,,,,,,,,,,,,,,,,,,,,,,,,,,,,,,,,,,,,JO,JAO,CMK
0,1,yes,,4542,10.1186/1471-2148-8-309,Pombi,Chromosomal plasticity and evolutionary potential in the malaria vector Anopheles gambiae sensu stricto: insights from three decades of rare paracentric inversions,BMC Evolutionary Biology,2008,yes,no,none,,,,Senegal,Hamdalaye Pont,13.583,-13.551,,,,,,,,,,,,,,,,no,no,point,*encarta,Not Specified,Not Specified,"Not Listed- Several sites but no match, used paper coords. (found multiple Hamdalayes in encarta, but no Hamdalaye ponts. Closest Hamdalaye was this one, which is approx 25km SW of paper coords (which are 13.7667, -13.6667). However, found an article online stating that Hamdalaye pont is in Missirah community, Tambacounda region, and this Hamdalaye is <10km from Missira (13.522, -13.513) and is around 25km from Tambacounda (13.773, -13.68). see; http://translate.google.com/translate?hl=en&sl=fr&u=http://www.pepam.gouv.sn/acces.php%3Fidloc%3D05342014&sa=X&oi=translate&resnum=1&ct=result&prev=/search%3Fq%3D%2522hamdalaye%2Bpont%2522%26hl%3Den%26rls%3Dcom.microsoft:en-gb:IE-SearchBox%26rlz%3D1I7DMUK_en-GB (EH))",n.a.,,,,,,,,,,,,,,,,,,,2006,2006,,,,,,GAMBIAE COMPLEX,gambiae s.s.,,morph,cell/chromo,,,,,,,,,,,,,,,,,,,,,,,,,,,,,,,,,,,,,,,,,,,,,,,,,,,,,,,,,,,,,,,,,,,,,,,,,,,,,,,,,,,,,,,,,,,,,,,,,,,,,,,,,,,,,,,,,,,,,,,,,,,,,,,,,,,,,,,,,,,,,,,,,,,,,,,,,,,,,,,,,,,,,,,,,,,,,,,,,,,,,,,,,,,,,,,,,,,,,,,,,,,,,,,,,,,,,,,,,,,,,,,JO,JAO,CMK
0,1,yes,,4542,10.1186/1471-2148-8-309,Pombi,Chromosomal plasticity and evolutionary potential in the malaria vector Anopheles gambiae sensu stricto: insights from three decades of rare paracentric inversions,BMC Evolutionary Biology,2008,yes,no,none,,,,Senegal,Jingoreh Maffy,13.767,-13.667,,,,,,,,,,,,,,,,no,no,point,paper/map,Not Specified,Not Specified,"Not Listed- no match in encarta, or other geo-ref sources. Paper coords fall within the Senegal border. (paper coords are 13.7667, -13.6667, the same as given for Hamdalaye pont, which implies that they are incorrect for at least one of the sites. Pdf 4466 gives the same coords, but pdf 3221 gives 13.6833, -13.65. Since there is no objective way to choose between them, I have left blank (EH))",n.a.,,,,,,,,,,,,,,,,,,,2006,2006,,,,,,GAMBIAE COMPLEX,gambiae s.s.,,morph,cell/chromo,,,,,,,,,,,,,,,,,,,,,,,,,,,,,,,,,,,,,,,,,,,,,,,,,,,,,,,,,,,,,,,,,,,,,,,,,,,,,,,,,,,,,,,,,,,,,,,,,,,,,,,,,,,,,,,,,,,,,,,,,,,,,,,,,,,,,,,,,,,,,,,,,,,,,,,,,,,,,,,,,,,,,,,,,,,,,,,,,,,,,,,,,,,,,,,,,,,,,,,,,,,,,,,,,,,,,,,,,,,,,,,JO,JAO,CMK
0,1,yes,,4542,10.1186/1471-2148-8-309,Pombi,Chromosomal plasticity and evolutionary potential in the malaria vector Anopheles gambiae sensu stricto: insights from three decades of rare paracentric inversions,BMC Evolutionary Biology,2008,yes,no,none,,,,Senegal,Silling,12.5333,-12.2667,,,,,,,,,,,,,,,,no,no,point,paper,Not Specified,Not Specified,"Not Listed- no match in encarta, or other geo-ref sources. Paper coords fall within the Senegal border. (paper coords classed as not a guess, because they match the position of Silling as shown in Diallo et al., 2003 (http://www.cdc.gov/ncidod/EID/vol9no3/pdfs/02-0219.pdf) (EH))",n.a.,,,,,,,,,,,,,,,,,,,2006,2006,,,,,,GAMBIAE COMPLEX,gambiae s.s.,,morph,cell/chromo,,,,,,,,,,,,,,,,,,,,,,,,,,,,,,,,,,,,,,,,,,,,,,,,,,,,,,,,,,,,,,,,,,,,,,,,,,,,,,,,,,,,,,,,,,,,,,,,,,,,,,,,,,,,,,,,,,,,,,,,,,,,,,,,,,,,,,,,,,,,,,,,,,,,,,,,,,,,,,,,,,,,,,,,,,,,,,,,,,,,,,,,,,,,,,,,,,,,,,,,,,,,,,,,,,,,,,,,,,,,,,,JO,JAO,CMK
0,1,yes,,4542,10.1186/1471-2148-8-309,Pombi,Chromosomal plasticity and evolutionary potential in the malaria vector Anopheles gambiae sensu stricto: insights from three decades of rare paracentric inversions,BMC Evolutionary Biology,2008,yes,no,none,,,,Senegal,Samecouta,12.616,-12.134,,,,,,,,,,,,,,,,no,no,point,*encarta,Not Specified,Not Specified,"Not Listed- no match in encarta, or other geo-ref sources. Several sites called Samekouta in encarta, different spelling perhaps, but even so the closest to our point was 9 km away. They fall within the countries boundaries. (9km is a reasonable distance to expect from paper coords. Have gone with closest site in encarta to paper coords, which were 12.55, -12.1833 (EH))",n.a.,,,,,,,,,,,,,,,,,,,2006,2006,,,,,,GAMBIAE COMPLEX,gambiae s.s.,,morph,cell/chromo,,,,,,,,,,,,,,,,,,,,,,,,,,,,,,,,,,,,,,,,,,,,,,,,,,,,,,,,,,,,,,,,,,,,,,,,,,,,,,,,,,,,,,,,,,,,,,,,,,,,,,,,,,,,,,,,,,,,,,,,,,,,,,,,,,,,,,,,,,,,,,,,,,,,,,,,,,,,,,,,,,,,,,,,,,,,,,,,,,,,,,,,,,,,,,,,,,,,,,,,,,,,,,,,,,,,,,,,,,,,,,,JO,JAO,CMK
0,1,yes,,4542,10.1186/1471-2148-8-309,Pombi,Chromosomal plasticity and evolutionary potential in the malaria vector Anopheles gambiae sensu stricto: insights from three decades of rare paracentric inversions,BMC Evolutionary Biology,2008,yes,no,none,,,,Guinea,Labe,11.267,-12.583,,,,,,,,,,,,,,,,no,no,point,paper/map,Not Specified,Not Specified,"Paper coords are (11.2667, -12.5833). (coords of Site ID are from encarta, and are 11.323, -12.3 (EH))",n.a.,,,,,,,,,,,,,,,,,,,1989,1989,,,,,,GAMBIAE COMPLEX,gambiae s.s.,,morph,cell/chromo,,,,,,,,,,,,,,,,,,,,,,,,,,,,,,,,,,,,,,,,,,,,,,,,,,,,,,,,,,,,,,,,,,,,,,,,,,,,,,,,,,,,,,,,,,,,,,,,,,,,,,,,,,,,,,,,,,,,,,,,,,,,,,,,,,,,,,,,,,,,,,,,,,,,,,,,,,,,,,,,,,,,,,,,,,,,,,,,,,,,,,,,,,,,,,,,,,,,,,,,,,,,,,,,,,,,,,,,,,,,,,,JO,JAO,CMK
0,1,yes,,4542,10.1186/1471-2148-8-309,Pombi,Chromosomal plasticity and evolutionary potential in the malaria vector Anopheles gambiae sensu stricto: insights from three decades of rare paracentric inversions,BMC Evolutionary Biology,2008,yes,no,none,,,,Guinea,Sombili,11.334,-12.951,,,,,,,,,,,,,,,,no,no,point,*encarta,Not Specified,Not Specified,"Paper coords are (11.2667, -12.5833). (paper coords are the same as for Labe, and come out roughly equidistanct between the two (30km west of Labe, 40km east of Sombili) so I think the author just chose a midpoint between the two sites, hence my confidence that this encarta site is correct (EH))",n.a.,,,,,,,,,,,,,,,,,,,1989,1989,,,,,,GAMBIAE COMPLEX,gambiae s.s.,,morph,cell/chromo,,,,,,,,,,,,,,,,,,,,,,,,,,,,,,,,,,,,,,,,,,,,,,,,,,,,,,,,,,,,,,,,,,,,,,,,,,,,,,,,,,,,,,,,,,,,,,,,,,,,,,,,,,,,,,,,,,,,,,,,,,,,,,,,,,,,,,,,,,,,,,,,,,,,,,,,,,,,,,,,,,,,,,,,,,,,,,,,,,,,,,,,,,,,,,,,,,,,,,,,,,,,,,,,,,,,,,,,,,,,,,,JO,JAO,CMK
0,1,yes,,4542,10.1186/1471-2148-8-309,Pombi,Chromosomal plasticity and evolutionary potential in the malaria vector Anopheles gambiae sensu stricto: insights from three decades of rare paracentric inversions,BMC Evolutionary Biology,2008,yes,no,none,,,,Guinea,Sombili,11.334,-12.951,,,,,,,,,,,,,,,,no,no,point,paper/map,Not Specified,Not Specified,,n.a.,,,,,,,,,,,,,,,,,,,1990,1990,,,,,,GAMBIAE COMPLEX,gambiae s.s.,,morph,cell/chromo,,,,,,,,,,,,,,,,,,,,,,,,,,,,,,,,,,,,,,,,,,,,,,,,,,,,,,,,,,,,,,,,,,,,,,,,,,,,,,,,,,,,,,,,,,,,,,,,,,,,,,,,,,,,,,,,,,,,,,,,,,,,,,,,,,,,,,,,,,,,,,,,,,,,,,,,,,,,,,,,,,,,,,,,,,,,,,,,,,,,,,,,,,,,,,,,,,,,,,,,,,,,,,,,,,,,,,,,,,,,,,,JO,JAO,CMK
0,1,yes,,4542,10.1186/1471-2148-8-309,Pombi,Chromosomal plasticity and evolutionary potential in the malaria vector Anopheles gambiae sensu stricto: insights from three decades of rare paracentric inversions,BMC Evolutionary Biology,2008,yes,no,none,,,,Guinea,Timbi madina,11.2,-12.533,,,,,,,,,,,,,,,,no,no,point,paper/map,Not Specified,Not Specified,"Paper coords are (11.2000, -12.5333). (coords of site ID site (from encarta) are 11.201, -12.535 (EH))",n.a.,,,,,,,,,,,,,,,,,,,1990,1990,,,,,,GAMBIAE COMPLEX,gambiae s.s.,,morph,cell/chromo,,,,,,,,,,,,,,,,,,,,,,,,,,,,,,,,,,,,,,,,,,,,,,,,,,,,,,,,,,,,,,,,,,,,,,,,,,,,,,,,,,,,,,,,,,,,,,,,,,,,,,,,,,,,,,,,,,,,,,,,,,,,,,,,,,,,,,,,,,,,,,,,,,,,,,,,,,,,,,,,,,,,,,,,,,,,,,,,,,,,,,,,,,,,,,,,,,,,,,,,,,,,,,,,,,,,,,,,,,,,,,,JO,JAO,CMK
0,1,yes,,4542,10.1186/1471-2148-8-309,Pombi,Chromosomal plasticity and evolutionary potential in the malaria vector Anopheles gambiae sensu stricto: insights from three decades of rare paracentric inversions,BMC Evolutionary Biology,2008,yes,no,none,,,,Mali,Tinko,13.5,-10.75,,,,,,,,,,,,,,,,no,no,point,*encarta,Not Specified,Not Specified,"Not Listed- Paper coords match encarta exactly. (i.e. are 13.5, -10.75 (EH))",n.a.,,,,,,,,,,,,,,,,,,,1984,1984,,,,,,GAMBIAE COMPLEX,gambiae s.s.,,morph,cell/chromo,,,,,,,,,,,,,,,,,,,,,,,,,,,,,,,,,,,,,,,,,,,,,,,,,,,,,,,,,,,,,,,,,,,,,,,,,,,,,,,,,,,,,,,,,,,,,,,,,,,,,,,,,,,,,,,,,,,,,,,,,,,,,,,,,,,,,,,,,,,,,,,,,,,,,,,,,,,,,,,,,,,,,,,,,,,,,,,,,,,,,,,,,,,,,,,,,,,,,,,,,,,,,,,,,,,,,,,,,,,,,,,JO,JAO,CMK
0,1,yes,,4542,10.1186/1471-2148-8-309,Pombi,Chromosomal plasticity and evolutionary potential in the malaria vector Anopheles gambiae sensu stricto: insights from three decades of rare paracentric inversions,BMC Evolutionary Biology,2008,yes,no,none,,,,Mali,Founia-Tintiba,13.333,-10.5,,,,,,,,,,,,,,,,no,no,point,paper/map,Not Specified,Not Specified,"Not Listed-no match in all geo-ref sources, used paper coords. They fall within the countries boundaries. (unable to locate in any sources, including google search. Founia exists in Guinea, at 12.9, -9.484, >100km from coords in paper (13.3333, -10.5). Multiple Tintibas exist, but none are closer than around 80km, so have left coords blank, in case they are a midpoint between two very distant sampling sites (EH))",n.a.,,,,,,,,,,,,,,,,,,,1984,1984,,,,,,GAMBIAE COMPLEX,gambiae s.s.,,morph,cell/chromo,,,,,,,,,,,,,,,,,,,,,,,,,,,,,,,,,,,,,,,,,,,,,,,,,,,,,,,,,,,,,,,,,,,,,,,,,,,,,,,,,,,,,,,,,,,,,,,,,,,,,,,,,,,,,,,,,,,,,,,,,,,,,,,,,,,,,,,,,,,,,,,,,,,,,,,,,,,,,,,,,,,,,,,,,,,,,,,,,,,,,,,,,,,,,,,,,,,,,,,,,,,,,,,,,,,,,,,,,,,,,,,JO,JAO,CMK
0,1,yes,,4542,10.1186/1471-2148-8-309,Pombi,Chromosomal plasticity and evolutionary potential in the malaria vector Anopheles gambiae sensu stricto: insights from three decades of rare paracentric inversions,BMC Evolutionary Biology,2008,yes,no,none,,,,Mali,Senala,12.416,-8.267,,,,,,,,,,,,,,,,no,no,point,paper/map,Not Specified,Not Specified,"Not Listed-no match in all geo-ref sources, used paper coords. They fall within the countries boundaries. (coords in paper are 12.4167, -8.2667, but I'm loathe to use them based on the inaccuracies of the coords for other sites (EH))",n.a.,,,,,,,,,,,,,,,,,,,1982,1982,,,,,,GAMBIAE COMPLEX,gambiae s.s.,,morph,cell/chromo,,,,,,,,,,,,,,,,,,,,,,,,,,,,,,,,,,,,,,,,,,,,,,,,,,,,,,,,,,,,,,,,,,,,,,,,,,,,,,,,,,,,,,,,,,,,,,,,,,,,,,,,,,,,,,,,,,,,,,,,,,,,,,,,,,,,,,,,,,,,,,,,,,,,,,,,,,,,,,,,,,,,,,,,,,,,,,,,,,,,,,,,,,,,,,,,,,,,,,,,,,,,,,,,,,,,,,,,,,,,,,,JO,JAO,CMK
0,1,yes,,4542,10.1186/1471-2148-8-309,Pombi,Chromosomal plasticity and evolutionary potential in the malaria vector Anopheles gambiae sensu stricto: insights from three decades of rare paracentric inversions,BMC Evolutionary Biology,2008,yes,no,none,,,,Mali,Farada,12.434,-8.2,,,,,,,,,,,,,,,,no,no,point,*encarta,Not Specified,Not Specified,"Not Listed- Paper coords match encarta exactly. (paper coords are 12.4333, -8.2 (EH))",n.a.,,,,,,,,,,,,,,,,,,,1982,1982,,,,,,GAMBIAE COMPLEX,gambiae s.s.,,morph,cell/chromo,,,,,,,,,,,,,,,,,,,,,,,,,,,,,,,,,,,,,,,,,,,,,,,,,,,,,,,,,,,,,,,,,,,,,,,,,,,,,,,,,,,,,,,,,,,,,,,,,,,,,,,,,,,,,,,,,,,,,,,,,,,,,,,,,,,,,,,,,,,,,,,,,,,,,,,,,,,,,,,,,,,,,,,,,,,,,,,,,,,,,,,,,,,,,,,,,,,,,,,,,,,,,,,,,,,,,,,,,,,,,,,JO,JAO,CMK
0,1,yes,,4542,10.1186/1471-2148-8-309,Pombi,Chromosomal plasticity and evolutionary potential in the malaria vector Anopheles gambiae sensu stricto: insights from three decades of rare paracentric inversions,BMC Evolutionary Biology,2008,yes,no,none,,,,Mali,Kambila,12.8,-8.1,,,,,,,,,,,,,,,,no,no,point,paper/map,Not Specified,Not Specified,"Paper coords match exactly PRs (12.800, -8.100) (Site ID coords are 12.801, -8.1 (from encarta), paper coords are 12.8, -8.1 (EH))",n.a.,,,,,,,,,,,,,,,,,,,1989,1989,,,,,,GAMBIAE COMPLEX,gambiae s.s.,,morph,cell/chromo,,,,,,,,,,,,,,,,,,,,,,,,,,,,,,,,,,,,,,,,,,,,,,,,,,,,,,,,,,,,,,,,,,,,,,,,,,,,,,,,,,,,,,,,,,,,,,,,,,,,,,,,,,,,,,,,,,,,,,,,,,,,,,,,,,,,,,,,,,,,,,,,,,,,,,,,,,,,,,,,,,,,,,,,,,,,,,,,,,,,,,,,,,,,,,,,,,,,,,,,,,,,,,,,,,,,,,,,,,,,,,,JO,JAO,CMK
0,1,yes,,4542,10.1186/1471-2148-8-309,Pombi,Chromosomal plasticity and evolutionary potential in the malaria vector Anopheles gambiae sensu stricto: insights from three decades of rare paracentric inversions,BMC Evolutionary Biology,2008,yes,no,none,,,,Mali,Banambani,12.801,-8.034,,,,,,,,,,,,,,,,no,no,point,*encarta,Not Specified,Not Specified,"Not Listed- Paper coords match encarta exactly. (paper coords are 12.8, -8.0333 (EH))",n.a.,,,,,,,,,,,,,,,,,,,1985,1985,,,,,,GAMBIAE COMPLEX,gambiae s.s.,,morph,cell/chromo,,,,,,,,,,,,,,,,,,,,,,,,,,,,,,,,,,,,,,,,,,,,,,,,,,,,,,,,,,,,,,,,,,,,,,,,,,,,,,,,,,,,,,,,,,,,,,,,,,,,,,,,,,,,,,,,,,,,,,,,,,,,,,,,,,,,,,,,,,,,,,,,,,,,,,,,,,,,,,,,,,,,,,,,,,,,,,,,,,,,,,,,,,,,,,,,,,,,,,,,,,,,,,,,,,,,,,,,,,,,,,,JO,JAO,CMK
0,1,yes,,4542,10.1186/1471-2148-8-309,Pombi,Chromosomal plasticity and evolutionary potential in the malaria vector Anopheles gambiae sensu stricto: insights from three decades of rare paracentric inversions,BMC Evolutionary Biology,2008,yes,no,none,,,,Mali,Banambani,12.801,-8.034,,,,,,,,,,,,,,,,no,no,point,paper/map,Not Specified,Not Specified,,n.a.,,,,,,,,,,,,,,,,,,,1989,1989,,,,,,GAMBIAE COMPLEX,gambiae s.s.,,morph,cell/chromo,,,,,,,,,,,,,,,,,,,,,,,,,,,,,,,,,,,,,,,,,,,,,,,,,,,,,,,,,,,,,,,,,,,,,,,,,,,,,,,,,,,,,,,,,,,,,,,,,,,,,,,,,,,,,,,,,,,,,,,,,,,,,,,,,,,,,,,,,,,,,,,,,,,,,,,,,,,,,,,,,,,,,,,,,,,,,,,,,,,,,,,,,,,,,,,,,,,,,,,,,,,,,,,,,,,,,,,,,,,,,,,JO,JAO,CMK
0,1,yes,,4542,10.1186/1471-2148-8-309,Pombi,Chromosomal plasticity and evolutionary potential in the malaria vector Anopheles gambiae sensu stricto: insights from three decades of rare paracentric inversions,BMC Evolutionary Biology,2008,yes,no,none,,,,Mali,Banambani,12.801,-8.034,,,,,,,,,,,,,,,,no,no,point,paper/map,Not Specified,Not Specified,,n.a.,,,,,,,,,,,,,,,,,,,1995,1995,,,,,,GAMBIAE COMPLEX,gambiae s.s.,,morph,cell/chromo,,,,,,,,,,,,,,,,,,,,,,,,,,,,,,,,,,,,,,,,,,,,,,,,,,,,,,,,,,,,,,,,,,,,,,,,,,,,,,,,,,,,,,,,,,,,,,,,,,,,,,,,,,,,,,,,,,,,,,,,,,,,,,,,,,,,,,,,,,,,,,,,,,,,,,,,,,,,,,,,,,,,,,,,,,,,,,,,,,,,,,,,,,,,,,,,,,,,,,,,,,,,,,,,,,,,,,,,,,,,,,,JO,JAO,CMK
0,1,yes,,4542,10.1186/1471-2148-8-309,Pombi,Chromosomal plasticity and evolutionary potential in the malaria vector Anopheles gambiae sensu stricto: insights from three decades of rare paracentric inversions,BMC Evolutionary Biology,2008,yes,no,none,,,,Mali,Banambani,12.801,-8.034,,,,,,,,,,,,,,,,no,no,point,paper/map,Not Specified,Not Specified,,n.a.,,,,,,,,,,,,,,,,,,,2000,2000,,,,,,GAMBIAE COMPLEX,gambiae s.s.,,morph,cell/chromo,,,,,,,,,,,,,,,,,,,,,,,,,,,,,,,,,,,,,,,,,,,,,,,,,,,,,,,,,,,,,,,,,,,,,,,,,,,,,,,,,,,,,,,,,,,,,,,,,,,,,,,,,,,,,,,,,,,,,,,,,,,,,,,,,,,,,,,,,,,,,,,,,,,,,,,,,,,,,,,,,,,,,,,,,,,,,,,,,,,,,,,,,,,,,,,,,,,,,,,,,,,,,,,,,,,,,,,,,,,,,,,JO,JAO,CMK
0,1,yes,,4542,10.1186/1471-2148-8-309,Pombi,Chromosomal plasticity and evolutionary potential in the malaria vector Anopheles gambiae sensu stricto: insights from three decades of rare paracentric inversions,BMC Evolutionary Biology,2008,yes,no,none,,,,Mali,Moribabougou,12.684,-7.869,,,,,,,,,,,,,,,,no,no,point,*encarta,Not Specified,Not Specified,"Not Listed- Paper coords match encarta exactly. (paper coords are 12.6833, -7.8667 (EH))",n.a.,,,,,,,,,,,,,,,,,,,1994,1994,,,,,,GAMBIAE COMPLEX,gambiae s.s.,,morph,cell/chromo,,,,,,,,,,,,,,,,,,,,,,,,,,,,,,,,,,,,,,,,,,,,,,,,,,,,,,,,,,,,,,,,,,,,,,,,,,,,,,,,,,,,,,,,,,,,,,,,,,,,,,,,,,,,,,,,,,,,,,,,,,,,,,,,,,,,,,,,,,,,,,,,,,,,,,,,,,,,,,,,,,,,,,,,,,,,,,,,,,,,,,,,,,,,,,,,,,,,,,,,,,,,,,,,,,,,,,,,,,,,,,,JO,JAO,CMK
0,1,yes,,4542,10.1186/1471-2148-8-309,Pombi,Chromosomal plasticity and evolutionary potential in the malaria vector Anopheles gambiae sensu stricto: insights from three decades of rare paracentric inversions,BMC Evolutionary Biology,2008,yes,no,none,,,,Mali,Moribabougou,12.684,-7.869,,,,,,,,,,,,,,,,no,no,point,paper/map,Not Specified,Not Specified,,n.a.,,,,,,,,,,,,,,,,,,,1996,1996,,,,,,GAMBIAE COMPLEX,gambiae s.s.,,morph,cell/chromo,,,,,,,,,,,,,,,,,,,,,,,,,,,,,,,,,,,,,,,,,,,,,,,,,,,,,,,,,,,,,,,,,,,,,,,,,,,,,,,,,,,,,,,,,,,,,,,,,,,,,,,,,,,,,,,,,,,,,,,,,,,,,,,,,,,,,,,,,,,,,,,,,,,,,,,,,,,,,,,,,,,,,,,,,,,,,,,,,,,,,,,,,,,,,,,,,,,,,,,,,,,,,,,,,,,,,,,,,,,,,,,JO,JAO,CMK
0,1,yes,,4542,10.1186/1471-2148-8-309,Pombi,Chromosomal plasticity and evolutionary potential in the malaria vector Anopheles gambiae sensu stricto: insights from three decades of rare paracentric inversions,BMC Evolutionary Biology,2008,yes,no,none,,,,Mali,Ouakoro,12.6,-6.684,,,,,,,,,,,,,,,,no,no,point,*encarta,Not Specified,Not Specified,"Not Listed- Paper coords match encarta exactly.  (paper coords are 12.6, -6.6833 (EH))",n.a.,,,,,,,,,,,,,,,,,,,1981,1981,,,,,,GAMBIAE COMPLEX,gambiae s.s.,,morph,cell/chromo,,,,,,,,,,,,,,,,,,,,,,,,,,,,,,,,,,,,,,,,,,,,,,,,,,,,,,,,,,,,,,,,,,,,,,,,,,,,,,,,,,,,,,,,,,,,,,,,,,,,,,,,,,,,,,,,,,,,,,,,,,,,,,,,,,,,,,,,,,,,,,,,,,,,,,,,,,,,,,,,,,,,,,,,,,,,,,,,,,,,,,,,,,,,,,,,,,,,,,,,,,,,,,,,,,,,,,,,,,,,,,,JO,JAO,CMK
0,1,yes,,4542,10.1186/1471-2148-8-309,Pombi,Chromosomal plasticity and evolutionary potential in the malaria vector Anopheles gambiae sensu stricto: insights from three decades of rare paracentric inversions,BMC Evolutionary Biology,2008,yes,no,none,,,,Mali,Banankoroni,13.35,-6.384,,,,,,,,,,,,,,,,no,no,point,*encarta,Not Specified,Not Specified,"Not Listed- Paper coords match encarta exactly.  Site is also known as Banangoroni in encarta, and checks out in geonames. (paper coords are 13.3, -6.45 (EH))",n.a.,,,,,,,,,,,,,,,,,,,1981,1981,,,,,,GAMBIAE COMPLEX,gambiae s.s.,,morph,cell/chromo,,,,,,,,,,,,,,,,,,,,,,,,,,,,,,,,,,,,,,,,,,,,,,,,,,,,,,,,,,,,,,,,,,,,,,,,,,,,,,,,,,,,,,,,,,,,,,,,,,,,,,,,,,,,,,,,,,,,,,,,,,,,,,,,,,,,,,,,,,,,,,,,,,,,,,,,,,,,,,,,,,,,,,,,,,,,,,,,,,,,,,,,,,,,,,,,,,,,,,,,,,,,,,,,,,,,,,,,,,,,,,,JO,JAO,CMK
0,1,yes,,4542,10.1186/1471-2148-8-309,Pombi,Chromosomal plasticity and evolutionary potential in the malaria vector Anopheles gambiae sensu stricto: insights from three decades of rare paracentric inversions,BMC Evolutionary Biology,2008,yes,no,none,,,,Mali,Douna,10.917,-5.667,,,,,,,,,,,,,,,,no,no,point,*encarta,Not Specified,Not Specified,"Not Listed- Several sites in encarta, plotted paper coords and found one that corresponded with a site in encarta exactly. (paper coords = 10.9167, -5.6667 (EH))",n.a.,,,,,,,,,,,,,,,,,,,1983,1983,,,,,,GAMBIAE COMPLEX,gambiae s.s.,,morph,cell/chromo,,,,,,,,,,,,,,,,,,,,,,,,,,,,,,,,,,,,,,,,,,,,,,,,,,,,,,,,,,,,,,,,,,,,,,,,,,,,,,,,,,,,,,,,,,,,,,,,,,,,,,,,,,,,,,,,,,,,,,,,,,,,,,,,,,,,,,,,,,,,,,,,,,,,,,,,,,,,,,,,,,,,,,,,,,,,,,,,,,,,,,,,,,,,,,,,,,,,,,,,,,,,,,,,,,,,,,,,,,,,,,,JO,JAO,CMK
0,1,yes,,4542,10.1186/1471-2148-8-309,Pombi,Chromosomal plasticity and evolutionary potential in the malaria vector Anopheles gambiae sensu stricto: insights from three decades of rare paracentric inversions,BMC Evolutionary Biology,2008,yes,no,none,,,,Mali,Sevare,14.533,-4.101,,,,,,,,,,,,,,,,no,no,point,*encarta,Not Specified,Not Specified,"Not Listed- paper coords are (14.5167, -4.1000), close match to those found in encarta.",n.a.,,,,,,,,,,,,,,,,,,,1981,1981,,,,,,GAMBIAE COMPLEX,gambiae s.s.,,morph,cell/chromo,,,,,,,,,,,,,,,,,,,,,,,,,,,,,,,,,,,,,,,,,,,,,,,,,,,,,,,,,,,,,,,,,,,,,,,,,,,,,,,,,,,,,,,,,,,,,,,,,,,,,,,,,,,,,,,,,,,,,,,,,,,,,,,,,,,,,,,,,,,,,,,,,,,,,,,,,,,,,,,,,,,,,,,,,,,,,,,,,,,,,,,,,,,,,,,,,,,,,,,,,,,,,,,,,,,,,,,,,,,,,,,JO,JAO,CMK
0,1,yes,,4542,10.1186/1471-2148-8-309,Pombi,Chromosomal plasticity and evolutionary potential in the malaria vector Anopheles gambiae sensu stricto: insights from three decades of rare paracentric inversions,BMC Evolutionary Biology,2008,yes,no,none,,,,Burkina Faso,Bama,11.374,-4.413,,,,,,,,,,,,,,,,no,no,point,*encarta,Not Specified,Not Specified,"Not Listed-Paper coords are (11.3667, -4.4167).",n.a.,,,,,,,,,,,,,,,,,,,1984,1984,,,,,,GAMBIAE COMPLEX,gambiae s.s.,,morph,cell/chromo,,,,,,,,,,,,,,,,,,,,,,,,,,,,,,,,,,,,,,,,,,,,,,,,,,,,,,,,,,,,,,,,,,,,,,,,,,,,,,,,,,,,,,,,,,,,,,,,,,,,,,,,,,,,,,,,,,,,,,,,,,,,,,,,,,,,,,,,,,,,,,,,,,,,,,,,,,,,,,,,,,,,,,,,,,,,,,,,,,,,,,,,,,,,,,,,,,,,,,,,,,,,,,,,,,,,,,,,,,,,,,,JO,JAO,CMK
0,1,yes,,4542,10.1186/1471-2148-8-309,Pombi,Chromosomal plasticity and evolutionary potential in the malaria vector Anopheles gambiae sensu stricto: insights from three decades of rare paracentric inversions,BMC Evolutionary Biology,2008,yes,no,none,,,,Burkina Faso,Vallee du Kou,11.3667,-4.4167,,,,,,,,,,,,,,,,no,no,point,paper,Not Specified,Not Specified,"Not Listed-Could not find site in all the geo-ref sources. Paper coords are the same as for Bama, but there is no auxilliary info to help investigate more. They fall within the countries boundaries. (pdf 2428 gives the same coords for Vallee du Kou, so have gone with the paper coords this time (EH))",n.a.,,,,,,,,,,,,,,,,,,,1981,1981,,,,,,GAMBIAE COMPLEX,gambiae s.s.,,morph,cell/chromo,,,,,,,,,,,,,,,,,,,,,,,,,,,,,,,,,,,,,,,,,,,,,,,,,,,,,,,,,,,,,,,,,,,,,,,,,,,,,,,,,,,,,,,,,,,,,,,,,,,,,,,,,,,,,,,,,,,,,,,,,,,,,,,,,,,,,,,,,,,,,,,,,,,,,,,,,,,,,,,,,,,,,,,,,,,,,,,,,,,,,,,,,,,,,,,,,,,,,,,,,,,,,,,,,,,,,,,,,,,,,,,JO,JAO,CMK
0,1,yes,,4542,10.1186/1471-2148-8-309,Pombi,Chromosomal plasticity and evolutionary potential in the malaria vector Anopheles gambiae sensu stricto: insights from three decades of rare paracentric inversions,BMC Evolutionary Biology,2008,yes,no,none,,,,Burkina Faso,Vallee du Kou,11.3667,-4.4167,,,,,,,,,,,,,,,,no,no,point,paper/map,Not Specified,Not Specified,,n.a.,,,,,,,,,,,,,,,,,,,1985,1985,,,,,,GAMBIAE COMPLEX,gambiae s.s.,,morph,cell/chromo,,,,,,,,,,,,,,,,,,,,,,,,,,,,,,,,,,,,,,,,,,,,,,,,,,,,,,,,,,,,,,,,,,,,,,,,,,,,,,,,,,,,,,,,,,,,,,,,,,,,,,,,,,,,,,,,,,,,,,,,,,,,,,,,,,,,,,,,,,,,,,,,,,,,,,,,,,,,,,,,,,,,,,,,,,,,,,,,,,,,,,,,,,,,,,,,,,,,,,,,,,,,,,,,,,,,,,,,,,,,,,,JO,JAO,CMK
0,1,yes,,4542,10.1186/1471-2148-8-309,Pombi,Chromosomal plasticity and evolutionary potential in the malaria vector Anopheles gambiae sensu stricto: insights from three decades of rare paracentric inversions,BMC Evolutionary Biology,2008,yes,no,none,,,,Burkina Faso,Dioulassoba,11.183,-4.3,,,,,,,,,,,,,,,,no,no,point,paper/map,Not Specified,Not Specified,"Paper coords are (11.180, -4.3) and match those in the PR. (site ID 28615 puts Dioulassoba as a district of Bob-Dioulasso, which is found in encarta at 11.179, -4.293. Site ID coords for Dioulassoba are 11.178, -4.297. Pdf 3521 states that Diousalloba is at the centre of Bobo-Dioulasso, so I would rather go for coords for the centre of Bobo-Dioulasso from encarta (11.179, -4.293). (EH))",n.a.,,,,,,,,,,,,,,,,,,,1986,1986,,,,,,GAMBIAE COMPLEX,gambiae s.s.,,morph,cell/chromo,,,,,,,,,,,,,,,,,,,,,,,,,,,,,,,,,,,,,,,,,,,,,,,,,,,,,,,,,,,,,,,,,,,,,,,,,,,,,,,,,,,,,,,,,,,,,,,,,,,,,,,,,,,,,,,,,,,,,,,,,,,,,,,,,,,,,,,,,,,,,,,,,,,,,,,,,,,,,,,,,,,,,,,,,,,,,,,,,,,,,,,,,,,,,,,,,,,,,,,,,,,,,,,,,,,,,,,,,,,,,,,JO,JAO,CMK
0,1,yes,,4542,10.1186/1471-2148-8-309,Pombi,Chromosomal plasticity and evolutionary potential in the malaria vector Anopheles gambiae sensu stricto: insights from three decades of rare paracentric inversions,BMC Evolutionary Biology,2008,yes,no,none,,,,Burkina Faso,Soumousso,11.016,-4.05,,,,,,,,,,,,,,,,no,no,point,*encarta,Not Specified,Not Specified,"Not Listed- Paper coords are (11.0167, -4.0500), close match to those from encarta.",n.a.,,,,,,,,,,,,,,,,,,,1981,1981,,,,,,GAMBIAE COMPLEX,gambiae s.s.,,morph,cell/chromo,,,,,,,,,,,,,,,,,,,,,,,,,,,,,,,,,,,,,,,,,,,,,,,,,,,,,,,,,,,,,,,,,,,,,,,,,,,,,,,,,,,,,,,,,,,,,,,,,,,,,,,,,,,,,,,,,,,,,,,,,,,,,,,,,,,,,,,,,,,,,,,,,,,,,,,,,,,,,,,,,,,,,,,,,,,,,,,,,,,,,,,,,,,,,,,,,,,,,,,,,,,,,,,,,,,,,,,,,,,,,,,JO,JAO,CMK
0,1,yes,,4542,10.1186/1471-2148-8-309,Pombi,Chromosomal plasticity and evolutionary potential in the malaria vector Anopheles gambiae sensu stricto: insights from three decades of rare paracentric inversions,BMC Evolutionary Biology,2008,yes,no,none,,,,Burkina Faso,Tanghin,12.367,-2.533,,,,,,,,,,,,,,,,no,no,point,paper/map,Not Specified,Not Specified,"Not Listed-Found two sites in encarta that match ours, but none of the two coords came close to the paper ones, and since the paper doesn't give more info, it was not possible to choose one over the other, so stuck to paper coords. They fall within the countries boundaries. (paper coords not used as other coords from this paper are inaccurate, e.g. Beli, circa 35km away from encarta site. The closest possible match to Tanghin was a Tangen at 12.8, -2.284, but this fell 55km from coords in paper, so have left blank. Note, other sources (e.g. http://www.inforoute-communale.gov.bf/list_vill/plateau_central.htm) indicate multiple sites called Tanghin, so might be difficult to identify correct one without communicating with authors (EH))",n.a.,,,,,,,,,,,,,,,,,,,1984,1984,,,,,,GAMBIAE COMPLEX,gambiae s.s.,,morph,cell/chromo,,,,,,,,,,,,,,,,,,,,,,,,,,,,,,,,,,,,,,,,,,,,,,,,,,,,,,,,,,,,,,,,,,,,,,,,,,,,,,,,,,,,,,,,,,,,,,,,,,,,,,,,,,,,,,,,,,,,,,,,,,,,,,,,,,,,,,,,,,,,,,,,,,,,,,,,,,,,,,,,,,,,,,,,,,,,,,,,,,,,,,,,,,,,,,,,,,,,,,,,,,,,,,,,,,,,,,,,,,,,,,,JO,JAO,CMK
0,1,yes,,4542,10.1186/1471-2148-8-309,Pombi,Chromosomal plasticity and evolutionary potential in the malaria vector Anopheles gambiae sensu stricto: insights from three decades of rare paracentric inversions,BMC Evolutionary Biology,2008,yes,no,none,,,,Burkina Faso,Pabre,12.483,-1.567,,,,,,,,,,,,,,,,no,no,point,paper/map,Not Specified,Not Specified,"Paper coords are (12.4833, -1.5667) and closely match those in the PR. (site ID coords are from encarta, and are 12.5, -1.584 (EH))",n.a.,,,,,,,,,,,,,,,,,,,1984,1984,,,,,,GAMBIAE COMPLEX,gambiae s.s.,,morph,cell/chromo,,,,,,,,,,,,,,,,,,,,,,,,,,,,,,,,,,,,,,,,,,,,,,,,,,,,,,,,,,,,,,,,,,,,,,,,,,,,,,,,,,,,,,,,,,,,,,,,,,,,,,,,,,,,,,,,,,,,,,,,,,,,,,,,,,,,,,,,,,,,,,,,,,,,,,,,,,,,,,,,,,,,,,,,,,,,,,,,,,,,,,,,,,,,,,,,,,,,,,,,,,,,,,,,,,,,,,,,,,,,,,,JO,JAO,CMK
0,1,yes,,4542,10.1186/1471-2148-8-309,Pombi,Chromosomal plasticity and evolutionary potential in the malaria vector Anopheles gambiae sensu stricto: insights from three decades of rare paracentric inversions,BMC Evolutionary Biology,2008,yes,no,none,,,,Burkina Faso,Ouagadougou,12.367,-1.529,,,,,,,,,,,,,,,,no,no,point,*encarta,Not Specified,Not Specified,"Not Listed-Paper coords are (12.3667, -1.5333) and are a close match to encarta.",n.a.,,,,,,,,,,,,,,,,,,,1989,1989,,,,,,GAMBIAE COMPLEX,gambiae s.s.,,morph,cell/chromo,,,,,,,,,,,,,,,,,,,,,,,,,,,,,,,,,,,,,,,,,,,,,,,,,,,,,,,,,,,,,,,,,,,,,,,,,,,,,,,,,,,,,,,,,,,,,,,,,,,,,,,,,,,,,,,,,,,,,,,,,,,,,,,,,,,,,,,,,,,,,,,,,,,,,,,,,,,,,,,,,,,,,,,,,,,,,,,,,,,,,,,,,,,,,,,,,,,,,,,,,,,,,,,,,,,,,,,,,,,,,,,JO,JAO,CMK
0,1,yes,,4542,10.1186/1471-2148-8-309,Pombi,Chromosomal plasticity and evolutionary potential in the malaria vector Anopheles gambiae sensu stricto: insights from three decades of rare paracentric inversions,BMC Evolutionary Biology,2008,yes,no,none,,,,Burkina Faso,Nioko,11.467,-1.383,,,,,,,,,,,,,,,,no,no,point,*encarta,Not Specified,Not Specified,"Not Listed-Paper coords are (11.4667, -1.3833) and match encarta's.",n.a.,,,,,,,,,,,,,,,,,,,1989,1989,,,,,,GAMBIAE COMPLEX,gambiae s.s.,,morph,cell/chromo,,,,,,,,,,,,,,,,,,,,,,,,,,,,,,,,,,,,,,,,,,,,,,,,,,,,,,,,,,,,,,,,,,,,,,,,,,,,,,,,,,,,,,,,,,,,,,,,,,,,,,,,,,,,,,,,,,,,,,,,,,,,,,,,,,,,,,,,,,,,,,,,,,,,,,,,,,,,,,,,,,,,,,,,,,,,,,,,,,,,,,,,,,,,,,,,,,,,,,,,,,,,,,,,,,,,,,,,,,,,,,,JO,JAO,CMK
0,1,yes,,4542,10.1186/1471-2148-8-309,Pombi,Chromosomal plasticity and evolutionary potential in the malaria vector Anopheles gambiae sensu stricto: insights from three decades of rare paracentric inversions,BMC Evolutionary Biology,2008,yes,no,none,,,,Burkina Faso,Noungou,12.733,-1.051,,,,,,,,,,,,,,,,no,no,point,*encarta,Not Specified,Not Specified,"Not Listed-Paper coords are (12.733, -1.0500) and match encarta's.",n.a.,,,,,,,,,,,,,,,,,,,1990,1990,,,,,,GAMBIAE COMPLEX,gambiae s.s.,,morph,cell/chromo,,,,,,,,,,,,,,,,,,,,,,,,,,,,,,,,,,,,,,,,,,,,,,,,,,,,,,,,,,,,,,,,,,,,,,,,,,,,,,,,,,,,,,,,,,,,,,,,,,,,,,,,,,,,,,,,,,,,,,,,,,,,,,,,,,,,,,,,,,,,,,,,,,,,,,,,,,,,,,,,,,,,,,,,,,,,,,,,,,,,,,,,,,,,,,,,,,,,,,,,,,,,,,,,,,,,,,,,,,,,,,,JO,JAO,CMK
0,1,yes,,4542,10.1186/1471-2148-8-309,Pombi,Chromosomal plasticity and evolutionary potential in the malaria vector Anopheles gambiae sensu stricto: insights from three decades of rare paracentric inversions,BMC Evolutionary Biology,2008,yes,no,none,,,,Ghana,Navrongo,10.884,-1.085,,,,,,,,,,,,,,,,no,no,point,*encarta,Not Specified,Not Specified,"Not Listed-Paper coords are (10.8833, -1.0833).",n.a.,,,,,,,,,,,,,,,,,,,1992,1992,,,,,,GAMBIAE COMPLEX,gambiae s.s.,,morph,cell/chromo,,,,,,,,,,,,,,,,,,,,,,,,,,,,,,,,,,,,,,,,,,,,,,,,,,,,,,,,,,,,,,,,,,,,,,,,,,,,,,,,,,,,,,,,,,,,,,,,,,,,,,,,,,,,,,,,,,,,,,,,,,,,,,,,,,,,,,,,,,,,,,,,,,,,,,,,,,,,,,,,,,,,,,,,,,,,,,,,,,,,,,,,,,,,,,,,,,,,,,,,,,,,,,,,,,,,,,,,,,,,,,,JO,JAO,CMK
0,1,yes,,4542,10.1186/1471-2148-8-309,Pombi,Chromosomal plasticity and evolutionary potential in the malaria vector Anopheles gambiae sensu stricto: insights from three decades of rare paracentric inversions,BMC Evolutionary Biology,2008,yes,no,none,,,,Togo,Kantindi,10.899,0.283,,,,,,,,,,,,,,,,no,no,point,*encarta,Not Specified,Not Specified,"Not Listed- Paper coords are (10.900, 0.2833).",n.a.,,,,,,,,,,,,,,,,,,,1987,1987,,,,,,GAMBIAE COMPLEX,gambiae s.s.,,morph,cell/chromo,,,,,,,,,,,,,,,,,,,,,,,,,,,,,,,,,,,,,,,,,,,,,,,,,,,,,,,,,,,,,,,,,,,,,,,,,,,,,,,,,,,,,,,,,,,,,,,,,,,,,,,,,,,,,,,,,,,,,,,,,,,,,,,,,,,,,,,,,,,,,,,,,,,,,,,,,,,,,,,,,,,,,,,,,,,,,,,,,,,,,,,,,,,,,,,,,,,,,,,,,,,,,,,,,,,,,,,,,,,,,,,JO,JAO,CMK
0,1,yes,,4542,10.1186/1471-2148-8-309,Pombi,Chromosomal plasticity and evolutionary potential in the malaria vector Anopheles gambiae sensu stricto: insights from three decades of rare paracentric inversions,BMC Evolutionary Biology,2008,yes,no,none,,,,Benin,Serou,9.7,1.667,,,,,,,,,,,,,,,,no,no,point,paper/map,Not Specified,Not Specified,"Not Listed- found 3 sites in encarta that match our site name, but none of the coords came close to the one's from the paper, and there in no auxilliary info, so used paper coords. They fall within the countries boundaries. (coords in paper (9.7, 1.6667) fall on the town of Djougou, which according to GNS is the seat of a first order administrative division, so it looks like paper has just given coords of regional capital. 25km to the North West of coords is found Segoua, 9.884, -1.483, which are probably the coords for this site, but as I'm not certain I've left blank (EH))",n.a.,,,,,,,,,,,,,,,,,,,1986,1986,,,,,,GAMBIAE COMPLEX,gambiae s.s.,,morph,cell/chromo,,,,,,,,,,,,,,,,,,,,,,,,,,,,,,,,,,,,,,,,,,,,,,,,,,,,,,,,,,,,,,,,,,,,,,,,,,,,,,,,,,,,,,,,,,,,,,,,,,,,,,,,,,,,,,,,,,,,,,,,,,,,,,,,,,,,,,,,,,,,,,,,,,,,,,,,,,,,,,,,,,,,,,,,,,,,,,,,,,,,,,,,,,,,,,,,,,,,,,,,,,,,,,,,,,,,,,,,,,,,,,,JO,JAO,CMK
0,1,yes,,4542,10.1186/1471-2148-8-309,Pombi,Chromosomal plasticity and evolutionary potential in the malaria vector Anopheles gambiae sensu stricto: insights from three decades of rare paracentric inversions,BMC Evolutionary Biology,2008,yes,no,none,,,,Benin,Kpassa,9.2833,2.7167,,,,,,,,,,,,,,,,no,no,point,other,Not Specified,Not Specified,"Not Listed- not found in all the geo-ref sources. Used paper coords, They fall within the countries boundaries. (coords in paper (9.2833, 2.6667) fall close to Parakou, another seat of a first order administration. Coords in Pazou et al., 2006 (http://www.sciencedirect.com/science?_ob=MImg&_imagekey=B6V7X-4JG5FGD-1-C&_cdi=5854&_user=126524&_orig=search&_coverDate=07%2F31%2F2006&_sk=999679994&view=c&wchp=dGLzVlz-zSkWz&md5=cd51c3bff8c543862e3b2b2a3ed8e24a&ie=/sdarticle.pdf) are similar to coords in this pdf (9.2833, 2.7167), and judging by coords in Pazou et al. for Beterou (9.2, 2.2667) compared to encarta (9.191, 2.261) I believe the coords in Pazou et al. are likely to be accurate (EH))",n.a.,,,,,,,,,,,,,,,,,,,1986,1986,,,,,,GAMBIAE COMPLEX,gambiae s.s.,,morph,cell/chromo,,,,,,,,,,,,,,,,,,,,,,,,,,,,,,,,,,,,,,,,,,,,,,,,,,,,,,,,,,,,,,,,,,,,,,,,,,,,,,,,,,,,,,,,,,,,,,,,,,,,,,,,,,,,,,,,,,,,,,,,,,,,,,,,,,,,,,,,,,,,,,,,,,,,,,,,,,,,,,,,,,,,,,,,,,,,,,,,,,,,,,,,,,,,,,,,,,,,,,,,,,,,,,,,,,,,,,,,,,,,,,,JO,JAO,CMK
0,1,yes,,4542,10.1186/1471-2148-8-309,Pombi,Chromosomal plasticity and evolutionary potential in the malaria vector Anopheles gambiae sensu stricto: insights from three decades of rare paracentric inversions,BMC Evolutionary Biology,2008,yes,no,none,,,,Benin,Tounga,11.85,3.383,,,,,,,,,,,,,,,,no,no,point,paper/map,Not Specified,Not Specified,"Not Listed- not found in all the geo-ref sources. Used paper coords, They fall within the countries boundaries. (paper coords are 11.85, 3.3833. No Toungas found in Benin, but multiple sites near these coords with Tounga in, namely (from encarta) Gabe-Tounga; 11.683, 3.583, Issaka-Tounga; 11.8, 3.516, Bagouri-Tounga; 11.833, 3.45 and (from GNS) Gadi-Tounga; 11.6772, 3.5695. Bagouri-Tounga is <8km away, but Issaka-Tounga is only <16km away, so I'm not sure if it's appropriate to choose Bagouri-Tounga. Therefore have left blank (EH))",n.a.,,,,,,,,,,,,,,,,,,,1986,1986,,,,,,GAMBIAE COMPLEX,gambiae s.s.,,morph,cell/chromo,,,,,,,,,,,,,,,,,,,,,,,,,,,,,,,,,,,,,,,,,,,,,,,,,,,,,,,,,,,,,,,,,,,,,,,,,,,,,,,,,,,,,,,,,,,,,,,,,,,,,,,,,,,,,,,,,,,,,,,,,,,,,,,,,,,,,,,,,,,,,,,,,,,,,,,,,,,,,,,,,,,,,,,,,,,,,,,,,,,,,,,,,,,,,,,,,,,,,,,,,,,,,,,,,,,,,,,,,,,,,,,JO,JAO,CMK
0,1,yes,,4542,10.1186/1471-2148-8-309,Pombi,Chromosomal plasticity and evolutionary potential in the malaria vector Anopheles gambiae sensu stricto: insights from three decades of rare paracentric inversions,BMC Evolutionary Biology,2008,yes,no,none,,,,Sao Tome and Principe,Riboque,0.2,6.6,,,,,,,,,,,,,,,,yes,no,point,paper/map,Not Specified,Not Specified,"Paper coords are (0.2000, 6.6000). (coords in Site ID (0.335, 6.746) are a good match for map in pdf 593, but unable to narrow down site further (EH))",n.a.,,,,,,,,,,,,,,,,,,,1997,1997,,,,,,GAMBIAE COMPLEX,gambiae s.s.,,morph,cell/chromo,,,,,,,,,,,,,,,,,,,,,,,,,,,,,,,,,,,,,,,,,,,,,,,,,,,,,,,,,,,,,,,,,,,,,,,,,,,,,,,,,,,,,,,,,,,,,,,,,,,,,,,,,,,,,,,,,,,,,,,,,,,,,,,,,,,,,,,,,,,,,,,,,,,,,,,,,,,,,,,,,,,,,,,,,,,,,,,,,,,,,,,,,,,,,,,,,,,,,,,,,,,,,,,,,,,,,,,,,,,,,,,JO,JAO,CMK
0,1,yes,,4542,10.1186/1471-2148-8-309,Pombi,Chromosomal plasticity and evolutionary potential in the malaria vector Anopheles gambiae sensu stricto: insights from three decades of rare paracentric inversions,BMC Evolutionary Biology,2008,yes,no,none,,,,Cameroon,Dombe,2.95,9.916,,,,,,,,,,,,,,,,no,no,point,*encarta,Not Specified,Not Specified,"Not Listed- Paper coords are (2.9500, 9.9333) close match to encarta's. ",n.a.,,,,,,,,,,,,,,,,,,,2005,2005,,,,,,GAMBIAE COMPLEX,gambiae s.s.,,morph,cell/chromo,,,,,,,,,,,,,,,,,,,,,,,,,,,,,,,,,,,,,,,,,,,,,,,,,,,,,,,,,,,,,,,,,,,,,,,,,,,,,,,,,,,,,,,,,,,,,,,,,,,,,,,,,,,,,,,,,,,,,,,,,,,,,,,,,,,,,,,,,,,,,,,,,,,,,,,,,,,,,,,,,,,,,,,,,,,,,,,,,,,,,,,,,,,,,,,,,,,,,,,,,,,,,,,,,,,,,,,,,,,,,,,JO,JAO,CMK
0,1,yes,,4542,10.1186/1471-2148-8-309,Pombi,Chromosomal plasticity and evolutionary potential in the malaria vector Anopheles gambiae sensu stricto: insights from three decades of rare paracentric inversions,BMC Evolutionary Biology,2008,yes,no,none,,,,Cameroon,Nlozok,2.85,10.5,,,,,,,,,,,,,,,,no,no,point,paper/map,Not Specified,Not Specified,"Not Listed-Site not found in all geo-ref sources. (paper coords are 2.85, 10.5, but should try and confirm first, due to problems with other coords, e.g. Riboque (EH))",n.a.,,,,,,,,,,,,,,,,,,,2005,2005,,,,,,GAMBIAE COMPLEX,gambiae s.s.,,morph,cell/chromo,,,,,,,,,,,,,,,,,,,,,,,,,,,,,,,,,,,,,,,,,,,,,,,,,,,,,,,,,,,,,,,,,,,,,,,,,,,,,,,,,,,,,,,,,,,,,,,,,,,,,,,,,,,,,,,,,,,,,,,,,,,,,,,,,,,,,,,,,,,,,,,,,,,,,,,,,,,,,,,,,,,,,,,,,,,,,,,,,,,,,,,,,,,,,,,,,,,,,,,,,,,,,,,,,,,,,,,,,,,,,,,JO,JAO,CMK
0,1,yes,,4542,10.1186/1471-2148-8-309,Pombi,Chromosomal plasticity and evolutionary potential in the malaria vector Anopheles gambiae sensu stricto: insights from three decades of rare paracentric inversions,BMC Evolutionary Biology,2008,yes,no,none,,,,Cameroon,Ebebda,4.349,11.266,,,,,,,,,,,,,,,,no,no,point,*encarta,Not Specified,Not Specified,"Not Listed-Site not found in all geo-ref sources. (both Ebebda I (4.333, 11.282) and Ebebda II (4.349, 11.266) found in encarta, but coords for Ebebda II are used as they match the coords in the paper (4.35, 11.2667) almost exactly (EH))",n.a.,,,,,,,,,,,,,,,,,,,2000,2000,,,,,,GAMBIAE COMPLEX,gambiae s.s.,,morph,cell/chromo,,,,,,,,,,,,,,,,,,,,,,,,,,,,,,,,,,,,,,,,,,,,,,,,,,,,,,,,,,,,,,,,,,,,,,,,,,,,,,,,,,,,,,,,,,,,,,,,,,,,,,,,,,,,,,,,,,,,,,,,,,,,,,,,,,,,,,,,,,,,,,,,,,,,,,,,,,,,,,,,,,,,,,,,,,,,,,,,,,,,,,,,,,,,,,,,,,,,,,,,,,,,,,,,,,,,,,,,,,,,,,,JO,JAO,CMK
0,1,yes,,4542,10.1186/1471-2148-8-309,Pombi,Chromosomal plasticity and evolutionary potential in the malaria vector Anopheles gambiae sensu stricto: insights from three decades of rare paracentric inversions,BMC Evolutionary Biology,2008,yes,no,none,,,,Cameroon,Nkolbisson,3.87,11.45,,,,,,,,,,,,,,,,no,no,point,paper/map,Not Specified,Not Specified,"Paper coords are (3.8667, 11.4500). (site ID coords are from encarta, and are 3.867, 11.45, and are very close to coords in paper. Found as Nkolbison in encarta. Another Nkolbison found at 3.85, 11.616, but is not as good a match (EH))",n.a.,,,,,,,,,,,,,,,,,,,1992,1992,,,,,,GAMBIAE COMPLEX,gambiae s.s.,,morph,cell/chromo,,,,,,,,,,,,,,,,,,,,,,,,,,,,,,,,,,,,,,,,,,,,,,,,,,,,,,,,,,,,,,,,,,,,,,,,,,,,,,,,,,,,,,,,,,,,,,,,,,,,,,,,,,,,,,,,,,,,,,,,,,,,,,,,,,,,,,,,,,,,,,,,,,,,,,,,,,,,,,,,,,,,,,,,,,,,,,,,,,,,,,,,,,,,,,,,,,,,,,,,,,,,,,,,,,,,,,,,,,,,,,,JO,JAO,CMK
0,1,yes,,4542,10.1186/1471-2148-8-309,Pombi,Chromosomal plasticity and evolutionary potential in the malaria vector Anopheles gambiae sensu stricto: insights from three decades of rare paracentric inversions,BMC Evolutionary Biology,2008,yes,no,none,,,,Cameroon,Bankim,6.086,11.486,,,,,,,,,,,,,,,,no,no,point,*encarta,Not Specified,Not Specified,"Not Listed-Site not found in all geo-ref sources. (found as Kimi in encarta, which GNS confirms is an alt name for Bankim. Paper coords are 6.0833, 11.4833 (EH))",n.a.,,,,,,,,,,,,,,,,,,,2001,2001,,,,,,GAMBIAE COMPLEX,gambiae s.s.,,morph,cell/chromo,,,,,,,,,,,,,,,,,,,,,,,,,,,,,,,,,,,,,,,,,,,,,,,,,,,,,,,,,,,,,,,,,,,,,,,,,,,,,,,,,,,,,,,,,,,,,,,,,,,,,,,,,,,,,,,,,,,,,,,,,,,,,,,,,,,,,,,,,,,,,,,,,,,,,,,,,,,,,,,,,,,,,,,,,,,,,,,,,,,,,,,,,,,,,,,,,,,,,,,,,,,,,,,,,,,,,,,,,,,,,,,JO,JAO,CMK
0,1,yes,,4542,10.1186/1471-2148-8-309,Pombi,Chromosomal plasticity and evolutionary potential in the malaria vector Anopheles gambiae sensu stricto: insights from three decades of rare paracentric inversions,BMC Evolutionary Biology,2008,yes,no,none,,,,Cameroon,Abang,3.383,11.532,,,,,,,,,,,,,,,,no,no,point,*encarta,Not Specified,Not Specified,"Not Listed-9 matches found in encarta, but none of the coords come close to the ones given on paper, anxilliary. (coords in paper are 3.4, 11.5167, and are a good match (<3km from) for coords in paper (EH))",n.a.,,,,,,,,,,,,,,,,,,,2005,2005,,,,,,GAMBIAE COMPLEX,gambiae s.s.,,morph,cell/chromo,,,,,,,,,,,,,,,,,,,,,,,,,,,,,,,,,,,,,,,,,,,,,,,,,,,,,,,,,,,,,,,,,,,,,,,,,,,,,,,,,,,,,,,,,,,,,,,,,,,,,,,,,,,,,,,,,,,,,,,,,,,,,,,,,,,,,,,,,,,,,,,,,,,,,,,,,,,,,,,,,,,,,,,,,,,,,,,,,,,,,,,,,,,,,,,,,,,,,,,,,,,,,,,,,,,,,,,,,,,,,,,JO,JAO,CMK
0,1,yes,,4542,10.1186/1471-2148-8-309,Pombi,Chromosomal plasticity and evolutionary potential in the malaria vector Anopheles gambiae sensu stricto: insights from three decades of rare paracentric inversions,BMC Evolutionary Biology,2008,yes,no,none,,,,Cameroon,Obala,4.164,11.533,,,,,,,,,,,,,,,,no,no,point,*encarta,Not Specified,Not Specified,"(paper coords are 3.8667, 11.5167, circa 35km away from encarta position, but this is the only Obala to be found, and based on the previous accuracy of some coords is probably correct (EH))",n.a.,,,,,,,,,,,,,,,,,,,2000,2000,,,,,,GAMBIAE COMPLEX,gambiae s.s.,,morph,cell/chromo,,,,,,,,,,,,,,,,,,,,,,,,,,,,,,,,,,,,,,,,,,,,,,,,,,,,,,,,,,,,,,,,,,,,,,,,,,,,,,,,,,,,,,,,,,,,,,,,,,,,,,,,,,,,,,,,,,,,,,,,,,,,,,,,,,,,,,,,,,,,,,,,,,,,,,,,,,,,,,,,,,,,,,,,,,,,,,,,,,,,,,,,,,,,,,,,,,,,,,,,,,,,,,,,,,,,,,,,,,,,,,,JO,JAO,CMK
0,1,yes,,4542,10.1186/1471-2148-8-309,Pombi,Chromosomal plasticity and evolutionary potential in the malaria vector Anopheles gambiae sensu stricto: insights from three decades of rare paracentric inversions,BMC Evolutionary Biology,2008,yes,no,none,,,,Cameroon,Odza,3.7999,11.533,,,,,,,,,,,,,,,,no,no,point,*encarta,Not Specified,Not Specified,"Not Listed-Site not found in all geo-ref sources. (site found as Odza II in encarta. Odza or Odza I found in GNS at 3.7833, 11.5333, but was not as good a match for the paper coords (3.8, 11.5161) as Odza II (EH))",n.a.,,,,,,,,,,,,,,,,,,,2005,2005,,,,,,GAMBIAE COMPLEX,gambiae s.s.,,morph,cell/chromo,,,,,,,,,,,,,,,,,,,,,,,,,,,,,,,,,,,,,,,,,,,,,,,,,,,,,,,,,,,,,,,,,,,,,,,,,,,,,,,,,,,,,,,,,,,,,,,,,,,,,,,,,,,,,,,,,,,,,,,,,,,,,,,,,,,,,,,,,,,,,,,,,,,,,,,,,,,,,,,,,,,,,,,,,,,,,,,,,,,,,,,,,,,,,,,,,,,,,,,,,,,,,,,,,,,,,,,,,,,,,,,JO,JAO,CMK
0,1,yes,,4542,10.1186/1471-2148-8-309,Pombi,Chromosomal plasticity and evolutionary potential in the malaria vector Anopheles gambiae sensu stricto: insights from three decades of rare paracentric inversions,BMC Evolutionary Biology,2008,yes,no,none,,,,Cameroon,Yaounde,3.871,11.517,,,,,,,,,,,,,,,,no,no,point,*encarta,Not Specified,Not Specified,"Not Listed-Paper coords are (3.8667, 11.5167).",n.a.,,,,,,,,,,,,,,,,,,,1987,1987,,,,,,GAMBIAE COMPLEX,gambiae s.s.,,morph,cell/chromo,,,,,,,,,,,,,,,,,,,,,,,,,,,,,,,,,,,,,,,,,,,,,,,,,,,,,,,,,,,,,,,,,,,,,,,,,,,,,,,,,,,,,,,,,,,,,,,,,,,,,,,,,,,,,,,,,,,,,,,,,,,,,,,,,,,,,,,,,,,,,,,,,,,,,,,,,,,,,,,,,,,,,,,,,,,,,,,,,,,,,,,,,,,,,,,,,,,,,,,,,,,,,,,,,,,,,,,,,,,,,,,JO,JAO,CMK
0,1,yes,,4542,10.1186/1471-2148-8-309,Pombi,Chromosomal plasticity and evolutionary potential in the malaria vector Anopheles gambiae sensu stricto: insights from three decades of rare paracentric inversions,BMC Evolutionary Biology,2008,yes,no,none,,,,Cameroon,Tibati,6.466,12.623,,,,,,,,,,,,,,,,no,no,point,*encarta,Not Specified,Not Specified,"Not Listed- Paper coords are (6.4833, 12.600).",n.a.,,,,,,,,,,,,,,,,,,,2001,2001,,,,,,GAMBIAE COMPLEX,gambiae s.s.,,morph,cell/chromo,,,,,,,,,,,,,,,,,,,,,,,,,,,,,,,,,,,,,,,,,,,,,,,,,,,,,,,,,,,,,,,,,,,,,,,,,,,,,,,,,,,,,,,,,,,,,,,,,,,,,,,,,,,,,,,,,,,,,,,,,,,,,,,,,,,,,,,,,,,,,,,,,,,,,,,,,,,,,,,,,,,,,,,,,,,,,,,,,,,,,,,,,,,,,,,,,,,,,,,,,,,,,,,,,,,,,,,,,,,,,,,JO,JAO,CMK
0,1,yes,,4542,10.1186/1471-2148-8-309,Pombi,Chromosomal plasticity and evolutionary potential in the malaria vector Anopheles gambiae sensu stricto: insights from three decades of rare paracentric inversions,BMC Evolutionary Biology,2008,yes,no,none,,,,Cameroon,Tibati,6.466,12.623,,,,,,,,,,,,,,,,no,no,point,paper/map,Not Specified,Not Specified,,n.a.,,,,,,,,,,,,,,,,,,,2002,2003,,,,,,GAMBIAE COMPLEX,gambiae s.s.,,morph,cell/chromo,,,,,,,,,,,,,,,,,,,,,,,,,,,,,,,,,,,,,,,,,,,,,,,,,,,,,,,,,,,,,,,,,,,,,,,,,,,,,,,,,,,,,,,,,,,,,,,,,,,,,,,,,,,,,,,,,,,,,,,,,,,,,,,,,,,,,,,,,,,,,,,,,,,,,,,,,,,,,,,,,,,,,,,,,,,,,,,,,,,,,,,,,,,,,,,,,,,,,,,,,,,,,,,,,,,,,,,,,,,,,,,JO,JAO,CMK
0,1,yes,,4542,10.1186/1471-2148-8-309,Pombi,Chromosomal plasticity and evolutionary potential in the malaria vector Anopheles gambiae sensu stricto: insights from three decades of rare paracentric inversions,BMC Evolutionary Biology,2008,yes,no,none,,,,Cameroon,Tibati,6.466,12.623,,,,,,,,,,,,,,,,no,no,point,paper/map,Not Specified,Not Specified,,n.a.,,,,,,,,,,,,,,,,,,,2005,2005,,,,,,GAMBIAE COMPLEX,gambiae s.s.,,morph,cell/chromo,,,,,,,,,,,,,,,,,,,,,,,,,,,,,,,,,,,,,,,,,,,,,,,,,,,,,,,,,,,,,,,,,,,,,,,,,,,,,,,,,,,,,,,,,,,,,,,,,,,,,,,,,,,,,,,,,,,,,,,,,,,,,,,,,,,,,,,,,,,,,,,,,,,,,,,,,,,,,,,,,,,,,,,,,,,,,,,,,,,,,,,,,,,,,,,,,,,,,,,,,,,,,,,,,,,,,,,,,,,,,,,JO,JAO,CMK
0,1,yes,,4542,10.1186/1471-2148-8-309,Pombi,Chromosomal plasticity and evolutionary potential in the malaria vector Anopheles gambiae sensu stricto: insights from three decades of rare paracentric inversions,BMC Evolutionary Biology,2008,yes,no,none,,,,Cameroon,Malarba Beka/Febadi,6.36,13.067,,,,,,,,,,,,,,,,no,no,point,paper/map,Not Specified,Not Specified,"Not Listed- not found in all the geo-ref sources. Used paper coords, They fall within the countries boundaries. (due to previous inaccuracies, have been cautious about using paper coords. Also, this location might be comprised of two siets (Malarba Beka and Febadi) or one site with alternative names, but am unable to find either. Found a Malarba and numerous Bekas, but none near coords given in paper (6.6, 13.0667) (EH))",n.a.,,,,,,,,,,,,,,,,,,,2005,2005,,,,,,GAMBIAE COMPLEX,gambiae s.s.,,morph,cell/chromo,,,,,,,,,,,,,,,,,,,,,,,,,,,,,,,,,,,,,,,,,,,,,,,,,,,,,,,,,,,,,,,,,,,,,,,,,,,,,,,,,,,,,,,,,,,,,,,,,,,,,,,,,,,,,,,,,,,,,,,,,,,,,,,,,,,,,,,,,,,,,,,,,,,,,,,,,,,,,,,,,,,,,,,,,,,,,,,,,,,,,,,,,,,,,,,,,,,,,,,,,,,,,,,,,,,,,,,,,,,,,,,JO,JAO,CMK
0,1,yes,,4542,10.1186/1471-2148-8-309,Pombi,Chromosomal plasticity and evolutionary potential in the malaria vector Anopheles gambiae sensu stricto: insights from three decades of rare paracentric inversions,BMC Evolutionary Biology,2008,yes,no,none,,,,Cameroon,Lainde Mbana,9.116,13.5,,,,,,,,,,,,,,,,no,no,point,paper/map,Not Specified,Not Specified,"Not Listed- Found 2 matches in encarta, but none of the coords come close to the paper ones. Used paper coords, They fall within the countries boundaries. (coords in paper are 9.1167, 13.5. Lainde found in encarta at 9.334, 13.416, circa 25km from coords in paper, and Lainde Bani found at 9.184, 14.017, <60km from coords in paper. Lainde is closer, but Lainde Bani is more similar in name, or neither of them could be correct, so have left blank to hopefully follow up later (EH))",n.a.,,,,,,,,,,,,,,,,,,,2005,2005,,,,,,GAMBIAE COMPLEX,gambiae s.s.,,morph,cell/chromo,,,,,,,,,,,,,,,,,,,,,,,,,,,,,,,,,,,,,,,,,,,,,,,,,,,,,,,,,,,,,,,,,,,,,,,,,,,,,,,,,,,,,,,,,,,,,,,,,,,,,,,,,,,,,,,,,,,,,,,,,,,,,,,,,,,,,,,,,,,,,,,,,,,,,,,,,,,,,,,,,,,,,,,,,,,,,,,,,,,,,,,,,,,,,,,,,,,,,,,,,,,,,,,,,,,,,,,,,,,,,,,JO,JAO,CMK
0,1,yes,,4542,10.1186/1471-2148-8-309,Pombi,Chromosomal plasticity and evolutionary potential in the malaria vector Anopheles gambiae sensu stricto: insights from three decades of rare paracentric inversions,BMC Evolutionary Biology,2008,yes,no,none,,,,Cameroon,Ndjola Kaesiki,9.083,13.5,,,,,,,,,,,,,,,,no,no,point,paper/map,Not Specified,Not Specified,"Not Listed- not found in all the geo-ref sources. Used paper coords, They fall within the countries boundaries. (paper coords are 9.0833, 13.5, but due to previous inconsistencies have left blank. It should be noted that many of the previous coords given in the paper have been accurate, so these may be too, it's just that the inability to be certain means that I've left blank (EH))",n.a.,,,,,,,,,,,,,,,,,,,2005,2005,,,,,,GAMBIAE COMPLEX,gambiae s.s.,,morph,cell/chromo,,,,,,,,,,,,,,,,,,,,,,,,,,,,,,,,,,,,,,,,,,,,,,,,,,,,,,,,,,,,,,,,,,,,,,,,,,,,,,,,,,,,,,,,,,,,,,,,,,,,,,,,,,,,,,,,,,,,,,,,,,,,,,,,,,,,,,,,,,,,,,,,,,,,,,,,,,,,,,,,,,,,,,,,,,,,,,,,,,,,,,,,,,,,,,,,,,,,,,,,,,,,,,,,,,,,,,,,,,,,,,,JO,JAO,CMK
0,1,yes,,4542,10.1186/1471-2148-8-309,Pombi,Chromosomal plasticity and evolutionary potential in the malaria vector Anopheles gambiae sensu stricto: insights from three decades of rare paracentric inversions,BMC Evolutionary Biology,2008,yes,no,none,,,,Cameroon,Sanguere Ngal,9.266,13.467,,,,,,,,,,,,,,,,no,no,point,*encarta,Not Specified,Not Specified,"Not Listed- paper coords are (9.250, 13.500) which are a close match to encarta's.",n.a.,,,,,,,,,,,,,,,,,,,2005,2005,,,,,,GAMBIAE COMPLEX,gambiae s.s.,,morph,cell/chromo,,,,,,,,,,,,,,,,,,,,,,,,,,,,,,,,,,,,,,,,,,,,,,,,,,,,,,,,,,,,,,,,,,,,,,,,,,,,,,,,,,,,,,,,,,,,,,,,,,,,,,,,,,,,,,,,,,,,,,,,,,,,,,,,,,,,,,,,,,,,,,,,,,,,,,,,,,,,,,,,,,,,,,,,,,,,,,,,,,,,,,,,,,,,,,,,,,,,,,,,,,,,,,,,,,,,,,,,,,,,,,,JO,JAO,CMK
0,1,yes,,4542,10.1186/1471-2148-8-309,Pombi,Chromosomal plasticity and evolutionary potential in the malaria vector Anopheles gambiae sensu stricto: insights from three decades of rare paracentric inversions,BMC Evolutionary Biology,2008,yes,no,none,,,,Cameroon,Djamboutou,8.583,13.516,,,,,,,,,,,,,,,,no,no,point,*encarta,Not Specified,Not Specified,"Not Listed- paper coords are (8.5833, 13.5167) which match encarta's exactly.",n.a.,,,,,,,,,,,,,,,,,,,2005,2005,,,,,,GAMBIAE COMPLEX,gambiae s.s.,,morph,cell/chromo,,,,,,,,,,,,,,,,,,,,,,,,,,,,,,,,,,,,,,,,,,,,,,,,,,,,,,,,,,,,,,,,,,,,,,,,,,,,,,,,,,,,,,,,,,,,,,,,,,,,,,,,,,,,,,,,,,,,,,,,,,,,,,,,,,,,,,,,,,,,,,,,,,,,,,,,,,,,,,,,,,,,,,,,,,,,,,,,,,,,,,,,,,,,,,,,,,,,,,,,,,,,,,,,,,,,,,,,,,,,,,,JO,JAO,CMK
0,1,yes,,4542,10.1186/1471-2148-8-309,Pombi,Chromosomal plasticity and evolutionary potential in the malaria vector Anopheles gambiae sensu stricto: insights from three decades of rare paracentric inversions,BMC Evolutionary Biology,2008,yes,no,none,,,,Cameroon,Mayo Diarani,7.3,13.55,,,,,,,,,,,,,,,,no,no,point,paper/map,Not Specified,Not Specified,"Not Listed- not found in all the geo-ref sources. Used paper coords, They fall within the countries boundaries. (paper coords are 7.3, 13.55, but due to previous inconsistencies have left blank. It should be noted that many of the previous coords given in the paper have been accurate, so these may be too, it's just that the inability to be certain means that I've left blank (EH))",n.a.,,,,,,,,,,,,,,,,,,,2005,2005,,,,,,GAMBIAE COMPLEX,gambiae s.s.,,morph,cell/chromo,,,,,,,,,,,,,,,,,,,,,,,,,,,,,,,,,,,,,,,,,,,,,,,,,,,,,,,,,,,,,,,,,,,,,,,,,,,,,,,,,,,,,,,,,,,,,,,,,,,,,,,,,,,,,,,,,,,,,,,,,,,,,,,,,,,,,,,,,,,,,,,,,,,,,,,,,,,,,,,,,,,,,,,,,,,,,,,,,,,,,,,,,,,,,,,,,,,,,,,,,,,,,,,,,,,,,,,,,,,,,,,JO,JAO,CMK
0,1,yes,,4542,10.1186/1471-2148-8-309,Pombi,Chromosomal plasticity and evolutionary potential in the malaria vector Anopheles gambiae sensu stricto: insights from three decades of rare paracentric inversions,BMC Evolutionary Biology,2008,yes,no,none,,,,Cameroon,Djet,7.817,13.583,,,,,,,,,,,,,,,,no,no,point,paper/map,Not Specified,Not Specified,"Not Listed- not found in all the geo-ref sources. Used paper coords, They fall within the countries boundaries. (paper coords are 7.8167, 13.5833, but due to previous inconsistencies have left blank. It should be noted that many of the previous coords given in the paper have been accurate, so these may be too, it's just that the inability to be certain means that I've left blank (EH))",n.a.,,,,,,,,,,,,,,,,,,,2005,2005,,,,,,GAMBIAE COMPLEX,gambiae s.s.,,morph,cell/chromo,,,,,,,,,,,,,,,,,,,,,,,,,,,,,,,,,,,,,,,,,,,,,,,,,,,,,,,,,,,,,,,,,,,,,,,,,,,,,,,,,,,,,,,,,,,,,,,,,,,,,,,,,,,,,,,,,,,,,,,,,,,,,,,,,,,,,,,,,,,,,,,,,,,,,,,,,,,,,,,,,,,,,,,,,,,,,,,,,,,,,,,,,,,,,,,,,,,,,,,,,,,,,,,,,,,,,,,,,,,,,,,JO,JAO,CMK
0,1,yes,,4542,10.1186/1471-2148-8-309,Pombi,Chromosomal plasticity and evolutionary potential in the malaria vector Anopheles gambiae sensu stricto: insights from three decades of rare paracentric inversions,BMC Evolutionary Biology,2008,yes,no,none,,,,Cameroon,Mayo Sala,8.75,13.6667,,,,,,,,,,,,,,,,no,no,point,other,Not Specified,Not Specified,"Not Listed- not found in all the geo-ref sources. Used paper coords, They fall within the countries boundaries. (coords in paper are 8.5, 13.65. Coords in other sources are 8.75, 13.6 (http://www.yr.no/place/Cameroon/Other/Mayo_Sala/), and 8.75, 13.6667 (http://travelingluck.com/Africa/Cameroon/Cameroon+(general)/_2222314_Mayo+Sala.html#local_map , http://www.traveljournals.net/explore/cameroon/map/m4455230/mayo_sala.html and other sources) circa 30km away. As 8.75, 13.6667 are the coords most frequently given, those are the coords I've used (EH))",n.a.,,,,,,,,,,,,,,,,,,,2005,2005,,,,,,GAMBIAE COMPLEX,gambiae s.s.,,morph,cell/chromo,,,,,,,,,,,,,,,,,,,,,,,,,,,,,,,,,,,,,,,,,,,,,,,,,,,,,,,,,,,,,,,,,,,,,,,,,,,,,,,,,,,,,,,,,,,,,,,,,,,,,,,,,,,,,,,,,,,,,,,,,,,,,,,,,,,,,,,,,,,,,,,,,,,,,,,,,,,,,,,,,,,,,,,,,,,,,,,,,,,,,,,,,,,,,,,,,,,,,,,,,,,,,,,,,,,,,,,,,,,,,,,JO,JAO,CMK
0,1,yes,,4542,10.1186/1471-2148-8-309,Pombi,Chromosomal plasticity and evolutionary potential in the malaria vector Anopheles gambiae sensu stricto: insights from three decades of rare paracentric inversions,BMC Evolutionary Biology,2008,yes,no,none,,,,Cameroon,Sakdje,8.18,13.783,,,,,,,,,,,,,,,,no,no,point,*encarta,Not Specified,Not Specified,"Not Listed- not found in all the geo-ref sources. Used paper coords, They fall within the countries boundaries. (found as Sakje in encarta, and Sakhje in fallingrain (at slightly different 8.2, 13.7667). Coords in paper are 8.2667, 13.7667 (EH))",n.a.,,,,,,,,,,,,,,,,,,,2005,2005,,,,,,GAMBIAE COMPLEX,gambiae s.s.,,morph,cell/chromo,,,,,,,,,,,,,,,,,,,,,,,,,,,,,,,,,,,,,,,,,,,,,,,,,,,,,,,,,,,,,,,,,,,,,,,,,,,,,,,,,,,,,,,,,,,,,,,,,,,,,,,,,,,,,,,,,,,,,,,,,,,,,,,,,,,,,,,,,,,,,,,,,,,,,,,,,,,,,,,,,,,,,,,,,,,,,,,,,,,,,,,,,,,,,,,,,,,,,,,,,,,,,,,,,,,,,,,,,,,,,,,JO,JAO,CMK
0,1,yes,,4542,10.1186/1471-2148-8-309,Pombi,Chromosomal plasticity and evolutionary potential in the malaria vector Anopheles gambiae sensu stricto: insights from three decades of rare paracentric inversions,BMC Evolutionary Biology,2008,yes,no,none,,,,Cameroon,Bouk,8.35,13.799,,,,,,,,,,,,,,,,no,no,point,*encarta,Not Specified,Not Specified,"Not Listed- paper coords are (8.350, 13.800) which match encarta's exactly.",n.a.,,,,,,,,,,,,,,,,,,,2005,2005,,,,,,GAMBIAE COMPLEX,gambiae s.s.,,morph,cell/chromo,,,,,,,,,,,,,,,,,,,,,,,,,,,,,,,,,,,,,,,,,,,,,,,,,,,,,,,,,,,,,,,,,,,,,,,,,,,,,,,,,,,,,,,,,,,,,,,,,,,,,,,,,,,,,,,,,,,,,,,,,,,,,,,,,,,,,,,,,,,,,,,,,,,,,,,,,,,,,,,,,,,,,,,,,,,,,,,,,,,,,,,,,,,,,,,,,,,,,,,,,,,,,,,,,,,,,,,,,,,,,,,JO,JAO,CMK
0,1,yes,,4542,10.1186/1471-2148-8-309,Pombi,Chromosomal plasticity and evolutionary potential in the malaria vector Anopheles gambiae sensu stricto: insights from three decades of rare paracentric inversions,BMC Evolutionary Biology,2008,yes,no,none,,,,Cameroon,Rompo,9.75,13.966,,,,,,,,,,,,,,,,no,no,point,*encarta,Not Specified,Not Specified,"Not Listed- paper coords are (9.7667, 13.9500).",n.a.,,,,,,,,,,,,,,,,,,,2005,2005,,,,,,GAMBIAE COMPLEX,gambiae s.s.,,morph,cell/chromo,,,,,,,,,,,,,,,,,,,,,,,,,,,,,,,,,,,,,,,,,,,,,,,,,,,,,,,,,,,,,,,,,,,,,,,,,,,,,,,,,,,,,,,,,,,,,,,,,,,,,,,,,,,,,,,,,,,,,,,,,,,,,,,,,,,,,,,,,,,,,,,,,,,,,,,,,,,,,,,,,,,,,,,,,,,,,,,,,,,,,,,,,,,,,,,,,,,,,,,,,,,,,,,,,,,,,,,,,,,,,,,JO,JAO,CMK
0,1,yes,,4542,10.1186/1471-2148-8-309,Pombi,Chromosomal plasticity and evolutionary potential in the malaria vector Anopheles gambiae sensu stricto: insights from three decades of rare paracentric inversions,BMC Evolutionary Biology,2008,yes,no,none,,,,Central African Republic,Bangouma,5.634,21.65,,,,,,,,,,,,,,,,no,no,point,*encarta,Not Specified,Not Specified,"Not Listed- paper coords are (5.6333, 21.6333). (Bangouma found in encarta at 3.633, 18.017, but this is far too far from paper coords (>450km) to be correct. Bangui found at 5.634, 21.65, and since this is so close (<2km) to paper coords, I consider it likely enough to be the right site to include it (EH))",n.a.,,,,,,,,,,,,,,,,,,,1993,1994,,,,,,GAMBIAE COMPLEX,gambiae s.s.,,morph,cell/chromo,,,,,,,,,,,,,,,,,,,,,,,,,,,,,,,,,,,,,,,,,,,,,,,,,,,,,,,,,,,,,,,,,,,,,,,,,,,,,,,,,,,,,,,,,,,,,,,,,,,,,,,,,,,,,,,,,,,,,,,,,,,,,,,,,,,,,,,,,,,,,,,,,,,,,,,,,,,,,,,,,,,,,,,,,,,,,,,,,,,,,,,,,,,,,,,,,,,,,,,,,,,,,,,,,,,,,,,,,,,,,,,JO,JAO,CMK
0,1,yes,,4542,10.1186/1471-2148-8-309,Pombi,Chromosomal plasticity and evolutionary potential in the malaria vector Anopheles gambiae sensu stricto: insights from three decades of rare paracentric inversions,BMC Evolutionary Biology,2008,yes,no,none,,,,Uganda,Bumaga,0.8667,30.2,,,,,,,,,,,,,,,,no,no,point,paper,Not Specified,Not Specified,"Not Listed- site not found in all the geo-ref sources. Used paper coords, they fall within Ugandan borders. (have accepted paper coords, as multiple sources (e.g. http://www.uganda-safaris.co.ug/national-parks/semuliki-national-park.html) have stated that Bumaga is 2.5 to 3km from Sempaya, which was found to be the case (Sempaya = 0.85, 30.182, 2.83km from coords in paper (EH))",n.a.,,,,,,,,,,,,,,,,,,,1994,1994,,,,,,GAMBIAE COMPLEX,gambiae s.s.,,morph,cell/chromo,,,,,,,,,,,,,,,,,,,,,,,,,,,,,,,,,,,,,,,,,,,,,,,,,,,,,,,,,,,,,,,,,,,,,,,,,,,,,,,,,,,,,,,,,,,,,,,,,,,,,,,,,,,,,,,,,,,,,,,,,,,,,,,,,,,,,,,,,,,,,,,,,,,,,,,,,,,,,,,,,,,,,,,,,,,,,,,,,,,,,,,,,,,,,,,,,,,,,,,,,,,,,,,,,,,,,,,,,,,,,,,JO,JAO,CMK
0,1,yes,,4542,10.1186/1471-2148-8-309,Pombi,Chromosomal plasticity and evolutionary potential in the malaria vector Anopheles gambiae sensu stricto: insights from three decades of rare paracentric inversions,BMC Evolutionary Biology,2008,yes,no,none,,,,Uganda,Sempaya,0.85,30.182,,,,,,,,,,,,,,,,no,no,point,*encarta,Not Specified,Not Specified,"Not Listed- paper coords are (0.8667, 30.2000).",n.a.,,,,,,,,,,,,,,,,,,,1994,1994,,,,,,GAMBIAE COMPLEX,gambiae s.s.,,morph,cell/chromo,,,,,,,,,,,,,,,,,,,,,,,,,,,,,,,,,,,,,,,,,,,,,,,,,,,,,,,,,,,,,,,,,,,,,,,,,,,,,,,,,,,,,,,,,,,,,,,,,,,,,,,,,,,,,,,,,,,,,,,,,,,,,,,,,,,,,,,,,,,,,,,,,,,,,,,,,,,,,,,,,,,,,,,,,,,,,,,,,,,,,,,,,,,,,,,,,,,,,,,,,,,,,,,,,,,,,,,,,,,,,,,JO,JAO,CMK
0,1,yes,,4542,10.1186/1471-2148-8-309,Pombi,Chromosomal plasticity and evolutionary potential in the malaria vector Anopheles gambiae sensu stricto: insights from three decades of rare paracentric inversions,BMC Evolutionary Biology,2008,yes,no,none,,,,Kenya,Kisian,-0.0667,34.6667,,,,,,,,,,,,,,,,no,no,point,geoname,Not Specified,Not Specified,"Not Listed- could not find site in all the geo-ref sources. Falls close to Kisumu city when plotted in encarta. (coords for Kisian (market) found and used, as a market might be closer to the centre of town than a railway station (the other coords are for a railway station, -0.0667, 34.6833) and these coords have been used for Kisian before (pdf 4099). Coords in paper are -0.1, 34.75 (EH))",n.a.,,,,,,,,,,,,,,,,,,,1987,1987,,,,,,GAMBIAE COMPLEX,gambiae s.s.,,morph,cell/chromo,,,,,,,,,,,,,,,,,,,,,,,,,,,,,,,,,,,,,,,,,,,,,,,,,,,,,,,,,,,,,,,,,,,,,,,,,,,,,,,,,,,,,,,,,,,,,,,,,,,,,,,,,,,,,,,,,,,,,,,,,,,,,,,,,,,,,,,,,,,,,,,,,,,,,,,,,,,,,,,,,,,,,,,,,,,,,,,,,,,,,,,,,,,,,,,,,,,,,,,,,,,,,,,,,,,,,,,,,,,,,,,JO,JAO,CMK
0,1,yes,,4542,10.1186/1471-2148-8-309,Pombi,Chromosomal plasticity and evolutionary potential in the malaria vector Anopheles gambiae sensu stricto: insights from three decades of rare paracentric inversions,BMC Evolutionary Biology,2008,yes,no,none,,,,Mozambique,Fudimane,,,,,,,,,,,,,,,,,,no,no,point,paper/map,Not Specified,Not Specified,Not Listed- could not find site in all the geo-ref sources. ,n.a.,,,,,,,,,,,,,,,,,,,1983,1983,,,,,,GAMBIAE COMPLEX,gambiae s.s.,,morph,cell/chromo,,,,,,,,,,,,,,,,,,,,,,,,,,,,,,,,,,,,,,,,,,,,,,,,,,,,,,,,,,,,,,,,,,,,,,,,,,,,,,,,,,,,,,,,,,,,,,,,,,,,,,,,,,,,,,,,,,,,,,,,,,,,,,,,,,,,,,,,,,,,,,,,,,,,,,,,,,,,,,,,,,,,,,,,,,,,,,,,,,,,,,,,,,,,,,,,,,,,,,,,,,,,,,,,,,,,,,,,,,,,,,,JO,JAO,CMK
0,1,yes,"(paper states that adults and larvae were captured, but doesn not state how the adult sampling occurred (EH))",4543,,Paredes-Esquivel,,,2008,yes,,,,,,Thailand,Mae Sariang,,,,,,,,,,,,,,,,,,,,wide area,,Mae Hong Son,Mae Sariang,"Not Listed- Area is an admin2 so wide area. Paper coords are (18.1833, 97.9333). (paper states that coords given (and presumably the town/village mentioned) are for the nearest centre of population to the sampling area. Therefore we don't know if sampling took place over a wide area that includes these sites, or at points an unspecified distance from the sites, so therefore have left blank as we need to confirm from the authors where, precisely, sampling took place. Coords for Mae Sariang in encarta are 18.154, 97.932 (EH))",n.a.,,,,?,,Larvae,,,,,,,,,,,,,,,,,,,,barbirostris,n.a.,,morph,genetic/molecular,,,,,,,,,,,,,,,,,,,,,,,,,,,,,,,,,,,,,,,,,,,,,,,,,,,,,,,,,,,,,,,,,,,,,,,,,,,,,,,,,,,,,,,,,,,,,,,,,,,,,,,,,,,,,,,,,,,,,,,,,,,,,,,,,,,,,,,,,,,,,,,,,,,,,,,,,,,,,,,,,,,,,,,,,,,,,,,,,,,,,,,,,,,,,,,,,,,,,,,,,,,,,,,,,,,,,,,,,,,,,,,,,
0,1,yes,,4543,,Paredes-Esquivel,,,2008,yes,,,,,,Thailand,Kanchanburi,,,,,,,,,,,,,,,,,,,,wide area,,Kanchanburi,Not Specified,"Not Listed- Area is an admin1 so wide area.Paper coords are (18.1833, 97.9333). Which are actually coords for Mae Sariang. (coords from paper are the same as for the previous record. Paper gives the only site information as Kanchanburi, which the authors have italicized to indicate that they are referring to the province. Province is spelled Kanchanaburi in encarta, and centroid is the town of Kanchanaburi at 14.017, 99.532. If the site refers to the entire province area type would be large polygon (EH))",n.a.,,,,?,,Larvae,,,,,,,,,,,,,,,,,,,,barbirostris,n.a.,,morph,genetic/molecular,,,,,,,,,,,,,,,,,,,,,,,,,,,,,,,,,,,,,,,,,,,,,,,,,,,,,,,,,,,,,,,,,,,,,,,,,,,,,,,,,,,,,,,,,,,,,,,,,,,,,,,,,,,,,,,,,,,,,,,,,,,,,,,,,,,,,,,,,,,,,,,,,,,,,,,,,,,,,,,,,,,,,,,,,,,,,,,,,,,,,,,,,,,,,,,,,,,,,,,,,,,,,,,,,,,,,,,,,,,,,,,,,
0,1,yes,,4543,,Paredes-Esquivel,,,2008,yes,,,,,,Thailand,Mae Sod,,,,,,,,,,,,,,,,,,,,wide area,,Tak,Mae Sod,"Not Listed- Area is an admin2 so wide area. Paper coords are (16.7167, 98.5667). (Mae Sot found in encarta at 16.709, 98.571 (EH))",n.a.,,,,?,,Larvae,,,,,,,,,,,,,,,,,,,,barbirostris,n.a.,,morph,genetic/molecular,,,,,,,,,,,,,,,,,,,,,,,,,,,,,,,,,,,,,,,,,,,,,,,,,,,,,,,,,,,,,,,,,,,,,,,,,,,,,,,,,,,,,,,,,,,,,,,,,,,,,,,,,,,,,,,,,,,,,,,,,,,,,,,,,,,,,,,,,,,,,,,,,,,,,,,,,,,,,,,,,,,,,,,,,,,,,,,,,,,,,,,,,,,,,,,,,,,,,,,,,,,,,,,,,,,,,,,,,,,,,,,,,
0,1,yes,"Some anophelines identified morphologically in the field as An. barbumbrosus. (2 mosquitoes later identified morphologically as either An. pallicaris, An. donaldi or An. hodgkini. Further analysis of some barbirostris subgroup mosquitoes lead to identification of a group, putatively called clade IV, with morphological characteristicse of both An. barbirostris and An. campestris (EH))",4543,,Paredes-Esquivel,,,2008,yes,,,,,,Thailand,Aranyaprathet,,,,,,,,,,,,,,,,,,,,wide area,,Sa Kaeo,Aranyaprathet,"Not Listed- Area is an admin2 so wide area. Paper coords are (13.6833, 102.5000). (Aranyaprathet found in encarta at 13.686, 102.508 (EH))",n.a.,,,,?,,Larvae,,,,,,,,,,,,,,,,,,,,barbirostris,n.a.,,morph,genetic/molecular,,,,,,,,,,,,,,,,,,,,,,,,,,,,,,,,,,,,,,,,,,,,,,,,,,,,,,,,,,,,,,,,,,,,,,,,,,,,,,,,,,,,,,,,,,,,,,,,,,,,,,,,,,,,,,,,,,,,,,,,,,,,,,,,,,,,,,,,,,,,,,,,,,,,,,,,,,,,,,,,,,,,,,,,,,,,,,,,,,,,,,,,,,,,,,,,,,,,,,,,,,,,,,,,,,,,,,,,,,,,,,,,,
0,1,yes,,4543,,Paredes-Esquivel,,,2008,yes,,,,,,Thailand,Aranyaprathet,,,,,,,,,,,,,,,,,,,,wide area,,,,,n.a.,,,,?,,Larvae,,,,,,,,,,,,,,,,,,,,campestris,n.a.,,morph,genetic/molecular,,,,,,,,,,,,,,,,,,,,,,,,,,,,,,,,,,,,,,,,,,,,,,,,,,,,,,,,,,,,,,,,,,,,,,,,,,,,,,,,,,,,,,,,,,,,,,,,,,,,,,,,,,,,,,,,,,,,,,,,,,,,,,,,,,,,,,,,,,,,,,,,,,,,,,,,,,,,,,,,,,,,,,,,,,,,,,,,,,,,,,,,,,,,,,,,,,,,,,,,,,,,,,,,,,,,,,,,,,,,,,,,,
0,1,yes,"(Further analysis of some barbirostris subgroup mosquitoes lead to identification of a group, putatively called clade IV, with morphological characteristicse of both An. barbirostris and An. campestris (EH))",4543,,Paredes-Esquivel,,,2008,yes,,,,,,Thailand,Muang,,,,,,,,,,,,,,,,,,,,wide area,,Trat ,Muang,"Not Listed- site could not be found in all the geo-ref sources, plotted paper coords in encarta and they fall in the correct admin1. (a centroid for Muang Trat, an administrative division in Trat province, found in GNS at 12.3333, 102.6667. Coords in paper are 12.2333, 102.5167 (EH))",n.a.,,,,?,,Larvae,,,,,,,,,,,,,,,,,,,,barbirostris,n.a.,,morph,genetic/molecular,,,,,,,,,,,,,,,,,,,,,,,,,,,,,,,,,,,,,,,,,,,,,,,,,,,,,,,,,,,,,,,,,,,,,,,,,,,,,,,,,,,,,,,,,,,,,,,,,,,,,,,,,,,,,,,,,,,,,,,,,,,,,,,,,,,,,,,,,,,,,,,,,,,,,,,,,,,,,,,,,,,,,,,,,,,,,,,,,,,,,,,,,,,,,,,,,,,,,,,,,,,,,,,,,,,,,,,,,,,,,,,,,
0,1,yes,,4543,,Paredes-Esquivel,,,2008,yes,,,,,,Thailand,Muang,,,,,,,,,,,,,,,,,,,,wide area,,,,,n.a.,,,,?,,Larvae,,,,,,,,,,,,,,,,,,,,campestris,n.a.,,morph,genetic/molecular,,,,,,,,,,,,,,,,,,,,,,,,,,,,,,,,,,,,,,,,,,,,,,,,,,,,,,,,,,,,,,,,,,,,,,,,,,,,,,,,,,,,,,,,,,,,,,,,,,,,,,,,,,,,,,,,,,,,,,,,,,,,,,,,,,,,,,,,,,,,,,,,,,,,,,,,,,,,,,,,,,,,,,,,,,,,,,,,,,,,,,,,,,,,,,,,,,,,,,,,,,,,,,,,,,,,,,,,,,,,,,,,,
0,1,yes,"(Further analysis of some barbirostris subgroup mosquitoes lead to identification of a group, putatively called clade IV, with morphological characteristicse of both An. barbirostris and An. campestris (EH))",4543,,Paredes-Esquivel,,,2008,yes,,,,,,Indonesia,Padang,,,,,,,,,,,,,,,,,,,,wide area,,West Sumatra,Cermin-Lampung,"Not Listed- Paper coords are (3.9667, 104.0833), and are not correct, first they fall on the Northern part of the Island while the site is found in the south. (coords for Padang in encarta are -0.954, 100.352, and difference from coords in paper will have to be cleared up with contact with authors (EH))",n.a.,,,,?,,Larvae,,,,,,,,,,,,,,,,,,,,barbirostris,n.a.,,morph,genetic/molecular,,,,,,,,,,,,,,,,,,,,,,,,,,,,,,,,,,,,,,,,,,,,,,,,,,,,,,,,,,,,,,,,,,,,,,,,,,,,,,,,,,,,,,,,,,,,,,,,,,,,,,,,,,,,,,,,,,,,,,,,,,,,,,,,,,,,,,,,,,,,,,,,,,,,,,,,,,,,,,,,,,,,,,,,,,,,,,,,,,,,,,,,,,,,,,,,,,,,,,,,,,,,,,,,,,,,,,,,,,,,,,,,,
0,1,yes,,4543,,Paredes-Esquivel,,,2008,yes,,,,,,Indonesia,Pelabuhan Ratu,,,,,,,,,,,,,,,,,,,,wide area,,West Java,Sukabumi,"Not Listed- Paper coords are (6.9167, 106.9167). The whole of West Java is in the south, the paper coords are wrong. (paper coords give the lat coord as being in the northern hemisphere, rather than the southern. Pelabuhanratu found in encarta at -6.983, 106.55. Samples also taken from South Kalimantan (centroid from encarta are -3.015, 115.472, and coords from paper are 2.5, 115.4833, but should probably be -2.5, 115.4833) but the only mosquitoes that the paper states were found were the ones with the mixture of An. barbirostris and An. campestris characters (EH))",n.a.,,,,?,,Larvae,,,,,,,,,,,,,,,,,,,,barbirostris,n.a.,,morph,genetic/molecular,,,,,,,,,,,,,,,,,,,,,,,,,,,,,,,,,,,,,,,,,,,,,,,,,,,,,,,,,,,,,,,,,,,,,,,,,,,,,,,,,,,,,,,,,,,,,,,,,,,,,,,,,,,,,,,,,,,,,,,,,,,,,,,,,,,,,,,,,,,,,,,,,,,,,,,,,,,,,,,,,,,,,,,,,,,,,,,,,,,,,,,,,,,,,,,,,,,,,,,,,,,,,,,,,,,,,,,,,,,,,,,,,
0,1,yes,"All members of the An. gambiae complex identified by morphological characteristics were assumed to be An. arabiensis, based on the results of previous cytotaxonomic and PCR-based identifications of the mosquitoes in the study area by (Ijumba et al., 2002). (no identification beyond morphology done in this study, which they state identified members of the An. gambiae complex, so have not included An. arabiensis as being identified. This was a study of ITNs, with Treated nets and untreated controls (EH))",4544,10.1179/136485908X337553 ,Oxborough,Mosquitoes and bednets: testing the spatial positioning of insecticide on nets and the rationale behind combination insecticide treatments ,Annals of Tropical Medicine & Parasitology ,2008,yes,no,phenotypic,na,no,,United Republic of Tanzania,Mabogini field station,,,,,,,,,,,,,,,,,,no,no,point,paper/map,Not Specified,Moshi (Lower),"Not Listed- (pdf 2868 describes Mabogini as being 10-15km south of Moshi town, which would give coords at 12.5km south of Moshi as -3.452, 37.342. pdf 2670 gives coords for Mabogini at -3.3667, 37.3167. There is an almost 10km distance between these sites, so am not sure which to put. Note that, re:consistency, the good guess at -3.452, 37.342 has been used for pdfs 2868 and 2869 (EH)) ",yes,ITN,yes,,HBN,,WinExit,,HRI ,,,,,,yes,no,no,,,,,,,,,,GAMBIAE COMPLEX,,,morph,,,,,,,,,,,,,,,,,,,,,,,,,,,,,,,,,,,,,,,,,,,,,,,,,,,,,,,,,,,,,,,,,,,,,,,,,,,,,,,,,,,,,,,,,,,,,,,,,,,,,,,,,,,,,,,,,,,,,,,,,,,,,,,,,,,,,,,,,,,,,,,,,,,,,,,,,,,,,,,,,,,,,,,,,,,,,,,,,,,,,,,,,,,,,,,,,,,,,,,,,,,,,,,,,,,,,,,,,,,,,,,,JO,JAO,CMK
0,1,yes,,4544,10.1179/136485908X337553 ,Oxborough,Mosquitoes and bednets: testing the spatial positioning of insecticide on nets and the rationale behind combination insecticide treatments ,Annals of Tropical Medicine & Parasitology ,2008,yes,no,phenotypic,na,no,,United Republic of Tanzania,Mabogini field station,,,,,,,,,,,,,,,,,,no,no,point,paper/map,Not Specified,Moshi (Lower),"Not Listed- (pdf 2868 describes Mabogini as being 10-15km south of Moshi town, which would give coords at 12.5km south of Moshi as -3.452, 37.342. pdf 2670 gives coords for Mabogini at -3.3667, 37.3167. There is an almost 10km distance between these sites, so am not sure which to put. Note that, re:consistency, the good guess at -3.452, 37.342 has been used for pdfs 2868 and 2869 (EH)) ",no,ITN,yes,,HBN,,WinExit,,HRI ,,,,,,yes,no,no,,,,,,,,,,GAMBIAE COMPLEX,,,morph,,,,,,,,,,,,,,,,,,,,,,,,,,,,,,,,,,,,,,,,,,,,,,,,,,,,,,,,,,,,,,,,,,,,,,,,,,,,,,,,,,,,,,,,,,,,,,,,,,,,,,,,,,,,,,,,,,,,,,,,,,,,,,,,,,,,,,,,,,,,,,,,,,,,,,,,,,,,,,,,,,,,,,,,,,,,,,,,,,,,,,,,,,,,,,,,,,,,,,,,,,,,,,,,,,,,,,,,,,,,,,,,JO,JAO,CMK
1,0,yes,,4544,10.1179/136485908X337553 ,Oxborough,Mosquitoes and bednets: testing the spatial positioning of insecticide on nets and the rationale behind combination insecticide treatments ,Annals of Tropical Medicine & Parasitology ,2008,no,no,phenotypic,na,no,,United Republic of Tanzania,Mabogini field station,,,,,,,,,,,,,,,,,,no,no,point,paper/map,Not Specified,Moshi (Lower),"Not Listed- (pdf 2868 describes Mabogini as being 10-15km south of Moshi town, which would give coords at 12.5km south of Moshi as -3.452, 37.342. pdf 2670 gives coords for Mabogini at -3.3667, 37.3167. There is an almost 10km distance between these sites, so am not sure which to put. Note that, re:consistency, the good guess at -3.452, 37.342 has been used for pdfs 2868 and 2869 (EH)) ",no,ITN,yes,,,,,,HRI ,,,,,,yes,no,no,,,,,,,,,GAMBIAE COMPLEX,GAMBIAE COMPLEX,,,morph,,,,,,,,,,,,,,,,,,,,,,,,,,,,,,,,,,,,,,,,,,,,,,,,,,,,,,,,,,,,,,,,,,,,,,,,,,,,,,,,,,,,,,,,,,,,,,,,,,,,,,,,,,,,,,,,,,,,,,,,,,,,,,,,,,,,,,,,,,,,,,,,,,,,,,,,,,,,,,,,,,,,,,,,,,,,,,,,,,,,,,,,,,,,CMa,,,,,,,,,,,,,,,,,,,,,,,,,,,,,,,,,,,,JO,JAO,CMK
1,0,yes,,4544,10.1179/136485908X337553 ,Oxborough,Mosquitoes and bednets: testing the spatial positioning of insecticide on nets and the rationale behind combination insecticide treatments ,Annals of Tropical Medicine & Parasitology ,2008,no,no,phenotypic,na,no,,United Republic of Tanzania,Mabogini field station,,,,,,,,,,,,,,,,,,no,no,point,paper/map,Not Specified,Moshi (Lower),"Not Listed- (pdf 2868 describes Mabogini as being 10-15km south of Moshi town, which would give coords at 12.5km south of Moshi as -3.452, 37.342. pdf 2670 gives coords for Mabogini at -3.3667, 37.3167. There is an almost 10km distance between these sites, so am not sure which to put. Note that, re:consistency, the good guess at -3.452, 37.342 has been used for pdfs 2868 and 2869 (EH)) ",no,ITN,yes,,,,,,HRI ,,,,,,yes,no,no,,,,,,,,,arabiensis,,,,morph,genetic/molecular,,,,,,,,,,,,,,,,,,,,,,,,,,,,,,,,,,,,,,,,,,,,,,,,,,,,,,,,,,,,,,,,,,,,,,,,,,,,,,,,,,,,,,,,,,,,,,,,,,,,,,,,,,,,,,,,,,,,,,,,,,,,,,,,,,,,,,,,,,,,,,,,,,,,,,,,,,,,,,,,,,,,,,,,,,,,,,,,,,,,,,,,,,,,,,,,,,,,,,,,,,,,,,,,,,,,,,,,,,,,,,,JO,JAO,CMK
0,1,yes,"The CDC-LT were used in Animal shelters, Human habitats and Outdoors. Another Anopheline collected through this method was An. cinereus (An. sergentii may or may not have been caught in April, but am unable to tell whether figure 3 shows zero or close to zero density (EH))",4545,10.1016/j.actatropica.2008.09.021 ,Faraj,Entomological investigations in the region of the last malaria focus in Morocco ,Acta Tropica ,2009,yes,no,none,,,,Morocco,Assoul locality,35.3,-4.9833,,,,,,,,,,,,,,,,no,no,point,*encarta,Not Specified,Chefchaouen province,"Not Listed-site is situated in the Northeast of Chefchaouen city on the Mediterranean coast. Found several sites in encarta that match our site name, but none matched the paper description, so used paper coords, and confirmed using paper description. (Chefchaouen city found in encarta at 35.171, -5.258. Position of coords for Assoul match map in paper (EH))",n.a.,na,,,ILT ,,OLT,,,,,,,,yes,no,yes,5,5,2005,2005,,wet,400-500mm/year,The total annual rainfall ranges between 400 and 500 mm ,,sergentii,n.a.,,morph,,,,,,,,,,,,,,,,,,,,,,,,,,,,,,,,,,,,,,,,,,,,,,,,,,,,,,,,,,,,,,,,,,,,,,,,,,,,,,,,,,,,,,,,,,,,,,,,,,,,,,,,,,,,,,,,,,,,,,,,,,,,,,,,,,,,,,,,,,,,,,,,,,,,,,,,,,,,,,,,,,,,,,,,,,,,,,,,,,,,,,,,,,,,,,,,,,,,,,,,,,,,,,,,,,,,,,,,,,,,,,,Reproduction sites for mosquitoes are mainly constituted by collections of water along the river.,JO,JAO,CMK
0,1,yes,"The CDC-LT were used in Animal shelters, Human habitats and Outdoors. Other Anophelines collected through this method are An. cinereus",4545,10.1016/j.actatropica.2008.09.021 ,Faraj,Entomological investigations in the region of the last malaria focus in Morocco ,Acta Tropica ,2009,yes,no,none,,,,Morocco,Assoul locality,35.3,-4.9833,,,,,,,,,,,,,,,,no,no,point,*encarta,Not Specified,Chefchaouen province,"Not Listed-site is situated in the Northeast of Chefchaouen city on the Mediterranean coast. Found several sites in encarta that match our site name, but none matched the paper description, so used paper coords, and confirmed using paper description. (Chefchaouen city found in encarta at 35.171, -5.258. Position of coords for Assoul match map in paper (EH))",n.a.,,,,ILT ,,OLT,,,,,,,,yes,no,yes,6,6,2005,2005,,wet,400-500mm/year,The total annual rainfall ranges between 400 and 500 mm ,,sergentii,n.a.,,morph,,,,,,,,,,,,,,,,,,,,,,,,,,,,,,,,,,,,,,,,,,,,,,,,,,,,,,,,,,,,,,,,,,,,,,,,,,,,,,,,,,,,,,,,,,,,,,,,,,,,,,,,,,,,,,,,,,,,,,,,,,,,,,,,,,,,,,,,,,,,,,,,,,,,,,,,,,,,,,,,,,,,,,,,,,,,,,,,,,,,,,,,,,,,,,,,,,,,,,,,,,,,,,,,,,,,,,,,,,,,,,,Reproduction sites for mosquitoes are mainly constituted by collections of water along the river.,JO,JAO,CMK
0,1,yes,"The CDC-LT were used in Animal shelters, Human habitats and Outdoors. Other Anophelines collected through this method are An. cinereus & An. d'thali.",4545,10.1016/j.actatropica.2008.09.021,Faraj,Entomological investigations in the region of the last malaria focus in Morocco ,Acta Tropica ,2009,yes,no,none,,,,Morocco,Assoul locality,35.3,-4.9833,,,,,,,,,,,,,,,,no,no,point,*encarta,Not Specified,Chefchaouen province,"Not Listed-site is situated in the Northeast of Chefchaouen city on the Mediterranean coast. Found several sites in encarta that match our site name, but none matched the paper description, so used paper coords, and confirmed using paper description. (Chefchaouen city found in encarta at 35.171, -5.258. Position of coords for Assoul match map in paper (EH))",n.a.,,,,ILT ,,OLT,,,,,,,,yes,no,yes,7,7,2005,2005,,wet,400-500mm/year,The total annual rainfall ranges between 400 and 500 mm ,,sergentii,n.a.,,morph,,,,,,,,,,,,,,,,,,,,,,,,,,,,,,,,,,,,,,,,,,,,,,,,,,,,,,,,,,,,,,,,,,,,,,,,,,,,,,,,,,,,,,,,,,,,,,,,,,,,,,,,,,,,,,,,,,,,,,,,,,,,,,,,,,,,,,,,,,,,,,,,,,,,,,,,,,,,,,,,,,,,,,,,,,,,,,,,,,,,,,,,,,,,,,,,,,,,,,,,,,,,,,,,,,,,,,,,,,,,,,,Reproduction sites for mosquitoes are mainly constituted by collections of water along the river.,JO,JAO,CMK
0,1,yes,"The CDC-LT were used in Animal shelters, Human habitats and Outdoors. Other Anophelines collected through this method are An. cinereus",4545,10.1016/j.actatropica.2008.09.021,Faraj,Entomological investigations in the region of the last malaria focus in Morocco ,Acta Tropica ,2009,yes,no,none,,,,Morocco,Assoul locality,35.3,-4.9833,,,,,,,,,,,,,,,,no,no,point,*encarta,Not Specified,Chefchaouen province,"Not Listed-site is situated in the Northeast of Chefchaouen city on the Mediterranean coast. Found several sites in encarta that match our site name, but none matched the paper description, so used paper coords, and confirmed using paper description. (Chefchaouen city found in encarta at 35.171, -5.258. Position of coords for Assoul match map in paper (EH))",n.a.,,,,ILT ,,OLT,,,,,,,,yes,no,yes,8,8,2005,2005,,wet,400-500mm/year,The total annual rainfall ranges between 400 and 500 mm ,,sergentii,n.a.,,morph,,,,,,,,,,,,,,,,,,,,,,,,,,,,,,,,,,,,,,,,,,,,,,,,,,,,,,,,,,,,,,,,,,,,,,,,,,,,,,,,,,,,,,,,,,,,,,,,,,,,,,,,,,,,,,,,,,,,,,,,,,,,,,,,,,,,,,,,,,,,,,,,,,,,,,,,,,,,,,,,,,,,,,,,,,,,,,,,,,,,,,,,,,,,,,,,,,,,,,,,,,,,,,,,,,,,,,,,,,,,,,,Reproduction sites for mosquitoes are mainly constituted by collections of water along the river.,JO,JAO,CMK
0,1,yes,"The CDC-LT were used in Animal shelters, Human habitats and Outdoors.",4545,10.1016/j.actatropica.2008.09.021,Faraj,Entomological investigations in the region of the last malaria focus in Morocco ,Acta Tropica ,2009,yes,no,none,,,,Morocco,Assoul locality,35.3,-4.9833,,,,,,,,,,,,,,,,no,no,point,*encarta,Not Specified,Chefchaouen province,"Not Listed-site is situated in the Northeast of Chefchaouen city on the Mediterranean coast. Found several sites in encarta that match our site name, but none matched the paper description, so used paper coords, and confirmed using paper description. (Chefchaouen city found in encarta at 35.171, -5.258. Position of coords for Assoul match map in paper (EH))",n.a.,,,,ILT ,,OLT,,,,,,,,yes,no,yes,9,9,2005,2005,,wet,400-500mm/year,The total annual rainfall ranges between 400 and 500 mm ,,sergentii,n.a.,,morph,,,,,,,,,,,,,,,,,,,,,,,,,,,,,,,,,,,,,,,,,,,,,,,,,,,,,,,,,,,,,,,,,,,,,,,,,,,,,,,,,,,,,,,,,,,,,,,,,,,,,,,,,,,,,,,,,,,,,,,,,,,,,,,,,,,,,,,,,,,,,,,,,,,,,,,,,,,,,,,,,,,,,,,,,,,,,,,,,,,,,,,,,,,,,,,,,,,,,,,,,,,,,,,,,,,,,,,,,,,,,,,Reproduction sites for mosquitoes are mainly constituted by collections of water along the river.,JO,JAO,CMK
0,1,yes,"The CDC-LT were used in Animal shelters, Human habitats and Outdoors. Another Anophelinecollected through this method was An. cinereus ",4545,10.1016/j.actatropica.2008.09.021,Faraj,Entomological investigations in the region of the last malaria focus in Morocco ,Acta Tropica ,2009,yes,no,none,,,,Morocco,Assoul locality,35.3,-4.9833,,,,,,,,,,,,,,,,no,no,point,*encarta,Not Specified,Chefchaouen province,"Not Listed-site is situated in the Northeast of Chefchaouen city on the Mediterranean coast. Found several sites in encarta that match our site name, but none matched the paper description, so used paper coords, and confirmed using paper description. (Chefchaouen city found in encarta at 35.171, -5.258. Position of coords for Assoul match map in paper (EH))",n.a.,,,,ILT ,,OLT,,,,,,,,yes,no,yes,10,10,2005,2005,,wet,400-500mm/year,The total annual rainfall ranges between 400 and 500 mm ,,sergentii,n.a.,,morph,,,,,,,,,,,,,,,,,,,,,,,,,,,,,,,,,,,,,,,,,,,,,,,,,,,,,,,,,,,,,,,,,,,,,,,,,,,,,,,,,,,,,,,,,,,,,,,,,,,,,,,,,,,,,,,,,,,,,,,,,,,,,,,,,,,,,,,,,,,,,,,,,,,,,,,,,,,,,,,,,,,,,,,,,,,,,,,,,,,,,,,,,,,,,,,,,,,,,,,,,,,,,,,,,,,,,,,,,,,,,,,Reproduction sites for mosquitoes are mainly constituted by collections of water along the river.,JO,JAO,CMK
0,1,yes,Other Anophelines collected through this method are An. cinereus & An. d'thali. (MBO sampling also occurred (EH)),4545,10.1016/j.actatropica.2008.09.021,Faraj,Entomological investigations in the region of the last malaria focus in Morocco ,Acta Tropica ,2009,yes,no,none,,,,Morocco,Assoul locality,35.3,-4.9833,,,,,,,,,,,,,,,,no,no,point,*encarta,Not Specified,Chefchaouen province,"Not Listed-site is situated in the Northeast of Chefchaouen city on the Mediterranean coast. Found several sites in encarta that match our site name, but none matched the paper description, so used paper coords, and confirmed using paper description. (Chefchaouen city found in encarta at 35.171, -5.258. Position of coords for Assoul match map in paper (EH))",n.a.,,,,RO (ani-shelter),96,OSN,4,HRI ,0,HLC - in,,,,yes,no,yes,4,10,2005,2005,,wet,400-500mm/year,The total annual rainfall ranges between 400 and 500 mm ,,sergentii,n.a.,,morph,,,,,,,,,,,,,,,,,,,,,,,,,,,,,,,,,,,,,,,,,,,,,,,,,,,,,,,,,,,,,,,,,,,,,,,,,,,,,,,,,,,,,,,,,,,,,,,,,,,,,,,,,,,,,,,,,,,,,,,,,,,,,,,,,,,,,,,,,,,,,,,,,,,,,,,,,,,,,,,,,,,,,,,,,,,,,,,,,,,,,,,,,,,,,,,,,,,,,,,,,,,,,,,,,,,,,,,,,,,,,,,Reproduction sites for mosquitoes are mainly constituted by collections of water along the river.,JO,JAO,CMK
0,1,yes,Other Anophelines collected through this method are An. cinereus & An. d'thali. (MBO sampling also occurred (EH)),4545,10.1016/j.actatropica.2008.09.021,Faraj,Entomological investigations in the region of the last malaria focus in Morocco ,Acta Tropica ,2009,yes,no,none,,,,Morocco,Assoul locality,35.3,-4.9833,,,,,,,,,,,,,,,,no,no,point,*encarta,Not Specified,Chefchaouen province,"Not Listed-site is situated in the Northeast of Chefchaouen city on the Mediterranean coast. Found several sites in encarta that match our site name, but none matched the paper description, so used paper coords, and confirmed using paper description. (Chefchaouen city found in encarta at 35.171, -5.258. Position of coords for Assoul match map in paper (EH))",n.a.,,,,RO (ani-shelter),1,OSN,1,HRI ,0,HLC - in,,,,yes,no,yes,4,10,2005,2005,,wet,400-500mm/year,The total annual rainfall ranges between 400 and 500 mm ,,labranchiae,n.a.,,morph,genetic/molecular,,,,,,,,,,,,,,,,,,,,,,,,,,,,,,,,,,,,,,,,,,,,,,,,,,,,,,,,,,,,,,,,,,,,,,,,,,,,,,,,,,,,,,,,,,,,,,,,,,,,,,,,,,,,,,,,,,,,,,,,,,,,,,,,,,,,,,,,,,,,,,,,,,,,,,,,,,,,,,,,,,,,,,,,,,,,,,,,,,,,,,,,,,,,,,,,,,,,,,,,,,,,,,,,,,,,,,,,,,,,,,Reproduction sites for mosquitoes are mainly constituted by collections of water along the river.,JO,JAO,CMK
0,1,no,,4545,10.1016/j.actatropica.2008.09.021,Faraj,Entomological investigations in the region of the last malaria focus in Morocco ,Acta Tropica ,2009,yes,no,none,,,,Morocco,Assoul locality,35.3,-4.9833,,,,,,,,,,,,,,,,no,no,point,*encarta,Not Specified,Chefchaouen province,"Not Listed-site is situated in the Northeast of Chefchaouen city on the Mediterranean coast. Found several sites in encarta that match our site name, but none matched the paper description, so used paper coords, and confirmed using paper description. (Chefchaouen city found in encarta at 35.171, -5.258. Position of coords for Assoul match map in paper (EH))",n.a.,,,,RO (ani-shelter),,OSN,,HRI ,,HLC - in,,,,yes,no,yes,4,10,2005,2005,,wet,400-500mm/year,The total annual rainfall ranges between 400 and 500 mm ,,cinereus ,n.a.,,morph,,,,,,,,,,,,,,,,,,,,,,,,,,,,,,,,,,,,,,,,,,,,,,,,,,,,,,,,,,,,,,,,,,,,,,,,,,,,,,,,,,,,,,,,,,,,,,,,,,,,,,,,,,,,,,,,,,,,,,,,,,,,,,,,,,,,,,,,,,,,,,,,,,,,,,,,,,,,,,,,,,,,,,,,,,,,,,,,,,,,,,,,,,,,,,,,,,,,,,,,,,,,,,,,,,,,,,,,,,,,,,,Reproduction sites for mosquitoes are mainly constituted by collections of water along the river.,JO,JAO,CMK
0,1,no,,4545,10.1016/j.actatropica.2008.09.021,Faraj,Entomological investigations in the region of the last malaria focus in Morocco ,Acta Tropica ,2009,yes,no,none,,,,Morocco,Assoul locality,35.3,-4.9833,,,,,,,,,,,,,,,,no,no,point,*encarta,Not Specified,Chefchaouen province,"Not Listed-site is situated in the Northeast of Chefchaouen city on the Mediterranean coast. Found several sites in encarta that match our site name, but none matched the paper description, so used paper coords, and confirmed using paper description. (Chefchaouen city found in encarta at 35.171, -5.258. Position of coords for Assoul match map in paper (EH))",n.a.,,,,RO (ani-shelter),,OSN,,HRI ,,HLC - in,,,,yes,no,yes,4,10,2005,2005,,wet,400-500mm/year,The total annual rainfall ranges between 400 and 500 mm ,,dthali,n.a.,,morph,,,,,,,,,,,,,,,,,,,,,,,,,,,,,,,,,,,,,,,,,,,,,,,,,,,,,,,,,,,,,,,,,,,,,,,,,,,,,,,,,,,,,,,,,,,,,,,,,,,,,,,,,,,,,,,,,,,,,,,,,,,,,,,,,,,,,,,,,,,,,,,,,,,,,,,,,,,,,,,,,,,,,,,,,,,,,,,,,,,,,,,,,,,,,,,,,,,,,,,,,,,,,,,,,,,,,,,,,,,,,,,Reproduction sites for mosquitoes are mainly constituted by collections of water along the river.,JO,JAO,CMK
0,1,no,,4545,10.1016/j.actatropica.2008.09.021,Faraj,Entomological investigations in the region of the last malaria focus in Morocco ,Acta Tropica ,2009,yes,no,none,,,,Morocco,Assoul locality,35.3,-4.9833,,,,,,,,,,,,,,,,no,no,point,*encarta,Not Specified,Chefchaouen province,"Not Listed-site is situated in the Northeast of Chefchaouen city on the Mediterranean coast. Found several sites in encarta that match our site name, but none matched the paper description, so used paper coords, and confirmed using paper description. (Chefchaouen city found in encarta at 35.171, -5.258. Position of coords for Assoul match map in paper (EH))",n.a.,,,,RO (ani-shelter),,OSN,,HRI ,,HLC - in,,,,yes,no,yes,4,10,2005,2005,,wet,400-500mm/year,The total annual rainfall ranges between 400 and 500 mm ,,claviger ,n.a.,,morph,,,,,,,,,,,,,,,,,,,,,,,,,,,,,,,,,,,,,,,,,,,,,,,,,,,,,,,,,,,,,,,,,,,,,,,,,,,,,,,,,,,,,,,,,,,,,,,,,,,,,,,,,,,,,,,,,,,,,,,,,,,,,,,,,,,,,,,,,,,,,,,,,,,,,,,,,,,,,,,,,,,,,,,,,,,,,,,,,,,,,,,,,,,,,,,,,,,,,,,,,,,,,,,,,,,,,,,,,,,,,,,Reproduction sites for mosquitoes are mainly constituted by collections of water along the river.,JO,JAO,CMK
0,1,yes,"The CDC-LT were used in Animal shelters, Human habitats and Outdoors. Other Anophelines collected through this method are An. cinereus (An. sergentii may or may not have been caught in april, but am unable to tell if figure 2 shows density to be zero or close to zero (EH))",4545,10.1016/j.actatropica.2008.09.021,Faraj,Entomological investigations in the region of the last malaria focus in Morocco ,Acta Tropica ,2009,yes,no,none,,,,Morocco,Mizgane locality,34.917,-4.901,,,,,,,,,,,,,,,,no,no,point,*encarta,Not Specified,Chefchaouen province,"Not Listed-site is situated in the Northeast of Chefchaouen city on the Mediterranean coast. Found several sites in encarta that match our site name, but none matched the paper description, so used paper coords, and confirmed using paper description. (Chefchaouen city found in encarta at 35.171, -5.258. Position of coords for Assoul match map in paper (EH))",n.a.,,,,ILT ,,LT,,,,,,,,yes,no,yes,5,5,2005,2005,,wet,700-800mm/year,This site receives more precipitations; about 700–800 mm from October to May ,,sergentii,n.a.,,morph,,,,,,,,,,,,,,,,,,,,,,,,,,,,,,,,,,,,,,,,,,,,,,,,,,,,,,,,,,,,,,,,,,,,,,,,,,,,,,,,,,,,,,,,,,,,,,,,,,,,,,,,,,,,,,,,,,,,,,,,,,,,,,,,,,,,,,,,,,,,,,,,,,,,,,,,,,,,,,,,,,,,,,,,,,,,,,,,,,,,,,,,,,,,,,,,,,,,,,,,,,,,,,,,,,,,,,,,,,,,,,,"The main mosquito breeding sites are small collections of water on the stagnant edges of rivers, natural sources and ponds for storing water.",JO,JAO,CMK
0,1,yes,"(All female mosquitoes of An. maculipennis s.l. were Ided by PCR, and found to be An. labranchiae (EH))",4545,10.1016/j.actatropica.2008.09.021,Faraj,Entomological investigations in the region of the last malaria focus in Morocco ,Acta Tropica ,2009,yes,no,none,,,,Morocco,Mizgane locality,34.917,-4.901,,,,,,,,,,,,,,,,no,no,point,*encarta,Not Specified,Chefchaouen province,"Not Listed-site is situated in the Northeast of Chefchaouen city on the Mediterranean coast. Found several sites in encarta that match our site name, but none matched the paper description, so used paper coords, and confirmed using paper description. (Chefchaouen city found in encarta at 35.171, -5.258. Position of coords for Assoul match map in paper (EH))",n.a.,,,,ILT ,,LT,,,,,,,,yes,no,yes,5,5,2005,2005,,wet,700-800mm/year,This site receives more precipitations; about 700–800 mm from October to May ,,labranchiae,n.a.,,morph,genetic/molecular,,,,,,,,,,,,,,,,,,,,,,,,,,,,,,,,,,,,,,,,,,,,,,,,,,,,,,,,,,,,,,,,,,,,,,,,,,,,,,,,,,,,,,,,,,,,,,,,,,,,,,,,,,,,,,,,,,,,,,,,,,,,,,,,,,,,,,,,,,,,,,,,,,,,,,,,,,,,,,,,,,,,,,,,,,,,,,,,,,,,,,,,,,,,,,,,,,,,,,,,,,,,,,,,,,,,,,,,,,,,,,"The main mosquito breeding sites are small collections of water on the stagnant edges of rivers, natural sources and ponds for storing water.",JO,JAO,CMK
0,1,yes,"The CDC-LT were used in Animal shelters, Human habitats and Outdoors. ",4545,10.1016/j.actatropica.2008.09.021,Faraj,Entomological investigations in the region of the last malaria focus in Morocco ,Acta Tropica ,2009,yes,no,none,,,,Morocco,Mizgane locality,34.917,-4.901,,,,,,,,,,,,,,,,no,no,point,*encarta,Not Specified,Chefchaouen province,"Not Listed-site is situated in the Northeast of Chefchaouen city on the Mediterranean coast. Found several sites in encarta that match our site name, but none matched the paper description, so used paper coords, and confirmed using paper description. (Chefchaouen city found in encarta at 35.171, -5.258. Position of coords for Assoul match map in paper (EH))",n.a.,,,,ILT ,,LT,,,,,,,,yes,no,yes,6,6,2005,2005,,wet,700-800mm/year,This site receives more precipitations; about 700–800 mm from October to May ,,sergentii,n.a.,,morph,,,,,,,,,,,,,,,,,,,,,,,,,,,,,,,,,,,,,,,,,,,,,,,,,,,,,,,,,,,,,,,,,,,,,,,,,,,,,,,,,,,,,,,,,,,,,,,,,,,,,,,,,,,,,,,,,,,,,,,,,,,,,,,,,,,,,,,,,,,,,,,,,,,,,,,,,,,,,,,,,,,,,,,,,,,,,,,,,,,,,,,,,,,,,,,,,,,,,,,,,,,,,,,,,,,,,,,,,,,,,,,"The main mosquito breeding sites are small collections of water on the stagnant edges of rivers, natural sources and ponds for storing water.",JO,JAO,CMK
0,1,yes,,4545,10.1016/j.actatropica.2008.09.021,Faraj,Entomological investigations in the region of the last malaria focus in Morocco ,Acta Tropica ,2009,yes,no,none,,,,Morocco,Mizgane locality,34.917,-4.901,,,,,,,,,,,,,,,,no,no,point,*encarta,Not Specified,Chefchaouen province,"Not Listed-site is situated in the Northeast of Chefchaouen city on the Mediterranean coast. Found several sites in encarta that match our site name, but none matched the paper description, so used paper coords, and confirmed using paper description. (Chefchaouen city found in encarta at 35.171, -5.258. Position of coords for Assoul match map in paper (EH))",n.a.,,,,ILT ,,LT,,,,,,,,yes,no,yes,6,6,2005,2005,,wet,700-800mm/year,This site receives more precipitations; about 700–800 mm from October to May ,,labranchiae,n.a.,,morph,genetic/molecular,,,,,,,,,,,,,,,,,,,,,,,,,,,,,,,,,,,,,,,,,,,,,,,,,,,,,,,,,,,,,,,,,,,,,,,,,,,,,,,,,,,,,,,,,,,,,,,,,,,,,,,,,,,,,,,,,,,,,,,,,,,,,,,,,,,,,,,,,,,,,,,,,,,,,,,,,,,,,,,,,,,,,,,,,,,,,,,,,,,,,,,,,,,,,,,,,,,,,,,,,,,,,,,,,,,,,,,,,,,,,,"The main mosquito breeding sites are small collections of water on the stagnant edges of rivers, natural sources and ponds for storing water.",JO,JAO,CMK
0,1,yes,"The CDC-LT were used in Animal shelters, Human habitats and Outdoors. Other Anophelines collected through this method are An. cinereus ",4545,10.1016/j.actatropica.2008.09.021,Faraj,Entomological investigations in the region of the last malaria focus in Morocco ,Acta Tropica ,2009,yes,no,none,,,,Morocco,Mizgane locality,34.917,-4.901,,,,,,,,,,,,,,,,no,no,point,*encarta,Not Specified,Chefchaouen province,"Not Listed-site is situated in the Northeast of Chefchaouen city on the Mediterranean coast. Found several sites in encarta that match our site name, but none matched the paper description, so used paper coords, and confirmed using paper description. (Chefchaouen city found in encarta at 35.171, -5.258. Position of coords for Assoul match map in paper (EH))",n.a.,,,,ILT ,,LT,,,,,,,,yes,no,yes,7,7,2005,2005,,wet,700-800mm/year,This site receives more precipitations; about 700–800 mm from October to May ,,sergentii,n.a.,,morph,,,,,,,,,,,,,,,,,,,,,,,,,,,,,,,,,,,,,,,,,,,,,,,,,,,,,,,,,,,,,,,,,,,,,,,,,,,,,,,,,,,,,,,,,,,,,,,,,,,,,,,,,,,,,,,,,,,,,,,,,,,,,,,,,,,,,,,,,,,,,,,,,,,,,,,,,,,,,,,,,,,,,,,,,,,,,,,,,,,,,,,,,,,,,,,,,,,,,,,,,,,,,,,,,,,,,,,,,,,,,,,"The main mosquito breeding sites are small collections of water on the stagnant edges of rivers, natural sources and ponds for storing water.",JO,JAO,CMK
0,1,yes,,4545,10.1016/j.actatropica.2008.09.021,Faraj,Entomological investigations in the region of the last malaria focus in Morocco ,Acta Tropica ,2009,yes,no,none,,,,Morocco,Mizgane locality,34.917,-4.901,,,,,,,,,,,,,,,,no,no,point,*encarta,Not Specified,Chefchaouen province,"Not Listed-site is situated in the Northeast of Chefchaouen city on the Mediterranean coast. Found several sites in encarta that match our site name, but none matched the paper description, so used paper coords, and confirmed using paper description. (Chefchaouen city found in encarta at 35.171, -5.258. Position of coords for Assoul match map in paper (EH))",n.a.,,,,ILT ,,LT,,,,,,,,yes,no,yes,7,7,2005,2005,,wet,700-800mm/year,This site receives more precipitations; about 700–800 mm from October to May ,,labranchiae,n.a.,,morph,genetic/molecular,,,,,,,,,,,,,,,,,,,,,,,,,,,,,,,,,,,,,,,,,,,,,,,,,,,,,,,,,,,,,,,,,,,,,,,,,,,,,,,,,,,,,,,,,,,,,,,,,,,,,,,,,,,,,,,,,,,,,,,,,,,,,,,,,,,,,,,,,,,,,,,,,,,,,,,,,,,,,,,,,,,,,,,,,,,,,,,,,,,,,,,,,,,,,,,,,,,,,,,,,,,,,,,,,,,,,,,,,,,,,,"The main mosquito breeding sites are small collections of water on the stagnant edges of rivers, natural sources and ponds for storing water.",JO,JAO,CMK
0,1,yes,"The CDC-LT were used in Animal shelters, Human habitats and Outdoors. Other Anophelines collected through this method are An. cinereus , An. d'thali ",4545,10.1016/j.actatropica.2008.09.021,Faraj,Entomological investigations in the region of the last malaria focus in Morocco ,Acta Tropica ,2009,yes,no,none,,,,Morocco,Mizgane locality,34.917,-4.901,,,,,,,,,,,,,,,,no,no,point,*encarta,Not Specified,Chefchaouen province,"Not Listed-site is situated in the Northeast of Chefchaouen city on the Mediterranean coast. Found several sites in encarta that match our site name, but none matched the paper description, so used paper coords, and confirmed using paper description. (Chefchaouen city found in encarta at 35.171, -5.258. Position of coords for Assoul match map in paper (EH))",n.a.,,,,ILT ,,LT,,,,,,,,yes,no,yes,8,8,2005,2005,,wet,700-800mm/year,This site receives more precipitations; about 700–800 mm from October to May ,,sergentii,n.a.,,morph,,,,,,,,,,,,,,,,,,,,,,,,,,,,,,,,,,,,,,,,,,,,,,,,,,,,,,,,,,,,,,,,,,,,,,,,,,,,,,,,,,,,,,,,,,,,,,,,,,,,,,,,,,,,,,,,,,,,,,,,,,,,,,,,,,,,,,,,,,,,,,,,,,,,,,,,,,,,,,,,,,,,,,,,,,,,,,,,,,,,,,,,,,,,,,,,,,,,,,,,,,,,,,,,,,,,,,,,,,,,,,,"The main mosquito breeding sites are small collections of water on the stagnant edges of rivers, natural sources and ponds for storing water.",JO,JAO,CMK
0,1,yes,,4545,10.1016/j.actatropica.2008.09.021,Faraj,Entomological investigations in the region of the last malaria focus in Morocco ,Acta Tropica ,2009,yes,no,none,,,,Morocco,Mizgane locality,34.917,-4.901,,,,,,,,,,,,,,,,no,no,point,*encarta,Not Specified,Chefchaouen province,"Not Listed-site is situated in the Northeast of Chefchaouen city on the Mediterranean coast. Found several sites in encarta that match our site name, but none matched the paper description, so used paper coords, and confirmed using paper description. (Chefchaouen city found in encarta at 35.171, -5.258. Position of coords for Assoul match map in paper (EH))",n.a.,,,,ILT ,,LT,,,,,,,,yes,no,yes,8,8,2005,2005,,wet,700-800mm/year,This site receives more precipitations; about 700–800 mm from October to May ,,labranchiae,n.a.,,morph,genetic/molecular,,,,,,,,,,,,,,,,,,,,,,,,,,,,,,,,,,,,,,,,,,,,,,,,,,,,,,,,,,,,,,,,,,,,,,,,,,,,,,,,,,,,,,,,,,,,,,,,,,,,,,,,,,,,,,,,,,,,,,,,,,,,,,,,,,,,,,,,,,,,,,,,,,,,,,,,,,,,,,,,,,,,,,,,,,,,,,,,,,,,,,,,,,,,,,,,,,,,,,,,,,,,,,,,,,,,,,,,,,,,,,"The main mosquito breeding sites are small collections of water on the stagnant edges of rivers, natural sources and ponds for storing water.",JO,JAO,CMK
0,1,yes,"The CDC-LT were used in Animal shelters, Human habitats and Outdoors. Other Anophelines collected through this method are An. cinereus",4545,10.1016/j.actatropica.2008.09.021,Faraj,Entomological investigations in the region of the last malaria focus in Morocco ,Acta Tropica ,2009,yes,no,none,,,,Morocco,Mizgane locality,34.917,-4.901,,,,,,,,,,,,,,,,no,no,point,*encarta,Not Specified,Chefchaouen province,"Not Listed-site is situated in the Northeast of Chefchaouen city on the Mediterranean coast. Found several sites in encarta that match our site name, but none matched the paper description, so used paper coords, and confirmed using paper description. (Chefchaouen city found in encarta at 35.171, -5.258. Position of coords for Assoul match map in paper (EH))",n.a.,,,,ILT ,,LT,,,,,,,,yes,no,yes,9,9,2005,2005,,wet,700-800mm/year,This site receives more precipitations; about 700–800 mm from October to May ,,sergentii,n.a.,,morph,,,,,,,,,,,,,,,,,,,,,,,,,,,,,,,,,,,,,,,,,,,,,,,,,,,,,,,,,,,,,,,,,,,,,,,,,,,,,,,,,,,,,,,,,,,,,,,,,,,,,,,,,,,,,,,,,,,,,,,,,,,,,,,,,,,,,,,,,,,,,,,,,,,,,,,,,,,,,,,,,,,,,,,,,,,,,,,,,,,,,,,,,,,,,,,,,,,,,,,,,,,,,,,,,,,,,,,,,,,,,,,"The main mosquito breeding sites are small collections of water on the stagnant edges of rivers, natural sources and ponds for storing water.",JO,JAO,CMK
0,1,yes,"The CDC-LT were used in Animal shelters, Human habitats and Outdoors. Other Anophelines collected through this method are An. cinereus",4545,10.1016/j.actatropica.2008.09.021,Faraj,Entomological investigations in the region of the last malaria focus in Morocco ,Acta Tropica ,2009,yes,no,none,,,,Morocco,Mizgane locality,34.917,-4.901,,,,,,,,,,,,,,,,no,no,point,*encarta,Not Specified,Chefchaouen province,"Not Listed-site is situated in the Northeast of Chefchaouen city on the Mediterranean coast. Found several sites in encarta that match our site name, but none matched the paper description, so used paper coords, and confirmed using paper description. (Chefchaouen city found in encarta at 35.171, -5.258. Position of coords for Assoul match map in paper (EH))",n.a.,,,,ILT ,,LT,,,,,,,,yes,no,yes,10,10,2005,2005,,wet,700-800mm/year,This site receives more precipitations; about 700–800 mm from October to May ,,sergentii,n.a.,,morph,,,,,,,,,,,,,,,,,,,,,,,,,,,,,,,,,,,,,,,,,,,,,,,,,,,,,,,,,,,,,,,,,,,,,,,,,,,,,,,,,,,,,,,,,,,,,,,,,,,,,,,,,,,,,,,,,,,,,,,,,,,,,,,,,,,,,,,,,,,,,,,,,,,,,,,,,,,,,,,,,,,,,,,,,,,,,,,,,,,,,,,,,,,,,,,,,,,,,,,,,,,,,,,,,,,,,,,,,,,,,,,"The main mosquito breeding sites are small collections of water on the stagnant edges of rivers, natural sources and ponds for storing water.",JO,JAO,CMK
0,1,yes,,4545,10.1016/j.actatropica.2008.09.021,Faraj,Entomological investigations in the region of the last malaria focus in Morocco ,Acta Tropica ,2009,yes,no,none,,,,Morocco,Mizgane locality,34.917,-4.901,,,,,,,,,,,,,,,,no,no,point,*encarta,Not Specified,Chefchaouen province,"Not Listed-site is situated in the Northeast of Chefchaouen city on the Mediterranean coast. Found several sites in encarta that match our site name, but none matched the paper description, so used paper coords, and confirmed using paper description. (Chefchaouen city found in encarta at 35.171, -5.258. Position of coords for Assoul match map in paper (EH))",n.a.,,,,ILT ,,LT,,,,,,,,yes,no,yes,10,10,2005,2005,,wet,700-800mm/year,This site receives more precipitations; about 700–800 mm from October to May ,,labranchiae,n.a.,,morph,genetic/molecular,,,,,,,,,,,,,,,,,,,,,,,,,,,,,,,,,,,,,,,,,,,,,,,,,,,,,,,,,,,,,,,,,,,,,,,,,,,,,,,,,,,,,,,,,,,,,,,,,,,,,,,,,,,,,,,,,,,,,,,,,,,,,,,,,,,,,,,,,,,,,,,,,,,,,,,,,,,,,,,,,,,,,,,,,,,,,,,,,,,,,,,,,,,,,,,,,,,,,,,,,,,,,,,,,,,,,,,,,,,,,,"The main mosquito breeding sites are small collections of water on the stagnant edges of rivers, natural sources and ponds for storing water.",JO,JAO,CMK
0,1,yes,Other Anophelines collected through this method are An. cinereus & An. d'thali.,4545,10.1016/j.actatropica.2008.09.021,Faraj,Entomological investigations in the region of the last malaria focus in Morocco ,Acta Tropica ,2009,yes,no,none,,,,Morocco,Mizgane locality,34.917,-4.901,,,,,,,,,,,,,,,,no,no,point,*encarta,Not Specified,Chefchaouen province,"Not Listed-site is situated in the Northeast of Chefchaouen city on the Mediterranean coast. Found several sites in encarta that match our site name, but none matched the paper description, so used paper coords, and confirmed using paper description. (Chefchaouen city found in encarta at 35.171, -5.258. Position of coords for Assoul match map in paper (EH))",n.a.,,,,HRI ,2,RO (ani-shelter),24,OSN,0,HLC - in,,,,yes,no,yes,4,10,2005,2005,,wet,700-800mm/year,This site receives more precipitations; about 700–800 mm from October to May ,,sergentii,n.a.,,morph,,,,,,,,,,,,,,,,,,,,,,,,,,,,,,,,,,,,,,,,,,,,,,,,,,,,,,,,,,,,,,,,,,,,,,,,,,,,,,,,,,,,,,,,,,,,,,,,,,,,,,,,,,,,,,,,,,,,,,,,,,,,,,,,,,,,,,,,,,,,,,,,,,,,,,,,,,,,,,,,,,,,,,,,,,,,,,,,,,,,,,,,,,,,,,,,,,,,,,,,,,,,,,,,,,,,,,,,,,,,,,,"The main mosquito breeding sites are small collections of water on the stagnant edges of rivers, natural sources and ponds for storing water.",JO,JAO,CMK
0,1,yes,Other Anophelines collected through this method are An. cinereus & An. d'thali.,4545,10.1016/j.actatropica.2008.09.021,Faraj,Entomological investigations in the region of the last malaria focus in Morocco ,Acta Tropica ,2009,yes,no,none,,,,Morocco,Mizgane locality,34.917,-4.901,,,,,,,,,,,,,,,,no,no,point,*encarta,Not Specified,Chefchaouen province,"Not Listed-site is situated in the Northeast of Chefchaouen city on the Mediterranean coast. Found several sites in encarta that match our site name, but none matched the paper description, so used paper coords, and confirmed using paper description. (Chefchaouen city found in encarta at 35.171, -5.258. Position of coords for Assoul match map in paper (EH))",n.a.,,,,HRI ,1,RO (ani-shelter),11,OSN,0,HLC - in,,,,yes,no,yes,4,10,2005,2005,,wet,700-800mm/year,This site receives more precipitations; about 700–800 mm from October to May ,,labranchiae,n.a.,,morph,genetic/molecular,,,,,,,,,,,,,,,,,,,,,,,,,,,,,,,,,,,,,,,,,,,,,,,,,,,,,,,,,,,,,,,,,,,,,,,,,,,,,,,,,,,,,,,,,,,,,,,,,,,,,,,,,,,,,,,,,,,,,,,,,,,,,,,,,,,,,,,,,,,,,,,,,,,,,,,,,,,,,,,,,,,,,,,,,,,,,,,,,,,,,,,,,,,,,,,,,,,,,,,,,,,,,,,,,,,,,,,,,,,,,,"The main mosquito breeding sites are small collections of water on the stagnant edges of rivers, natural sources and ponds for storing water.",JO,JAO,CMK
0,1,no,,4545,10.1016/j.actatropica.2008.09.021,Faraj,Entomological investigations in the region of the last malaria focus in Morocco ,Acta Tropica ,2009,yes,no,none,,,,Morocco,Mizgane locality,34.917,-4.901,,,,,,,,,,,,,,,,no,no,point,*encarta,Not Specified,Chefchaouen province,"Not Listed-site is situated in the Northeast of Chefchaouen city on the Mediterranean coast. Found several sites in encarta that match our site name, but none matched the paper description, so used paper coords, and confirmed using paper description. (Chefchaouen city found in encarta at 35.171, -5.258. Position of coords for Assoul match map in paper (EH))",n.a.,,,,HRI ,,RO (ani-shelter),,OSN,,HLC - in,,,,yes,no,yes,4,10,2005,2005,,wet,700-800mm/year,This site receives more precipitations; about 700–800 mm from October to May ,,cinereus ,n.a.,,morph,,,,,,,,,,,,,,,,,,,,,,,,,,,,,,,,,,,,,,,,,,,,,,,,,,,,,,,,,,,,,,,,,,,,,,,,,,,,,,,,,,,,,,,,,,,,,,,,,,,,,,,,,,,,,,,,,,,,,,,,,,,,,,,,,,,,,,,,,,,,,,,,,,,,,,,,,,,,,,,,,,,,,,,,,,,,,,,,,,,,,,,,,,,,,,,,,,,,,,,,,,,,,,,,,,,,,,,,,,,,,,,"The main mosquito breeding sites are small collections of water on the stagnant edges of rivers, natural sources and ponds for storing water.",JO,JAO,CMK
0,1,no,,4545,10.1016/j.actatropica.2008.09.021,Faraj,Entomological investigations in the region of the last malaria focus in Morocco ,Acta Tropica ,2009,yes,no,none,,,,Morocco,Mizgane locality,34.917,-4.901,,,,,,,,,,,,,,,,no,no,point,*encarta,Not Specified,Chefchaouen province,"Not Listed-site is situated in the Northeast of Chefchaouen city on the Mediterranean coast. Found several sites in encarta that match our site name, but none matched the paper description, so used paper coords, and confirmed using paper description. (Chefchaouen city found in encarta at 35.171, -5.258. Position of coords for Assoul match map in paper (EH))",n.a.,,,,HRI ,,RO (ani-shelter),,OSN,,HLC - in,,,,yes,no,yes,4,10,2005,2005,,wet,700-800mm/year,This site receives more precipitations; about 700–800 mm from October to May ,,dthali,n.a.,,morph,,,,,,,,,,,,,,,,,,,,,,,,,,,,,,,,,,,,,,,,,,,,,,,,,,,,,,,,,,,,,,,,,,,,,,,,,,,,,,,,,,,,,,,,,,,,,,,,,,,,,,,,,,,,,,,,,,,,,,,,,,,,,,,,,,,,,,,,,,,,,,,,,,,,,,,,,,,,,,,,,,,,,,,,,,,,,,,,,,,,,,,,,,,,,,,,,,,,,,,,,,,,,,,,,,,,,,,,,,,,,,,"The main mosquito breeding sites are small collections of water on the stagnant edges of rivers, natural sources and ponds for storing water.",JO,JAO,CMK
0,1,no,,4545,10.1016/j.actatropica.2008.09.021,Faraj,Entomological investigations in the region of the last malaria focus in Morocco ,Acta Tropica ,2009,yes,no,none,,,,Morocco,Mizgane locality,34.917,-4.901,,,,,,,,,,,,,,,,no,no,point,*encarta,Not Specified,Chefchaouen province,"Not Listed-site is situated in the Northeast of Chefchaouen city on the Mediterranean coast. Found several sites in encarta that match our site name, but none matched the paper description, so used paper coords, and confirmed using paper description. (Chefchaouen city found in encarta at 35.171, -5.258. Position of coords for Assoul match map in paper (EH))",n.a.,,,,HRI ,,RO (ani-shelter),,OSN,,HLC - in,,,,yes,no,yes,4,10,2005,2005,,wet,700-800mm/year,This site receives more precipitations; about 700–800 mm from October to May ,,claviger ,n.a.,,morph,,,,,,,,,,,,,,,,,,,,,,,,,,,,,,,,,,,,,,,,,,,,,,,,,,,,,,,,,,,,,,,,,,,,,,,,,,,,,,,,,,,,,,,,,,,,,,,,,,,,,,,,,,,,,,,,,,,,,,,,,,,,,,,,,,,,,,,,,,,,,,,,,,,,,,,,,,,,,,,,,,,,,,,,,,,,,,,,,,,,,,,,,,,,,,,,,,,,,,,,,,,,,,,,,,,,,,,,,,,,,,,"The main mosquito breeding sites are small collections of water on the stagnant edges of rivers, natural sources and ponds for storing water.",JO,JAO,CMK
0,1,yes,"Use of agricultural pesticides such as Carbamate Lannate, Pyrethroids (Decis & Fastac) & malathion.",4546,10.1186/1471-2164-9-538,Djouaka,"Expression of the cytochrome P450s, CYP6P3 and CYP6M2 are significantly elevated in multiple pyrethroid resistant populations of Anopheles gambiae s.s. from Southern Benin and Nigeria",BMC Genomics ,2008,yes,yes,both,,,Fourth instar larvae and pupae were collected ,Benin,Akron,6.43,2.64,,,,,,,,,,,,,,,,no,no,point,combination,Not Specified,Porto-Novo,"Not Listed-Site is an agricultural site, located in south East Benin on the outskirts of porto-Novo the capital city of Benin. The farm is 20 hectares = 0.2 sq. km. Site is in swampy areas providing ideal environment for permanent breeding of mosquitoes. Could not get site from the geo-refs available, so used article map and encarta to get coords. (coords given in paper are 4.43, 2.64, which fall >200km off the coast of Benin. Paper probably meant to give coords of 6.43, 2.64, which fall in the position indicated in the map, and in the area of Porto-Novo, as indicated by Aka et al., 1999 (http://www.pathexo.fr/documents/articles-bull/1999/1999n3/T92-3-2017.pdf), so have used coords of 6.43, 2.64 (EH))",yes,na,,,Larvae,,,,,,,,,,yes,no,na,12,1,2006,2007,,,,,,gambiae (S/M),n.a.,M Form,genetic/molecular,,,,,,,,,,,,,,,,,,,,,,other,"they grow cabbages, carrots, lettuce etc.",,,,,,,"The site is located in swampy areas providing an ideal environment for permanent breeding of mosquitoes and they grow cabbages, carrots, lettuce etc.",,,,,,,,,,,,,,,,,,,,,,,,,,,,,,,,,,,,,,,,,,,,,,,,,,,,,,,,,,,,,,,,,,,,,,,,,,,,,,,,,,,,,,,,,,,,,,,,,,,,,,,,,,,,,,,,,,,,,,,,,,,,,,,,,,,,,,,,,,,,,,,,,,,,,,,,,,,,,,,,,,,,,,,,,,,,,,,,,,,,,,,,,,,,,,,,,Fourth instar larvae and pupae were collected from the breeding pools ,JO,JAO,CMK
0,1,yes,"Four months before the intervention began, there was a large scale distribution of ITNs.",4546,10.1186/1471-2164-9-538,Djouaka,"Expression of the cytochrome P450s, CYP6P3 and CYP6M2 are significantly elevated in multiple pyrethroid resistant populations of Anopheles gambiae s.s. from Southern Benin and Nigeria",BMC Genomics ,2008,yes,yes,both,,,Fourth instar larvae and pupae were collected ,Benin,Gbedjromede,6.36,2.43,,,,,,,,,,,,,,,,no,no,point,paper,Not Specified,Cotonou,Not Listed- coords not found in all geo-ref sources. Plotted paper coords in encarta and they match the map location in the article.,yes,ITN,,Four months prior to the collections at Gbedjromede the National Program of Malaria Control embarked on a large scale distribution of ITNs.,Larvae,,,,,,,,,,yes,no,na,12,1,2006,2007,,,,,,gambiae (S/M),n.a.,M Form,genetic/molecular,,,,,,,,,,,,,,,,,,,,,,,,,,,,,,,,,,,,,,,,,,,,,,,,,,,,,,,,,,,,,,,,,,,,,,,,,,,,,,,,,,,,,,,,,,,,,,,,,,,,,,,,,,,,,,,,,,,,,,,,,,,,,,,,,,,,,,,,,,,,,,,,,,,,,,,,,,,,,,,,,,,,,,,,,,,,,,,,,,,,,,,,,,,,,,,,,,,,,,,,,,,,,,,,,,,,,,,,,,,,,,,Fourth instar larvae and pupae were collected from the breeding pools ,JO,JAO,CMK
0,1,yes,Not Malaria control programme.,4546,10.1186/1471-2164-9-538,Djouaka,"Expression of the cytochrome P450s, CYP6P3 and CYP6M2 are significantly elevated in multiple pyrethroid resistant populations of Anopheles gambiae s.s. from Southern Benin and Nigeria",BMC Genomics ,2008,yes,yes,both,,,Fourth instar larvae and pupae were collected ,Nigeria,Ojoo,7.4647,3.9163,,,,,,,,,,,,,,,,no,no,point,paper,Oyo State,Not Specified,"Not Listed- site is located in the south western part of Nigeria, in the state of Oyo. Paper coords are (7.4647, 3.9163) (no Ojoos found in any sources, and Ojos found were a long way from coords and map in paper, so used paper coords, which matched map (EH))",no,other,,In Ojoo so people use electric fans to drive away mosquitoes. ,Larvae,,,,,,,,,,yes,no,na,12,1,2006,2007,,,,,,gambiae (S/M),n.a.,M Form,genetic/molecular,,,,,,,,,,,,,,,,,,,,,,,,,,,,,,,,,,,,,,,,,,,,,,,,,,,,,,,,,,,,,,,,,,,,,,,,,,,,,,,,,,,,,,,,,,,,,,,,,,,,,,,,,,,,,,,,,,,,,,,,,,,,,,,,,,,,,,,,,,,,,,,,,,,,,,,,,,,,,,,,,,,,,,,,,,,,,,,,,,,,,,,,,,,,,,,,,,,,,,,,,,,,,,,,,,,,,,,,,,,,,,,Fourth instar larvae and pupae were collected from the breeding pools ,JO,JAO,CMK
0,1,yes,Control Site.,4546,10.1186/1471-2164-9-538,Djouaka,"Expression of the cytochrome P450s, CYP6P3 and CYP6M2 are significantly elevated in multiple pyrethroid resistant populations of Anopheles gambiae s.s. from Southern Benin and Nigeria",BMC Genomics ,2008,yes,yes,both,,,Fourth instar larvae and pupae were collected ,Nigeria,Orogun,7.4394,3.8965,,,,,,,,,,,,,,,,no,no,point,paper,Oyo State,Not Specified,"Not Listed- Site is located in South western Nigeria in Oyo state. Site is 10 Km from Ojoo and approx. 150 km & 200 km from Arkon & Gbedjromede. Paper coords are (7.4394, 3.8965). (Oroguns found in encarta and GNS were a long way from coords and map in paper,so used paper coords, which matches map (EH))",no,na,,"There is no history of ITN use, IRS or larviciding in Orogun. ",Larvae,,,,,,,,,,yes,no,na,12,1,2006,2007,,,,,,gambiae (S/M),n.a.,M Form,genetic/molecular,,,,,,,,,,,,,,,,,,,,,,,,,,,,,,,,,,,,,,,,,,,,,,,,,,,,,,,,,,,,,,,,,,,,,,,,,,,,,,,,,,,,,,,,,,,,,,,,,,,,,,,,,,,,,,,,,,,,,,,,,,,,,,,,,,,,,,,,,,,,,,,,,,,,,,,,,,,,,,,,,,,,,,,,,,,,,,,,,,,,,,,,,,,,,,,,,,,,,,,,,,,,,,,,,,,,,,,,,,,,,,,Fourth instar larvae and pupae were collected from the breeding pools ,JO,JAO,CMK
0,1,yes,No Vector data.,4547,,Sousa-Figueiredo,,,2008,yes,,,,,,,,,,,,,,,,,,,,,,,,,,,,,,,,,,,,,,,,,,,,,,,,,,,,,,,,,,,,,,,,,,,,,,,,,,,,,,,,,,,,,,,,,,,,,,,,,,,,,,,,,,,,,,,,,,,,,,,,,,,,,,,,,,,,,,,,,,,,,,,,,,,,,,,,,,,,,,,,,,,,,,,,,,,,,,,,,,,,,,,,,,,,,,,,,,,,,,,,,,,,,,,,,,,,,,,,,,,,,,,,,,,,,,,,,,,,,,,,,,,,,,,,,Well,artificial,,,,,,,,,,,,,,,,,,,,,,,,,,,,,,,,,,,,,
0,1,yes,"No Vector data, PR paper.",4548,,Tjitra,,,2001,no,,,,,,,,,,,,,,,,,,,,,,,,,,,,,,,,,,,,,,,,,,,,,,,,,,,,,,,,,,,,,,,,,,,,,,,,,,,,,,,,,,,,,,,,,,,,,,,,,,,,,,,,,,,,,,,,,,,,,,,,,,,,,,,,,,,,,,,,,,,,,,,,,,,,,,,,,,,,,,,,,,,,,,,,,,,,,,,,,,,,,,,,,,,,,,,,,,,,,,,,,,,,,,,,,,,,,,,,,,,,,,,,,,,,,,,,,,,,,,,,,,,,,,,,,Well,artificial,,,,,,,,,,,,,,,,,,,,,,,,,,,,,,,,,,,,,
0,1,yes,"IRS with DDT. Also collected  An. longipalpis Type C, An. squamosus & An. coustani.",4549,10.1186/1475-2875-7-247,Munhenga,"Pyrethroid resistance in the major malaria vector Anopheles arabiensis from Gwave, a malaria-endemic area in Zimbabwe ",Malaria Journal ,2008,yes,yes,both,na,,,Zimbabwe,Gwave village,-17.9167,28.6833,,,,,,,,,,,,,,,,no,no,point,paper,Midlands Province,Gokwe South district,"Not Listed-Site is a village in Gokwe south district. Coords found in geonames and match paper coords, plotted paper coords in encarta and they fall in the correct Admin1 &2. (coords in GNS are -17.9, 28.7, and are for area type ""stream."" Since these looks rounded, and are not for a populated place, have used coords from paper, which are very similar to those in GNS. Coords plot out in encarta near Gokwe (-18.218, 28.939) (EH))",yes,IRS,na,,RO (ani-shelter),422,Larvae,36,HBN,12,,,,,yes,no,no,2,2,2006,2006,,,,,,GAMBIAE COMPLEX,arabiensis,,morph,genetic/molecular,,,,,,,,,,,,,,,,,,,,,,,,,,,,,,,,,,,,,,,,,,,,,,,,,,,,,,,,,,,,,,,,,,,,,,,,,,,,,,,,,,,,,,,,,,,,,,,,,,,,,,,,,,,,,,,,,,,,,,,,,,,,,,,,,,,,,,,,,,,,,,,,,,,,,,,,,,,,,,,,,,,,,,,,,,,,,,,,,,,,,,,,,,,Well,artificial,,,,,,,,,,,,,,,,,,,,,,,,,,,,,,,,,,Larvae were collected from stagnant pools at an artesian well and adjacent homesteads ,JO,JAO,CMK
0,1,yes,"IRS with DDT. Also collected  An. longipalpis Type C, An. squamosus & An. coustani.",4549,10.1186/1475-2875-7-247,Munhenga,"Pyrethroid resistance in the major malaria vector Anopheles arabiensis from Gwave, a malaria-endemic area in Zimbabwe ",Malaria Journal ,2008,yes,yes,both,na,,,Zimbabwe,Gwave village,-17.9167,28.6833,,,,,,,,,,,,,,,,no,no,point,paper,Midlands Province,Gokwe South district,"Not Listed-Site is a village in Gokwe south district. Coords found in geonames and match paper coords, plotted paper coords in encarta and they fall in the correct Admin1 &2. (coords in GNS are -17.9, 28.7, and are for area type ""stream."" Since these looks rounded, and are not for a populated place, have used coords from paper, which are very similar to those in GNS. Coords plot out in encarta near Gokwe (-18.218, 28.939) (EH))",yes,IRS,na,,RO (ani-shelter),12,Larvae,1,HBN,9,,,,,yes,no,no,2,2,2006,2006,,,,,,GAMBIAE COMPLEX,merus,,morph,genetic/molecular,,,,,,,,,,,,,,,,,,,,,,,,,,,,,,,,,,,,,,,,,,,,,,,,,,,,,,,,,,,,,,,,,,,,,,,,,,,,,,,,,,,,,,,,,,,,,,,,,,,,,,,,,,,,,,,,,,,,,,,,,,,,,,,,,,,,,,,,,,,,,,,,,,,,,,,,,,,,,,,,,,,,,,,,,,,,,,,,,,,,,,,,,,,Well,artificial,,,,,,,,,,,,,,,,,,,,,,,,,,,,,,,,,,Larvae were collected from stagnant pools at an artesian well and adjacent homesteads ,JO,JAO,CMK
0,1,yes,"IRS with DDT. Also collected  An. longipalpis Type C, An. squamosus & An. coustani.",4549,10.1186/1475-2875-7-247,Munhenga,"Pyrethroid resistance in the major malaria vector Anopheles arabiensis from Gwave, a malaria-endemic area in Zimbabwe ",Malaria Journal ,2008,yes,yes,both,na,,,Zimbabwe,Gwave village,-17.9167,28.6833,,,,,,,,,,,,,,,,no,no,point,paper,Midlands Province,Gokwe South district,"Not Listed-Site is a village in Gokwe south district. Coords found in geonames and match paper coords, plotted paper coords in encarta and they fall in the correct Admin1 &2. (coords in GNS are -17.9, 28.7, and are for area type ""stream."" Since these looks rounded, and are not for a populated place, have used coords from paper, which are very similar to those in GNS. Coords plot out in encarta near Gokwe (-18.218, 28.939) (EH))",yes,IRS,na,,RO (ani-shelter),66,Larvae,6,HBN,1,,,,,yes,no,no,2,2,2006,2006,,,,,,GAMBIAE COMPLEX,quadriannulatus,,morph,genetic/molecular,,,,,,,,,,,,,,,,,,,,,,,,,,,,,,,,,,,,,,,,,,,,,,,,,,,,,,,,,,,,,,,,,,,,,,,,,,,,,,,,,,,,,,,,,,,,,,,,,,,,,,,,,,,,,,,,,,,,,,,,,,,,,,,,,,,,,,,,,,,,,,,,,,,,,,,,,,,,,,,,,,,,,,,,,,,,,,,,,,,,,,,,,,,Well,artificial,,,,,,,,,,,,,,,,,,,,,,,,,,,,,,,,,,Larvae were collected from stagnant pools at an artesian well and adjacent homesteads ,JO,JAO,CMK
0,1,yes,IRS with DDT.,4549,10.1186/1475-2875-7-247,Munhenga,"Pyrethroid resistance in the major malaria vector Anopheles arabiensis from Gwave, a malaria-endemic area in Zimbabwe ",Malaria Journal ,2008,yes,yes,both,na,,,Zimbabwe,Gwave village,-17.9167,28.6833,,,,,,,,,,,,,,,,no,no,point,paper,Midlands Province,Gokwe South district,"Not Listed-Site is a village in Gokwe south district. Coords found in geonames and match paper coords, plotted paper coords in encarta and they fall in the correct Admin1 &2. (coords in GNS are -17.9, 28.7, and are for area type ""stream."" Since these looks rounded, and are not for a populated place, have used coords from paper, which are very similar to those in GNS. Coords plot out in encarta near Gokwe (-18.218, 28.939) (EH))",yes,IRS,na,,ABN,101,Larvae,85,OWT,23,,,,,yes,no,no,1,1,2008,2008,,,,,,GAMBIAE COMPLEX,arabiensis,,morph,genetic/molecular,,,,,,,,,,,,,,,,,,,,,,,,,,,,,,,,,,,,,,,,,,,,,,,,,,,,,,,,,,,,,,,,,,,,,,,,,,,,,,,,,,,,,,,,,,,,,,,,,,,,,,,,,,,,,,,,,,,,,,,,,,,,,,,,,,,,,,,,,,,,,,,,,,,,,,,,,,,,,,,,,,,,,,,,,,,,,,,,,,,,,,,,,,,Well,artificial,,,,,,,,,,,,,,,,,,,,,,,,,,,,,,,,,,Larvae were collected from stagnant pools at an artesian well and adjacent homesteads ,JO,JAO,CMK
0,1,yes,IRS with DDT.,4549,10.1186/1475-2875-7-247,Munhenga,"Pyrethroid resistance in the major malaria vector Anopheles arabiensis from Gwave, a malaria-endemic area in Zimbabwe ",Malaria Journal ,2008,yes,yes,both,na,,,Zimbabwe,Gwave village,-17.9167,28.6833,,,,,,,,,,,,,,,,no,no,point,paper,Midlands Province,Gokwe South district,"Not Listed-Site is a village in Gokwe south district. Coords found in geonames and match paper coords, plotted paper coords in encarta and they fall in the correct Admin1 &2. (coords in GNS are -17.9, 28.7, and are for area type ""stream."" Since these looks rounded, and are not for a populated place, have used coords from paper, which are very similar to those in GNS. Coords plot out in encarta near Gokwe (-18.218, 28.939) (EH))",yes,IRS,na,,ABN,73,Larvae,34,OWT,0,,,,,yes,no,no,1,1,2008,2008,,,,,,GAMBIAE COMPLEX,merus,,morph,genetic/molecular,,,,,,,,,,,,,,,,,,,,,,,,,,,,,,,,,,,,,,,,,,,,,,,,,,,,,,,,,,,,,,,,,,,,,,,,,,,,,,,,,,,,,,,,,,,,,,,,,,,,,,,,,,,,,,,,,,,,,,,,,,,,,,,,,,,,,,,,,,,,,,,,,,,,,,,,,,,,,,,,,,,,,,,,,,,,,,,,,,,,,,,,,,,Well,artificial,,,,,,,,,,,,,,,,,,,,,,,,,,,,,,,,,,Larvae were collected from stagnant pools at an artesian well and adjacent homesteads ,JO,JAO,CMK
0,1,yes,IRS with DDT.,4549,10.1186/1475-2875-7-247,Munhenga,"Pyrethroid resistance in the major malaria vector Anopheles arabiensis from Gwave, a malaria-endemic area in Zimbabwe ",Malaria Journal ,2008,yes,yes,both,na,,,Zimbabwe,Gwave village,-17.9167,28.6833,,,,,,,,,,,,,,,,no,no,point,paper,Midlands Province,Gokwe South district,"Not Listed-Site is a village in Gokwe south district. Coords found in geonames and match paper coords, plotted paper coords in encarta and they fall in the correct Admin1 &2. (coords in GNS are -17.9, 28.7, and are for area type ""stream."" Since these looks rounded, and are not for a populated place, have used coords from paper, which are very similar to those in GNS. Coords plot out in encarta near Gokwe (-18.218, 28.939) (EH))",yes,IRS,na,,ABN,7,Larvae,25,OWT,0,,,,,yes,no,no,1,1,2008,2008,,,,,,GAMBIAE COMPLEX,quadriannulatus,,morph,genetic/molecular,,,,,,,,,,,,,,,,,,,,,,,,,,,,,,,,,,,,,,,,,,,,,,,,,,,,,,,,,,,,,,,,,,,,,,,,,,,,,,,,,,,,,,,,,,,,,,,,,,,,,,,,,,,,,,,,,,,,,,,,,,,,,,,,,,,,,,,,,,,,,,,,,,,,,,,,,,,,,,,,,,,,,,,,,,,,,,,,,,,,,,,,,,,Well,artificial,,,,,,,,,,,,,,,,,,,,,,,,,,,,,,,,,,Larvae were collected from stagnant pools at an artesian well and adjacent homesteads ,JO,JAO,CMK
0,1,yes,,4549,10.1186/1475-2875-7-247,Munhenga,"Pyrethroid resistance in the major malaria vector Anopheles arabiensis from Gwave, a malaria-endemic area in Zimbabwe ",Malaria Journal ,2008,yes,yes,both,na,,,Zimbabwe,Gwave village,-17.9167,28.6833,,,,,,,,,,,,,,,,no,no,point,paper,Midlands Province,Gokwe South district,"Not Listed-Site is a village in Gokwe south district. Coords found in geonames and match paper coords, plotted paper coords in encarta and they fall in the correct Admin1 &2. (coords in GNS are -17.9, 28.7, and are for area type ""stream."" Since these looks rounded, and are not for a populated place, have used coords from paper, which are very similar to those in GNS. Coords plot out in encarta near Gokwe (-18.218, 28.939) (EH))",yes,IRS,na,,ABN,,Larvae,,,,,,6,,yes,no,no,1,1,2008,2008,,,,,,GAMBIAE COMPLEX,squamosus,,morph,genetic/molecular,,,,,,,,,,,,,,,,,,,,,,,,,,,,,,,,,,,,,,,,,,,,,,,,,,,,,,,,,,,,,,,,,,,,,,,,,,,,,,,,,,,,,,,,,,,,,,,,,,,,,,,,,,,,,,,,,,,,,,,,,,,,,,,,,,,,,,,,,,,,,,,,,,,,,,,,,,,,,,,,,,,,,,,,,,,,,,,,,,,,,,,,,,,Well,artificial,,,,,,,,,,,,,,,,,,,,,,,,,,,,,,,,,,Larvae were collected from stagnant pools at an artesian well and adjacent homesteads ,JO,JAO,CMK
0,1,yes,,4549,10.1186/1475-2875-7-247,Munhenga,"Pyrethroid resistance in the major malaria vector Anopheles arabiensis from Gwave, a malaria-endemic area in Zimbabwe ",Malaria Journal ,2008,yes,yes,both,na,,,Zimbabwe,Gwave village,-17.9167,28.6833,,,,,,,,,,,,,,,,no,no,point,paper,Midlands Province,Gokwe South district,"Not Listed-Site is a village in Gokwe south district. Coords found in geonames and match paper coords, plotted paper coords in encarta and they fall in the correct Admin1 &2. (coords in GNS are -17.9, 28.7, and are for area type ""stream."" Since these looks rounded, and are not for a populated place, have used coords from paper, which are very similar to those in GNS. Coords plot out in encarta near Gokwe (-18.218, 28.939) (EH))",yes,IRS,na,,ABN,,Larvae,,,,,,,,yes,no,no,1,1,2008,2008,,,,,,GAMBIAE COMPLEX,funestus,,morph,genetic/molecular,,,,,,,,,,,,,,,,,,,,,,,,,,,,,,,,,,,,,,,,,,,,,,,,,,,,,,,,,,,,,,,,,,,,,,,,,,,,,,,,,,,,,,,,,,,,,,,,,,,,,,,,,,,,,,,,,,,,,,,,,,,,,,,,,,,,,,,,,,,,,,,,,,,,,,,,,,,,,,,,,,,,,,,,,,,,,,,,,,,,,,,,,,,Well,artificial,,,,,,,,,,,,,,,,,,,,,,,,,,,,,,,,,,Larvae were collected from stagnant pools at an artesian well and adjacent homesteads ,JO,JAO,CMK
0,1,yes,,4549,10.1186/1475-2875-7-247,Munhenga,"Pyrethroid resistance in the major malaria vector Anopheles arabiensis from Gwave, a malaria-endemic area in Zimbabwe ",Malaria Journal ,2008,yes,yes,both,na,,,Zimbabwe,Gwave village,-17.9167,28.6833,,,,,,,,,,,,,,,,no,no,point,paper,Midlands Province,Gokwe South district,"Not Listed-Site is a village in Gokwe south district. Coords found in geonames and match paper coords, plotted paper coords in encarta and they fall in the correct Admin1 &2. (coords in GNS are -17.9, 28.7, and are for area type ""stream."" Since these looks rounded, and are not for a populated place, have used coords from paper, which are very similar to those in GNS. Coords plot out in encarta near Gokwe (-18.218, 28.939) (EH))",yes,IRS,na,,ABN,,Larvae,,,,,,2,,yes,no,no,1,1,2008,2008,,,,,,GAMBIAE COMPLEX,longipalpis,,morph,genetic/molecular,,,,,,,,,,,,,,,,,,,,,,,,,,,,,,,,,,,,,,,,,,,,,,,,,,,,,,,,,,,,,,,,,,,,,,,,,,,,,,,,,,,,,,,,,,,,,,,,,,,,,,,,,,,,,,,,,,,,,,,,,,,,,,,,,,,,,,,,,,,,,,,,,,,,,,,,,,,,,,,,,,,,,,,,,,,,,,,,,,,,,,,,,,,Well,artificial,,,,,,,,,,,,,,,,,,,,,,,,,,,,,,,,,,Larvae were collected from stagnant pools at an artesian well and adjacent homesteads ,JO,JAO,CMK
0,1,yes,,4549,10.1186/1475-2875-7-247,Munhenga,"Pyrethroid resistance in the major malaria vector Anopheles arabiensis from Gwave, a malaria-endemic area in Zimbabwe ",Malaria Journal ,2008,yes,yes,both,na,,,Zimbabwe,Gwave village,-17.9167,28.6833,,,,,,,,,,,,,,,,no,no,point,paper,Midlands Province,Gokwe South district,"Not Listed-Site is a village in Gokwe south district. Coords found in geonames and match paper coords, plotted paper coords in encarta and they fall in the correct Admin1 &2. (coords in GNS are -17.9, 28.7, and are for area type ""stream."" Since these looks rounded, and are not for a populated place, have used coords from paper, which are very similar to those in GNS. Coords plot out in encarta near Gokwe (-18.218, 28.939) (EH))",yes,IRS,na,,ABN,,Larvae,,,,,,3,,yes,no,no,1,1,2008,2008,,,,,,GAMBIAE COMPLEX,coustani,,morph,genetic/molecular,,,,,,,,,,,,,,,,,,,,,,,,,,,,,,,,,,,,,,,,,,,,,,,,,,,,,,,,,,,,,,,,,,,,,,,,,,,,,,,,,,,,,,,,,,,,,,,,,,,,,,,,,,,,,,,,,,,,,,,,,,,,,,,,,,,,,,,,,,,,,,,,,,,,,,,,,,,,,,,,,,,,,,,,,,,,,,,,,,,,,,,,,,,Well,artificial,,,,,,,,,,,,,,,,,,,,,,,,,,,,,,,,,,Larvae were collected from stagnant pools at an artesian well and adjacent homesteads ,JO,JAO,CMK
1,0,yes,,4549,10.1186/1475-2875-7-247,Munhenga,"Pyrethroid resistance in the major malaria vector Anopheles arabiensis from Gwave, a malaria-endemic area in Zimbabwe ",Malaria Journal ,2008,yes,yes,both,na,no,,Zimbabwe,Gwave village,-17.9167,28.6833,,,,,,,,,,,,,,,,no,no,point,paper,Midlands Province,Gokwe South district,Village in Gokwe south district.,yes,IRS,na,,,,,,,,,,,"HBN, ABN, RO(animal shelter), WinExit, HRI. HBN and ABN 1800 - 2100. HRI 0600 - 1000.",yes,no,no,2,1,2006,2008,,,,,arabiensis,,,,morph,genetic/molecular,,,,,,,,,,,,,,,,,,,,,,,,,,,,,,,,,,,,,,,,,,ABN,RO (ani-shelter),yes,,,,2,436,0.5,,,,,,,,,,,,,plus HRI and WinExit,,,,,,,,,,,,,,,,,,,,,,,,,,,,,,,,,,,,,,,,,,,,,,,,,,,,,,,,,,,,,,,,,,,,,,,,,,,,,,,,,,,,,,,,,,,,,,,,,,,,,,,,,,,,,,,,,,,,,,,,,,,,Well,artificial,,,,,,,,,,,,,,,,,,,,,,,,,,,,,,,,,,Larvae were collected from stagnant pools at an artesian well and adjacent homesteads ,JO,JAO,CMK
1,0,yes,,4549,10.1186/1475-2875-7-247,Munhenga,"Pyrethroid resistance in the major malaria vector Anopheles arabiensis from Gwave, a malaria-endemic area in Zimbabwe ",Malaria Journal ,2008,yes,yes,both,na,no,,Zimbabwe,Gwave village,-17.9167,28.6833,,,,,,,,,,,,,,,,no,no,point,paper,Midlands Province,Gokwe South district,Village in Gokwe south district.,yes,IRS,na,,,,,,,,,,,"HBN, ABN, RO(animal shelter), WinExit, HRI. HBN and ABN 1800 - 2100. HRI 0600 - 1000.",yes,no,no,2,1,2006,2008,,,,,merus,,,,morph,genetic/molecular,,,,,,,,,,,,,,,,,,,,,,,,,,,,,,,,,,,,,,,,,,ABN,RO (ani-shelter),yes,,,,0,21,0,,,,,,,,,,,,,plus HRI and WinExit,,,,,,,,,,,,,,,,,,,,,,,,,,,,,,,,,,,,,,,,,,,,,,,,,,,,,,,,,,,,,,,,,,,,,,,,,,,,,,,,,,,,,,,,,,,,,,,,,,,,,,,,,,,,,,,,,,,,,,,,,,,,Well,artificial,,,,,,,,,,,,,,,,,,,,,,,,,,,,,,,,,,Larvae were collected from stagnant pools at an artesian well and adjacent homesteads ,JO,JAO,CMK
0,1,yes,"1st collection during the wet season (Jan- feb).An. irenicus found in Fresh water on Guadalcanal Island. (paper refers to Besansky et al., 1997 (pdf 1500) when it states that human bait was used, and Besansky use human landing catches, so am ok with putting MB as opposed to HBN or some other human bait-based trap (EH))",4551,,Hasan,,,2008,yes,,,,,,Solomon Islands,Tamboko 1 ,,,,,,,,,,,,,,,,,,,,point,,Guadalcanal Province,Not Specified,"Not Listed- used encarta coords, confirmed position using article map. (according to map, Tamboko 1 is around 4km north of Tamboko 2. I would put Tamboko 1 at site of Tamboko in encarta (-9.348, 159.825) and Tamboko 2 4km south of this (-9.385, 159.825). This seems to match the positions in the map in the paper, however position of Tavavao in relation to Tamboko in encarta does not match exactly with the map in the paper, so we should be careful in assuming it to be wholly accurate, and we should contact authors first to try and get a more detailed map/description. (EH))",n.a.,,,,HLC,,,,,,,,,,,,,1,9,2005,2007,,,,,,farauti,n.a.,An. farauti s.s.,morph,genetic/molecular,,,,,,,,,,,,,,,,,,,,,,,,,,,,,,,,,,,,,,,,,,,,,,,,,,,,,,,,,,,,,,,,,,,,,,,,,,,,,,,,,,,,,,,,,,,,,,,,,,,,,,,,,,,,,,,,,,,,,,,,,,,,,,,,,,,,,,,,,,,,,,,,,,,,,,,,,,,,,,,,,,,,,,,,,,,,,,,,,,,,,,,,,,,,,,,,,,,,,,,,,,,,,,,,,,,,,,,,,,,,,,,,,
0,1,yes,"1st collection during the wet season (Jan- feb). (Collections occurred in Jan-Feb, 2005 and July-Sept 2005, 2006 and 2007, however data given is amalgamated for all sampling periods (EH))",4551,,Hasan,,,2008,yes,,,,,,Solomon Islands,Tavavao,-9.35,159.816,,,,,,,,,,,,,,,,no,no,point,*encarta,Guadalcanal Province,Not Specified,"Not Listed- used encarta coords, confirmed position using article map.",n.a.,,,,HLC,,,,,,,,,,,,,1,9,2005,2007,,,,,,farauti,n.a.,An. farauti s.s.,morph,genetic/molecular,,,,,,,,,,,,,,,,,,,,,,,,,,,,,,,,,,,,,,,,,,,,,,,,,,,,,,,,,,,,,,,,,,,,,,,,,,,,,,,,,,,,,,,,,,,,,,,,,,,,,,,,,,,,,,,,,,,,,,,,,,,,,,,,,,,,,,,,,,,,,,,,,,,,,,,,,,,,,,,,,,,,,,,,,,,,,,,,,,,,,,,,,,,,,,,,,,,,,,,,,,,,,,,,,,,,,,,,,,,,,,,,,
0,1,yes,(An. farauti no. 7 (An. irenicus) does not feed on humans (according to the paper) i.e. is a non-vector (EH)),4551,,Hasan,,,2008,yes,,,,,,Solomon Islands,Tamboko 2,,,,,,,,,,,,,,,,,,,,point,,Guadalcanal Province,Not Specified,"(according to map, Tamboko 1 is around 4km north of Tamboko 2. I would put Tamboko 1 at site of Tamboko in encarta (-9.348, 159.825) and Tamboko 2 4km south of this (-9.385, 159.825). This seems to match the positions in the map in the paper, but we should contact authors first to try and get a more detailed map/description (EH))",n.a.,,,,Larvae,,,,,,,,,,,,,1,9,2005,2007,,,,,,farauti,n.a.,An. farauti s.s. and An. farauti no.7 (An. irenicus),morph,genetic/molecular,,,,,,,,,,,,,,,,,,,,,,,,,,,,,,,,,,,,,,,,,,,,,,,,,,,,,,,,,,,,,,,,,,,,,,,,,,,,,,,,,,,,,,,,,,,,,,,,,,,,,,,,,,,,,,,,,,,,,,,,,,,,,,,,,,,,,,,,,,,,,,,,,,,,,,,,,,,,,,,,,,,,,,,,,,,,,,,,,,,,,,,,,,,,,,,,,,,,,,,,,,,,,,,,,,,,,,,,,,,,,,,,,
0,1,yes,,4551,,Hasan,,,2008,yes,,,,,,Solomon Islands,Komimbo,,,,,,,,,,,,,,,,,,,,point,,Guadalcanal Province,Not Specified,"Not Listed- Used encarta and article map side by side to get the location of the site. (found in GNS and multiple webdb at -9.25, 159.6667 but these coords fall just off the coast according to encarta, and indeed other webdb such as maplandia, fallingrain. From the map in the pdf I would guess coords of -9.297, 159.617, but would only be a good guess as the map isn't even a great representation of the outline of Guadalcanal island. Found another mention of Komimbo in pdf 1914, but appears to be a different place as map in pdf 1914 come out nowhere near map in pdf 4551. Coords from 1914 would be -9.444, 159.984.  (EH))",n.a.,,,,Larvae,,,,,,,,,,,,,1,9,2005,2007,,,,,,farauti,n.a.,An. farauti s.s. and An. farauti no.7 (An. irenicus),morph,genetic/molecular,,,,,,,,,,,,,,,,,,,,,,,,,,,,,,,,,,,,,,,,,,,,,,,,,,,,,,,,,,,,,,,,,,,,,,,,,,,,,,,,,,,,,,,,,,,,,,,,,,,,,,,,,,,,,,,,,,,,,,,,,,,,,,,,,,,,,,,,,,,,,,,,,,,,,,,,,,,,,,,,,,,,,,,,,,,,,,,,,,,,,,,,,,,,,,,,,,,,,,,,,,,,,,,,,,,,,,,,,,,,,,,,,
0,1,yes,,4551,,Hasan,,,2008,yes,,,,,,Solomon Islands,Sopapera,-9.433,160.15,,,,,,,,,,,,,,,,no,no,point,*encarta,Guadalcanal Province,Not Specified,"Not Listed- used encarta coords, confirmed position using article map.",n.a.,,,,Larvae,,,,,,,,,,,,,1,9,2005,2007,,,,,,farauti,n.a.,An. farauti s.s. and An. farauti no.7 (An. irenicus),morph,genetic/molecular,,,,,,,,,,,,,,,,,,,,,,,,,,,,,,,,,,,,,,,,,,,,,,,,,,,,,,,,,,,,,,,,,,,,,,,,,,,,,,,,,,,,,,,,,,,,,,,,,,,,,,,,,,,,,,,,,,,,,,,,,,,,,,,,,,,,,,,,,,,,,,,,,,,,,,,,,,,,,,,,,,,,,,,,,,,,,,,,,,,,,,,,,,,,,,,,,,,,,,,,,,,,,,,,,,,,,,,,,,,,,,,,,
0,1,yes,,4551,,Hasan,,,2008,yes,,,,,,Solomon Islands,Koli,-9.408,160.163,,,,,,,,,,,,,,,,yes,no,point,combination,Guadalcanal Province,Not Specified,"Not Listed- used encarta coords, confirmed position using article map. (encarta refers to Koli point, which is in the right place according to the map in the paper. However, it is not a single location but a headland, and therefore can't get a specific location. Coords used would be a good guess, based on encarta and map in paper. GNS and other webdb give coords of -9.4, 160.1833, but once again these fall in the sea in encarta, so can't be used (EH))",n.a.,,,,Larvae,,,,,,,,,,,,,1,9,2005,2007,,,,,,farauti,n.a.,An. farauti s.s.,morph,genetic/molecular,,,,,,,,,,,,,,,,,,,,,,,,,,,,,,,,,,,,,,,,,,,,,,,,,,,,,,,,,,,,,,,,,,,,,,,,,,,,,,,,,,,,,,,,,,,,,,,,,,,,,,,,,,,,,,,,,,,,,,,,,,,,,,,,,,,,,,,,,,,,,,,,,,,,,,,,,,,,,,,,,,,,,,,,,,,,,,,,,,,,,,,,,,,,,,,,,,,,,,,,,,,,,,,,,,,,,,,,,,,,,,,,,
0,1,yes,,4551,,Hasan,,,2008,yes,,,,,,Solomon Islands,Patima,-9.484,160.466,,,,,,,,,,,,,,,,no,no,point,*encarta,Guadalcanal Province,Not Specified,"Not Listed- used encarta coords, confirmed position using article map.",n.a.,,,,Larvae,,,,,,,,,,,,,1,9,2005,2007,,,,,,farauti,n.a.,An. farauti no.7 (An. irenicus),morph,genetic/molecular,,,,,,,,,,,,,,,,,,,,,,,,,,,,,,,,,,,,,,,,,,,,,,,,,,,,,,,,,,,,,,,,,,,,,,,,,,,,,,,,,,,,,,,,,,,,,,,,,,,,,,,,,,,,,,,,,,,,,,,,,,,,,,,,,,,,,,,,,,,,,,,,,,,,,,,,,,,,,,,,,,,,,,,,,,,,,,,,,,,,,,,,,,,,,,,,,,,,,,,,,,,,,,,,,,,,,,,,,,,,,,,,,
0,1,yes,,4551,,Hasan,,,2008,yes,,,,,,Solomon Islands,Fiu,-8.717,160.683,,,,,,,,,,,,,,,,no,no,point,*encarta,Malaita Province,Not Specified,"Not Listed- used encarta coords, confirmed position using article map.",n.a.,,,,Larvae,,,,,,,,,,,,,1,9,2005,2007,,,,,,farauti,n.a.,An. farauti s.s.,morph,genetic/molecular,,,,,,,,,,,,,,,,,,,,,,,,,,,,,,,,,,,,,,,,,,,,,,,,,,,,,,,,,,,,,,,,,,,,,,,,,,,,,,,,,,,,,,,,,,,,,,,,,,,,,,,,,,,,,,,,,,,,,,,,,,,,,,,,,,,,,,,,,,,,,,,,,,,,,,,,,,,,,,,,,,,,,,,,,,,,,,,,,,,,,,,,,,,,,,,,,,,,,,,,,,,,,,,,,,,,,,,,,,,,,,,,,
0,1,yes,,4551,,Hasan,,,2008,yes,,,,,,Solomon Islands,Mawa,-9.067,160.8,,,,,,,,,,,,,,,,no,no,point,*encarta,Malaita Province,Not Specified,"Not Listed- used encarta coords, confirmed position using article map.",n.a.,,,,Larvae,,,,,,,,,,,,,1,9,2005,2007,,,,,,farauti,n.a.,An. farauti s.s.,morph,genetic/molecular,,,,,,,,,,,,,,,,,,,,,,,,,,,,,,,,,,,,,,,,,,,,,,,,,,,,,,,,,,,,,,,,,,,,,,,,,,,,,,,,,,,,,,,,,,,,,,,,,,,,,,,,,,,,,,,,,,,,,,,,,,,,,,,,,,,,,,,,,,,,,,,,,,,,,,,,,,,,,,,,,,,,,,,,,,,,,,,,,,,,,,,,,,,,,,,,,,,,,,,,,,,,,,,,,,,,,,,,,,,,,,,,,
0,1,yes,,4552,10.1371/journal.pgen.1000286 ,Muller,"Field-Caught Permethrin-Resistant Anopheles gambiae Overexpress CYP6P3, a P450 That Metabolises Pyrethroids ",PLoS Genetics ,2008,yes,yes,both,,,,Ghana,Dodowa,5.877,-0.106,,,,,,,,,,,,,,,,no,no,point,paper/map,Not Specified,Not Specified,"Paper coordinates are (5.8778, -0.1060) and they closely match encarta's. (coords from encarta and site ID are 5.883, -0.118 (EH)) ",n.a.,na,na,,Larvae,,HRI ,,,,,,,,yes,no,na,10,11,2006,2006,,,,,,GAMBIAE COMPLEX,gambiae s.s.,M and S forms,morph,genetic/molecular,,,,,,,,,,,,,,,,,,,,,,,,,,,,,,,,,,,,,,,,,,,,,,,,,,,,,,,,,,,,,,,,,,,,,,,,,,,,,,,,,,,,,,,,,,,,,,,,,,,,,,,,,,,,,,,,,,,,,,,,,,,,,,,,,,,,,,,,,,,,,,,,,,,,,,,,,,,,,,,,,,,,,,,,,,,,,,,,,,,,,,,,,,,,,,,,,,,,,,,,,,,,,,,,,,,,,,,,,,,,,,"Mosquitoes morphologically identified as
members of the A. gambiae species complex [19,20] were sampled
from natural breeding sites and raised to adults in an insectary
located in Dodowa",JO,JAO,CMK
0,1,yes,No vector data.,4554,,Cucunumba,,,2008,no,,,,,,,,,,,,,,,,,,,,,,,,,,,,,,,,,,,,,,,,,,,,,,,,,,,,,,,,,,,,,,,,,,,,,,,,,,,,,,,,,,,,,,,,,,,,,,,,,,,,,,,,,,,,,,,,,,,,,,,,,,,,,,,,,,,,,,,,,,,,,,,,,,,,,,,,,,,,,,,,,,,,,,,,,,,,,,,,,,,,,,,,,,,,,,,,,,,,,,,,,,,,,,,,,,,,,,,,,,,,,,,,,,,,,,,,,,,,,,,,,,,,,,,,,,,,,,,,,,,,,,,,,,,,,,,,,,,,,,,,,,,,,,,
0,1,yes,Paper on Malaria prevalence & ITNs coverange in Ethiopia. No vector data.,4555,,Shargie,,,2008,no,,,,,,,,,,,,,,,,,,,,,,,,,,,,,,,,,,,,,,,,,,,,,,,,,,,,,,,,,,,,,,,,,,,,,,,,,,,,,,,,,,,,,,,,,,,,,,,,,,,,,,,,,,,,,,,,,,,,,,,,,,,,,,,,,,,,,,,,,,,,,,,,,,,,,,,,,,,,,,,,,,,,,,,,,,,,,,,,,,,,,,,,,,,,,,,,,,,,,,,,,,,,,,,,,,,,,,,,,,,,,,,,,,,,,,,,,,,,,,,,,,,,,,,,,,,,,,,,,,,,,,,,,,,,,,,,,,,,,,,,,,,,,,,
0,1,yes,"Malaria indicator survey in Angola, no vector data. (Refers to external database of Anopheles gambiae presence records, available from http://www.mara.org.za/ . Some appear to be from sources we've already sampled, but some are from Ross Institute Reports that I'm not aware we've looked at (EH))",4556,,COSEP Lda,,,2007,no,,,,,,,,,,,,,,,,,,,,,,,,,,,,,,,,,,,,,,,,,,,,,,,,,,,,,,,,,,,,,,,,,,,,,,,,,,,,,,,,,,,,,,,,,,,,,,,,,,,,,,,,,,,,,,,,,,,,,,,,,,,,,,,,,,,,,,,,,,,,,,,,,,,,,,,,,,,,,,,,,,,,,,,,,,,,,,,,,,,,,,,,,,,,,,,,,,,,,,,,,,,,,,,,,,,,,,,,,,,,,,,,,,,,,,,,,,,,,,,,,,,,,,,,,,,,,,,,,,,,,,,,,,,,,,,,,,,,,,,,,,,,,,,
0,1,yes,"Study of Malaria prevalence in southeast Nigeria, no vector data.",4557,,Aribodor,,,2003,no,,,,,,,,,,,,,,,,,,,,,,,,,,,,,,,,,,,,,,,,,,,,,,,,,,,,,,,,,,,,,,,,,,,,,,,,,,,,,,,,,,,,,,,,,,,,,,,,,,,,,,,,,,,,,,,,,,,,,,,,,,,,,,,,,,,,,,,,,,,,,,,,,,,,,,,,,,,,,,,,,,,,,,,,,,,,,,,,,,,,,,,,,,,,,,,,,,,,,,,,,,,,,,,,,,,,,,,,,,,,,,,,,,,,,,,,,,,,,,,,,,,,,,,,,,,,,,,,,,,,,,,,,,,,,,,,,,,,,,,,,,,,,,,
0,1,yes,"Study of Malaria prevalence among nomadic Fulani of northeastern Nigeria, no vector data.",4559,,Gundiri,,,2007,no,,,,,,,,,,,,,,,,,,,,,,,,,,,,,,,,,,,,,,,,,,,,,,,,,,,,,,,,,,,,,,,,,,,,,,,,,,,,,,,,,,,,,,,,,,,,,,,,,,,,,,,,,,,,,,,,,,,,,,,,,,,,,,,,,,,,,,,,,,,,,,,,,,,,,,,,,,,,,,,,,,,,,,,,,,,,,,,,,,,,,,,,,,,,,,,,,,,,,,,,,,,,,,,,,,,,,,,,,,,,,,,,,,,,,,,,,,,,,,,,,,,,,,,,,,,,,,,,,,,,,,,,,,,,,,,,,,,,,,,,,,,,,,,
0,1,yes,No vector data.,4560,,Oparaocha,,,2003,no,,,,,,,,,,,,,,,,,,,,,,,,,,,,,,,,,,,,,,,,,,,,,,,,,,,,,,,,,,,,,,,,,,,,,,,,,,,,,,,,,,,,,,,,,,,,,,,,,,,,,,,,,,,,,,,,,,,,,,,,,,,,,,,,,,,,,,,,,,,,,,,,,,,,,,,,,,,,,,,,,,,,,,,,,,,,,,,,,,,,,,,,,,,,,,,,,,,,,,,,,,,,,,,,,,,,,,,,,,,,,,,,,,,,,,,,,,,,,,,,,,,,,,,,,,,,,,,,,,,,,,,,,,,,,,,,,,,,,,,,,,,,,,,
0,1,yes,No vector data.,4561,,Bejon,,,2008,no,,,,,,,,,,,,,,,,,,,,,,,,,,,,,,,,,,,,,,,,,,,,,,,,,,,,,,,,,,,,,,,,,,,,,,,,,,,,,,,,,,,,,,,,,,,,,,,,,,,,,,,,,,,,,,,,,,,,,,,,,,,,,,,,,,,,,,,,,,,,,,,,,,,,,,,,,,,,,,,,,,,,,,,,,,,,,,,,,,,,,,,,,,,,,,,,,,,,,,,,,,,,,,,,,,,,,,,,,,,,,,,,,,,,,,,,,,,,,,,,,,,,,,,,,,,,,,,,,,,,,,,,,,,,,,,,,,,,,,,,,,,,,,,
0,1,yes,No vector data. PR results.,4563,,Litbangkes,,,1992,no,,,,,,,,,,,,,,,,,,,,,,,,,,,,,,,,,,,,,,,,,,,,,,,,,,,,,,,,,,,,,,,,,,,,,,,,,,,,,,,,,,,,,,,,,,,,,,,,,,,,,,,,,,,,,,,,,,,,,,,,,,,,,,,,,,,,,,,,,,,,,,,,,,,,,,,,,,,,,,,,,,,,,,,,,,,,,,,,,,,,,,,,,,,,,,,,,,,,,,,,,,,,,,,,,,,,,,,,,,,,,,,,,,,,,,,,,,,,,,,,,,,,,,,,,,,,,,,,,,,,,,,,,,,,,,,,,,,,,,,,,,,,,,,
0,1,yes,No vector data. Table with PR results.,4564,,Sukowati,,,2008,no,,,,,,,,,,,,,,,,,,,,,,,,,,,,,,,,,,,,,,,,,,,,,,,,,,,,,,,,,,,,,,,,,,,,,,,,,,,,,,,,,,,,,,,,,,,,,,,,,,,,,,,,,,,,,,,,,,,,,,,,,,,,,,,,,,,,,,,,,,,,,,,,,,,,,,,,,,,,,,,,,,,,,,,,,,,,,,,,,,,,,,,,,,,,,,,,,,,,,,,,,,,,,,,,,,,,,,,,,,,,,,,,,,,,,,,,,,,,,,,,,,,,,,,,,,,,,,,,,,,,,,,,,,,,,,,,,,,,,,,,,,,,,,,
0,1,yes,An. longipalpis captured using PSC (HRI) & CDC-LT between Apr & Jun 2007. (PSC = pyrethrum spray catch (EH)),4565,,Fornadel,Increased Endophily by the Malaria Vector Anopheles arabiensis in Southern Zambia and Identification of Digested Blood Meals ,Am J Trop Med Hyg,2008,yes,no,none,na,,,Zambia,Macha,-16.434,26.783,,,,,,,,,,,,,,,,no,no,wide area,*encarta,Southern Province,Not Specified,"Not Listed- Paper coords are (-16.3929, 26.7906), closely match encarta's. Collections were done in village areas within 10 km of the John Hopkins Malaria Institute. (hence wide area (EH))",n.a.,na,na,,HRI ,93,,,,,,,,,yes,no,no,3,3,2006,2006,,,,,,GAMBIAE COMPLEX,arabiensis,,morph,genetic/molecular,,,,,,,,,,,,,,,,,,,,,,,,,,,,,,,,,,,,,,,,,,,,,,,,,,,,,,,,,,,,,,,,,,,,,,,,,,,,,,,,,,,,,,,,,,,,,,,,,,,,,,,,,,,,,,,,,,,,,,,,,,,,,,,,,,,,,,,,,,,,,,,,,,,,,,,,,,,,,,,,,,,,,,,,,,,,,,,,,,,,,,,,,,,,,,,,,,,,,,,,,,,,,,,,,,,,,,,,,,,,,,,JO,JAO,CMK
0,1,yes,,4565,,Fornadel,Increased Endophily by the Malaria Vector Anopheles arabiensis in Southern Zambia and Identification of Digested Blood Meals ,Am J Trop Med Hyg,2008,yes,no,none,na,,,Zambia,Macha,-16.434,26.783,,,,,,,,,,,,,,,,no,no,wide area,*encarta,Southern Province,Not Specified,"Not Listed- Paper coords are (-16.3929, 26.7906), closely match encarta's. Collections were done in village areas within 10 km of the John Hopkins Malaria Institute. (hence wide area (EH))",n.a.,na,na,,HRI ,289,,,,,,,,,yes,no,no,3,3,2007,2007,,,,,,GAMBIAE COMPLEX,arabiensis,,morph,genetic/molecular,,,,,,,,,,,,,,,,,,,,,,,,,,,,,,,,,,,,,,,,,,,,,,,,,,,,,,,,,,,,,,,,,,,,,,,,,,,,,,,,,,,,,,,,,,,,,,,,,,,,,,,,,,,,,,,,,,,,,,,,,,,,,,,,,,,,,,,,,,,,,,,,,,,,,,,,,,,,,,,,,,,,,,,,,,,,,,,,,,,,,,,,,,,,,,,,,,,,,,,,,,,,,,,,,,,,,,,,,,,,,,,JO,JAO,CMK
1,0,yes,,4565,,Fornadel,Increased Endophily by the Malaria Vector Anopheles arabiensis in Southern Zambia and Identification of Digested Blood Meals ,Am J Trop Med Hyg,2008,yes,no,none,na,no,,Zambia,Macha,-16.434,26.783,,,,,,,,,,,,,,,,no,no,wide area,*encarta,Southern Province,Not Specified,Collections made within 10km of the John Hopkins Malaria Research Institute.,n.a.,na,na,,,,,,,,,,,HRI. Sampled once a month. 90 houses in 2006 and 180 during 2007.,yes,no,no,3,3,2007,2007,,,,,arabiensis,,,,morph,genetic/molecular,,,,,,,,,,,,,,,,,,,,,,,,,,,,,,,,,,,,,,,,,HRI,,,,,,,?,?,2.8,,,,,,,,,,,,,,,,,,,,,,,,,,,,,,,HRI,?,151,87.2,,,,,,,,,,,,HBI (%),,,,,,,,,,,,,,,,,,,,,,,,,,,,,,,,,,,,,,,,,,,,,,,,,,,,,,,,,,,,,,,,,,,,,,,,,,HRI,39,160,90,,,,,,,,,,,,count,,CMa,,,,,,,,,,,,,,,,,,,,,,,,,,,,,,,,,,,,JO,JAO,CMK
1,0,yes,,4565,,Fornadel,Increased Endophily by the Malaria Vector Anopheles arabiensis in Southern Zambia and Identification of Digested Blood Meals ,Am J Trop Med Hyg,2008,yes,no,none,na,no,,Zambia,Macha,-16.434,26.783,,,,,,,,,,,,,,,,no,no,wide area,*encarta,Southern Province,Not Specified,Collections made within 10km of the John Hopkins Malaria Research Institute.,n.a.,na,na,,,,,,,,,,,HRI. Sampled once a month. 90 houses in 2006 and 180 during 2007.,yes,no,no,3,3,2006,2006,,,,,arabiensis,,,,morph,genetic/molecular,,,,,,,,,,,,,,,,,,,,,,,,,,,,,,,,,,,,,,,,,HRI,,,,,,,?,?,3.1,,,,,,,,,,,,,,,,,,,,,,,,,,,,,,,,,,,,,,,,,,,,,,,,,,,,,,,,,,,,,,,,,,,,,,,,,,,,,,,,,,,,,,,,,,,,,,,,,,,,,,,,,,,,,,,,,,,,,,,,HRI,2,93,3,,,,,,,,,,,,count,,CMa,,,,,,,,,,,,,,,,,,,,,,,,,,,,,,,,,,,,JO,JAO,CMK
0,1,yes,,4565,,Fornadel,Increased Endophily by the Malaria Vector Anopheles arabiensis in Southern Zambia and Identification of Digested Blood Meals ,Am J Trop Med Hyg,2008,yes,no,none,na,,,Zambia,Macha,-16.434,26.783,,,,,,,,,,,,,,,,no,no,wide area,*encarta,Southern Province,Not Specified,"Not Listed- Paper coords are (-16.3929, 26.7906), closely match encarta's. Collections were done in village areas within 10 km of the John Hopkins Malaria Institute. (hence wide area (EH))",n.a.,na,na,,HRI ,,,,,,,,,,yes,no,no,4,6,2007,2007,,,,,,longipalpis,,,morph,genetic/molecular,,,,,,,,,,,,,,,,,,,,,,,,,,,,,,,,,,,,,,,,,,,,,,,,,,,,,,,,,,,,,,,,,,,,,,,,,,,,,,,,,,,,,,,,,,,,,,,,,,,,,,,,,,,,,,,,,,,,,,,,,,,,,,,,,,,,,,,,,,,,,,,,,,,,,,,,,,,,,,,,,,,,,,,,,,,,,,,,,,,,,,,,,,,,,,,,,,,,,,,,,,,,,,,,,,,,,,,,,,,,,,,JO,JAO,CMK
0,1,yes,"Outdoor & indoor resting mosquito collections were performed but no anopheline was found either resting indoors or in shaded areas in the 3 villages. (shaded areas include outdoor pits, but doesn't say if they're artificial or natural. No An. nuneztovari caught in Twenke (EH))",4566,,Girod,,,2008,yes,,,,,,Suriname,Twenke,3.376,-54.061,,,,,,,,,,,,,,,,no,no,point,*encarta,,,"Not Listed- The 3 villages are located in the amazonian forest in the Upper-Maroni basin, about 35 Km, south of the main town of Maripasoula. Paper coords (3.3833, -54.0500), when plotted in encarta don't match the paper description, nor the article map. So, used the given info to better located the village and record the coords. 'Twenke & Taluene are two neibouring hamlets located on the Lawa River'. (coords in paper do, in fact, match the map in the paper. Site found in encarta as ""Toanke"" matching the map in the paper. This site is actually on the Suriname side of the border, a fact indicated by encarta, and the map in the paper, and the text which states that the Maroni valley forms a natural border between Suriname and French Guiana, and ""Along the river, a diversified population maintains intense exchanges between the French and the Surinamese sides."" However, the text does not, explicitly, state that Twente is in Suriname, and no administrative information is given. (EH))",n.a.,,,,HLC - out,,,,,,,,,,,,,3,3,2000,2000,,,,,,darlingi,n.a.,,morph,,,,,,,,,,,,,,,,,,,,,,,,,,,,,,,,,,,,,,,,,,,,,,,,,,,,,,,,,,,,,,,,,,,,,,,,,,,,,,,,,,,,,,,,,,,,,,,,,,,,,,,,,,,,,,,,,,,,,,,,,,,,,,,,,,,,,,,,,,,,,,,,,,,,,,,,,,,,,,,,,,,,,,,,,,,,,,,,,,,,,,,,,,,,,,,,,,,,,,,,,,,,,,,,,,,,,,,,,,,,,,,,,,
0,1,yes,,4566,,Girod,,,2008,yes,,,,,,Suriname,Twenke,3.376,-54.061,,,,,,,,,,,,,,,,,,,,,,,n.a.,,,,HLC - out,,,,,,,,,,,,,4,4,2000,2000,,,,,,darlingi,n.a.,,morph,,,,,,,,,,,,,,,,,,,,,,,,,,,,,,,,,,,,,,,,,,,,,,,,,,,,,,,,,,,,,,,,,,,,,,,,,,,,,,,,,,,,,,,,,,,,,,,,,,,,,,,,,,,,,,,,,,,,,,,,,,,,,,,,,,,,,,,,,,,,,,,,,,,,,,,,,,,,,,,,,,,,,,,,,,,,,,,,,,,,,,,,,,,,,,,,,,,,,,,,,,,,,,,,,,,,,,,,,,,,,,,,,,
0,1,yes,,4566,,Girod,,,2008,yes,,,,,,Suriname,Twenke,3.376,-54.061,,,,,,,,,,,,,,,,,,,,,,,n.a.,,,,HLC - out,,,,,,,,,,,,,5,5,2000,2000,,,,,,darlingi,n.a.,,morph,,,,,,,,,,,,,,,,,,,,,,,,,,,,,,,,,,,,,,,,,,,,,,,,,,,,,,,,,,,,,,,,,,,,,,,,,,,,,,,,,,,,,,,,,,,,,,,,,,,,,,,,,,,,,,,,,,,,,,,,,,,,,,,,,,,,,,,,,,,,,,,,,,,,,,,,,,,,,,,,,,,,,,,,,,,,,,,,,,,,,,,,,,,,,,,,,,,,,,,,,,,,,,,,,,,,,,,,,,,,,,,,,,
0,1,yes,,4566,,Girod,,,2008,yes,,,,,,Suriname,Twenke,3.376,-54.061,,,,,,,,,,,,,,,,,,,,,,,n.a.,,,,HLC - out,,,,,,,,,,,,,6,6,2000,2000,,,,,,darlingi,n.a.,,morph,,,,,,,,,,,,,,,,,,,,,,,,,,,,,,,,,,,,,,,,,,,,,,,,,,,,,,,,,,,,,,,,,,,,,,,,,,,,,,,,,,,,,,,,,,,,,,,,,,,,,,,,,,,,,,,,,,,,,,,,,,,,,,,,,,,,,,,,,,,,,,,,,,,,,,,,,,,,,,,,,,,,,,,,,,,,,,,,,,,,,,,,,,,,,,,,,,,,,,,,,,,,,,,,,,,,,,,,,,,,,,,,,,
0,1,yes,,4566,,Girod,,,2008,yes,,,,,,Suriname,Twenke,3.376,-54.061,,,,,,,,,,,,,,,,,,,,,,,n.a.,,,,HLC - out,,,,,,,,,,,,,7,7,2000,2000,,,,,,darlingi,n.a.,,morph,,,,,,,,,,,,,,,,,,,,,,,,,,,,,,,,,,,,,,,,,,,,,,,,,,,,,,,,,,,,,,,,,,,,,,,,,,,,,,,,,,,,,,,,,,,,,,,,,,,,,,,,,,,,,,,,,,,,,,,,,,,,,,,,,,,,,,,,,,,,,,,,,,,,,,,,,,,,,,,,,,,,,,,,,,,,,,,,,,,,,,,,,,,,,,,,,,,,,,,,,,,,,,,,,,,,,,,,,,,,,,,,,,
0,1,yes,,4566,,Girod,,,2008,yes,,,,,,Suriname,Twenke,3.376,-54.061,,,,,,,,,,,,,,,,,,,,,,,n.a.,,,,HLC - out,,,,,,,,,,,,,8,8,2000,2000,,,,,,darlingi,n.a.,,morph,,,,,,,,,,,,,,,,,,,,,,,,,,,,,,,,,,,,,,,,,,,,,,,,,,,,,,,,,,,,,,,,,,,,,,,,,,,,,,,,,,,,,,,,,,,,,,,,,,,,,,,,,,,,,,,,,,,,,,,,,,,,,,,,,,,,,,,,,,,,,,,,,,,,,,,,,,,,,,,,,,,,,,,,,,,,,,,,,,,,,,,,,,,,,,,,,,,,,,,,,,,,,,,,,,,,,,,,,,,,,,,,,,
0,1,yes,,4566,,Girod,,,2008,yes,,,,,,Suriname,Twenke,3.376,-54.061,,,,,,,,,,,,,,,,,,,,,,,n.a.,,,,HLC - out,,,,,,,,,,,,,9,9,2000,2000,,,,,,darlingi,n.a.,,morph,,,,,,,,,,,,,,,,,,,,,,,,,,,,,,,,,,,,,,,,,,,,,,,,,,,,,,,,,,,,,,,,,,,,,,,,,,,,,,,,,,,,,,,,,,,,,,,,,,,,,,,,,,,,,,,,,,,,,,,,,,,,,,,,,,,,,,,,,,,,,,,,,,,,,,,,,,,,,,,,,,,,,,,,,,,,,,,,,,,,,,,,,,,,,,,,,,,,,,,,,,,,,,,,,,,,,,,,,,,,,,,,,,
0,1,yes,,4566,,Girod,,,2008,yes,,,,,,Suriname,Twenke,3.376,-54.061,,,,,,,,,,,,,,,,,,,,,,,n.a.,,,,HLC - out,,,,,,,,,,,,,10,10,2000,2000,,,,,,darlingi,n.a.,,morph,,,,,,,,,,,,,,,,,,,,,,,,,,,,,,,,,,,,,,,,,,,,,,,,,,,,,,,,,,,,,,,,,,,,,,,,,,,,,,,,,,,,,,,,,,,,,,,,,,,,,,,,,,,,,,,,,,,,,,,,,,,,,,,,,,,,,,,,,,,,,,,,,,,,,,,,,,,,,,,,,,,,,,,,,,,,,,,,,,,,,,,,,,,,,,,,,,,,,,,,,,,,,,,,,,,,,,,,,,,,,,,,,,
0,1,yes,,4566,,Girod,,,2008,yes,,,,,,Suriname,Twenke,3.376,-54.061,,,,,,,,,,,,,,,,,,,,,,,n.a.,,,,HLC - out,,,,,,,,,,,,,11,11,2000,2000,,,,,,darlingi,n.a.,,morph,,,,,,,,,,,,,,,,,,,,,,,,,,,,,,,,,,,,,,,,,,,,,,,,,,,,,,,,,,,,,,,,,,,,,,,,,,,,,,,,,,,,,,,,,,,,,,,,,,,,,,,,,,,,,,,,,,,,,,,,,,,,,,,,,,,,,,,,,,,,,,,,,,,,,,,,,,,,,,,,,,,,,,,,,,,,,,,,,,,,,,,,,,,,,,,,,,,,,,,,,,,,,,,,,,,,,,,,,,,,,,,,,,
0,1,yes,,4566,,Girod,,,2008,yes,,,,,,Suriname,Twenke,3.376,-54.061,,,,,,,,,,,,,,,,,,,,,,,n.a.,,,,HLC - out,,,,,,,,,,,,,12,12,2000,2000,,,,,,darlingi,n.a.,,morph,,,,,,,,,,,,,,,,,,,,,,,,,,,,,,,,,,,,,,,,,,,,,,,,,,,,,,,,,,,,,,,,,,,,,,,,,,,,,,,,,,,,,,,,,,,,,,,,,,,,,,,,,,,,,,,,,,,,,,,,,,,,,,,,,,,,,,,,,,,,,,,,,,,,,,,,,,,,,,,,,,,,,,,,,,,,,,,,,,,,,,,,,,,,,,,,,,,,,,,,,,,,,,,,,,,,,,,,,,,,,,,,,,
0,1,yes,,4566,,Girod,,,2008,yes,,,,,,Suriname,Twenke,3.376,-54.061,,,,,,,,,,,,,,,,,,,,,,,n.a.,,,,HLC - out,,,,,,,,,,,,,1,1,2001,2001,,,,,,darlingi,n.a.,,morph,,,,,,,,,,,,,,,,,,,,,,,,,,,,,,,,,,,,,,,,,,,,,,,,,,,,,,,,,,,,,,,,,,,,,,,,,,,,,,,,,,,,,,,,,,,,,,,,,,,,,,,,,,,,,,,,,,,,,,,,,,,,,,,,,,,,,,,,,,,,,,,,,,,,,,,,,,,,,,,,,,,,,,,,,,,,,,,,,,,,,,,,,,,,,,,,,,,,,,,,,,,,,,,,,,,,,,,,,,,,,,,,,,
0,1,yes,,4566,,Girod,,,2008,yes,,,,,,Suriname,Twenke,3.376,-54.061,,,,,,,,,,,,,,,,,,,,,,,n.a.,,,,HLC - out,,,,,,,,,,,,,2,2,2001,2001,,,,,,darlingi,n.a.,,morph,,,,,,,,,,,,,,,,,,,,,,,,,,,,,,,,,,,,,,,,,,,,,,,,,,,,,,,,,,,,,,,,,,,,,,,,,,,,,,,,,,,,,,,,,,,,,,,,,,,,,,,,,,,,,,,,,,,,,,,,,,,,,,,,,,,,,,,,,,,,,,,,,,,,,,,,,,,,,,,,,,,,,,,,,,,,,,,,,,,,,,,,,,,,,,,,,,,,,,,,,,,,,,,,,,,,,,,,,,,,,,,,,,
0,1,yes,,4566,,Girod,,,2008,yes,,,,,,Suriname,Twenke,3.376,-54.061,,,,,,,,,,,,,,,,,,,,,,,n.a.,,,,HLC - out,,,,,,,,,,,,,3,3,2001,2001,,,,,,darlingi,n.a.,,morph,,,,,,,,,,,,,,,,,,,,,,,,,,,,,,,,,,,,,,,,,,,,,,,,,,,,,,,,,,,,,,,,,,,,,,,,,,,,,,,,,,,,,,,,,,,,,,,,,,,,,,,,,,,,,,,,,,,,,,,,,,,,,,,,,,,,,,,,,,,,,,,,,,,,,,,,,,,,,,,,,,,,,,,,,,,,,,,,,,,,,,,,,,,,,,,,,,,,,,,,,,,,,,,,,,,,,,,,,,,,,,,,,,
0,1,yes,,4566,,Girod,,,2008,yes,,,,,,Suriname,Twenke,3.376,-54.061,,,,,,,,,,,,,,,,,,,,,,,n.a.,,,,HLC - out,,,,,,,,,,,,,5,5,2001,2001,,,,,,darlingi,n.a.,,morph,,,,,,,,,,,,,,,,,,,,,,,,,,,,,,,,,,,,,,,,,,,,,,,,,,,,,,,,,,,,,,,,,,,,,,,,,,,,,,,,,,,,,,,,,,,,,,,,,,,,,,,,,,,,,,,,,,,,,,,,,,,,,,,,,,,,,,,,,,,,,,,,,,,,,,,,,,,,,,,,,,,,,,,,,,,,,,,,,,,,,,,,,,,,,,,,,,,,,,,,,,,,,,,,,,,,,,,,,,,,,,,,,,
0,1,yes,,4566,,Girod,,,2008,yes,,,,,,Suriname,Twenke,3.376,-54.061,,,,,,,,,,,,,,,,,,,,,,,n.a.,,,,HLC - out,,,,,,,,,,,,,6,6,2001,2001,,,,,,darlingi,n.a.,,morph,,,,,,,,,,,,,,,,,,,,,,,,,,,,,,,,,,,,,,,,,,,,,,,,,,,,,,,,,,,,,,,,,,,,,,,,,,,,,,,,,,,,,,,,,,,,,,,,,,,,,,,,,,,,,,,,,,,,,,,,,,,,,,,,,,,,,,,,,,,,,,,,,,,,,,,,,,,,,,,,,,,,,,,,,,,,,,,,,,,,,,,,,,,,,,,,,,,,,,,,,,,,,,,,,,,,,,,,,,,,,,,,,,
0,1,yes,,4566,,Girod,,,2008,yes,,,,,,Suriname,Twenke,3.376,-54.061,,,,,,,,,,,,,,,,,,,,,,,n.a.,,,,HLC - out,,,,,,,,,,,,,7,7,2001,2001,,,,,,darlingi,n.a.,,morph,,,,,,,,,,,,,,,,,,,,,,,,,,,,,,,,,,,,,,,,,,,,,,,,,,,,,,,,,,,,,,,,,,,,,,,,,,,,,,,,,,,,,,,,,,,,,,,,,,,,,,,,,,,,,,,,,,,,,,,,,,,,,,,,,,,,,,,,,,,,,,,,,,,,,,,,,,,,,,,,,,,,,,,,,,,,,,,,,,,,,,,,,,,,,,,,,,,,,,,,,,,,,,,,,,,,,,,,,,,,,,,,,,
0,1,yes,,4566,,Girod,,,2008,yes,,,,,,Suriname,Twenke,3.376,-54.061,,,,,,,,,,,,,,,,,,,,,,,n.a.,,,,HLC - out,,,,,,,,,,,,,8,8,2001,2001,,,,,,darlingi,n.a.,,morph,,,,,,,,,,,,,,,,,,,,,,,,,,,,,,,,,,,,,,,,,,,,,,,,,,,,,,,,,,,,,,,,,,,,,,,,,,,,,,,,,,,,,,,,,,,,,,,,,,,,,,,,,,,,,,,,,,,,,,,,,,,,,,,,,,,,,,,,,,,,,,,,,,,,,,,,,,,,,,,,,,,,,,,,,,,,,,,,,,,,,,,,,,,,,,,,,,,,,,,,,,,,,,,,,,,,,,,,,,,,,,,,,,
0,1,yes,,4566,,Girod,,,2008,yes,,,,,,Suriname,Twenke,3.376,-54.061,,,,,,,,,,,,,,,,,,,,,,,n.a.,,,,HLC - out,,,,,,,,,,,,,9,9,2001,2001,,,,,,darlingi,n.a.,,morph,,,,,,,,,,,,,,,,,,,,,,,,,,,,,,,,,,,,,,,,,,,,,,,,,,,,,,,,,,,,,,,,,,,,,,,,,,,,,,,,,,,,,,,,,,,,,,,,,,,,,,,,,,,,,,,,,,,,,,,,,,,,,,,,,,,,,,,,,,,,,,,,,,,,,,,,,,,,,,,,,,,,,,,,,,,,,,,,,,,,,,,,,,,,,,,,,,,,,,,,,,,,,,,,,,,,,,,,,,,,,,,,,,
0,1,yes,,4566,,Girod,,,2008,yes,,,,,,Suriname,Twenke,3.376,-54.061,,,,,,,,,,,,,,,,,,,,,,,n.a.,,,,HLC - out,,,,,,,,,,,,,10,10,2001,2001,,,,,,darlingi,n.a.,,morph,,,,,,,,,,,,,,,,,,,,,,,,,,,,,,,,,,,,,,,,,,,,,,,,,,,,,,,,,,,,,,,,,,,,,,,,,,,,,,,,,,,,,,,,,,,,,,,,,,,,,,,,,,,,,,,,,,,,,,,,,,,,,,,,,,,,,,,,,,,,,,,,,,,,,,,,,,,,,,,,,,,,,,,,,,,,,,,,,,,,,,,,,,,,,,,,,,,,,,,,,,,,,,,,,,,,,,,,,,,,,,,,,,
0,1,yes,,4566,,Girod,,,2008,yes,,,,,,Suriname,Twenke,3.376,-54.061,,,,,,,,,,,,,,,,,,,,,,,n.a.,,,,HLC - out,,,,,,,,,,,,,11,11,2001,2001,,,,,,darlingi,n.a.,,morph,,,,,,,,,,,,,,,,,,,,,,,,,,,,,,,,,,,,,,,,,,,,,,,,,,,,,,,,,,,,,,,,,,,,,,,,,,,,,,,,,,,,,,,,,,,,,,,,,,,,,,,,,,,,,,,,,,,,,,,,,,,,,,,,,,,,,,,,,,,,,,,,,,,,,,,,,,,,,,,,,,,,,,,,,,,,,,,,,,,,,,,,,,,,,,,,,,,,,,,,,,,,,,,,,,,,,,,,,,,,,,,,,,
0,1,yes,,4566,,Girod,,,2008,yes,,,,,,Suriname,Twenke,3.376,-54.061,,,,,,,,,,,,,,,,,,,,,,,n.a.,,,,HLC - out,,,,,,,,,,,,,12,12,2001,2001,,,,,,darlingi,n.a.,,morph,,,,,,,,,,,,,,,,,,,,,,,,,,,,,,,,,,,,,,,,,,,,,,,,,,,,,,,,,,,,,,,,,,,,,,,,,,,,,,,,,,,,,,,,,,,,,,,,,,,,,,,,,,,,,,,,,,,,,,,,,,,,,,,,,,,,,,,,,,,,,,,,,,,,,,,,,,,,,,,,,,,,,,,,,,,,,,,,,,,,,,,,,,,,,,,,,,,,,,,,,,,,,,,,,,,,,,,,,,,,,,,,,,
0,1,yes,,4566,,Girod,,,2008,yes,,,,,,Suriname,Twenke,3.376,-54.061,,,,,,,,,,,,,,,,,,,,,,,n.a.,,,,HLC - out,,,,,,,,,,,,,1,1,2002,2002,,,,,,darlingi,n.a.,,morph,,,,,,,,,,,,,,,,,,,,,,,,,,,,,,,,,,,,,,,,,,,,,,,,,,,,,,,,,,,,,,,,,,,,,,,,,,,,,,,,,,,,,,,,,,,,,,,,,,,,,,,,,,,,,,,,,,,,,,,,,,,,,,,,,,,,,,,,,,,,,,,,,,,,,,,,,,,,,,,,,,,,,,,,,,,,,,,,,,,,,,,,,,,,,,,,,,,,,,,,,,,,,,,,,,,,,,,,,,,,,,,,,,
0,1,yes,,4566,,Girod,,,2008,yes,,,,,,Suriname,Twenke,3.376,-54.061,,,,,,,,,,,,,,,,,,,,,,,n.a.,,,,HLC - out,,,,,,,,,,,,,2,2,2002,2002,,,,,,darlingi,n.a.,,morph,,,,,,,,,,,,,,,,,,,,,,,,,,,,,,,,,,,,,,,,,,,,,,,,,,,,,,,,,,,,,,,,,,,,,,,,,,,,,,,,,,,,,,,,,,,,,,,,,,,,,,,,,,,,,,,,,,,,,,,,,,,,,,,,,,,,,,,,,,,,,,,,,,,,,,,,,,,,,,,,,,,,,,,,,,,,,,,,,,,,,,,,,,,,,,,,,,,,,,,,,,,,,,,,,,,,,,,,,,,,,,,,,,
0,1,yes,,4566,,Girod,,,2008,yes,,,,,,Suriname,Twenke,3.376,-54.061,,,,,,,,,,,,,,,,,,,,,,,,,,,HLC - in,,,,,,,,,,,,,5,10,2001,2001,,,,,,darlingi,n.a.,,,,,,,,,,,,,,,,,,,,,,,,,,,,,,,,,,,,,,,,,,,,,,,,,,,,,,,,,,,,,,,,,,,,,,,,,,,,,,,,,,,,,,,,,,,,,,,,,,,,,,,,,,,,,,,,,,,,,,,,,,,,,,,,,,,,,,,,,,,,,,,,,,,,,,,,,,,,,,,,,,,,,,,,,,,,,,,,,,,,,,,,,,,,,,,,,,,,,,,,,,,,,,,,,,,,,,,,,,,,,,,,,,,,
0,1,yes,(no An. nuneztovari caught in Taluene (EH)),4566,,Girod,,,2008,yes,,,,,,Suriname,Twenke,3.376,-54.061,,,,,,,,,,,,,,,,,,,,,,,n.a.,,,,HLC - out,3319,HRI ,0,OS,0,,,,,,,,3,2,2000,2002,,,,,,darlingi,n.a.,,morph,,,,,,,,,,,,,,,,,,,,,,,,,,,,,,,,,,,,,,,,,,,,,,,,,,,,,,,,,,,,,,,,,,,,,,,,,,,,,,,,,,,,,,,,,,,,,,,,,,,,,,,,,,,,,,,,,,,,,,,,,,,,,,,,,,,,,,,,,,,,,,,,,,,,,,,,,,,,,,,,,,,,,,,,,,,,,,,,,,,,,,,,,,,,,,,,,,,,,,,,,,,,,,,,,,,,,,,,,,,,,,,,,,
0,1,yes,"(paper states that on the French side of the river, vector control is done by the regular deltamethrin spraying of houses, but doesn't explicitly state that it occurred in either of the study villages (EH))",4566,,Girod,,,2008,yes,,,,,,French Guiana,Taluene,3.374,-54.047,,,,,,,,,,,,,,,,no,no,point,combination,,Maripasoula,"Not Listed- The 3 villages are located in the amazonian forest in the Upper-Maroni basin, about 35 Km, south of the main town of Maripasoula. Paper coords (3.3667, -54.0333), when plotted in encarta don't match the paper description, nor the article map. So, used the given info to better located the village and record the coords. 'Twenke & Taluene are two neibouring hamlets located on the Lawa River'. ""coords in paper are a good match for map, but more accurate coords from a combination of the map and encarta have been used. The town of Opoya is found nearby (3.369, -54.044) but am unable to find Taluen as an alt name for it, and it's not as good a match for the map as the coords used (EH))",n.a.,,,,HLC - out,,,,,,,,,,,,,3,3,2000,2000,,,,,,darlingi,n.a.,,morph,,,,,,,,,,,,,,,,,,,,,,,,,,,,,,,,,,,,,,,,,,,,,,,,,,,,,,,,,,,,,,,,,,,,,,,,,,,,,,,,,,,,,,,,,,,,,,,,,,,,,,,,,,,,,,,,,,,,,,,,,,,,,,,,,,,,,,,,,,,,,,,,,,,,,,,,,,,,,,,,,,,,,,,,,,,,,,,,,,,,,,,,,,,,,,,,,,,,,,,,,,,,,,,,,,,,,,,,,,,,,,,,,,
0,1,yes,,4566,,Girod,,,2008,yes,,,,,,French Guiana,Taluene,3.374,-54.047,,,,,,,,,,,,,,,,,,,,,,,n.a.,,,,HLC - out,,,,,,,,,,,,,4,4,2000,2000,,,,,,darlingi,n.a.,,morph,,,,,,,,,,,,,,,,,,,,,,,,,,,,,,,,,,,,,,,,,,,,,,,,,,,,,,,,,,,,,,,,,,,,,,,,,,,,,,,,,,,,,,,,,,,,,,,,,,,,,,,,,,,,,,,,,,,,,,,,,,,,,,,,,,,,,,,,,,,,,,,,,,,,,,,,,,,,,,,,,,,,,,,,,,,,,,,,,,,,,,,,,,,,,,,,,,,,,,,,,,,,,,,,,,,,,,,,,,,,,,,,,,
0,1,yes,,4566,,Girod,,,2008,yes,,,,,,French Guiana,Taluene,3.374,-54.047,,,,,,,,,,,,,,,,,,,,,,,n.a.,,,,HLC - out,,,,,,,,,,,,,5,5,2000,2000,,,,,,darlingi,n.a.,,morph,,,,,,,,,,,,,,,,,,,,,,,,,,,,,,,,,,,,,,,,,,,,,,,,,,,,,,,,,,,,,,,,,,,,,,,,,,,,,,,,,,,,,,,,,,,,,,,,,,,,,,,,,,,,,,,,,,,,,,,,,,,,,,,,,,,,,,,,,,,,,,,,,,,,,,,,,,,,,,,,,,,,,,,,,,,,,,,,,,,,,,,,,,,,,,,,,,,,,,,,,,,,,,,,,,,,,,,,,,,,,,,,,,
0,1,yes,,4566,,Girod,,,2008,yes,,,,,,French Guiana,Taluene,3.374,-54.047,,,,,,,,,,,,,,,,,,,,,,,n.a.,,,,HLC - out,,,,,,,,,,,,,6,6,2000,2000,,,,,,darlingi,n.a.,,morph,,,,,,,,,,,,,,,,,,,,,,,,,,,,,,,,,,,,,,,,,,,,,,,,,,,,,,,,,,,,,,,,,,,,,,,,,,,,,,,,,,,,,,,,,,,,,,,,,,,,,,,,,,,,,,,,,,,,,,,,,,,,,,,,,,,,,,,,,,,,,,,,,,,,,,,,,,,,,,,,,,,,,,,,,,,,,,,,,,,,,,,,,,,,,,,,,,,,,,,,,,,,,,,,,,,,,,,,,,,,,,,,,,
0,1,yes,,4566,,Girod,,,2008,yes,,,,,,French Guiana,Taluene,3.374,-54.047,,,,,,,,,,,,,,,,,,,,,,,n.a.,,,,HLC - out,,,,,,,,,,,,,7,7,2000,2000,,,,,,darlingi,n.a.,,morph,,,,,,,,,,,,,,,,,,,,,,,,,,,,,,,,,,,,,,,,,,,,,,,,,,,,,,,,,,,,,,,,,,,,,,,,,,,,,,,,,,,,,,,,,,,,,,,,,,,,,,,,,,,,,,,,,,,,,,,,,,,,,,,,,,,,,,,,,,,,,,,,,,,,,,,,,,,,,,,,,,,,,,,,,,,,,,,,,,,,,,,,,,,,,,,,,,,,,,,,,,,,,,,,,,,,,,,,,,,,,,,,,,
0,1,yes,,4566,,Girod,,,2008,yes,,,,,,French Guiana,Taluene,3.374,-54.047,,,,,,,,,,,,,,,,,,,,,,,n.a.,,,,HLC - out,,,,,,,,,,,,,8,8,2000,2000,,,,,,darlingi,n.a.,,morph,,,,,,,,,,,,,,,,,,,,,,,,,,,,,,,,,,,,,,,,,,,,,,,,,,,,,,,,,,,,,,,,,,,,,,,,,,,,,,,,,,,,,,,,,,,,,,,,,,,,,,,,,,,,,,,,,,,,,,,,,,,,,,,,,,,,,,,,,,,,,,,,,,,,,,,,,,,,,,,,,,,,,,,,,,,,,,,,,,,,,,,,,,,,,,,,,,,,,,,,,,,,,,,,,,,,,,,,,,,,,,,,,,
0,1,yes,,4566,,Girod,,,2008,yes,,,,,,French Guiana,Taluene,3.374,-54.047,,,,,,,,,,,,,,,,,,,,,,,n.a.,,,,HLC - out,,,,,,,,,,,,,9,9,2000,2000,,,,,,darlingi,n.a.,,morph,,,,,,,,,,,,,,,,,,,,,,,,,,,,,,,,,,,,,,,,,,,,,,,,,,,,,,,,,,,,,,,,,,,,,,,,,,,,,,,,,,,,,,,,,,,,,,,,,,,,,,,,,,,,,,,,,,,,,,,,,,,,,,,,,,,,,,,,,,,,,,,,,,,,,,,,,,,,,,,,,,,,,,,,,,,,,,,,,,,,,,,,,,,,,,,,,,,,,,,,,,,,,,,,,,,,,,,,,,,,,,,,,,
0,1,yes,,4566,,Girod,,,2008,yes,,,,,,French Guiana,Taluene,3.374,-54.047,,,,,,,,,,,,,,,,,,,,,,,n.a.,,,,HLC - out,,,,,,,,,,,,,10,10,2000,2000,,,,,,darlingi,n.a.,,morph,,,,,,,,,,,,,,,,,,,,,,,,,,,,,,,,,,,,,,,,,,,,,,,,,,,,,,,,,,,,,,,,,,,,,,,,,,,,,,,,,,,,,,,,,,,,,,,,,,,,,,,,,,,,,,,,,,,,,,,,,,,,,,,,,,,,,,,,,,,,,,,,,,,,,,,,,,,,,,,,,,,,,,,,,,,,,,,,,,,,,,,,,,,,,,,,,,,,,,,,,,,,,,,,,,,,,,,,,,,,,,,,,,
0,1,yes,,4566,,Girod,,,2008,yes,,,,,,French Guiana,Taluene,3.374,-54.047,,,,,,,,,,,,,,,,,,,,,,,n.a.,,,,HLC - out,,,,,,,,,,,,,11,11,2000,2000,,,,,,darlingi,n.a.,,morph,,,,,,,,,,,,,,,,,,,,,,,,,,,,,,,,,,,,,,,,,,,,,,,,,,,,,,,,,,,,,,,,,,,,,,,,,,,,,,,,,,,,,,,,,,,,,,,,,,,,,,,,,,,,,,,,,,,,,,,,,,,,,,,,,,,,,,,,,,,,,,,,,,,,,,,,,,,,,,,,,,,,,,,,,,,,,,,,,,,,,,,,,,,,,,,,,,,,,,,,,,,,,,,,,,,,,,,,,,,,,,,,,,
0,1,yes,,4566,,Girod,,,2008,yes,,,,,,French Guiana,Taluene,3.374,-54.047,,,,,,,,,,,,,,,,,,,,,,,n.a.,,,,HLC - out,,,,,,,,,,,,,12,12,2000,2000,,,,,,darlingi,n.a.,,morph,,,,,,,,,,,,,,,,,,,,,,,,,,,,,,,,,,,,,,,,,,,,,,,,,,,,,,,,,,,,,,,,,,,,,,,,,,,,,,,,,,,,,,,,,,,,,,,,,,,,,,,,,,,,,,,,,,,,,,,,,,,,,,,,,,,,,,,,,,,,,,,,,,,,,,,,,,,,,,,,,,,,,,,,,,,,,,,,,,,,,,,,,,,,,,,,,,,,,,,,,,,,,,,,,,,,,,,,,,,,,,,,,,
0,1,yes,,4566,,Girod,,,2008,yes,,,,,,French Guiana,Taluene,3.374,-54.047,,,,,,,,,,,,,,,,,,,,,,,n.a.,,,,HLC - out,,,,,,,,,,,,,1,1,2001,2001,,,,,,darlingi,n.a.,,morph,,,,,,,,,,,,,,,,,,,,,,,,,,,,,,,,,,,,,,,,,,,,,,,,,,,,,,,,,,,,,,,,,,,,,,,,,,,,,,,,,,,,,,,,,,,,,,,,,,,,,,,,,,,,,,,,,,,,,,,,,,,,,,,,,,,,,,,,,,,,,,,,,,,,,,,,,,,,,,,,,,,,,,,,,,,,,,,,,,,,,,,,,,,,,,,,,,,,,,,,,,,,,,,,,,,,,,,,,,,,,,,,,,
0,1,yes,,4566,,Girod,,,2008,yes,,,,,,French Guiana,Taluene,3.374,-54.047,,,,,,,,,,,,,,,,,,,,,,,n.a.,,,,HLC - out,,,,,,,,,,,,,2,2,2001,2001,,,,,,darlingi,n.a.,,morph,,,,,,,,,,,,,,,,,,,,,,,,,,,,,,,,,,,,,,,,,,,,,,,,,,,,,,,,,,,,,,,,,,,,,,,,,,,,,,,,,,,,,,,,,,,,,,,,,,,,,,,,,,,,,,,,,,,,,,,,,,,,,,,,,,,,,,,,,,,,,,,,,,,,,,,,,,,,,,,,,,,,,,,,,,,,,,,,,,,,,,,,,,,,,,,,,,,,,,,,,,,,,,,,,,,,,,,,,,,,,,,,,,
0,1,yes,,4566,,Girod,,,2008,yes,,,,,,French Guiana,Taluene,3.374,-54.047,,,,,,,,,,,,,,,,,,,,,,,n.a.,,,,HLC - out,,,,,,,,,,,,,3,3,2001,2001,,,,,,darlingi,n.a.,,morph,,,,,,,,,,,,,,,,,,,,,,,,,,,,,,,,,,,,,,,,,,,,,,,,,,,,,,,,,,,,,,,,,,,,,,,,,,,,,,,,,,,,,,,,,,,,,,,,,,,,,,,,,,,,,,,,,,,,,,,,,,,,,,,,,,,,,,,,,,,,,,,,,,,,,,,,,,,,,,,,,,,,,,,,,,,,,,,,,,,,,,,,,,,,,,,,,,,,,,,,,,,,,,,,,,,,,,,,,,,,,,,,,,
0,1,yes,,4566,,Girod,,,2008,yes,,,,,,French Guiana,Taluene,3.374,-54.047,,,,,,,,,,,,,,,,,,,,,,,n.a.,,,,HLC - out,,,,,,,,,,,,,5,5,2001,2001,,,,,,darlingi,n.a.,,morph,,,,,,,,,,,,,,,,,,,,,,,,,,,,,,,,,,,,,,,,,,,,,,,,,,,,,,,,,,,,,,,,,,,,,,,,,,,,,,,,,,,,,,,,,,,,,,,,,,,,,,,,,,,,,,,,,,,,,,,,,,,,,,,,,,,,,,,,,,,,,,,,,,,,,,,,,,,,,,,,,,,,,,,,,,,,,,,,,,,,,,,,,,,,,,,,,,,,,,,,,,,,,,,,,,,,,,,,,,,,,,,,,,
0,1,yes,,4566,,Girod,,,2008,yes,,,,,,French Guiana,Taluene,3.374,-54.047,,,,,,,,,,,,,,,,,,,,,,,n.a.,,,,HLC - out,,,,,,,,,,,,,6,6,2001,2001,,,,,,darlingi,n.a.,,morph,,,,,,,,,,,,,,,,,,,,,,,,,,,,,,,,,,,,,,,,,,,,,,,,,,,,,,,,,,,,,,,,,,,,,,,,,,,,,,,,,,,,,,,,,,,,,,,,,,,,,,,,,,,,,,,,,,,,,,,,,,,,,,,,,,,,,,,,,,,,,,,,,,,,,,,,,,,,,,,,,,,,,,,,,,,,,,,,,,,,,,,,,,,,,,,,,,,,,,,,,,,,,,,,,,,,,,,,,,,,,,,,,,
0,1,yes,,4566,,Girod,,,2008,yes,,,,,,French Guiana,Taluene,3.374,-54.047,,,,,,,,,,,,,,,,,,,,,,,n.a.,,,,HLC - out,,,,,,,,,,,,,7,7,2001,2001,,,,,,darlingi,n.a.,,morph,,,,,,,,,,,,,,,,,,,,,,,,,,,,,,,,,,,,,,,,,,,,,,,,,,,,,,,,,,,,,,,,,,,,,,,,,,,,,,,,,,,,,,,,,,,,,,,,,,,,,,,,,,,,,,,,,,,,,,,,,,,,,,,,,,,,,,,,,,,,,,,,,,,,,,,,,,,,,,,,,,,,,,,,,,,,,,,,,,,,,,,,,,,,,,,,,,,,,,,,,,,,,,,,,,,,,,,,,,,,,,,,,,
0,1,yes,,4566,,Girod,,,2008,yes,,,,,,French Guiana,Taluene,3.374,-54.047,,,,,,,,,,,,,,,,,,,,,,,n.a.,,,,HLC - out,,,,,,,,,,,,,8,8,2001,2001,,,,,,darlingi,n.a.,,morph,,,,,,,,,,,,,,,,,,,,,,,,,,,,,,,,,,,,,,,,,,,,,,,,,,,,,,,,,,,,,,,,,,,,,,,,,,,,,,,,,,,,,,,,,,,,,,,,,,,,,,,,,,,,,,,,,,,,,,,,,,,,,,,,,,,,,,,,,,,,,,,,,,,,,,,,,,,,,,,,,,,,,,,,,,,,,,,,,,,,,,,,,,,,,,,,,,,,,,,,,,,,,,,,,,,,,,,,,,,,,,,,,,
0,1,yes,,4566,,Girod,,,2008,yes,,,,,,French Guiana,Taluene,3.374,-54.047,,,,,,,,,,,,,,,,,,,,,,,n.a.,,,,HLC - out,,,,,,,,,,,,,9,9,2001,2001,,,,,,darlingi,n.a.,,morph,,,,,,,,,,,,,,,,,,,,,,,,,,,,,,,,,,,,,,,,,,,,,,,,,,,,,,,,,,,,,,,,,,,,,,,,,,,,,,,,,,,,,,,,,,,,,,,,,,,,,,,,,,,,,,,,,,,,,,,,,,,,,,,,,,,,,,,,,,,,,,,,,,,,,,,,,,,,,,,,,,,,,,,,,,,,,,,,,,,,,,,,,,,,,,,,,,,,,,,,,,,,,,,,,,,,,,,,,,,,,,,,,,
0,1,yes,,4566,,Girod,,,2008,yes,,,,,,French Guiana,Taluene,3.374,-54.047,,,,,,,,,,,,,,,,,,,,,,,n.a.,,,,HLC - out,,,,,,,,,,,,,10,10,2001,2001,,,,,,darlingi,n.a.,,morph,,,,,,,,,,,,,,,,,,,,,,,,,,,,,,,,,,,,,,,,,,,,,,,,,,,,,,,,,,,,,,,,,,,,,,,,,,,,,,,,,,,,,,,,,,,,,,,,,,,,,,,,,,,,,,,,,,,,,,,,,,,,,,,,,,,,,,,,,,,,,,,,,,,,,,,,,,,,,,,,,,,,,,,,,,,,,,,,,,,,,,,,,,,,,,,,,,,,,,,,,,,,,,,,,,,,,,,,,,,,,,,,,,
0,1,yes,,4566,,Girod,,,2008,yes,,,,,,French Guiana,Taluene,3.374,-54.047,,,,,,,,,,,,,,,,,,,,,,,n.a.,,,,HLC - out,,,,,,,,,,,,,11,11,2001,2001,,,,,,darlingi,n.a.,,morph,,,,,,,,,,,,,,,,,,,,,,,,,,,,,,,,,,,,,,,,,,,,,,,,,,,,,,,,,,,,,,,,,,,,,,,,,,,,,,,,,,,,,,,,,,,,,,,,,,,,,,,,,,,,,,,,,,,,,,,,,,,,,,,,,,,,,,,,,,,,,,,,,,,,,,,,,,,,,,,,,,,,,,,,,,,,,,,,,,,,,,,,,,,,,,,,,,,,,,,,,,,,,,,,,,,,,,,,,,,,,,,,,,
0,1,yes,,4566,,Girod,,,2008,yes,,,,,,French Guiana,Taluene,3.374,-54.047,,,,,,,,,,,,,,,,,,,,,,,n.a.,,,,HLC - out,,,,,,,,,,,,,12,12,2001,2001,,,,,,darlingi,n.a.,,morph,,,,,,,,,,,,,,,,,,,,,,,,,,,,,,,,,,,,,,,,,,,,,,,,,,,,,,,,,,,,,,,,,,,,,,,,,,,,,,,,,,,,,,,,,,,,,,,,,,,,,,,,,,,,,,,,,,,,,,,,,,,,,,,,,,,,,,,,,,,,,,,,,,,,,,,,,,,,,,,,,,,,,,,,,,,,,,,,,,,,,,,,,,,,,,,,,,,,,,,,,,,,,,,,,,,,,,,,,,,,,,,,,,
0,1,yes,,4566,,Girod,,,2008,yes,,,,,,French Guiana,Taluene,3.374,-54.047,,,,,,,,,,,,,,,,,,,,,,,n.a.,,,,HLC - out,,,,,,,,,,,,,1,1,2002,2002,,,,,,darlingi,n.a.,,morph,,,,,,,,,,,,,,,,,,,,,,,,,,,,,,,,,,,,,,,,,,,,,,,,,,,,,,,,,,,,,,,,,,,,,,,,,,,,,,,,,,,,,,,,,,,,,,,,,,,,,,,,,,,,,,,,,,,,,,,,,,,,,,,,,,,,,,,,,,,,,,,,,,,,,,,,,,,,,,,,,,,,,,,,,,,,,,,,,,,,,,,,,,,,,,,,,,,,,,,,,,,,,,,,,,,,,,,,,,,,,,,,,,
0,1,yes,,4566,,Girod,,,2008,yes,,,,,,French Guiana,Taluene,3.374,-54.047,,,,,,,,,,,,,,,,,,,,,,,n.a.,,,,HLC - out,,,,,,,,,,,,,2,2,2002,2002,,,,,,darlingi,n.a.,,morph,,,,,,,,,,,,,,,,,,,,,,,,,,,,,,,,,,,,,,,,,,,,,,,,,,,,,,,,,,,,,,,,,,,,,,,,,,,,,,,,,,,,,,,,,,,,,,,,,,,,,,,,,,,,,,,,,,,,,,,,,,,,,,,,,,,,,,,,,,,,,,,,,,,,,,,,,,,,,,,,,,,,,,,,,,,,,,,,,,,,,,,,,,,,,,,,,,,,,,,,,,,,,,,,,,,,,,,,,,,,,,,,,,
0,1,yes,,4566,,Girod,,,2008,yes,,,,,,French Guiana,Taluene,3.374,-54.047,,,,,,,,,,,,,,,,,,,,,,,,,,,HLC - in,,,,,,,,,,,,,5,10,2001,2001,,,,,,darlingi,n.a.,,,,,,,,,,,,,,,,,,,,,,,,,,,,,,,,,,,,,,,,,,,,,,,,,,,,,,,,,,,,,,,,,,,,,,,,,,,,,,,,,,,,,,,,,,,,,,,,,,,,,,,,,,,,,,,,,,,,,,,,,,,,,,,,,,,,,,,,,,,,,,,,,,,,,,,,,,,,,,,,,,,,,,,,,,,,,,,,,,,,,,,,,,,,,,,,,,,,,,,,,,,,,,,,,,,,,,,,,,,,,,,,,,,,
0,1,yes,,4566,,Girod,,,2008,yes,,,,,,French Guiana,Taluene,3.374,-54.047,,,,,,,,,,,,,,,,,,,,,,,n.a.,,,,HLC - out,4228,HRI ,0,OS,0,,,,,,,,5,10,2001,2001,,,,,,darlingi,n.a.,,morph,,,,,,,,,,,,,,,,,,,,,,,,,,,,,,,,,,,,,,,,,,,,,,,,,,,,,,,,,,,,,,,,,,,,,,,,,,,,,,,,,,,,,,,,,,,,,,,,,,,,,,,,,,,,,,,,,,,,,,,,,,,,,,,,,,,,,,,,,,,,,,,,,,,,,,,,,,,,,,,,,,,,,,,,,,,,,,,,,,,,,,,,,,,,,,,,,,,,,,,,,,,,,,,,,,,,,,,,,,,,,,,,,,
0,1,yes,,4566,,Girod,,,2008,yes,,,,,,French Guiana,Cayode,3.391,-53.928,,,,,,,,,,,,,,,,no,no,point,combination,,Maripasoula,"Not Listed- The 3 villages are located in the amazonian forest in the Upper-Maroni basin, about 35 Km, south of the main town of Maripasoula. Site is located on the Tampok River. Paper coords when plotted in encarta match the paper description, and article map.  (coords in paper are 3.3833, -53.928, which are close to its position in map in paper. Cayode found in google earth 1km NE of Wempi. Wempi found at 3.383, -53.934 in encarta, so position of Cayode plotted in encarta as 3.391, -53.928. This is a slightly better match for the map in the paper than the coords in the paper, as the map puts Cayode further north than Twente, but the coords put them at the same latitude (EH))",n.a.,,,,HLC - out,,,,,,,,,,,,,3,3,2000,2000,,,,,,darlingi,n.a.,,morph,,,,,,,,,,,,,,,,,,,,,,,,,,,,,,,,,,,,,,,,,,,,,,,,,,,,,,,,,,,,,,,,,,,,,,,,,,,,,,,,,,,,,,,,,,,,,,,,,,,,,,,,,,,,,,,,,,,,,,,,,,,,,,,,,,,,,,,,,,,,,,,,,,,,,,,,,,,,,,,,,,,,,,,,,,,,,,,,,,,,,,,,,,,,,,,,,,,,,,,,,,,,,,,,,,,,,,,,,,,,,,,,,,
0,1,yes,,4566,,Girod,,,2008,yes,,,,,,French Guiana,Cayode,3.391,-53.928,,,,,,,,,,,,,,,,,,,,,,,n.a.,,,,HLC - out,,,,,,,,,,,,,4,4,2000,2000,,,,,,darlingi,n.a.,,morph,,,,,,,,,,,,,,,,,,,,,,,,,,,,,,,,,,,,,,,,,,,,,,,,,,,,,,,,,,,,,,,,,,,,,,,,,,,,,,,,,,,,,,,,,,,,,,,,,,,,,,,,,,,,,,,,,,,,,,,,,,,,,,,,,,,,,,,,,,,,,,,,,,,,,,,,,,,,,,,,,,,,,,,,,,,,,,,,,,,,,,,,,,,,,,,,,,,,,,,,,,,,,,,,,,,,,,,,,,,,,,,,,,
0,1,yes,,4566,,Girod,,,2008,yes,,,,,,French Guiana,Cayode,3.391,-53.928,,,,,,,,,,,,,,,,,,,,,,,n.a.,,,,HLC - out,,,,,,,,,,,,,5,5,2000,2000,,,,,,darlingi,n.a.,,morph,,,,,,,,,,,,,,,,,,,,,,,,,,,,,,,,,,,,,,,,,,,,,,,,,,,,,,,,,,,,,,,,,,,,,,,,,,,,,,,,,,,,,,,,,,,,,,,,,,,,,,,,,,,,,,,,,,,,,,,,,,,,,,,,,,,,,,,,,,,,,,,,,,,,,,,,,,,,,,,,,,,,,,,,,,,,,,,,,,,,,,,,,,,,,,,,,,,,,,,,,,,,,,,,,,,,,,,,,,,,,,,,,,
0,1,yes,,4566,,Girod,,,2008,yes,,,,,,French Guiana,Cayode,3.391,-53.928,,,,,,,,,,,,,,,,,,,,,,,n.a.,,,,HLC - out,,,,,,,,,,,,,6,6,2000,2000,,,,,,darlingi,n.a.,,morph,,,,,,,,,,,,,,,,,,,,,,,,,,,,,,,,,,,,,,,,,,,,,,,,,,,,,,,,,,,,,,,,,,,,,,,,,,,,,,,,,,,,,,,,,,,,,,,,,,,,,,,,,,,,,,,,,,,,,,,,,,,,,,,,,,,,,,,,,,,,,,,,,,,,,,,,,,,,,,,,,,,,,,,,,,,,,,,,,,,,,,,,,,,,,,,,,,,,,,,,,,,,,,,,,,,,,,,,,,,,,,,,,,
0,1,yes,,4566,,Girod,,,2008,yes,,,,,,French Guiana,Cayode,3.391,-53.928,,,,,,,,,,,,,,,,,,,,,,,n.a.,,,,HLC - out,,,,,,,,,,,,,7,7,2000,2000,,,,,,darlingi,n.a.,,morph,,,,,,,,,,,,,,,,,,,,,,,,,,,,,,,,,,,,,,,,,,,,,,,,,,,,,,,,,,,,,,,,,,,,,,,,,,,,,,,,,,,,,,,,,,,,,,,,,,,,,,,,,,,,,,,,,,,,,,,,,,,,,,,,,,,,,,,,,,,,,,,,,,,,,,,,,,,,,,,,,,,,,,,,,,,,,,,,,,,,,,,,,,,,,,,,,,,,,,,,,,,,,,,,,,,,,,,,,,,,,,,,,,
0,1,yes,,4566,,Girod,,,2008,yes,,,,,,French Guiana,Cayode,3.391,-53.928,,,,,,,,,,,,,,,,,,,,,,,n.a.,,,,HLC - out,,,,,,,,,,,,,8,8,2000,2000,,,,,,darlingi,n.a.,,morph,,,,,,,,,,,,,,,,,,,,,,,,,,,,,,,,,,,,,,,,,,,,,,,,,,,,,,,,,,,,,,,,,,,,,,,,,,,,,,,,,,,,,,,,,,,,,,,,,,,,,,,,,,,,,,,,,,,,,,,,,,,,,,,,,,,,,,,,,,,,,,,,,,,,,,,,,,,,,,,,,,,,,,,,,,,,,,,,,,,,,,,,,,,,,,,,,,,,,,,,,,,,,,,,,,,,,,,,,,,,,,,,,,
0,1,yes,,4566,,Girod,,,2008,yes,,,,,,French Guiana,Cayode,3.391,-53.928,,,,,,,,,,,,,,,,,,,,,,,n.a.,,,,HLC - out,,,,,,,,,,,,,9,9,2000,2000,,,,,,darlingi,n.a.,,morph,,,,,,,,,,,,,,,,,,,,,,,,,,,,,,,,,,,,,,,,,,,,,,,,,,,,,,,,,,,,,,,,,,,,,,,,,,,,,,,,,,,,,,,,,,,,,,,,,,,,,,,,,,,,,,,,,,,,,,,,,,,,,,,,,,,,,,,,,,,,,,,,,,,,,,,,,,,,,,,,,,,,,,,,,,,,,,,,,,,,,,,,,,,,,,,,,,,,,,,,,,,,,,,,,,,,,,,,,,,,,,,,,,
0,1,yes,,4566,,Girod,,,2008,yes,,,,,,French Guiana,Cayode,3.391,-53.928,,,,,,,,,,,,,,,,,,,,,,,n.a.,,,,HLC - out,,,,,,,,,,,,,10,10,2000,2000,,,,,,darlingi,n.a.,,morph,,,,,,,,,,,,,,,,,,,,,,,,,,,,,,,,,,,,,,,,,,,,,,,,,,,,,,,,,,,,,,,,,,,,,,,,,,,,,,,,,,,,,,,,,,,,,,,,,,,,,,,,,,,,,,,,,,,,,,,,,,,,,,,,,,,,,,,,,,,,,,,,,,,,,,,,,,,,,,,,,,,,,,,,,,,,,,,,,,,,,,,,,,,,,,,,,,,,,,,,,,,,,,,,,,,,,,,,,,,,,,,,,,
0,1,yes,,4566,,Girod,,,2008,yes,,,,,,French Guiana,Cayode,3.391,-53.928,,,,,,,,,,,,,,,,,,,,,,,n.a.,,,,HLC - out,,,,,,,,,,,,,11,11,2000,2000,,,,,,darlingi,n.a.,,morph,,,,,,,,,,,,,,,,,,,,,,,,,,,,,,,,,,,,,,,,,,,,,,,,,,,,,,,,,,,,,,,,,,,,,,,,,,,,,,,,,,,,,,,,,,,,,,,,,,,,,,,,,,,,,,,,,,,,,,,,,,,,,,,,,,,,,,,,,,,,,,,,,,,,,,,,,,,,,,,,,,,,,,,,,,,,,,,,,,,,,,,,,,,,,,,,,,,,,,,,,,,,,,,,,,,,,,,,,,,,,,,,,,
0,1,yes,,4566,,Girod,,,2008,yes,,,,,,French Guiana,Cayode,3.391,-53.928,,,,,,,,,,,,,,,,,,,,,,,n.a.,,,,HLC - out,0,,,,,,,,,,,,12,12,2000,2000,,,,,,darlingi,n.a.,,morph,,,,,,,,,,,,,,,,,,,,,,,,,,,,,,,,,,,,,,,,,,,,,,,,,,,,,,,,,,,,,,,,,,,,,,,,,,,,,,,,,,,,,,,,,,,,,,,,,,,,,,,,,,,,,,,,,,,,,,,,,,,,,,,,,,,,,,,,,,,,,,,,,,,,,,,,,,,,,,,,,,,,,,,,,,,,,,,,,,,,,,,,,,,,,,,,,,,,,,,,,,,,,,,,,,,,,,,,,,,,,,,,,,
0,1,yes,,4566,,Girod,,,2008,yes,,,,,,French Guiana,Cayode,3.391,-53.928,,,,,,,,,,,,,,,,,,,,,,,n.a.,,,,HLC - out,,,,,,,,,,,,,1,1,2001,2001,,,,,,darlingi,n.a.,,morph,,,,,,,,,,,,,,,,,,,,,,,,,,,,,,,,,,,,,,,,,,,,,,,,,,,,,,,,,,,,,,,,,,,,,,,,,,,,,,,,,,,,,,,,,,,,,,,,,,,,,,,,,,,,,,,,,,,,,,,,,,,,,,,,,,,,,,,,,,,,,,,,,,,,,,,,,,,,,,,,,,,,,,,,,,,,,,,,,,,,,,,,,,,,,,,,,,,,,,,,,,,,,,,,,,,,,,,,,,,,,,,,,,
0,1,yes,,4566,,Girod,,,2008,yes,,,,,,French Guiana,Cayode,3.391,-53.928,,,,,,,,,,,,,,,,,,,,,,,n.a.,,,,HLC - out,,,,,,,,,,,,,2,2,2001,2001,,,,,,darlingi,n.a.,,morph,,,,,,,,,,,,,,,,,,,,,,,,,,,,,,,,,,,,,,,,,,,,,,,,,,,,,,,,,,,,,,,,,,,,,,,,,,,,,,,,,,,,,,,,,,,,,,,,,,,,,,,,,,,,,,,,,,,,,,,,,,,,,,,,,,,,,,,,,,,,,,,,,,,,,,,,,,,,,,,,,,,,,,,,,,,,,,,,,,,,,,,,,,,,,,,,,,,,,,,,,,,,,,,,,,,,,,,,,,,,,,,,,,
0,1,yes,,4566,,Girod,,,2008,yes,,,,,,French Guiana,Cayode,3.391,-53.928,,,,,,,,,,,,,,,,,,,,,,,n.a.,,,,HLC - out,,,,,,,,,,,,,3,3,2001,2001,,,,,,darlingi,n.a.,,morph,,,,,,,,,,,,,,,,,,,,,,,,,,,,,,,,,,,,,,,,,,,,,,,,,,,,,,,,,,,,,,,,,,,,,,,,,,,,,,,,,,,,,,,,,,,,,,,,,,,,,,,,,,,,,,,,,,,,,,,,,,,,,,,,,,,,,,,,,,,,,,,,,,,,,,,,,,,,,,,,,,,,,,,,,,,,,,,,,,,,,,,,,,,,,,,,,,,,,,,,,,,,,,,,,,,,,,,,,,,,,,,,,,
0,1,yes,,4566,,Girod,,,2008,yes,,,,,,French Guiana,Cayode,3.391,-53.928,,,,,,,,,,,,,,,,,,,,,,,n.a.,,,,HLC - out,,,,,,,,,,,,,5,5,2001,2001,,,,,,darlingi,n.a.,,morph,,,,,,,,,,,,,,,,,,,,,,,,,,,,,,,,,,,,,,,,,,,,,,,,,,,,,,,,,,,,,,,,,,,,,,,,,,,,,,,,,,,,,,,,,,,,,,,,,,,,,,,,,,,,,,,,,,,,,,,,,,,,,,,,,,,,,,,,,,,,,,,,,,,,,,,,,,,,,,,,,,,,,,,,,,,,,,,,,,,,,,,,,,,,,,,,,,,,,,,,,,,,,,,,,,,,,,,,,,,,,,,,,,
0,1,yes,,4566,,Girod,,,2008,yes,,,,,,French Guiana,Cayode,3.391,-53.928,,,,,,,,,,,,,,,,,,,,,,,n.a.,,,,HLC - out,,,,,,,,,,,,,6,6,2001,2001,,,,,,darlingi,n.a.,,morph,,,,,,,,,,,,,,,,,,,,,,,,,,,,,,,,,,,,,,,,,,,,,,,,,,,,,,,,,,,,,,,,,,,,,,,,,,,,,,,,,,,,,,,,,,,,,,,,,,,,,,,,,,,,,,,,,,,,,,,,,,,,,,,,,,,,,,,,,,,,,,,,,,,,,,,,,,,,,,,,,,,,,,,,,,,,,,,,,,,,,,,,,,,,,,,,,,,,,,,,,,,,,,,,,,,,,,,,,,,,,,,,,,
0,1,yes,,4566,,Girod,,,2008,yes,,,,,,French Guiana,Cayode,3.391,-53.928,,,,,,,,,,,,,,,,,,,,,,,n.a.,,,,HLC - out,,,,,,,,,,,,,7,7,2001,2001,,,,,,darlingi,n.a.,,morph,,,,,,,,,,,,,,,,,,,,,,,,,,,,,,,,,,,,,,,,,,,,,,,,,,,,,,,,,,,,,,,,,,,,,,,,,,,,,,,,,,,,,,,,,,,,,,,,,,,,,,,,,,,,,,,,,,,,,,,,,,,,,,,,,,,,,,,,,,,,,,,,,,,,,,,,,,,,,,,,,,,,,,,,,,,,,,,,,,,,,,,,,,,,,,,,,,,,,,,,,,,,,,,,,,,,,,,,,,,,,,,,,,
0,1,yes,,4566,,Girod,,,2008,yes,,,,,,French Guiana,Cayode,3.391,-53.928,,,,,,,,,,,,,,,,,,,,,,,n.a.,,,,HLC - out,,,,,,,,,,,,,8,8,2001,2001,,,,,,darlingi,n.a.,,morph,,,,,,,,,,,,,,,,,,,,,,,,,,,,,,,,,,,,,,,,,,,,,,,,,,,,,,,,,,,,,,,,,,,,,,,,,,,,,,,,,,,,,,,,,,,,,,,,,,,,,,,,,,,,,,,,,,,,,,,,,,,,,,,,,,,,,,,,,,,,,,,,,,,,,,,,,,,,,,,,,,,,,,,,,,,,,,,,,,,,,,,,,,,,,,,,,,,,,,,,,,,,,,,,,,,,,,,,,,,,,,,,,,
0,1,yes,,4566,,Girod,,,2008,yes,,,,,,French Guiana,Cayode,3.391,-53.928,,,,,,,,,,,,,,,,,,,,,,,n.a.,,,,HLC - out,,,,,,,,,,,,,9,9,2001,2001,,,,,,darlingi,n.a.,,morph,,,,,,,,,,,,,,,,,,,,,,,,,,,,,,,,,,,,,,,,,,,,,,,,,,,,,,,,,,,,,,,,,,,,,,,,,,,,,,,,,,,,,,,,,,,,,,,,,,,,,,,,,,,,,,,,,,,,,,,,,,,,,,,,,,,,,,,,,,,,,,,,,,,,,,,,,,,,,,,,,,,,,,,,,,,,,,,,,,,,,,,,,,,,,,,,,,,,,,,,,,,,,,,,,,,,,,,,,,,,,,,,,,
0,1,yes,,4566,,Girod,,,2008,yes,,,,,,French Guiana,Cayode,3.391,-53.928,,,,,,,,,,,,,,,,,,,,,,,n.a.,,,,HLC - out,,,,,,,,,,,,,10,10,2001,2001,,,,,,darlingi,n.a.,,morph,,,,,,,,,,,,,,,,,,,,,,,,,,,,,,,,,,,,,,,,,,,,,,,,,,,,,,,,,,,,,,,,,,,,,,,,,,,,,,,,,,,,,,,,,,,,,,,,,,,,,,,,,,,,,,,,,,,,,,,,,,,,,,,,,,,,,,,,,,,,,,,,,,,,,,,,,,,,,,,,,,,,,,,,,,,,,,,,,,,,,,,,,,,,,,,,,,,,,,,,,,,,,,,,,,,,,,,,,,,,,,,,,,
0,1,yes,,4566,,Girod,,,2008,yes,,,,,,French Guiana,Cayode,3.391,-53.928,,,,,,,,,,,,,,,,,,,,,,,n.a.,,,,HLC - out,,,,,,,,,,,,,11,11,2001,2001,,,,,,darlingi,n.a.,,morph,,,,,,,,,,,,,,,,,,,,,,,,,,,,,,,,,,,,,,,,,,,,,,,,,,,,,,,,,,,,,,,,,,,,,,,,,,,,,,,,,,,,,,,,,,,,,,,,,,,,,,,,,,,,,,,,,,,,,,,,,,,,,,,,,,,,,,,,,,,,,,,,,,,,,,,,,,,,,,,,,,,,,,,,,,,,,,,,,,,,,,,,,,,,,,,,,,,,,,,,,,,,,,,,,,,,,,,,,,,,,,,,,,
0,1,yes,,4566,,Girod,,,2008,yes,,,,,,French Guiana,Cayode,3.391,-53.928,,,,,,,,,,,,,,,,,,,,,,,n.a.,,,,HLC - out,,,,,,,,,,,,,12,12,2001,2001,,,,,,darlingi,n.a.,,morph,,,,,,,,,,,,,,,,,,,,,,,,,,,,,,,,,,,,,,,,,,,,,,,,,,,,,,,,,,,,,,,,,,,,,,,,,,,,,,,,,,,,,,,,,,,,,,,,,,,,,,,,,,,,,,,,,,,,,,,,,,,,,,,,,,,,,,,,,,,,,,,,,,,,,,,,,,,,,,,,,,,,,,,,,,,,,,,,,,,,,,,,,,,,,,,,,,,,,,,,,,,,,,,,,,,,,,,,,,,,,,,,,,
0,1,yes,,4566,,Girod,,,2008,yes,,,,,,French Guiana,Cayode,3.391,-53.928,,,,,,,,,,,,,,,,,,,,,,,n.a.,,,,HLC - out,,,,,,,,,,,,,1,1,2002,2002,,,,,,darlingi,n.a.,,morph,,,,,,,,,,,,,,,,,,,,,,,,,,,,,,,,,,,,,,,,,,,,,,,,,,,,,,,,,,,,,,,,,,,,,,,,,,,,,,,,,,,,,,,,,,,,,,,,,,,,,,,,,,,,,,,,,,,,,,,,,,,,,,,,,,,,,,,,,,,,,,,,,,,,,,,,,,,,,,,,,,,,,,,,,,,,,,,,,,,,,,,,,,,,,,,,,,,,,,,,,,,,,,,,,,,,,,,,,,,,,,,,,,
0,1,yes,,4566,,Girod,,,2008,yes,,,,,,French Guiana,Cayode,3.391,-53.928,,,,,,,,,,,,,,,,,,,,,,,n.a.,,,,HLC - out,,,,,,,,,,,,,2,2,2002,2002,,,,,,darlingi,n.a.,,morph,,,,,,,,,,,,,,,,,,,,,,,,,,,,,,,,,,,,,,,,,,,,,,,,,,,,,,,,,,,,,,,,,,,,,,,,,,,,,,,,,,,,,,,,,,,,,,,,,,,,,,,,,,,,,,,,,,,,,,,,,,,,,,,,,,,,,,,,,,,,,,,,,,,,,,,,,,,,,,,,,,,,,,,,,,,,,,,,,,,,,,,,,,,,,,,,,,,,,,,,,,,,,,,,,,,,,,,,,,,,,,,,,,
0,1,yes,,4566,,Girod,,,2008,yes,,,,,,French Guiana,Cayode,3.391,-53.928,,,,,,,,,,,,,,,,,,,,,,,n.a.,,,,HLC - in,,,,,,,,,,,,,5,10,2001,2001,,,,,,darlingi,n.a.,,morph,,,,,,,,,,,,,,,,,,,,,,,,,,,,,,,,,,,,,,,,,,,,,,,,,,,,,,,,,,,,,,,,,,,,,,,,,,,,,,,,,,,,,,,,,,,,,,,,,,,,,,,,,,,,,,,,,,,,,,,,,,,,,,,,,,,,,,,,,,,,,,,,,,,,,,,,,,,,,,,,,,,,,,,,,,,,,,,,,,,,,,,,,,,,,,,,,,,,,,,,,,,,,,,,,,,,,,,,,,,,,,,,,,
0,1,yes,1 An. intermedius also collected during this period. Outdoor & indoor resting mosquito collections were performed but no anopheline was found either resting indoors or in shaded areas in the 3 villages.,4566,,Girod,,,2008,yes,,,,,,French Guiana,Cayode,3.391,-53.928,,,,,,,,,,,,,,,,,,,,,,,n.a.,,,,HLC - out,5762,HRI ,0,OS,0,,,,,,,,3,2,2000,2002,,,,,,darlingi,n.a.,,morph,,,,,,,,,,,,,,,,,,,,,,,,,,,,,,,,,,,,,,,,,,,,,,,,,,,,,,,,,,,,,,,,,,,,,,,,,,,,,,,,,,,,,,,,,,,,,,,,,,,,,,,,,,,,,,,,,,,,,,,,,,,,,,,,,,,,,,,,,,,,,,,,,,,,,,,,,,,,,,,,,,,,,,,,,,,,,,,,,,,,,,,,,,,,,,,,,,,,,,,,,,,,,,,,,,,,,,,,,,,,,,,,,,
0,1,yes,(no anopheline apart from An. darlingi was caught indoors (EH)) ,4566,,Girod,,,2008,yes,,,,,,French Guiana,Cayode,3.391,-53.928,,,,,,,,,,,,,,,,,,,,,,,n.a.,,,,HLC - out,3,HRI ,0,OS,0,HLC - in,0,3,,,,,5,2,2000,2002,,,,,,nuneztovari,n.a.,,morph,,,,,,,,,,,,,,,,,,,,,,,,,,,,,,,,,,,,,,,,,,,,,,,,,,,,,,,,,,,,,,,,,,,,,,,,,,,,,,,,,,,,,,,,,,,,,,,,,,,,,,,,,,,,,,,,,,,,,,,,,,,,,,,,,,,,,,,,,,,,,,,,,,,,,,,,,,,,,,,,,,,,,,,,,,,,,,,,,,,,,,,,,,,,,,,,,,,,,,,,,,,,,,,,,,,,,,,,,,,,,,,,,,
0,1,yes,,4567,,Bagavan,,,2008,yes,,,,,,India,Melvisharam,12.9397,79.2397,,,,,,,,,,,,,,,,no,no,point,paper,Tamil Nadu,Not Specified,"Not Listed-rice fields and stagnant water areas of Melvisharam. Site could not be found in all the geo-ref sources, used paper coords, checked and confirmed location in encarta. Coords fall within the Admin1 area. (Coords in paper are the same as those given in wikipedia, and match the map in wikipedia (http://en.wikipedia.org/wiki/Melvisharam). The town's website gives a description of it's location as 20km east of Vellore and 3km west of Arcot (http://municipality.tn.gov.in/Melvisharam/about_city.html). This isn't entirely accurate, as Arcot itself is only 20km east of Vellore, but the coords given do come out between these two towns. The website also states that the town's area is 8.5 kmsquare (http://municipality.tn.gov.in/Melvisharam/), so area type is point (EH))",n.a.,,,,Larvae,,,,,,,,,,,,,,,,,,,,,,subpictus,n.a.,,,,,,,,,,,,,,,,,,,,,,,,,,,,,,,,,,,,,,,,,,,,,,,,,,,,,,,,,,,,,,,,,,,,,,,,,,,,,,,,,,,,,,,,,,,,,,,,,,,,,,,,,,,,,,,,,,,,,,,,,,,,,,,,,,,,,,,,,,,,,,,,,,,,,,,,,,,,,,,,,,,,,,,,,,,,,,,,,,,,,,,,,,,,,,,,,,,,,,,,,,,,,,,,,,,,,,,,,,,,,,,,,,,,
0,1,yes,,4568,10.1371/journal.pone.0001249 ,Wang-Sattler,Plos One,Systematics and Genetics ,2007,yes,no,none,,,,Burkina Faso,Goundry,12.5,-1.3333,,,,,,,,,,,,,,,,no,no,point,other,Not Specified,Not Specified,"Not Listed-more details of site is not given in the article, could not find coords in all available geo-ref sources. (found coords for Goundry in online thesis (http://padis.uniroma1.it/getfile.py?docid=871&name=Marco%20Pombi%20-%20PhD%20thesis%20-%20XVII%20ciclo&format=pdf&version=1), which match descriptions found (e.g. in thesis and pdf 418) of site being 30-35km NE of Ouagadougou, and is close to coords of site ID 28628 (12.57, -1.34), which weren't used because they were a good guess (EH))",n.a.,,,,,,,,,,,,,,yes,no,na,,,1998,1998,,,,,,gambiae (S/M),n.a.,M form,genetic/molecular,,,,,,,,,,,,,,,,,,,,,,,,,,,,,,,,,,,,,,,,,,,,,,,,,,,,,,,,,,,,,,,,,,,,,,,,,,,,,,,,,,,,,,,,,,,,,,,,,,,,,,,,,,,,,,,,,,,,,,,,,,,,,,,,,,,,,,,,,,,,,,,,,,,,,,,,,,,,,,,,,,,,,,,,,,,,,,,,,,,,,,,,,,,,,,,,,,,,,,,,,,,,,,,,,,,,,,,,,,,,,,,,JO,JAO,CMK
0,1,yes,,4568,10.1371/journal.pone.0001249 ,Wang-Sattler,Plos One,Systematics and Genetics ,2007,yes,no,none,,,,Mali,Selekenyi,11.7,-8.2833,,,,,,,,,,,,,,,,no,no,point,other,Not Specified,Not Specified,"Not Listed-more details of site is not given in the article, could not find coords in all available geo-ref sources. (Found multiple maps showing position of Selenkenyi, and Tripet et al. 2005 (http://www.genetics.org/cgi/reprint/169/1/313) provided coords that matched the position. (EH))",n.a.,,,,,,,,,,,,,,yes,no,na,,,1996,1996,,,,,,arabiensis,n.a.,,genetic/molecular,,,,,,,,,,,,,,,,,,,,,,,,,,,,,,,,,,,,,,,,,,,,,,,,,,,,,,,,,,,,,,,,,,,,,,,,,,,,,,,,,,,,,,,,,,,,,,,,,,,,,,,,,,,,,,,,,,,,,,,,,,,,,,,,,,,,,,,,,,,,,,,,,,,,,,,,,,,,,,,,,,,,,,,,,,,,,,,,,,,,,,,,,,,,,,,,,,,,,,,,,,,,,,,,,,,,,,,,,,,,,,,,JO,JAO,CMK
0,1,yes,,4568,10.1371/journal.pone.0001249 ,Wang-Sattler,Plos One,Systematics and Genetics ,2007,yes,no,none,,,,Mali,Selekenyi,11.7,-8.2833,,,,,,,,,,,,,,,,,,,,,,,n.a.,,,,,,,,,,,,,,yes,no,na,,,1996,1996,,,,,,gambiae (S/M),n.a.,M form,genetic/molecular,,,,,,,,,,,,,,,,,,,,,,,,,,,,,,,,,,,,,,,,,,,,,,,,,,,,,,,,,,,,,,,,,,,,,,,,,,,,,,,,,,,,,,,,,,,,,,,,,,,,,,,,,,,,,,,,,,,,,,,,,,,,,,,,,,,,,,,,,,,,,,,,,,,,,,,,,,,,,,,,,,,,,,,,,,,,,,,,,,,,,,,,,,,,,,,,,,,,,,,,,,,,,,,,,,,,,,,,,,,,,,,,JO,JAO,CMK
0,1,yes,,4568,10.1371/journal.pone.0001249 ,Wang-Sattler,Plos One,Systematics and Genetics ,2007,yes,no,none,,,,Mali,Soulouba,11.783,-7.767,,,,,,,,,,,,,,,,no,no,point,*encarta,Not Specified,Not Specified,"Not Listed- (only one Soulouba found in encarta, GNS and webdb, so assume it is the right  one (EH))",n.a.,,,,,,,,,,,,,,yes,no,na,,,1996,1996,,,,,,arabiensis,n.a.,,genetic/molecular,,,,,,,,,,,,,,,,,,,,,,,,,,,,,,,,,,,,,,,,,,,,,,,,,,,,,,,,,,,,,,,,,,,,,,,,,,,,,,,,,,,,,,,,,,,,,,,,,,,,,,,,,,,,,,,,,,,,,,,,,,,,,,,,,,,,,,,,,,,,,,,,,,,,,,,,,,,,,,,,,,,,,,,,,,,,,,,,,,,,,,,,,,,,,,,,,,,,,,,,,,,,,,,,,,,,,,,,,,,,,,,,JO,JAO,CMK
0,1,yes,,4568,10.1371/journal.pone.0001249 ,Wang-Sattler,Plos One,Systematics and Genetics ,2007,yes,no,none,,,,Mali,Soulouba,11.783,-7.767,,,,,,,,,,,,,,,,,,,,,,,n.a.,,,,,,,,,,,,,,yes,no,na,,,1996,1996,,,,,,gambiae (S/M),n.a.,M & S form,genetic/molecular,,,,,,,,,,,,,,,,,,,,,,,,,,,,,,,,,,,,,,,,,,,,,,,,,,,,,,,,,,,,,,,,,,,,,,,,,,,,,,,,,,,,,,,,,,,,,,,,,,,,,,,,,,,,,,,,,,,,,,,,,,,,,,,,,,,,,,,,,,,,,,,,,,,,,,,,,,,,,,,,,,,,,,,,,,,,,,,,,,,,,,,,,,,,,,,,,,,,,,,,,,,,,,,,,,,,,,,,,,,,,,,,JO,JAO,CMK
0,1,yes,,4568,10.1371/journal.pone.0001249 ,Wang-Sattler,Plos One,Systematics and Genetics ,2007,yes,no,none,,,,Mali,Kokouna,,,,,,,,,,,,,,,,,,,,point,,Not Specified,Not Specified,"Not Listed- found more than one match in encarta, more details of site is not given in the article, so can't choose the correct one.",n.a.,,,,,,,,,,,,,,yes,no,na,,,1996,1996,,,,,,arabiensis,n.a.,,genetic/molecular,,,,,,,,,,,,,,,,,,,,,,,,,,,,,,,,,,,,,,,,,,,,,,,,,,,,,,,,,,,,,,,,,,,,,,,,,,,,,,,,,,,,,,,,,,,,,,,,,,,,,,,,,,,,,,,,,,,,,,,,,,,,,,,,,,,,,,,,,,,,,,,,,,,,,,,,,,,,,,,,,,,,,,,,,,,,,,,,,,,,,,,,,,,,,,,,,,,,,,,,,,,,,,,,,,,,,,,,,,,,,,,,JO,JAO,CMK
0,1,yes,,4568,10.1371/journal.pone.0001249 ,Wang-Sattler,Plos One,Systematics and Genetics ,2007,yes,no,none,,,,Mali,Kokouna,,,,,,,,,,,,,,,,,,,,,,,,,n.a.,,,,,,,,,,,,,,yes,no,na,,,1996,1996,,,,,,gambiae (S/M),n.a.,M & S form,genetic/molecular,,,,,,,,,,,,,,,,,,,,,,,,,,,,,,,,,,,,,,,,,,,,,,,,,,,,,,,,,,,,,,,,,,,,,,,,,,,,,,,,,,,,,,,,,,,,,,,,,,,,,,,,,,,,,,,,,,,,,,,,,,,,,,,,,,,,,,,,,,,,,,,,,,,,,,,,,,,,,,,,,,,,,,,,,,,,,,,,,,,,,,,,,,,,,,,,,,,,,,,,,,,,,,,,,,,,,,,,,,,,,,,,JO,JAO,CMK
0,1,yes,,4568,10.1371/journal.pone.0001249 ,Wang-Sattler,Plos One,Systematics and Genetics ,2007,yes,no,none,,,,Kenya,Kilifi,,,,,,,,,,,,,,,,,,no,no,point,,Not Specified,Not Specified,"(only one Kilifi found in encarta, GNS and webdb, so assume it is correct. Coords for site ID are from encarta, and are -3.615, 39.855 (EH))",n.a.,,,,,,,,,,,,,,yes,no,na,,,1998,1998,,,,,,arabiensis,n.a.,,genetic/molecular,,,,,,,,,,,,,,,,,,,,,,,,,,,,,,,,,,,,,,,,,,,,,,,,,,,,,,,,,,,,,,,,,,,,,,,,,,,,,,,,,,,,,,,,,,,,,,,,,,,,,,,,,,,,,,,,,,,,,,,,,,,,,,,,,,,,,,,,,,,,,,,,,,,,,,,,,,,,,,,,,,,,,,,,,,,,,,,,,,,,,,,,,,,,,,,,,,,,,,,,,,,,,,,,,,,,,,,,,,,,,,,,JO,JAO,CMK
0,1,yes,,4568,10.1371/journal.pone.0001249 ,Wang-Sattler,Plos One,Systematics and Genetics ,2007,yes,no,none,,,,Kenya,Kilifi,,,,,,,,,,,,,,,,,,,,,,,,,n.a.,,,,,,,,,,,,,,yes,no,na,,,1998,1998,,,,,,gambiae (S/M),n.a.,S form,genetic/molecular,,,,,,,,,,,,,,,,,,,,,,,,,,,,,,,,,,,,,,,,,,,,,,,,,,,,,,,,,,,,,,,,,,,,,,,,,,,,,,,,,,,,,,,,,,,,,,,,,,,,,,,,,,,,,,,,,,,,,,,,,,,,,,,,,,,,,,,,,,,,,,,,,,,,,,,,,,,,,,,,,,,,,,,,,,,,,,,,,,,,,,,,,,,,,,,,,,,,,,,,,,,,,,,,,,,,,,,,,,,,,,,,JO,JAO,CMK
0,1,yes,,4568,10.1371/journal.pone.0001249 ,Wang-Sattler,Plos One,Systematics and Genetics ,2007,yes,no,none,,,,Kenya,Kilifi,,,,,,,,,,,,,,,,,,,,,,,,,n.a.,,,,,,,,,,,,,,yes,no,na,,,1998,1998,,,,,,merus,n.a.,,genetic/molecular,,,,,,,,,,,,,,,,,,,,,,,,,,,,,,,,,,,,,,,,,,,,,,,,,,,,,,,,,,,,,,,,,,,,,,,,,,,,,,,,,,,,,,,,,,,,,,,,,,,,,,,,,,,,,,,,,,,,,,,,,,,,,,,,,,,,,,,,,,,,,,,,,,,,,,,,,,,,,,,,,,,,,,,,,,,,,,,,,,,,,,,,,,,,,,,,,,,,,,,,,,,,,,,,,,,,,,,,,,,,,,,,JO,JAO,CMK
0,1,yes,"Also collected in the Village; An. forattini, An. kompi, An. triannulatus, An. oswaldoi, An. shannoni, An. benarrochi, An. mattogrossensis & An. peryassui. (Should contact authors, as they state that significantly more An. darlingi were captured by MB than by CO2, but don't give figures (EH))",4569,,Turell,,,2008,yes,,,,,,Peru,Puerto Almendra,-3.8272,-73.3761,,,,,,,,,,,,,,,,,,point,,Loreto Department,Not Specified,"Not Listed-found coords in geonames. (paper gives coords of -3.8167, -73.3667, and describes the site as being bordered by the Amazon, Itaya, and Nanay Rivers. Site described as ""relatively open"" in pdf , and deforested in pdf 2911, and is deliberately contrasted with a heavily forested site, so have put forest as ""no"" (EH))",n.a.,,,,HLC - in,3305,HLC - out,3174,CO2,,,,6225,,,,,10,9,1996,1997,,,,,,darlingi,n.a.,,morph,,,,,,,,,,,,,,,,,,,,,,,,,,,,,,,,,,,,,,,,,,,,,,,,,,,,,,,,,,,,,,,,,,,,,,,,,,,,,,,,,,,,,,,,,,,,,,,,,,,,,,,,,,,,,,,,,,,,,,,,,,,,,,,,,,,,,,,,,,,,,,,,,,,,,,,,,,,,,,,,,,,,,,,,,,,,,,,,,,,,,,,,,,,,,,,,,,,,,,,,,,,,,,,,,,,,,,,,,,,,,,,,,,
0,1,yes,"(monthly data from figure 1, and only supplied for the villages (from paired collectors, ""one inside and one outside a house"")(EH)). ",4569,,Turell,,,2008,yes,,,,,,Peru,Puerto Almendra,-3.8272,-73.3761,,,,,,,,,,,,,,,,,,,,,,,n.a.,,,,HLC - in,,HLC - out,,,,,,,,,,,10,11,1996,1996,,,,,,darlingi,n.a.,,morph,,,,,,,,,,,,,,,,,,,,,,,,,,,,,,,,,,,,,,,,,,,,,,,,,,,,,,,,,,,,,,,,,,,,,,,,,,,,,,,,,,,,,,,,,,,,,,,,,,,,,,,,,,,,,,,,,,,,,,,,,,,,,,,,,,,,,,,,,,,,,,,,,,,,,,,,,,,,,,,,,,,,,,,,,,,,,,,,,,,,,,,,,,,,,,,,,,,,,,,,,,,,,,,,,,,,,,,,,,,,,,,,,,
0,1,yes,,4569,,Turell,,,2008,yes,,,,,,Peru,Puerto Almendra,-3.8272,-73.3761,,,,,,,,,,,,,,,,,,,,,,,n.a.,,,,HLC - in,,HLC - out,,,,,,,,,,,12,12,1996,1996,,,,,,darlingi,n.a.,,morph,,,,,,,,,,,,,,,,,,,,,,,,,,,,,,,,,,,,,,,,,,,,,,,,,,,,,,,,,,,,,,,,,,,,,,,,,,,,,,,,,,,,,,,,,,,,,,,,,,,,,,,,,,,,,,,,,,,,,,,,,,,,,,,,,,,,,,,,,,,,,,,,,,,,,,,,,,,,,,,,,,,,,,,,,,,,,,,,,,,,,,,,,,,,,,,,,,,,,,,,,,,,,,,,,,,,,,,,,,,,,,,,,,
0,1,yes,,4569,,Turell,,,2008,yes,,,,,,Peru,Puerto Almendra,-3.8272,-73.3761,,,,,,,,,,,,,,,,,,,,,,,n.a.,,,,HLC - in,,HLC - out,,,,,,,,,,,1,1,1997,1997,,,,,,darlingi,n.a.,,morph,,,,,,,,,,,,,,,,,,,,,,,,,,,,,,,,,,,,,,,,,,,,,,,,,,,,,,,,,,,,,,,,,,,,,,,,,,,,,,,,,,,,,,,,,,,,,,,,,,,,,,,,,,,,,,,,,,,,,,,,,,,,,,,,,,,,,,,,,,,,,,,,,,,,,,,,,,,,,,,,,,,,,,,,,,,,,,,,,,,,,,,,,,,,,,,,,,,,,,,,,,,,,,,,,,,,,,,,,,,,,,,,,,
0,1,yes,,4569,,Turell,,,2008,yes,,,,,,Peru,Puerto Almendra,-3.8272,-73.3761,,,,,,,,,,,,,,,,,,,,,,,n.a.,,,,HLC - in,,HLC - out,,,,,,,,,,,2,3,1997,1997,,,,,,darlingi,n.a.,,morph,,,,,,,,,,,,,,,,,,,,,,,,,,,,,,,,,,,,,,,,,,,,,,,,,,,,,,,,,,,,,,,,,,,,,,,,,,,,,,,,,,,,,,,,,,,,,,,,,,,,,,,,,,,,,,,,,,,,,,,,,,,,,,,,,,,,,,,,,,,,,,,,,,,,,,,,,,,,,,,,,,,,,,,,,,,,,,,,,,,,,,,,,,,,,,,,,,,,,,,,,,,,,,,,,,,,,,,,,,,,,,,,,,
0,1,yes,,4569,,Turell,,,2008,yes,,,,,,Peru,Puerto Almendra,-3.8272,-73.3761,,,,,,,,,,,,,,,,,,,,,,,n.a.,,,,HLC - in,,HLC - out,,,,,,,,,,,4,4,1997,1997,,,,,,darlingi,n.a.,,morph,,,,,,,,,,,,,,,,,,,,,,,,,,,,,,,,,,,,,,,,,,,,,,,,,,,,,,,,,,,,,,,,,,,,,,,,,,,,,,,,,,,,,,,,,,,,,,,,,,,,,,,,,,,,,,,,,,,,,,,,,,,,,,,,,,,,,,,,,,,,,,,,,,,,,,,,,,,,,,,,,,,,,,,,,,,,,,,,,,,,,,,,,,,,,,,,,,,,,,,,,,,,,,,,,,,,,,,,,,,,,,,,,,
0,1,yes,,4569,,Turell,,,2008,yes,,,,,,Peru,Puerto Almendra,-3.8272,-73.3761,,,,,,,,,,,,,,,,,,,,,,,n.a.,,,,HLC - in,,HLC - out,,,,,,,,,,,5,6,1997,1997,,,,,,darlingi,n.a.,,morph,,,,,,,,,,,,,,,,,,,,,,,,,,,,,,,,,,,,,,,,,,,,,,,,,,,,,,,,,,,,,,,,,,,,,,,,,,,,,,,,,,,,,,,,,,,,,,,,,,,,,,,,,,,,,,,,,,,,,,,,,,,,,,,,,,,,,,,,,,,,,,,,,,,,,,,,,,,,,,,,,,,,,,,,,,,,,,,,,,,,,,,,,,,,,,,,,,,,,,,,,,,,,,,,,,,,,,,,,,,,,,,,,,
0,1,yes,,4569,,Turell,,,2008,yes,,,,,,Peru,Puerto Almendra,-3.8272,-73.3761,,,,,,,,,,,,,,,,,,,,,,,n.a.,,,,HLC - in,,HLC - out,,,,,,,,,,,7,7,1997,1997,,,,,,darlingi,n.a.,,morph,,,,,,,,,,,,,,,,,,,,,,,,,,,,,,,,,,,,,,,,,,,,,,,,,,,,,,,,,,,,,,,,,,,,,,,,,,,,,,,,,,,,,,,,,,,,,,,,,,,,,,,,,,,,,,,,,,,,,,,,,,,,,,,,,,,,,,,,,,,,,,,,,,,,,,,,,,,,,,,,,,,,,,,,,,,,,,,,,,,,,,,,,,,,,,,,,,,,,,,,,,,,,,,,,,,,,,,,,,,,,,,,,,
0,1,yes,"(for august and september it was not clear whether very low, or no An. darlingi were capture MBO, so have left blank instead of a definite 0 (EH))",4569,,Turell,,,2008,yes,,,,,,Peru,Puerto Almendra,-3.8272,-73.3761,,,,,,,,,,,,,,,,,,,,,,,n.a.,,,,HLC - in,,,,,,,,,,,,,8,8,1997,1997,,,,,,darlingi,n.a.,,morph,,,,,,,,,,,,,,,,,,,,,,,,,,,,,,,,,,,,,,,,,,,,,,,,,,,,,,,,,,,,,,,,,,,,,,,,,,,,,,,,,,,,,,,,,,,,,,,,,,,,,,,,,,,,,,,,,,,,,,,,,,,,,,,,,,,,,,,,,,,,,,,,,,,,,,,,,,,,,,,,,,,,,,,,,,,,,,,,,,,,,,,,,,,,,,,,,,,,,,,,,,,,,,,,,,,,,,,,,,,,,,,,,,
0,1,yes,,4569,,Turell,,,2008,yes,,,,,,Peru,Puerto Almendra,-3.8272,-73.3761,,,,,,,,,,,,,,,,,,,,,,,n.a.,,,,HLC - in,,,,,,,,,,,,,9,9,1997,1997,,,,,,darlingi,n.a.,,morph,,,,,,,,,,,,,,,,,,,,,,,,,,,,,,,,,,,,,,,,,,,,,,,,,,,,,,,,,,,,,,,,,,,,,,,,,,,,,,,,,,,,,,,,,,,,,,,,,,,,,,,,,,,,,,,,,,,,,,,,,,,,,,,,,,,,,,,,,,,,,,,,,,,,,,,,,,,,,,,,,,,,,,,,,,,,,,,,,,,,,,,,,,,,,,,,,,,,,,,,,,,,,,,,,,,,,,,,,,,,,,,,,,
0,1,yes,,4569,,Turell,,,2008,yes,,,,,,Peru,Puerto Almendra,-3.8272,-73.3761,,,,,,,,,,,,,,,,,,,,,,,n.a.,,,,HLC - in,,HLC - out,,CO2,,,,13,,,,,10,9,1996,1997,,,,,,nuneztovari,n.a.,,morph,,,,,,,,,,,,,,,,,,,,,,,,,,,,,,,,,,,,,,,,,,,,,,,,,,,,,,,,,,,,,,,,,,,,,,,,,,,,,,,,,,,,,,,,,,,,,,,,,,,,,,,,,,,,,,,,,,,,,,,,,,,,,,,,,,,,,,,,,,,,,,,,,,,,,,,,,,,,,,,,,,,,,,,,,,,,,,,,,,,,,,,,,,,,,,,,,,,,,,,,,,,,,,,,,,,,,,,,,,,,,,,,,,
0,1,yes,"Also collected in the forested area; An. forattini, An. kompi, An. triannulatus, An. oswaldoi, An. shannoni, An. benarrochi, & An. mattogrossensis",4569,,Turell,,,2008,yes,,,,,,Peru,Forested site approx 0.3 km from Puerto village,,,,,,,,,,,,,,,,,,,,point,,Loreto Department,Not Specified,"Not Listed-found coords in geonames, and since the forest is only 0.3 km from the village it is within the village and so the same coords apply. (Paper cites Jones at al., 2004 (pdf 2911) for further site details, where forest area is described as being around 400m northeast of the village of Puerto Almendras, assuming this direction is correct, and the distance is actually 300m as in pdf 4569, then coords would be -3.826, -73.375, however should attempt to contact authors to confirm direction and distance. (EH))",n.a.,,,,HLC - out,,,,,,,,20,,,,,10,9,1996,1997,,,,,,darlingi,n.a.,,morph,,,,,,,,,,,,,,,,,,,,,,,,,,,,,,,,,,,,,,,,,,,,,,,,,,,,,,,,,,,,,,,,,,,,,,,,,,,,,,,,,,,,,,,,,,,,,,,,,,,,,,,,,,,,,,,,,,,,,,,,,,,,,,,,,,,,,,,,,,,,,,,,,,,,,,,,,,,,,,,,,,,,,,,,,,,,,,,,,,,,,,,,,,,,,,,,,,,,,,,,,,,,,,,,,,,,,,,,,,,,,,,,,,
0,1,yes,,4569,,Turell,,,2008,yes,,,,,,Peru,Forested site approx 0.3 km from Puerto village,,,,,,,,,,,,,,,,,,,,,,,,,n.a.,,,,HLC - out,,,,,,,,9,,,,,10,9,1996,1997,,,,,,nuneztovari,n.a.,,morph,,,,,,,,,,,,,,,,,,,,,,,,,,,,,,,,,,,,,,,,,,,,,,,,,,,,,,,,,,,,,,,,,,,,,,,,,,,,,,,,,,,,,,,,,,,,,,,,,,,,,,,,,,,,,,,,,,,,,,,,,,,,,,,,,,,,,,,,,,,,,,,,,,,,,,,,,,,,,,,,,,,,,,,,,,,,,,,,,,,,,,,,,,,,,,,,,,,,,,,,,,,,,,,,,,,,,,,,,,,,,,,,,,
0,1,yes,,4570,,Oliveira,High Levels of Hybridization between Molecular Forms of Anopheles gambiae from Guinea Bissau ,JOURNAL OF MEDICAL ENTOMOLOGY ,2008,yes,no,none,,,,Guinea-Bissau,Antula,-15.589,11.897,,,,,,,,,,,,,,,,within 5km,no,point,googlemaps,Not Specified,Not Specified,"Paper coords are (11.8333, -15.5000).  Site is a surburb located 5 Km north of Bissau (11.8333, -15.5000). It's a semi-rural area surrounded by flooded areas and two rice fields, in the West & East limits respectively. (paper states that the rainy season lasts from June to November, and collections occurred at the end of the rainy season, but does not state whether this was solely in november. Coords given in the paper for (presumably) Bissau are 11.8333, -15.5, which fall in the mouth of the Corubal river. Coords of Bissau in encarta are 11.864, -15.599. Site ID coords are 11.906, -15.599, and match description of being 5km north of Bissau (EH))",n.a.,,,,HBN,,,,,,,,,,yes,no,no,,,1995,1995,,,,,,gambiae (S/M),n.a.,"M & S form, and M/S hybrids",genetic/molecular,,thatch,mud,,,,Clay-walled and thatch-roofed dwellings are the predominant type of house construction. ,,,,,,,,,,,,,,,rice,"The area is a semirural area surrounded by flooded areas and two rice Þelds, ",pigs,goats,chickens,cattle,"Presence of domestic animals (pigs, goats, chicken, and cattle) inside houses during the night is frequent ",,,,,,,,,,,,,,,,,,,,,,,,,,,,,,,,,,,,,,,,,,,,,,,,,,,,,,,,,,,,,,,,,,,,,,,,,,,,,,,,,,,,,,,,,,,,,,,,,,,,,,,,,,,,,,,,,,,,,,,,,,,,,,,,,,,,,,,,,,,,,,,,,,,,,,,,,,,,,,,,,,,,,,,,,,,,,,,,,,,,,,,,,,,,,,,,,,,,JO,JAO,CMK
0,1,yes,,4570,,Oliveira,High Levels of Hybridization between Molecular Forms of Anopheles gambiae from Guinea Bissau ,JOURNAL OF MEDICAL ENTOMOLOGY ,2008,yes,no,none,,,,Guinea-Bissau,Antula,-15.589,11.897,,,,,,,,,,,,,,,,within 5km,,point,googlemaps,,,,n.a.,,,,HBN,,,,,,,,,,yes,no,no,,,1996,1996,,,,,,gambiae (S/M),n.a.,"M & S form, and M/S hybrids",genetic/molecular,,thatch,mud,,,,Clay-walled and thatch-roofed dwellings are the predominant type of house construction. ,,,,,,,,,,,,,,,rice,"The area is a semirural area surrounded by flooded areas and two rice Þelds, ",pigs,goats,chickens,cattle,"Presence of domestic animals (pigs, goats, chicken, and cattle) inside houses during the night is frequent ",,,,,,,,,,,,,,,,,,,,,,,,,,,,,,,,,,,,,,,,,,,,,,,,,,,,,,,,,,,,,,,,,,,,,,,,,,,,,,,,,,,,,,,,,,,,,,,,,,,,,,,,,,,,,,,,,,,,,,,,,,,,,,,,,,,,,,,,,,,,,,,,,,,,,,,,,,,,,,,,,,,,,,,,,,,,,,,,,,,,,,,,,,,,,,,,,,,,JO,JAO,CMK
0,1,yes,"Adult mosquitoes were sampled at 16 locations (8 in each of the villages). The results are lumped together. (since presences are confirmed for all sixteen sites, we know that An. minimus were found in both villages (EH))",4571,,Meide,,,2008,yes,,,,,,China,Dongfanghong,21.2822,101.6468,,,,,,,,,,,,,,,,no,no,point,paper,Yuannan Province,Xishuangbanna region,"Not Listed- two villages are located in Molong town, Mengla County in a tropical rain forest climate zone. Villages' match could not be found in all the georef sources, used paper coords, and checked in encarta they fall within the correct Admin1 & 2. (Multiple Dongfanghongs found in GNS and encarta, but none match coords in paper. Paper states that location of all 16 sampling sites (8 in each village) are GPS mapped (could contact authors for them?), so have confidence in coords given in paper. (EH))",n.a.,,,,LT,,,,,,,,,,,,,6,10,2002,2002,,,,,,minimus,n.a.,,morph,,,,,,,,,,,,,,,,,,,,,,,,,,,,,,,,,,,,,,,,,,,,,,,,,,,,,,,,,,,,,,,,,,,,,,,,,,,,,,,,,,,,,,,,,,,,,,,,,,,,,,,,,,,,,,,,,,,,,,,,,,,,,,,,,,,,,,,,,,,,,,,,,,,,,,,,,,,,,,,,,,,,,,,,,,,,,,,,,,,,,,,,,,,,,,,,,,,,,,,,,,,,,,,,,,,,,,,,,,,,,,,,,,
0,1,yes,,4571,,Meide,,,2008,yes,,,,,,China,Longtang,21.216,101.6607,,,,,,,,,,,,,,,,no,no,point,paper,Yuannan Province,Xishuangbanna region,"(one Longtang found in GNS in Yunnan province, but does not match coords in paper. Paper states that location of all 16 sampling sites (8 in each village) are GPS mapped (could contact authors for them?), so have confidence in coords given in paper. (EH))",n.a.,,,,LT,,,,,,,,,,,,,6,10,2002,2002,,,,,,minimus,n.a.,,morph,,,,,,,,,,,,,,,,,,,,,,,,,,,,,,,,,,,,,,,,,,,,,,,,,,,,,,,,,,,,,,,,,,,,,,,,,,,,,,,,,,,,,,,,,,,,,,,,,,,,,,,,,,,,,,,,,,,,,,,,,,,,,,,,,,,,,,,,,,,,,,,,,,,,,,,,,,,,,,,,,,,,,,,,,,,,,,,,,,,,,,,,,,,,,,,,,,,,,,,,,,,,,,,,,,,,,,,,,,,,,,,,,,
0,1,yes,"An. jeyporiensis also collected. (collections occurred in wet (september to november) and dry (april to may) seasons, 2004 to 2007, but data is not given broken down by years or seasons (EH))",4572,,do Cuong,,,2008,yes,,,,,,Viet Nam,Villages in Truong Xuan Commune,,,,,,,,,,,,,,,,,,,,small polygon,,Quang Binh Province,Not Specified,"Not Listed- Villages in Truong Xuan commune, calling it a wide area to represent the villages since they were not specified by name. (multiple Truong Xuans found ni GNS, which might have been the main towns of Truong Huang commune. However, none were found to be in Quang Binh province based on the province location in wikipedia (http://en.wikipedia.org/wiki/File:LocationVietnamQuangBinh.png). Therefore have left blank, in the hope that contact with authors might give the names or locations of the individual villages studied. Have had to call a small polygon, as we are not told how far apart villages are (EH))",n.a.,,,,AB,,HLC,,,,,,,,,,,4,11,2004,2007,,,,,,minimus,n.a.,An. minimus A & C,morph,genetic/molecular,,,,,,,,,,,,,,,,,,,,,,,,,,,,,,,,,,,,,,,,,,,,,,,,,,,,,,,,,,,,,,,,,,,,,,,,,,,,,,,,,,,,,,,,,,,,,,,,,,,,,,,,,,,,,,,,,,,,,,,,,,,,,,,,,,,,,,,,,,,,,,,,,,,,,,,,,,,,,,,,,,,,,,,,,,,,,,,,,,,,,,,,,,,,,,,,,,,,,,,,,,,,,,,,,,,,,,,,,,,,,,,,,
0,1,yes,,4572,,do Cuong,,,2008,yes,,,,,,Viet Nam,Villages in Truong Xuan Commune,,,,,,,,,,,,,,,,,,,,,,,,,n.a.,,,,AB,,HLC,,,,,,,,,,,4,11,2004,2007,,,,,,aconitus,n.a.,,morph,genetic/molecular,,,,,,,,,,,,,,,,,,,,,,,,,,,,,,,,,,,,,,,,,,,,,,,,,,,,,,,,,,,,,,,,,,,,,,,,,,,,,,,,,,,,,,,,,,,,,,,,,,,,,,,,,,,,,,,,,,,,,,,,,,,,,,,,,,,,,,,,,,,,,,,,,,,,,,,,,,,,,,,,,,,,,,,,,,,,,,,,,,,,,,,,,,,,,,,,,,,,,,,,,,,,,,,,,,,,,,,,,,,,,,,,,
,,yes,,4573,,Molaei,"Host-Feeding Patterns of Potential Mosquito Vectors in Connecticut, USA: Molecular Analysis of Bloodmeals from 23 Species of Aedes, Anopheles, Culex, Coquillettidia, Psorophora, and Uranotaenia ",JOURNAL OF MEDICAL ENTOMOLOGY ,2008,yes,,,,,,,,,,,,,,,,,,,,,,,,,,,,,,,,,,,,,,,,,,,,,,,,,,,,,,,,,,,,,,,,,,,,,,,,,,,,,,,,,,,,,,,,,,,,,,,,,,,,,,,,,,,,,,,,,,,,,,,,,,,,,,,,,,,,,,,,,,,,,,,,,,,,,,,,,,,,,,,,,,,,,,,,,,,,,,,,,,,,,,,,,,,,,,,,,,,,,,,,,,,,,,,,,,,,,,,,,,,,,,,,,,,,,,,,,,,,,,,,,,,,,,,,,,,,,,,,,,,,,,,,,,,,,,,,,,,,,,,,,,,,,,,
0,1,yes,"Anopheles Species ( An. oswaldoi & An. benarrochi) collected are not on our list of 53, so no data. (plus one individual similar to An. konderi s.l. (EH))",4574,,Sallum,,,2008,no,,,,,,Viet Nam,Villages in Truong Xuan Commune,,,,,,,,,,,,,,,,,,,,,,,,,,,,,,,,,,,,,,,,,,,,,,,,,,,,,,,,,,,,,,,,,,,,,,,,,,,,,,,,,,,,,,,,,,,,,,,,,,,,,,,,,,,,,,,,,,,,,,,,,,,,,,,,,,,,,,,,,,,,,,,,,,,,,,,,,,,,,,,,,,,,,,,,,,,,,,,,,,,,,,,,,,,,,,,,,,,,,,,,,,,,,,,,,,,,,,,,,,,,,,,,,,,,,,,,,,,,,,,,,,,,,,,,,,,,,,,,,,,,,,,,,,,,,,,,,,,,,,,,
0,1,yes,,4575,,Awolola,"Entomological survey and infection rates of Plasmodium falciparum and Wuchereria bancrofti in mosquito populations in Kainji Lake Area, Nigeria",Nigerian journal of Parasitology,2006,yes,no,none,Random,,,Nigeria,New Bussa,9.883,4.517,,,,,,,,,,,,,,,,no,no,point,*encarta,Niger State,Borgu,"Not Listed- New Bussa, in the Borgu local govt. area of Niger state. (New bussa was established following the construction of kanji dam). It is situated approx. 10 km from the dam site. Site could not be found in all the georef sources, neither could the dam be found either.  (New Bussa found in encarta, 10km from Kainji Dam (9.861, 4.605), as per description in paper (EH))",n.a.,,,,HLC,,HRI ,,,,,,534,,yes,no,no,11,8,2001,2003,,,,,,GAMBIAE COMPLEX,arabiensis,,morph,genetic/molecular,,,,,,,,,,,,,,,,,,,,,,,,,,,,,,,,,,,,,,,,,,,,,,,,,,,,,,,,,,,,,,,,,,,,,,,,,,,,,,,,,,,,,,,,,,,,,,,,,,,,,,,,,,,,,,,,,,,,,,,,,,,,,,,,,,,,,,,,,,,,,,,,,,,,,,,,,,,,,,,,,,,,,,,,,,,,,,,,,,,,,,,,,,,,,,,,,,,,,,,,,,,,,,,,,,,,,,,,,,,,,,,JO,JAO,CMK
0,1,yes,,4575,,Awolola,"Entomological survey and infection rates of Plasmodium falciparum and Wuchereria bancrofti in mosquito populations in Kainji Lake Area, Nigeria",Nigerian journal of Parasitology,2006,yes,no,none,Random,,,Nigeria,New Bussa,9.883,4.517,,,,,,,,,,,,,,,,,,,,,,,n.a.,,,,HLC,,HRI ,,,,,,440,,yes,no,no,11,8,2001,2003,,,,,,GAMBIAE COMPLEX,gambiae s.s.,,morph,genetic/molecular,,,,,,,,,,,,,,,,,,,,,,,,,,,,,,,,,,,,,,,,,,,,,,,,,,,,,,,,,,,,,,,,,,,,,,,,,,,,,,,,,,,,,,,,,,,,,,,,,,,,,,,,,,,,,,,,,,,,,,,,,,,,,,,,,,,,,,,,,,,,,,,,,,,,,,,,,,,,,,,,,,,,,,,,,,,,,,,,,,,,,,,,,,,,,,,,,,,,,,,,,,,,,,,,,,,,,,,,,,,,,,,JO,JAO,CMK
0,1,yes,,4575,,Awolola,"Entomological survey and infection rates of Plasmodium falciparum and Wuchereria bancrofti in mosquito populations in Kainji Lake Area, Nigeria",Nigerian journal of Parasitology,2006,yes,no,none,Random,,,Nigeria,New Bussa,9.883,4.517,,,,,,,,,,,,,,,,,,,,,,,n.a.,,,,HLC,,HRI ,,,,,,148,,yes,no,no,11,8,2001,2003,,,,,,pharoensis,n.a.,,morph,,,,,,,,,,,,,,,,,,,,,,,,,,,,,,,,,,,,,,,,,,,,,,,,,,,,,,,,,,,,,,,,,,,,,,,,,,,,,,,,,,,,,,,,,,,,,,,,,,,,,,,,,,,,,,,,,,,,,,,,,,,,,,,,,,,,,,,,,,,,,,,,,,,,,,,,,,,,,,,,,,,,,,,,,,,,,,,,,,,,,,,,,,,,,,,,,,,,,,,,,,,,,,,,,,,,,,,,,,,,,,,,JO,JAO,CMK
0,1,yes,"No vector data. Paper is on how children with sickle heterozygous status, are affected with P.faliciparum.",4576,,Awah,,,2006,no,,,,,,Nigeria,New Bussa,9.883,4.517,,,,,,,,,,,,,,,,,,,,,,,,,,,,,,,,,,,,,,,,,,,,,,,,,,,,,,,,,,,,,,,,,,,,,,,,,,,,,,,,,,,,,,,,,,,,,,,,,,,,,,,,,,,,,,,,,,,,,,,,,,,,,,,,,,,,,,,,,,,,,,,,,,,,,,,,,,,,,,,,,,,,,,,,,,,,,,,,,,,,,,,,,,,,,,,,,,,,,,,,,,,,,,,,,,,,,,,,,,,,,,,,,,,,,,,,,,,,,,,,,,,,,,,,,,,,,,,,,,,,,,,,,,,,,,,,,,,,,,
0,1,yes,"(mosquitoes are from a lab strain, the origin of the progenitors of which is given in the paper. Year of collection not given (EH))",4577,10.1186/1756-3305-1-45,Nghabi,Clarification of anomalies in the application of a 2La molecular karyotyping method for the malaria vector Anopheles gambiae ,Parasites & Vectors ,2008,yes,no,none,,,,Cameroon,Loum,4.167,11.832,,,,,,,,,,,,,,,,no,no,point,*encarta,Not Specified,Not Specified,"Not Listed- Paper coords are (-4.100, 11.500). (paper coords are given, as for all sites, in DD format. Nearest Loum is found in encarta at 4.167, 11.832, <40km from coords in paper. However, closer to coords in paper is the site of Louma at 4.066, 11.399 (11km from coords in paper). Since the mosquitoes are a lab strain it is probable that the site name of origin is given correctly. Should also note that if coords were DMS, but given in DD format (i.e. 4 degrees 10', 11 degrees 50') then the coords for Loum (4.167, 11.832) would be exactly correct, but there's no reason to suspect that there has been an inconsistency in the coordinate formats. Judging from discrepacies between given coords and encarta coords for other sites (e.g. Kisumu circa 60km) I feel the closest Loum is correct (EH))",n.a.,,,,ILT ,,,,,,,,,,yes,no,na,1,5,2007,2007,,,,,,GAMBIAE COMPLEX,gambiae s.s.,M form,genetic/molecular,,,,,,,,,,,,,,,,,,,,,,,,,,,,,,,,,,,,,,,,,,,,,,,,,,,,,,,,,,,,,,,,,,,,,,,,,,,,,,,,,,,,,,,,,,,,,,,,,,,,,,,,,,,,,,,,,,,,,,,,,,,,,,,,,,,,,,,,,,,,,,,,,,,,,,,,,,,,,,,,,,,,,,,,,,,,,,,,,,,,,,,,,,,,,,,,,,,,,,,,,,,,,,,,,,,,,,,,,,,,,,,,JO,JAO,CMK
0,1,yes,"(mosquitoes are from a lab strain, the origin of the progenitors of which is given in the paper. Year of collection not given (EH))",4577,10.1186/1756-3305-1-45,Nghabi,Clarification of anomalies in the application of a 2La molecular karyotyping method for the malaria vector Anopheles gambiae ,Parasites & Vectors ,2008,yes,no,none,,,,Mali,Banambani,-8.05,12.8,,,,,,,,,,,,,,,,no,no,point,*encarta,Not Specified,Not Specified,"Paper coords are (-8.050, 12.800). (coords in paper are the wrong way round, as they are come out off the coast of Angola. However, as 12.8, -8.05 they come out very close to the coords in encarta and the site ID (12.8, -8.034) (EH))",n.a.,,,,ILT ,,,,,,,,,,yes,no,na,1,5,2007,2007,,,,,,GAMBIAE COMPLEX,gambiae s.s.,M form,genetic/molecular,,,,,,,,,,,,,,,,,,,,,,,,,,,,,,,,,,,,,,,,,,,,,,,,,,,,,,,,,,,,,,,,,,,,,,,,,,,,,,,,,,,,,,,,,,,,,,,,,,,,,,,,,,,,,,,,,,,,,,,,,,,,,,,,,,,,,,,,,,,,,,,,,,,,,,,,,,,,,,,,,,,,,,,,,,,,,,,,,,,,,,,,,,,,,,,,,,,,,,,,,,,,,,,,,,,,,,,,,,,,,,,,JO,JAO,CMK
0,1,yes,"(mosquitoes are from a lab strain, the origin of the progenitors of which is given in the paper. Year of collection not given (EH))",4577,10.1186/1756-3305-1-45,Nghabi,Clarification of anomalies in the application of a 2La molecular karyotyping method for the malaria vector Anopheles gambiae ,Parasites & Vectors ,2008,yes,no,none,,,,Kenya,Kisumu,-0.096,34.753,,,,,,,,,,,,,,,,no,no,point,*encarta,Not Specified,Not Specified,"Not Listed- Paper coords are (-0.583, 34.466). ",n.a.,,,,ILT ,,,,,,,,,,yes,no,na,1,5,2007,2007,,,,,,GAMBIAE COMPLEX,gambiae s.s.,S form,genetic/molecular,CME,,,,,,,,,,,,,,,,,,,,,,,,,,,,,,,,,,,,,,,,,,,,,,,,,,,,,,,,,,,,,,,,,,,,,,,,,,,,,,,,,,,,,,,,,,,,,,,,,,,,,,,,,,,,,,,,,,,,,,,,,,,,,,,,,,,,,,,,,,,,,,,,,,,,,,,,,,,,,,,,,,,,,,,,,,,,,,,,,,,,,,,,,,,,,,,,,,,,,,,,,,,,,,,,,,,,,,,,,,,,,,,JO,JAO,CMK
0,1,yes,"(mosquitoes are from a lab strain, the origin of the progenitors of which is given in the paper. Year of collection not given (EH))",4577,10.1186/1756-3305-1-45,Nghabi,Clarification of anomalies in the application of a 2La molecular karyotyping method for the malaria vector Anopheles gambiae ,Parasites & Vectors ,2008,yes,no,none,,,,United Republic of Tanzania,Njage,-8.233,36.166,,,,,,,,,,,,,,,,no,no,point,*encarta,Not Specified,Kilombero District,"Not Listed- Paper coords are (-8.133, 36.683). Njage vilalge is appros. 70 kms away from the Ifakara Research Institute. (in encarta is found as Njagi, <60km from Ifakara. Site is around 60km from coords in paper, but matches the map in the paper very well. Districts in Tanzania are shown in the map in the paper (EH))",n.a.,,,,ILT ,,,,,,,,,,yes,no,na,1,5,2007,2007,,,,,,GAMBIAE COMPLEX,gambiae s.s.,S form,genetic/molecular,cell/chromo,,,,,,,,,,,,,,,,,,,,,,,,,,,,,,,,,,,,,,,,,,,,,,,,,,,,,,,,,,,,,,,,,,,,,,,,,,,,,,,,,,,,,,,,,,,,,,,,,,,,,,,,,,,,,,,,,,,,,,,,,,,,,,,,,,,,,,,,,,,,,,,,,,,,,,,,,,,,,,,,,,,,,,,,,,,,,,,,,,,,,,,,,,,,,,,,,,,,,,,,,,,,,,,,,,,,,,,,,,,,,,,JO,JAO,CMK
0,1,yes,,4577,10.1186/1756-3305-1-45,Nghabi,Clarification of anomalies in the application of a 2La molecular karyotyping method for the malaria vector Anopheles gambiae ,Parasites & Vectors ,2008,yes,no,none,,,,United Republic of Tanzania,Lupiro,-8.384,36.666,,,,,,,,,,,,,,,,no,no,point,*encarta,Not Specified,Ulanga District,"Not Listed- Paper coords are (-8.377, 36.667). (site matches map in paper (EH))",n.a.,,,,ILT ,101,,,,,,,,,yes,no,na,1,5,2007,2007,,,,,,GAMBIAE COMPLEX,arabiensis,,morph,genetic/molecular,,,,,,,,,,,,,,,,,,,,,,,,,,,,,,,,,,,,,,,,,,,,,,,,,,,,,,,,,,,,,,,,,,,,,,,,,,,,,,,,,,,,,,,,,,,,,,,,,,,,,,,,,,,,,,,,,,,,,,,,,,,,,,,,,,,,,,,,,,,,,,,,,,,,,,,,,,,,,,,,,,,,,,,,,,,,,,,,,,,,,,,,,,,,,,,,,,,,,,,,,,,,,,,,,,,,,,,,,,,,,,,JO,JAO,CMK
0,1,yes,,4577,10.1186/1756-3305-1-45,Nghabi,Clarification of anomalies in the application of a 2La molecular karyotyping method for the malaria vector Anopheles gambiae ,Parasites & Vectors ,2008,yes,no,none,,,,United Republic of Tanzania,Lupiro,-8.384,36.666,,,,,,,,,,,,,,,,no,no,point,*encarta,Not Specified,Ulanga District,,n.a.,,,,ILT ,45,,,,,,,,,yes,no,na,1,5,2007,2007,,,,,,GAMBIAE COMPLEX,gambiae s.s.,S form,morph,genetic/molecular,,,,,,,,,,,,,,,,,,,,,,,,,,,,,,,,,,,,,,,,,,,,,,,,,,,,,,,,,,,,,,,,,,,,,,,,,,,,,,,,,,,,,,,,,,,,,,,,,,,,,,,,,,,,,,,,,,,,,,,,,,,,,,,,,,,,,,,,,,,,,,,,,,,,,,,,,,,,,,,,,,,,,,,,,,,,,,,,,,,,,,,,,,,,,,,,,,,,,,,,,,,,,,,,,,,,,,,,,,,,,,,JO,JAO,CMK
0,1,yes,,4577,10.1186/1756-3305-1-45,Nghabi,Clarification of anomalies in the application of a 2La molecular karyotyping method for the malaria vector Anopheles gambiae ,Parasites & Vectors ,2008,yes,no,none,,,,United Republic of Tanzania,Mkamba,-8.033,37.767,,,,,,,,,,,,,,,,no,no,point,*encarta,Not Specified,Kilombero District,"Not Listed- Paper coords are (-8.033, 37.767). (Site in encarta (-7.350, 38.899) matches neither map nor coords in paper. There is a site in GNS with exactly the same coords as the paper (-8.0333, 37.7667), although this doesn't match the map in the paper very well (site is a long way east of map, sited inside the Selous game reserve, whereas map in paper puts it outside the reserve). Have therefore left blank to attempt to confirm later (EH))",n.a.,,,,ILT ,23,,,,,,,,,yes,no,na,1,5,2007,2007,,,,,,GAMBIAE COMPLEX,arabiensis,,morph,genetic/molecular,,,,,,,,,,,,,,,,,,,,,,,,,,,,,,,,,,,,,,,,,,,,,,,,,,,,,,,,,,,,,,,,,,,,,,,,,,,,,,,,,,,,,,,,,,,,,,,,,,,,,,,,,,,,,,,,,,,,,,,,,,,,,,,,,,,,,,,,,,,,,,,,,,,,,,,,,,,,,,,,,,,,,,,,,,,,,,,,,,,,,,,,,,,,,,,,,,,,,,,,,,,,,,,,,,,,,,,,,,,,,,,JO,JAO,CMK
0,1,yes,,4577,10.1186/1756-3305-1-45,Nghabi,Clarification of anomalies in the application of a 2La molecular karyotyping method for the malaria vector Anopheles gambiae ,Parasites & Vectors ,2008,yes,no,none,,,,United Republic of Tanzania,Mkamba,-8.033,37.767,,,,,,,,,,,,,,,,no,no,point,*encarta,Not Specified,Kilombero District,,n.a.,,,,ILT ,51,,,,,,,,,yes,no,na,1,5,2007,2007,,,,,,GAMBIAE COMPLEX,gambiae s.s.,S form,morph,genetic/molecular,,,,,,,,,,,,,,,,,,,,,,,,,,,,,,,,,,,,,,,,,,,,,,,,,,,,,,,,,,,,,,,,,,,,,,,,,,,,,,,,,,,,,,,,,,,,,,,,,,,,,,,,,,,,,,,,,,,,,,,,,,,,,,,,,,,,,,,,,,,,,,,,,,,,,,,,,,,,,,,,,,,,,,,,,,,,,,,,,,,,,,,,,,,,,,,,,,,,,,,,,,,,,,,,,,,,,,,,,,,,,,,JO,JAO,CMK
0,1,yes,,4577,10.1186/1756-3305-1-45,Nghabi,Clarification of anomalies in the application of a 2La molecular karyotyping method for the malaria vector Anopheles gambiae ,Parasites & Vectors ,2008,yes,no,none,,,,United Republic of Tanzania,Mikeregembe,-8.036,37.967,,,,,,,,,,,,,,,,no,no,point,*encarta,Not Specified,Kilombero District,"Not Listed- coords not found in all the georef sources. Checked paper coord in encarta and they fall within Tanzania's boundaries. (coords in paper are -8.036, 37.967. Coords found in VectorBase website (https://grassi2.ucdavis.edu/db/data_views/area_data.php?loc=Mikeregembe) as -8.0433, 37.9667, so not far from coords in paper. They do fall further west than implied by the map in the paper, but are at least to the west of the site of Mkanga (from map in paper), on the other side of a river. Problems may lie with map in paper, but should try and confirm with authors before using these coords (EH))",n.a.,,,,ILT ,131,,,,,,,,,yes,no,na,1,5,2007,2007,,,,,,GAMBIAE COMPLEX,arabiensis,,morph,genetic/molecular,,,,,,,,,,,,,,,,,,,,,,,,,,,,,,,,,,,,,,,,,,,,,,,,,,,,,,,,,,,,,,,,,,,,,,,,,,,,,,,,,,,,,,,,,,,,,,,,,,,,,,,,,,,,,,,,,,,,,,,,,,,,,,,,,,,,,,,,,,,,,,,,,,,,,,,,,,,,,,,,,,,,,,,,,,,,,,,,,,,,,,,,,,,,,,,,,,,,,,,,,,,,,,,,,,,,,,,,,,,,,,,JO,JAO,CMK
0,1,yes,,4577,10.1186/1756-3305-1-45,Nghabi,Clarification of anomalies in the application of a 2La molecular karyotyping method for the malaria vector Anopheles gambiae ,Parasites & Vectors ,2008,yes,no,none,,,,United Republic of Tanzania,Mikeregembe,-8.036,37.967,,,,,,,,,,,,,,,,no,no,point,*encarta,Not Specified,Kilombero District,,n.a.,,,,ILT ,1,,,,,,,,,yes,no,na,1,5,2007,2007,,,,,,GAMBIAE COMPLEX,gambiae s.s.,S form,morph,genetic/molecular,,,,,,,,,,,,,,,,,,,,,,,,,,,,,,,,,,,,,,,,,,,,,,,,,,,,,,,,,,,,,,,,,,,,,,,,,,,,,,,,,,,,,,,,,,,,,,,,,,,,,,,,,,,,,,,,,,,,,,,,,,,,,,,,,,,,,,,,,,,,,,,,,,,,,,,,,,,,,,,,,,,,,,,,,,,,,,,,,,,,,,,,,,,,,,,,,,,,,,,,,,,,,,,,,,,,,,,,,,,,,,,JO,JAO,CMK
0,1,yes,,4577,10.1186/1756-3305-1-45,Nghabi,Clarification of anomalies in the application of a 2La molecular karyotyping method for the malaria vector Anopheles gambiae ,Parasites & Vectors ,2008,yes,no,none,,,,United Republic of Tanzania,Ukindu,-8.2833,36.2833,,,,,,,,,,,,,,,,no,no,point,*encarta,Not Specified,Kilombero District,"Not Listed- coords not found in all the georef sources. Checked paper coord in encarta and they fall within Tanzania's boundaries. (coords in paper are -8.277, 36.667. Coords used are found in VectorBase website (https://grassi2.ucdavis.edu/db/data_views/area_data.php?loc=Ukindu), and are relatively close to coords in paper, but appear a better match for the map in the paper than the paper coords (EH))",n.a.,,,,ILT ,76,,,,,,,,,yes,no,na,1,5,2007,2007,,,,,,GAMBIAE COMPLEX,arabiensis,,morph,genetic/molecular,,,,,,,,,,,,,,,,,,,,,,,,,,,,,,,,,,,,,,,,,,,,,,,,,,,,,,,,,,,,,,,,,,,,,,,,,,,,,,,,,,,,,,,,,,,,,,,,,,,,,,,,,,,,,,,,,,,,,,,,,,,,,,,,,,,,,,,,,,,,,,,,,,,,,,,,,,,,,,,,,,,,,,,,,,,,,,,,,,,,,,,,,,,,,,,,,,,,,,,,,,,,,,,,,,,,,,,,,,,,,,,JO,JAO,CMK
0,1,yes,,4577,10.1186/1756-3305-1-45,Nghabi,Clarification of anomalies in the application of a 2La molecular karyotyping method for the malaria vector Anopheles gambiae ,Parasites & Vectors ,2008,yes,no,none,,,,United Republic of Tanzania,Ukindu,-8.2833,36.2833,,,,,,,,,,,,,,,,no,no,point,*encarta,Not Specified,Kilombero District,,n.a.,,,,ILT ,0,,,,,,,,,yes,no,na,1,5,2007,2007,,,,,,GAMBIAE COMPLEX,gambiae s.s.,,morph,genetic/molecular,,,,,,,,,,,,,,,,,,,,,,,,,,,,,,,,,,,,,,,,,,,,,,,,,,,,,,,,,,,,,,,,,,,,,,,,,,,,,,,,,,,,,,,,,,,,,,,,,,,,,,,,,,,,,,,,,,,,,,,,,,,,,,,,,,,,,,,,,,,,,,,,,,,,,,,,,,,,,,,,,,,,,,,,,,,,,,,,,,,,,,,,,,,,,,,,,,,,,,,,,,,,,,,,,,,,,,,,,,,,,,,JO,JAO,CMK
0,1,yes,,4577,10.1186/1756-3305-1-45,Nghabi,Clarification of anomalies in the application of a 2La molecular karyotyping method for the malaria vector Anopheles gambiae ,Parasites & Vectors ,2008,yes,no,none,,,,United Republic of Tanzania,Malinyi,-8.934,36.133,,,,,,,,,,,,,,,,no,no,point,*encarta,Not Specified,Ulanga District,"Not Listed- Paper coords are (-8.933, 36.133). (encarta matches map in paper (EH))",n.a.,,,,ILT ,122,,,,,,,,,yes,no,na,1,5,2007,2007,,,,,,GAMBIAE COMPLEX,arabiensis,,morph,genetic/molecular,,,,,,,,,,,,,,,,,,,,,,,,,,,,,,,,,,,,,,,,,,,,,,,,,,,,,,,,,,,,,,,,,,,,,,,,,,,,,,,,,,,,,,,,,,,,,,,,,,,,,,,,,,,,,,,,,,,,,,,,,,,,,,,,,,,,,,,,,,,,,,,,,,,,,,,,,,,,,,,,,,,,,,,,,,,,,,,,,,,,,,,,,,,,,,,,,,,,,,,,,,,,,,,,,,,,,,,,,,,,,,,JO,JAO,CMK
0,1,yes,,4577,10.1186/1756-3305-1-45,Nghabi,Clarification of anomalies in the application of a 2La molecular karyotyping method for the malaria vector Anopheles gambiae ,Parasites & Vectors ,2008,yes,no,none,,,,United Republic of Tanzania,Malinyi,-8.934,36.133,,,,,,,,,,,,,,,,no,no,point,*encarta,Not Specified,Ulanga District,,n.a.,,,,ILT ,1,,,,,,,,,yes,no,na,1,5,2007,2007,,,,,,GAMBIAE COMPLEX,gambiae s.s.,S form,morph,genetic/molecular,,,,,,,,,,,,,,,,,,,,,,,,,,,,,,,,,,,,,,,,,,,,,,,,,,,,,,,,,,,,,,,,,,,,,,,,,,,,,,,,,,,,,,,,,,,,,,,,,,,,,,,,,,,,,,,,,,,,,,,,,,,,,,,,,,,,,,,,,,,,,,,,,,,,,,,,,,,,,,,,,,,,,,,,,,,,,,,,,,,,,,,,,,,,,,,,,,,,,,,,,,,,,,,,,,,,,,,,,,,,,,,JO,JAO,CMK
0,1,yes,,4577,10.1186/1756-3305-1-45,Nghabi,Clarification of anomalies in the application of a 2La molecular karyotyping method for the malaria vector Anopheles gambiae ,Parasites & Vectors ,2008,yes,no,none,,,,United Republic of Tanzania,Ilonga,-9.034,36.845,,,,,,,,,,,,,,,,no,no,point,*encarta,Not Specified,Ulanga District,"Not Listed- Paper coords are (-9.067, 36.855). (encarta coords match map in paper (EH))",n.a.,,,,ILT ,15,,,,,,,,,yes,no,na,1,5,2007,2007,,,,,,GAMBIAE COMPLEX,arabiensis,,morph,genetic/molecular,,,,,,,,,,,,,,,,,,,,,,,,,,,,,,,,,,,,,,,,,,,,,,,,,,,,,,,,,,,,,,,,,,,,,,,,,,,,,,,,,,,,,,,,,,,,,,,,,,,,,,,,,,,,,,,,,,,,,,,,,,,,,,,,,,,,,,,,,,,,,,,,,,,,,,,,,,,,,,,,,,,,,,,,,,,,,,,,,,,,,,,,,,,,,,,,,,,,,,,,,,,,,,,,,,,,,,,,,,,,,,,JO,JAO,CMK
0,1,yes,,4577,10.1186/1756-3305-1-45,Nghabi,Clarification of anomalies in the application of a 2La molecular karyotyping method for the malaria vector Anopheles gambiae ,Parasites & Vectors ,2008,yes,no,none,,,,United Republic of Tanzania,Ilonga,-9.034,36.845,,,,,,,,,,,,,,,,no,no,point,*encarta,Not Specified,Ulanga District,,n.a.,,,,ILT ,15,,,,,,,,,yes,no,na,1,5,2007,2007,,,,,,GAMBIAE COMPLEX,gambiae s.s.,S form,morph,genetic/molecular,,,,,,,,,,,,,,,,,,,,,,,,,,,,,,,,,,,,,,,,,,,,,,,,,,,,,,,,,,,,,,,,,,,,,,,,,,,,,,,,,,,,,,,,,,,,,,,,,,,,,,,,,,,,,,,,,,,,,,,,,,,,,,,,,,,,,,,,,,,,,,,,,,,,,,,,,,,,,,,,,,,,,,,,,,,,,,,,,,,,,,,,,,,,,,,,,,,,,,,,,,,,,,,,,,,,,,,,,,,,,,,JO,JAO,CMK
0,1,yes,"(paper only states that morphological identification took place, so doubt must be cast on their identification as An. arabiensis, cf. An. gambiae s.l. (EH))",4578,10.1016/j.actatropica.2008.09.009 ,Jacob,"Describing Anopheles arabiensis aquatic habitats in two riceland agro-ecosystems in Mwea, Kenya using a negative binomial regression model with a non-homogenous mean ","Describing Anopheles arabiensis aquatic habitats in two riceland agro-ecosystems in Mwea, Kenya using a negative binomial regression model with a non-homogenous mean ",2009,yes,yes,none,na,,,Kenya,Karima,,,,,,,,,,,,,,,,,,no,no,point,,,,"Study conducted 100 km northeast of Nairobi, in two rice-village complexes, within Mwea Rice Sheme. The study site is located at the central-west region of the scheme. (pdf 4127 gives coords of -0.67, 37.35 for the Mwea scheme, which conform to the encarta-derived Site ID coords for Karima of -0.687, 37.333 (EH))",n.a.,na,na,,Larvae,120,,,,,,,,,yes,no,no,7,7,2005,2007,,,950mm/year,"The mean annual precipitation is 950mm, with maximum rainfall occurring in April–May and October–November. Temp and RH data also provided",,GAMBIAE COMPLEX,arabiensis,,morph,,,,,,,,Farmer (business),Farmer (subsistence),,,,,,,,,,,,,rice,"More than 50% of the scheme area is used for rice cultivation. The remaining area is used for subsistence farming, grazing, and community activities.",,,,,,,,,,,,,,,,,,,,,,,,,,,,,,,,,,,,,,,,,,,,,,,,,,,,,,,,,,,,,,,,,,,,,,,,,,,,,,,,,,,,,,,,,,,,,,,,,,,,,,,,,,,,,,,,,,,,,,,,,,,,,,,,,,,,,,,,,,,,,,,,,,,,,,,,,,,,,,,,,,,,,,,,,,,,,,,,,,,,,,,,,,,,,,,,,,,,,,,,"Water bodies were inspected for An. arabiensis larvae using standard dipping techniques, with a 350-ml dipper (Service 1993). The number of dips per habitat was 20. All data from the habitat characterization of each aquatic larval habitat was recorded on a field sampling form.",JO,JAO,CMK
0,1,yes,,4578,10.1016/j.actatropica.2008.09.010,Jacob,"Describing Anopheles arabiensis aquatic habitats in two riceland agro-ecosystems in Mwea, Kenya using a negative binomial regression model with a non-homogenous mean ","Describing Anopheles arabiensis aquatic habitats in two riceland agro-ecosystems in Mwea, Kenya using a negative binomial regression model with a non-homogenous mean ",2009,yes,yes,none,na,,,Kenya,Kiuria,-0.667,37.317,,,,,,,,,,,,,,,,no,no,point,*encarta,Not Specified,Not Specified,"Study conducted 100 km northeast of Nairobi, in two rice-village complexes, within Mwea Rice Sheme. The study site is located at the northwest region of the scheme. (coords for Kiuria are very near coords for Karima, implying they are in the same rice cultivation area (EH))",n.a.,na,na,,Larvae,117,,,,,,,,,yes,no,no,7,7,2005,2007,,,950mm/year,,,GAMBIAE COMPLEX,arabiensis,,morph,,,,,,,,Farmer (business),Farmer (subsistence),,,,,,,,,,,,,rice,"More than 50% of the scheme area is used for rice cultivation. The remaining area is used for subsistence farming, grazing, and community activities.",,,,,,,,,,,,,,,,,,,,,,,,,,,,,,,,,,,,,,,,,,,,,,,,,,,,,,,,,,,,,,,,,,,,,,,,,,,,,,,,,,,,,,,,,,,,,,,,,,,,,,,,,,,,,,,,,,,,,,,,,,,,,,,,,,,,,,,,,,,,,,,,,,,,,,,,,,,,,,,,,,,,,,,,,,,,,,,,,,,,,,,,,,,,,,,,,,,,,,,,"Water bodies were inspected for An. arabiensis larvae using standard dipping techniques, with a 350-ml dipper (Service 1993). The number of dips per habitat was 20. All data from the habitat characterization of each aquatic larval habitat was recorded on a field sampling form.",JO,JAO,CMK
1,0,yes,,4578,10.1016/j.actatropica.2008.09.011,Jacob,"Describing Anopheles arabiensis aquatic habitats in two riceland agro-ecosystems in Mwea, Kenya using a negative binomial regression model with a non-homogenous mean ","Describing Anopheles arabiensis aquatic habitats in two riceland agro-ecosystems in Mwea, Kenya using a negative binomial regression model with a non-homogenous mean ",2009,no,yes,none,na,no,,Kenya,Kiuria,-0.667,37.317,,,,,,,,,,,,,,,,no,no,point,*encarta,Not Specified,Not Specified,"Study conducted 100 km northeast of Nairobi, in two rice-village complexes, within Mwea Rice Sheme. The study site is located at the northwest region of the scheme. (coords for Kiuria are very near coords for Karima, implying they are in the same rice cultivation area (EH))",n.a.,na,na,,,,,,,,,,,,yes,no,no,7,7,2005,2007,,,950mm/year,,arabiensis,,,,morph,,,,,,,,Farmer (business),Farmer (subsistence),,,,,,,,,,,,,rice,"More than 50% of the scheme area is used for rice cultivation. The remaining area is used for subsistence farming, grazing, and community activities.",,,,,,,,,,,,,,,,,,,,,,,,,,,,,,,,,,,,,,,,,,,,,,,,,,,,,,,,,,,,,,,,,,,,,,,,,,,,,,,,,,,,,,,,,,,,,,,,,,,,,,,,,,,,,,,,,,,,,,,,,,,,,,,,,,,,,,,,,,,,,,,,,,,,,,,,,,,,,,,,,,,,,,,,,,,,,,,,,,,,,,,,,,,,,,,,,,,,,,,,"Water bodies were inspected for An. arabiensis larvae using standard dipping techniques, with a 350-ml dipper (Service 1993). The number of dips per habitat was 20. All data from the habitat characterization of each aquatic larval habitat was recorded on a field sampling form.",JO,JAO,CMK
0,1,yes,"No data. All the refrences listed are in our current (January 30th, 2009) ENL, and listing this info would be a repeat.    (Also appears to contain unpublished data from authors F. Simard, V. Medjibe and J.D. Charlwood, but need to contact to clarify and hopefully gain more detailed information.    Published references are pdfs 3248, 2856, 4019, 3267, 1347, 1582, 1524, 1379, 3273, 1581, 3455, 1500, 3289 (EH))",4579,10.1111/j.1752-4571.2008.00048.x ,Marshall,"Exploring the origin and degree of genetic isolation of Anopheles gambiae from the islands of Sa ? o Tome ? and Pr? ?ncipe, potential sites for testing transgenic-based vector control ",Evolutionary Applications,2008,yes,no,none,na,,,Angola,Namibe,15.167,12.15,,,,,,,,,,,,,,,within 5km,within 5km,no,point,paper/map,,,,na,na,na,,,,,,,,,,,,yes,no,no,,,,,,,,,,gambiae  ,,,genetic/molecular,,,,,,,,,,,,,,,,,,,,,,,,,,,,,,,,,,,,,,,,,,,,,,,,,,,,,,,,,,,,,,,,,,,,,,,,,,,,,,,,,,,,,,,,,,,,,,,,,,,,,,,,,,,,,,,,,,,,,,,,,,,,,,,,,,,,,,,,,,,,,,,,,,,,,,,,,,,,,,,,,,,,,,,,,,,,,,,,,,,,,,,,,,,,,,,,,,,,,,,,,,,,,,,,,,,,,,,,,,,,,,,,JO,JAO,CMK
0,1,yes,,4579,10.1111/j.1752-4571.2008.00048.x ,Marshall,"Exploring the origin and degree of genetic isolation of Anopheles gambiae from the islands of Sa ? o Tome ? and Pr? ?ncipe, potential sites for testing transgenic-based vector control ",Evolutionary Applications,2008,yes,no,none,na,,,Angola,Luanda area,8.833,13.233,,,,,,,,,,,,,,,within 5km,within 5km,no,point,paper/map,,,,na,na,na,,,,,,,,,,,,yes,no,no,,,,,,,,,,gambiae  ,,,genetic/molecular,,,,,,,,,,,,,,,,,,,,,,,,,,,,,,,,,,,,,,,,,,,,,,,,,,,,,,,,,,,,,,,,,,,,,,,,,,,,,,,,,,,,,,,,,,,,,,,,,,,,,,,,,,,,,,,,,,,,,,,,,,,,,,,,,,,,,,,,,,,,,,,,,,,,,,,,,,,,,,,,,,,,,,,,,,,,,,,,,,,,,,,,,,,,,,,,,,,,,,,,,,,,,,,,,,,,,,,,,,,,,,,,JO,JAO,CMK
0,1,yes,,4579,10.1111/j.1752-4571.2008.00048.x ,Marshall,"Exploring the origin and degree of genetic isolation of Anopheles gambiae from the islands of Sa ? o Tome ? and Pr? ?ncipe, potential sites for testing transgenic-based vector control ",Evolutionary Applications,2008,yes,no,none,na,,,Angola,Lunda sud,9.65,21.3,,,,,,,,,,,,,,,within 5km,within 5km,no,point,paper/map,,,,na,na,na,,,,,,,,,,,,yes,no,no,,,,,,,,,,gambiae  ,,,genetic/molecular,,,,,,,,,,,,,,,,,,,,,,,,,,,,,,,,,,,,,,,,,,,,,,,,,,,,,,,,,,,,,,,,,,,,,,,,,,,,,,,,,,,,,,,,,,,,,,,,,,,,,,,,,,,,,,,,,,,,,,,,,,,,,,,,,,,,,,,,,,,,,,,,,,,,,,,,,,,,,,,,,,,,,,,,,,,,,,,,,,,,,,,,,,,,,,,,,,,,,,,,,,,,,,,,,,,,,,,,,,,,,,,,JO,JAO,CMK
0,1,yes,,4579,10.1111/j.1752-4571.2008.00048.x ,Marshall,"Exploring the origin and degree of genetic isolation of Anopheles gambiae from the islands of Sa ? o Tome ? and Pr? ?ncipe, potential sites for testing transgenic-based vector control ",Evolutionary Applications,2008,yes,no,none,na,,,Angola,Prov. Of Zaire,6.117,12.367,,,,,,,,,,,,,,,within 5km,within 5km,no,point,paper/map,,,,na,na,na,,,,,,,,,,,,yes,no,no,,,,,,,,,,gambiae  ,,,genetic/molecular,,,,,,,,,,,,,,,,,,,,,,,,,,,,,,,,,,,,,,,,,,,,,,,,,,,,,,,,,,,,,,,,,,,,,,,,,,,,,,,,,,,,,,,,,,,,,,,,,,,,,,,,,,,,,,,,,,,,,,,,,,,,,,,,,,,,,,,,,,,,,,,,,,,,,,,,,,,,,,,,,,,,,,,,,,,,,,,,,,,,,,,,,,,,,,,,,,,,,,,,,,,,,,,,,,,,,,,,,,,,,,,,JO,JAO,CMK
0,1,yes,,4579,10.1111/j.1752-4571.2008.00048.x ,Marshall,"Exploring the origin and degree of genetic isolation of Anopheles gambiae from the islands of Sa ? o Tome ? and Pr? ?ncipe, potential sites for testing transgenic-based vector control ",Evolutionary Applications,2008,yes,no,none,na,,,Benin,"Bohicon, Dassa, Lema ",7.016,2.283,,,,,,,,,,,,,,,within 5km,within 5km,no,point,paper/map,,,,na,na,na,,,,,,,,,,,,yes,no,no,,,,,,,,,,gambiae  ,,,genetic/molecular,,,,,,,,,,,,,,,,,,,,,,,,,,,,,,,,,,,,,,,,,,,,,,,,,,,,,,,,,,,,,,,,,,,,,,,,,,,,,,,,,,,,,,,,,,,,,,,,,,,,,,,,,,,,,,,,,,,,,,,,,,,,,,,,,,,,,,,,,,,,,,,,,,,,,,,,,,,,,,,,,,,,,,,,,,,,,,,,,,,,,,,,,,,,,,,,,,,,,,,,,,,,,,,,,,,,,,,,,,,,,,,,JO,JAO,CMK
0,1,yes,,4579,10.1111/j.1752-4571.2008.00048.x ,Marshall,"Exploring the origin and degree of genetic isolation of Anopheles gambiae from the islands of Sa ? o Tome ? and Pr? ?ncipe, potential sites for testing transgenic-based vector control ",Evolutionary Applications,2008,yes,no,none,na,,,Cameroon,"Tiko, Buea, Doula ",4.066,9.6,,,,,,,,,,,,,,,within 5km,within 5km,no,point,paper/map,,,,na,na,na,,,,,,,,,,,,yes,no,no,,,,,,,,,,gambiae  ,,,genetic/molecular,,,,,,,,,,,,,,,,,,,,,,,,,,,,,,,,,,,,,,,,,,,,,,,,,,,,,,,,,,,,,,,,,,,,,,,,,,,,,,,,,,,,,,,,,,,,,,,,,,,,,,,,,,,,,,,,,,,,,,,,,,,,,,,,,,,,,,,,,,,,,,,,,,,,,,,,,,,,,,,,,,,,,,,,,,,,,,,,,,,,,,,,,,,,,,,,,,,,,,,,,,,,,,,,,,,,,,,,,,,,,,,,JO,JAO,CMK
0,1,yes,,4579,10.1111/j.1752-4571.2008.00048.x ,Marshall,"Exploring the origin and degree of genetic isolation of Anopheles gambiae from the islands of Sa ? o Tome ? and Pr? ?ncipe, potential sites for testing transgenic-based vector control ",Evolutionary Applications,2008,yes,no,none,na,,,Cameroon,"Ebebda, Obala ",4.166,11.416,,,,,,,,,,,,,,,within 5km,within 5km,no,point,paper/map,,,,na,na,na,,,,,,,,,,,,yes,no,no,,,,,,,,,,gambiae  ,,,genetic/molecular,,,,,,,,,,,,,,,,,,,,,,,,,,,,,,,,,,,,,,,,,,,,,,,,,,,,,,,,,,,,,,,,,,,,,,,,,,,,,,,,,,,,,,,,,,,,,,,,,,,,,,,,,,,,,,,,,,,,,,,,,,,,,,,,,,,,,,,,,,,,,,,,,,,,,,,,,,,,,,,,,,,,,,,,,,,,,,,,,,,,,,,,,,,,,,,,,,,,,,,,,,,,,,,,,,,,,,,,,,,,,,,,JO,JAO,CMK
0,1,yes,,4579,10.1111/j.1752-4571.2008.00048.x ,Marshall,"Exploring the origin and degree of genetic isolation of Anopheles gambiae from the islands of Sa ? o Tome ? and Pr? ?ncipe, potential sites for testing transgenic-based vector control ",Evolutionary Applications,2008,yes,no,none,na,,,Cameroon,"Simbock, Mbanjock ",3.75,11.583,,,,,,,,,,,,,,,within 5km,within 5km,no,point,paper/map,,,,na,na,na,,,,,,,,,,,,yes,no,no,,,,,,,,,,gambiae  ,,,genetic/molecular,,,,,,,,,,,,,,,,,,,,,,,,,,,,,,,,,,,,,,,,,,,,,,,,,,,,,,,,,,,,,,,,,,,,,,,,,,,,,,,,,,,,,,,,,,,,,,,,,,,,,,,,,,,,,,,,,,,,,,,,,,,,,,,,,,,,,,,,,,,,,,,,,,,,,,,,,,,,,,,,,,,,,,,,,,,,,,,,,,,,,,,,,,,,,,,,,,,,,,,,,,,,,,,,,,,,,,,,,,,,,,,,JO,JAO,CMK
0,1,yes,,4579,10.1111/j.1752-4571.2008.00048.x ,Marshall,"Exploring the origin and degree of genetic isolation of Anopheles gambiae from the islands of Sa ? o Tome ? and Pr? ?ncipe, potential sites for testing transgenic-based vector control ",Evolutionary Applications,2008,yes,no,none,na,,,Central African Republic,Bayanga ,2.916,16.25,,,,,,,,,,,,,,,within 5km,within 5km,no,point,paper/map,,,,na,na,na,,,,,,,,,,,,yes,no,no,,,,,,,,,,gambiae  ,,,genetic/molecular,,,,,,,,,,,,,,,,,,,,,,,,,,,,,,,,,,,,,,,,,,,,,,,,,,,,,,,,,,,,,,,,,,,,,,,,,,,,,,,,,,,,,,,,,,,,,,,,,,,,,,,,,,,,,,,,,,,,,,,,,,,,,,,,,,,,,,,,,,,,,,,,,,,,,,,,,,,,,,,,,,,,,,,,,,,,,,,,,,,,,,,,,,,,,,,,,,,,,,,,,,,,,,,,,,,,,,,,,,,,,,,,JO,JAO,CMK
0,1,yes,,4579,10.1111/j.1752-4571.2008.00048.x ,Marshall,"Exploring the origin and degree of genetic isolation of Anopheles gambiae from the islands of Sa ? o Tome ? and Pr? ?ncipe, potential sites for testing transgenic-based vector control ",Evolutionary Applications,2008,yes,no,none,na,,,DR Congo,Kinshasa ,4.316,15.283,,,,,,,,,,,,,,,within 5km,within 5km,no,point,paper/map,,,,na,na,na,,,,,,,,,,,,yes,no,no,,,,,,,,,,gambiae  ,,,genetic/molecular,,,,,,,,,,,,,,,,,,,,,,,,,,,,,,,,,,,,,,,,,,,,,,,,,,,,,,,,,,,,,,,,,,,,,,,,,,,,,,,,,,,,,,,,,,,,,,,,,,,,,,,,,,,,,,,,,,,,,,,,,,,,,,,,,,,,,,,,,,,,,,,,,,,,,,,,,,,,,,,,,,,,,,,,,,,,,,,,,,,,,,,,,,,,,,,,,,,,,,,,,,,,,,,,,,,,,,,,,,,,,,,,JO,JAO,CMK
0,1,yes,,4579,10.1111/j.1752-4571.2008.00048.x ,Marshall,"Exploring the origin and degree of genetic isolation of Anopheles gambiae from the islands of Sa ? o Tome ? and Pr? ?ncipe, potential sites for testing transgenic-based vector control ",Evolutionary Applications,2008,yes,no,none,na,,,Equatorial Guinea,Malabo ,3.75,8.766,,,,,,,,,,,,,,,within 5km,within 5km,no,point,paper/map,,,,na,na,na,,,,,,,,,,,,yes,no,no,,,,,,,,,,gambiae  ,,,genetic/molecular,,,,,,,,,,,,,,,,,,,,,,,,,,,,,,,,,,,,,,,,,,,,,,,,,,,,,,,,,,,,,,,,,,,,,,,,,,,,,,,,,,,,,,,,,,,,,,,,,,,,,,,,,,,,,,,,,,,,,,,,,,,,,,,,,,,,,,,,,,,,,,,,,,,,,,,,,,,,,,,,,,,,,,,,,,,,,,,,,,,,,,,,,,,,,,,,,,,,,,,,,,,,,,,,,,,,,,,,,,,,,,,,JO,JAO,CMK
0,1,yes,,4579,10.1111/j.1752-4571.2008.00048.x ,Marshall,"Exploring the origin and degree of genetic isolation of Anopheles gambiae from the islands of Sa ? o Tome ? and Pr? ?ncipe, potential sites for testing transgenic-based vector control ",Evolutionary Applications,2008,yes,no,none,na,,,Equatorial Guinea,Bata ,1.85,9.75,,,,,,,,,,,,,,,within 5km,within 5km,no,point,paper/map,,,,na,na,na,,,,,,,,,,,,yes,no,no,,,,,,,,,,gambiae  ,,,genetic/molecular,,,,,,,,,,,,,,,,,,,,,,,,,,,,,,,,,,,,,,,,,,,,,,,,,,,,,,,,,,,,,,,,,,,,,,,,,,,,,,,,,,,,,,,,,,,,,,,,,,,,,,,,,,,,,,,,,,,,,,,,,,,,,,,,,,,,,,,,,,,,,,,,,,,,,,,,,,,,,,,,,,,,,,,,,,,,,,,,,,,,,,,,,,,,,,,,,,,,,,,,,,,,,,,,,,,,,,,,,,,,,,,,JO,JAO,CMK
0,1,yes,,4579,10.1111/j.1752-4571.2008.00048.x ,Marshall,"Exploring the origin and degree of genetic isolation of Anopheles gambiae from the islands of Sa ? o Tome ? and Pr? ?ncipe, potential sites for testing transgenic-based vector control ",Evolutionary Applications,2008,yes,no,none,na,,,Gabon,Dienga ,1.866,12.683,,,,,,,,,,,,,,,within 5km,within 5km,no,point,paper/map,,,,na,na,na,,,,,,,,,,,,yes,no,no,,,,,,,,,,gambiae  ,,,genetic/molecular,,,,,,,,,,,,,,,,,,,,,,,,,,,,,,,,,,,,,,,,,,,,,,,,,,,,,,,,,,,,,,,,,,,,,,,,,,,,,,,,,,,,,,,,,,,,,,,,,,,,,,,,,,,,,,,,,,,,,,,,,,,,,,,,,,,,,,,,,,,,,,,,,,,,,,,,,,,,,,,,,,,,,,,,,,,,,,,,,,,,,,,,,,,,,,,,,,,,,,,,,,,,,,,,,,,,,,,,,,,,,,,,JO,JAO,CMK
0,1,yes,,4579,10.1111/j.1752-4571.2008.00048.x ,Marshall,"Exploring the origin and degree of genetic isolation of Anopheles gambiae from the islands of Sa ? o Tome ? and Pr? ?ncipe, potential sites for testing transgenic-based vector control ",Evolutionary Applications,2008,yes,no,none,na,,,Gabon,Libreville ,0.3834,9.45,,,,,,,,,,,,,,,within 5km,within 5km,no,point,paper/map,,,,na,na,na,,,,,,,,,,,,yes,no,no,,,,,,,,,,gambiae  ,,,genetic/molecular,,,,,,,,,,,,,,,,,,,,,,,,,,,,,,,,,,,,,,,,,,,,,,,,,,,,,,,,,,,,,,,,,,,,,,,,,,,,,,,,,,,,,,,,,,,,,,,,,,,,,,,,,,,,,,,,,,,,,,,,,,,,,,,,,,,,,,,,,,,,,,,,,,,,,,,,,,,,,,,,,,,,,,,,,,,,,,,,,,,,,,,,,,,,,,,,,,,,,,,,,,,,,,,,,,,,,,,,,,,,,,,,JO,JAO,CMK
0,1,yes,,4579,10.1111/j.1752-4571.2008.00048.x ,Marshall,"Exploring the origin and degree of genetic isolation of Anopheles gambiae from the islands of Sa ? o Tome ? and Pr? ?ncipe, potential sites for testing transgenic-based vector control ",Evolutionary Applications,2008,yes,no,none,na,,,Ghana,Navrongo ,10.883,-1.083,,,,,,,,,,,,,,,within 5km,within 5km,no,point,paper/map,,,,na,na,na,,,,,,,,,,,,yes,no,no,,,,,,,,,,gambiae  ,,,genetic/molecular,,,,,,,,,,,,,,,,,,,,,,,,,,,,,,,,,,,,,,,,,,,,,,,,,,,,,,,,,,,,,,,,,,,,,,,,,,,,,,,,,,,,,,,,,,,,,,,,,,,,,,,,,,,,,,,,,,,,,,,,,,,,,,,,,,,,,,,,,,,,,,,,,,,,,,,,,,,,,,,,,,,,,,,,,,,,,,,,,,,,,,,,,,,,,,,,,,,,,,,,,,,,,,,,,,,,,,,,,,,,,,,,JO,JAO,CMK
0,1,yes,,4579,10.1111/j.1752-4571.2008.00048.x ,Marshall,"Exploring the origin and degree of genetic isolation of Anopheles gambiae from the islands of Sa ? o Tome ? and Pr? ?ncipe, potential sites for testing transgenic-based vector control ",Evolutionary Applications,2008,yes,no,none,na,,,Ghana,Mampong area ,5.4,-0.616,,,,,,,,,,,,,,,within 5km,within 5km,no,point,paper/map,,,,na,na,na,,,,,,,,,,,,yes,no,no,,,,,,,,,,gambiae  ,,,genetic/molecular,,,,,,,,,,,,,,,,,,,,,,,,,,,,,,,,,,,,,,,,,,,,,,,,,,,,,,,,,,,,,,,,,,,,,,,,,,,,,,,,,,,,,,,,,,,,,,,,,,,,,,,,,,,,,,,,,,,,,,,,,,,,,,,,,,,,,,,,,,,,,,,,,,,,,,,,,,,,,,,,,,,,,,,,,,,,,,,,,,,,,,,,,,,,,,,,,,,,,,,,,,,,,,,,,,,,,,,,,,,,,,,,JO,JAO,CMK
0,1,yes,,4579,10.1111/j.1752-4571.2008.00048.x ,Marshall,"Exploring the origin and degree of genetic isolation of Anopheles gambiae from the islands of Sa ? o Tome ? and Pr? ?ncipe, potential sites for testing transgenic-based vector control ",Evolutionary Applications,2008,yes,no,none,na,,,Côte d'Ivoire,"Danta, M’be, Ziglo",7.116,-7.166,,,,,,,,,,,,,,,within 5km,within 5km,no,point,paper/map,,,,na,na,na,,,,,,,,,,,,yes,no,no,,,,,,,,,,gambiae  ,,,genetic/molecular,,,,,,,,,,,,,,,,,,,,,,,,,,,,,,,,,,,,,,,,,,,,,,,,,,,,,,,,,,,,,,,,,,,,,,,,,,,,,,,,,,,,,,,,,,,,,,,,,,,,,,,,,,,,,,,,,,,,,,,,,,,,,,,,,,,,,,,,,,,,,,,,,,,,,,,,,,,,,,,,,,,,,,,,,,,,,,,,,,,,,,,,,,,,,,,,,,,,,,,,,,,,,,,,,,,,,,,,,,,,,,,,JO,JAO,CMK
0,1,yes,,4579,10.1111/j.1752-4571.2008.00048.x ,Marshall,"Exploring the origin and degree of genetic isolation of Anopheles gambiae from the islands of Sa ? o Tome ? and Pr? ?ncipe, potential sites for testing transgenic-based vector control ",Evolutionary Applications,2008,yes,no,none,na,,,Mozambique,Furvela ,-23.716,35.3,,,,,,,,,,,,,, ,within 5km,within 5km,no,point,paper/map,,,,na,na,na,,,,,,,,,,,,yes,no,no,,,,,,,,,,gambiae  ,,,genetic/molecular,,,,,,,,,,,,,,,,,,,,,,,,,,,,,,,,,,,,,,,,,,,,,,,,,,,,,,,,,,,,,,,,,,,,,,,,,,,,,,,,,,,,,,,,,,,,,,,,,,,,,,,,,,,,,,,,,,,,,,,,,,,,,,,,,,,,,,,,,,,,,,,,,,,,,,,,,,,,,,,,,,,,,,,,,,,,,,,,,,,,,,,,,,,,,,,,,,,,,,,,,,,,,,,,,,,,,,,,,,,,,,,,JO,JAO,CMK
0,1,yes,,4579,10.1111/j.1752-4571.2008.00048.x ,Marshall,"Exploring the origin and degree of genetic isolation of Anopheles gambiae from the islands of Sa ? o Tome ? and Pr? ?ncipe, potential sites for testing transgenic-based vector control ",Evolutionary Applications,2008,yes,no,none,na,,,Nigeria,Kobape ,7.116,3.3,,,,,,,,,,,,,,,within 5km,within 5km,no,point,paper/map,,,,na,na,na,,,,,,,,,,,,yes,no,no,,,,,,,,,,gambiae  ,,,genetic/molecular,,,,,,,,,,,,,,,,,,,,,,,,,,,,,,,,,,,,,,,,,,,,,,,,,,,,,,,,,,,,,,,,,,,,,,,,,,,,,,,,,,,,,,,,,,,,,,,,,,,,,,,,,,,,,,,,,,,,,,,,,,,,,,,,,,,,,,,,,,,,,,,,,,,,,,,,,,,,,,,,,,,,,,,,,,,,,,,,,,,,,,,,,,,,,,,,,,,,,,,,,,,,,,,,,,,,,,,,,,,,,,,,JO,JAO,CMK
0,1,yes,,4579,10.1111/j.1752-4571.2008.00048.x ,Marshall,"Exploring the origin and degree of genetic isolation of Anopheles gambiae from the islands of Sa ? o Tome ? and Pr? ?ncipe, potential sites for testing transgenic-based vector control ",Evolutionary Applications,2008,yes,no,none,na,,,Nigeria,Gwamlar ,8.833,7.866,,,,,,,,,,,,,,,within 5km,within 5km,no,point,paper/map,,,,na,na,na,,,,,,,,,,,,yes,no,no,,,,,,,,,,gambiae  ,,,genetic/molecular,,,,,,,,,,,,,,,,,,,,,,,,,,,,,,,,,,,,,,,,,,,,,,,,,,,,,,,,,,,,,,,,,,,,,,,,,,,,,,,,,,,,,,,,,,,,,,,,,,,,,,,,,,,,,,,,,,,,,,,,,,,,,,,,,,,,,,,,,,,,,,,,,,,,,,,,,,,,,,,,,,,,,,,,,,,,,,,,,,,,,,,,,,,,,,,,,,,,,,,,,,,,,,,,,,,,,,,,,,,,,,,,JO,JAO,CMK
0,1,yes,,4579,10.1111/j.1752-4571.2008.00048.x ,Marshall,"Exploring the origin and degree of genetic isolation of Anopheles gambiae from the islands of Sa ? o Tome ? and Pr? ?ncipe, potential sites for testing transgenic-based vector control ",Evolutionary Applications,2008,yes,no,none,na,,,Sao Tome & Principe,Puerto Alegre ,0.033,6.533,,,,,,,,,,,,,,,within 5km,within 5km,no,point,paper/map,,,,na,na,na,,,,,,,,,,,,yes,no,no,,,,,,,,,,gambiae  ,,,genetic/molecular,,,,,,,,,,,,,,,,,,,,,,,,,,,,,,,,,,,,,,,,,,,,,,,,,,,,,,,,,,,,,,,,,,,,,,,,,,,,,,,,,,,,,,,,,,,,,,,,,,,,,,,,,,,,,,,,,,,,,,,,,,,,,,,,,,,,,,,,,,,,,,,,,,,,,,,,,,,,,,,,,,,,,,,,,,,,,,,,,,,,,,,,,,,,,,,,,,,,,,,,,,,,,,,,,,,,,,,,,,,,,,,,JO,JAO,CMK
0,1,yes,,4579,10.1111/j.1752-4571.2008.00048.x ,Marshall,"Exploring the origin and degree of genetic isolation of Anopheles gambiae from the islands of Sa ? o Tome ? and Pr? ?ncipe, potential sites for testing transgenic-based vector control ",Evolutionary Applications,2008,yes,no,none,na,,,Sao Tome & Principe,Riboque ,0.333,6.733,,,,,,,,,,,,,,,within 5km,within 5km,no,point,paper/map,,,,na,na,na,,,,,,,,,,,,yes,no,no,,,,,,,,,,gambiae  ,,,genetic/molecular,,,,,,,,,,,,,,,,,,,,,,,,,,,,,,,,,,,,,,,,,,,,,,,,,,,,,,,,,,,,,,,,,,,,,,,,,,,,,,,,,,,,,,,,,,,,,,,,,,,,,,,,,,,,,,,,,,,,,,,,,,,,,,,,,,,,,,,,,,,,,,,,,,,,,,,,,,,,,,,,,,,,,,,,,,,,,,,,,,,,,,,,,,,,,,,,,,,,,,,,,,,,,,,,,,,,,,,,,,,,,,,,JO,JAO,CMK
0,1,yes,,4579,10.1111/j.1752-4571.2008.00048.x ,Marshall,"Exploring the origin and degree of genetic isolation of Anopheles gambiae from the islands of Sa ? o Tome ? and Pr? ?ncipe, potential sites for testing transgenic-based vector control ",Evolutionary Applications,2008,yes,no,none,na,,,Sao Tome & Principe,Trabajodores ,1.65,7.416,,,,,,,,,,,,,,,within 5km,within 5km,no,point,paper/map,,,,na,na,na,,,,,,,,,,,,yes,no,no,,,,,,,,,,gambiae  ,,,genetic/molecular,,,,,,,,,,,,,,,,,,,,,,,,,,,,,,,,,,,,,,,,,,,,,,,,,,,,,,,,,,,,,,,,,,,,,,,,,,,,,,,,,,,,,,,,,,,,,,,,,,,,,,,,,,,,,,,,,,,,,,,,,,,,,,,,,,,,,,,,,,,,,,,,,,,,,,,,,,,,,,,,,,,,,,,,,,,,,,,,,,,,,,,,,,,,,,,,,,,,,,,,,,,,,,,,,,,,,,,,,,,,,,,,JO,JAO,CMK
0,1,yes,,4579,10.1111/j.1752-4571.2008.00048.x ,Marshall,"Exploring the origin and degree of genetic isolation of Anopheles gambiae from the islands of Sa ? o Tome ? and Pr? ?ncipe, potential sites for testing transgenic-based vector control ",Evolutionary Applications,2008,yes,no,none,na,,,Kenya,"Asembo, Kisian, Muhroni, ",-0.183,34.9,,,,,,,,,,,,,,,within 5km,within 5km,no,point,paper/map,,,,na,na,na,,,,,,,,,,,,yes,no,no,,,,,,,,,,gambiae  ,,,genetic/molecular,,,,,,,,,,,,,,,,,,,,,,,,,,,,,,,,,,,,,,,,,,,,,,,,,,,,,,,,,,,,,,,,,,,,,,,,,,,,,,,,,,,,,,,,,,,,,,,,,,,,,,,,,,,,,,,,,,,,,,,,,,,,,,,,,,,,,,,,,,,,,,,,,,,,,,,,,,,,,,,,,,,,,,,,,,,,,,,,,,,,,,,,,,,,,,,,,,,,,,,,,,,,,,,,,,,,,,,,,,,,,,,,JO,JAO,CMK
0,1,yes,,4579,10.1111/j.1752-4571.2008.00048.x ,Marshall,"Exploring the origin and degree of genetic isolation of Anopheles gambiae from the islands of Sa ? o Tome ? and Pr? ?ncipe, potential sites for testing transgenic-based vector control ",Evolutionary Applications,2008,yes,no,none,na,,,Kenya,"Nyakoch, Wathrego Jego",-3.216,40.116,,,,,,,,,,,,,,,within 5km,within 5km,no,point,paper/map,,,,na,na,na,,,,,,,,,,,,yes,no,no,,,,,,,,,,gambiae  ,,,genetic/molecular,,,,,,,,,,,,,,,,,,,,,,,,,,,,,,,,,,,,,,,,,,,,,,,,,,,,,,,,,,,,,,,,,,,,,,,,,,,,,,,,,,,,,,,,,,,,,,,,,,,,,,,,,,,,,,,,,,,,,,,,,,,,,,,,,,,,,,,,,,,,,,,,,,,,,,,,,,,,,,,,,,,,,,,,,,,,,,,,,,,,,,,,,,,,,,,,,,,,,,,,,,,,,,,,,,,,,,,,,,,,,,,,JO,JAO,CMK
0,1,yes,,4579,10.1111/j.1752-4571.2008.00048.x ,Marshall,"Exploring the origin and degree of genetic isolation of Anopheles gambiae from the islands of Sa ? o Tome ? and Pr? ?ncipe, potential sites for testing transgenic-based vector control ",Evolutionary Applications,2008,yes,no,none,na,,,Malawi,"Mkali, Mangochi ",-14.466,35,,,,,,,,,,,,,,,within 5km,within 5km,no,point,paper/map,,,,na,na,na,,,,,,,,,,,,yes,no,no,,,,,,,,,,gambiae  ,,,genetic/molecular,,,,,,,,,,,,,,,,,,,,,,,,,,,,,,,,,,,,,,,,,,,,,,,,,,,,,,,,,,,,,,,,,,,,,,,,,,,,,,,,,,,,,,,,,,,,,,,,,,,,,,,,,,,,,,,,,,,,,,,,,,,,,,,,,,,,,,,,,,,,,,,,,,,,,,,,,,,,,,,,,,,,,,,,,,,,,,,,,,,,,,,,,,,,,,,,,,,,,,,,,,,,,,,,,,,,,,,,,,,,,,,,JO,JAO,CMK
0,1,yes,,4579,10.1111/j.1752-4571.2008.00048.x ,Marshall,"Exploring the origin and degree of genetic isolation of Anopheles gambiae from the islands of Sa ? o Tome ? and Pr? ?ncipe, potential sites for testing transgenic-based vector control ",Evolutionary Applications,2008,yes,no,none,na,,,Malawi,"Thyolo, Seseo ",-16.066,35.133,,,,,,,,,,,,,,,within 5km,within 5km,no,point,paper/map,,,,na,na,na,,,,,,,,,,,,yes,no,no,,,,,,,,,,gambiae  ,,,genetic/molecular,,,,,,,,,,,,,,,,,,,,,,,,,,,,,,,,,,,,,,,,,,,,,,,,,,,,,,,,,,,,,,,,,,,,,,,,,,,,,,,,,,,,,,,,,,,,,,,,,,,,,,,,,,,,,,,,,,,,,,,,,,,,,,,,,,,,,,,,,,,,,,,,,,,,,,,,,,,,,,,,,,,,,,,,,,,,,,,,,,,,,,,,,,,,,,,,,,,,,,,,,,,,,,,,,,,,,,,,,,,,,,,,JO,JAO,CMK
0,1,yes,,4579,10.1111/j.1752-4571.2008.00048.x ,Marshall,"Exploring the origin and degree of genetic isolation of Anopheles gambiae from the islands of Sa ? o Tome ? and Pr? ?ncipe, potential sites for testing transgenic-based vector control ",Evolutionary Applications,2008,yes,no,none,na,,,Senegal,Barkedji ,15.166,-14.866,,,,,,,,,,,,,,,within 5km,within 5km,no,point,paper/map,,,,na,na,na,,,,,,,,,,,,yes,no,no,,,,,,,,,,gambiae  ,,,genetic/molecular,,,,,,,,,,,,,,,,,,,,,,,,,,,,,,,,,,,,,,,,,,,,,,,,,,,,,,,,,,,,,,,,,,,,,,,,,,,,,,,,,,,,,,,,,,,,,,,,,,,,,,,,,,,,,,,,,,,,,,,,,,,,,,,,,,,,,,,,,,,,,,,,,,,,,,,,,,,,,,,,,,,,,,,,,,,,,,,,,,,,,,,,,,,,,,,,,,,,,,,,,,,,,,,,,,,,,,,,,,,,,,,,JO,JAO,CMK
0,1,yes,,4579,10.1111/j.1752-4571.2008.00048.x ,Marshall,"Exploring the origin and degree of genetic isolation of Anopheles gambiae from the islands of Sa ? o Tome ? and Pr? ?ncipe, potential sites for testing transgenic-based vector control ",Evolutionary Applications,2008,yes,no,none,na,,,Senegal,"Dielmo, Ndiop ",13.716,-16.416,,,,,,,,,,,,,,,within 5km,within 5km,no,point,paper/map,,,,na,na,na,,,,,,,,,,,,yes,no,no,,,,,,,,,,gambiae  ,,,genetic/molecular,,,,,,,,,,,,,,,,,,,,,,,,,,,,,,,,,,,,,,,,,,,,,,,,,,,,,,,,,,,,,,,,,,,,,,,,,,,,,,,,,,,,,,,,,,,,,,,,,,,,,,,,,,,,,,,,,,,,,,,,,,,,,,,,,,,,,,,,,,,,,,,,,,,,,,,,,,,,,,,,,,,,,,,,,,,,,,,,,,,,,,,,,,,,,,,,,,,,,,,,,,,,,,,,,,,,,,,,,,,,,,,,JO,JAO,CMK
0,1,yes,,4579,10.1111/j.1752-4571.2008.00048.x ,Marshall,"Exploring the origin and degree of genetic isolation of Anopheles gambiae from the islands of Sa ? o Tome ? and Pr? ?ncipe, potential sites for testing transgenic-based vector control ",Evolutionary Applications,2008,yes,no,none,na,,,Senegal,Ndialakar ,16.133,-16.45,,,,,,,,,,,,,,,within 5km,within 5km,no,point,paper/map,,,,na,na,na,,,,,,,,,,,,yes,no,no,,,,,,,,,,gambiae  ,,,genetic/molecular,,,,,,,,,,,,,,,,,,,,,,,,,,,,,,,,,,,,,,,,,,,,,,,,,,,,,,,,,,,,,,,,,,,,,,,,,,,,,,,,,,,,,,,,,,,,,,,,,,,,,,,,,,,,,,,,,,,,,,,,,,,,,,,,,,,,,,,,,,,,,,,,,,,,,,,,,,,,,,,,,,,,,,,,,,,,,,,,,,,,,,,,,,,,,,,,,,,,,,,,,,,,,,,,,,,,,,,,,,,,,,,,JO,JAO,CMK
0,1,yes,,4579,10.1111/j.1752-4571.2008.00048.x ,Marshall,"Exploring the origin and degree of genetic isolation of Anopheles gambiae from the islands of Sa ? o Tome ? and Pr? ?ncipe, potential sites for testing transgenic-based vector control ",Evolutionary Applications,2008,yes,no,none,na,,,Tanzania,Kyela ,-9.566,33.85,,,,,,,,,,,,,,,within 5km,within 5km,no,point,paper/map,,,,na,na,na,,,,,,,,,,,,yes,no,no,,,,,,,,,,gambiae  ,,,genetic/molecular,,,,,,,,,,,,,,,,,,,,,,,,,,,,,,,,,,,,,,,,,,,,,,,,,,,,,,,,,,,,,,,,,,,,,,,,,,,,,,,,,,,,,,,,,,,,,,,,,,,,,,,,,,,,,,,,,,,,,,,,,,,,,,,,,,,,,,,,,,,,,,,,,,,,,,,,,,,,,,,,,,,,,,,,,,,,,,,,,,,,,,,,,,,,,,,,,,,,,,,,,,,,,,,,,,,,,,,,,,,,,,,,JO,JAO,CMK
0,1,yes,,4579,10.1111/j.1752-4571.2008.00048.x ,Marshall,"Exploring the origin and degree of genetic isolation of Anopheles gambiae from the islands of Sa ? o Tome ? and Pr? ?ncipe, potential sites for testing transgenic-based vector control ",Evolutionary Applications,2008,yes,no,none,na,,,Tanzania,Nyakariro ,-3.666,33.433,,,,,,,,,,,,,,,within 5km,within 5km,no,point,paper/map,,,,na,na,na,,,,,,,,,,,,yes,no,no,,,,,,,,,,gambiae  ,,,genetic/molecular,,,,,,,,,,,,,,,,,,,,,,,,,,,,,,,,,,,,,,,,,,,,,,,,,,,,,,,,,,,,,,,,,,,,,,,,,,,,,,,,,,,,,,,,,,,,,,,,,,,,,,,,,,,,,,,,,,,,,,,,,,,,,,,,,,,,,,,,,,,,,,,,,,,,,,,,,,,,,,,,,,,,,,,,,,,,,,,,,,,,,,,,,,,,,,,,,,,,,,,,,,,,,,,,,,,,,,,,,,,,,,,,JO,JAO,CMK
0,1,yes,,4579,10.1111/j.1752-4571.2008.00048.x ,Marshall,"Exploring the origin and degree of genetic isolation of Anopheles gambiae from the islands of Sa ? o Tome ? and Pr? ?ncipe, potential sites for testing transgenic-based vector control ",Evolutionary Applications,2008,yes,no,none,na,,,Gambia,"Kaur, Basse ?, Farafenni ",13.466,-15.833,,,,,,,,,,,,,,,within 5km,within 5km,no,point,paper/map,,,,na,na,na,,,,,,,,,,,,yes,no,no,,,,,,,,,,gambiae  ,,,genetic/molecular,,,,,,,,,,,,,,,,,,,,,,,,,,,,,,,,,,,,,,,,,,,,,,,,,,,,,,,,,,,,,,,,,,,,,,,,,,,,,,,,,,,,,,,,,,,,,,,,,,,,,,,,,,,,,,,,,,,,,,,,,,,,,,,,,,,,,,,,,,,,,,,,,,,,,,,,,,,,,,,,,,,,,,,,,,,,,,,,,,,,,,,,,,,,,,,,,,,,,,,,,,,,,,,,,,,,,,,,,,,,,,,,JO,JAO,CMK
0,1,yes,,4579,10.1111/j.1752-4571.2008.00048.x ,Marshall,"Exploring the origin and degree of genetic isolation of Anopheles gambiae from the islands of Sa ? o Tome ? and Pr? ?ncipe, potential sites for testing transgenic-based vector control ",Evolutionary Applications,2008,yes,no,none,na,,,,"Sombili,Timbi Madina ",0.4,-12.266,,,,,,,,,,,,,,,within 5km,within 5km,no,point,paper/map,,,,na,na,na,,,,,,,,,,,,yes,no,no,,,,,,,,,,gambiae  ,,,genetic/molecular,,,,,,,,,,,,,,,,,,,,,,,,,,,,,,,,,,,,,,,,,,,,,,,,,,,,,,,,,,,,,,,,,,,,,,,,,,,,,,,,,,,,,,,,,,,,,,,,,,,,,,,,,,,,,,,,,,,,,,,,,,,,,,,,,,,,,,,,,,,,,,,,,,,,,,,,,,,,,,,,,,,,,,,,,,,,,,,,,,,,,,,,,,,,,,,,,,,,,,,,,,,,,,,,,,,,,,,,,,,,,,,,JO,JAO,CMK
0,1,yes,,4579,10.1111/j.1752-4571.2008.00048.x ,Marshall,"Exploring the origin and degree of genetic isolation of Anopheles gambiae from the islands of Sa ? o Tome ? and Pr? ?ncipe, potential sites for testing transgenic-based vector control ",Evolutionary Applications,2008,yes,no,none,na,,,Mali,"Banambani, Moribabougou ",12.783,-8.033,,,,,,,,,,,,,,,within 5km,within 5km,no,point,paper/map,,,,na,na,na,,,,,,,,,,,,yes,no,no,,,,,,,,,,gambiae  ,,,genetic/molecular,,,,,,,,,,,,,,,,,,,,,,,,,,,,,,,,,,,,,,,,,,,,,,,,,,,,,,,,,,,,,,,,,,,,,,,,,,,,,,,,,,,,,,,,,,,,,,,,,,,,,,,,,,,,,,,,,,,,,,,,,,,,,,,,,,,,,,,,,,,,,,,,,,,,,,,,,,,,,,,,,,,,,,,,,,,,,,,,,,,,,,,,,,,,,,,,,,,,,,,,,,,,,,,,,,,,,,,,,,,,,,,,JO,JAO,CMK
0,1,yes,,4579,10.1111/j.1752-4571.2008.00048.x ,Marshall,"Exploring the origin and degree of genetic isolation of Anopheles gambiae from the islands of Sa ? o Tome ? and Pr? ?ncipe, potential sites for testing transgenic-based vector control ",Evolutionary Applications,2008,yes,no,none,na,,,Mali,Pimperena ,11.466,-5.7,,,,,,,,,,,,,,,within 5km,within 5km,no,point,paper/map,,,,na,na,na,,,,,,,,,,,,yes,no,no,,,,,,,,,,gambiae  ,,,genetic/molecular,,,,,,,,,,,,,,,,,,,,,,,,,,,,,,,,,,,,,,,,,,,,,,,,,,,,,,,,,,,,,,,,,,,,,,,,,,,,,,,,,,,,,,,,,,,,,,,,,,,,,,,,,,,,,,,,,,,,,,,,,,,,,,,,,,,,,,,,,,,,,,,,,,,,,,,,,,,,,,,,,,,,,,,,,,,,,,,,,,,,,,,,,,,,,,,,,,,,,,,,,,,,,,,,,,,,,,,,,,,,,,,,JO,JAO,CMK
0,1,yes,,4579,10.1111/j.1752-4571.2008.00048.x ,Marshall,"Exploring the origin and degree of genetic isolation of Anopheles gambiae from the islands of Sa ? o Tome ? and Pr? ?ncipe, potential sites for testing transgenic-based vector control ",Evolutionary Applications,2008,yes,no,none,na,,,Burkina Faso,Goundry ,12.5,-1.333,,,,,,,,,,,,,,,within 5km,within 5km,no,point,paper/map,,,,na,na,na,,,,,,,,,,,,yes,no,no,,,,,,,,,,gambiae  ,,,genetic/molecular,,,,,,,,,,,,,,,,,,,,,,,,,,,,,,,,,,,,,,,,,,,,,,,,,,,,,,,,,,,,,,,,,,,,,,,,,,,,,,,,,,,,,,,,,,,,,,,,,,,,,,,,,,,,,,,,,,,,,,,,,,,,,,,,,,,,,,,,,,,,,,,,,,,,,,,,,,,,,,,,,,,,,,,,,,,,,,,,,,,,,,,,,,,,,,,,,,,,,,,,,,,,,,,,,,,,,,,,,,,,,,,,JO,JAO,CMK
0,1,yes,,4579,10.1111/j.1752-4571.2008.00048.x ,Marshall,"Exploring the origin and degree of genetic isolation of Anopheles gambiae from the islands of Sa ? o Tome ? and Pr? ?ncipe, potential sites for testing transgenic-based vector control ",Evolutionary Applications,2008,yes,no,none,na,,,Madagascar,Beforona ,-18.966,46.566,,,,,,,,,,,,,,,within 5km,within 5km,no,point,paper/map,,,,na,,,,,,,,,,,,,,yes,no,no,,,,,,,,,,gambiae  ,,,genetic/molecular,,,,,,,,,,,,,,,,,,,,,,,,,,,,,,,,,,,,,,,,,,,,,,,,,,,,,,,,,,,,,,,,,,,,,,,,,,,,,,,,,,,,,,,,,,,,,,,,,,,,,,,,,,,,,,,,,,,,,,,,,,,,,,,,,,,,,,,,,,,,,,,,,,,,,,,,,,,,,,,,,,,,,,,,,,,,,,,,,,,,,,,,,,,,,,,,,,,,,,,,,,,,,,,,,,,,,,,,,,,,,,,,JO,JAO,CMK
0,1,yes,"(paper only states that morphological identification took place, so doubt must be cast on their identification as An. arabiensis, cf. An. gambiae s.l. (EH))",4580,,Muturi,"Environmental factors associated with the distribution of Anopheles arabiensis and Culex quinquefasciatus in a rice agro-ecosystem in Mwea, Kenya",Journal of Vector Ecology ,2008,yes,yes,none,Random,,,Kenya,Kangichiri ,-0.655,37.306,,,,,,,,,,,,,,,,no,no,point,combination,Not Specified,Not Specified,"Not Listed- Mwea rice irrigation scheme is located is located 100 km northeast of nairobi in riverine plain southeast of Mount Kenya. Study village is located within the Scheme.  Coords could not be found using all georef sources.  (pdf 2664 has a map showing Kangichiri being just over 1600m north west of Kiuria. Kiuria found in encarta at -0.667, 37.317, and point 1.68km north west is -0.655, 37.306 (EH))",n.a.,na,na,,Larvae,,,,,,,,,,yes,no,no,5,6,2006,2006,,,950mm/year,"The study area has two annual rainfall seasons, the long rains in April/May and the short rains in October/November. The average annual rainfall, temperature, and relative humidity is 950 mm (range: 356-1,626 mm), 21.3°C (range: 16.0-26.5° C), and 59.5% (range: 52-67%), respectively.",,arabiensis,n.a.,,morph,,metal,mud,,,,,Farmer (business),Farmer (subsistence),,,,,,,,,,,,,,,cattle,goats,chickens,other,Donkeys are also part of primary domestic animals kept in the village,,,,,,,,,,,,,,,,,,,,,,,,,,,,,,,,,,,,,,,,,,,,,,,,,,,,,,,,,,,,,,,,,,,,,,,,,,,,,,,,,,,,,,,,,,,,,,,,,,,,,,,,,,,,,,,,,,,,,,,,,,,,,,,,,,,,,,,,,,,,,,,,,,,,,,,,,,,,,,,,Swamps/Marsh,artificial,,,,,,,,,,,Irrigation/drainage canal,,,,,,,,,,,,rice field,,,,,,,,,,,A small excavation filled with water was defined as a pool and a low-lying wet land with grassy vegetation was defined as a marsh. An irrigated or flooded field where rice is grown was classified as a paddy and the long and narrow strip of water made for paddy irrigation was defined as a canal ,JO,JAO,CMK
1,0,yes,,4580,,Muturi,"Environmental factors associated with the distribution of Anopheles arabiensis and Culex quinquefasciatus in a rice agro-ecosystem in Mwea, Kenya",Journal of Vector Ecology ,2008,no,yes,none,Random,no,,Kenya,Kangichiri ,-0.655,37.306,,,,,,,,,,,,,,,,no,no,point,combination,Not Specified,Not Specified,"Not Listed- Mwea rice irrigation scheme is located is located 100 km northeast of nairobi in riverine plain southeast of Mount Kenya. Study village is located within the Scheme.  Coords could not be found using all georef sources.  (pdf 2664 has a map showing Kangichiri being just over 1600m north west of Kiuria. Kiuria found in encarta at -0.667, 37.317, and point 1.68km north west is -0.655, 37.306 (EH))",n.a.,na,na,,,,,,,,,,,,yes,no,no,5,6,2006,2006,,,950mm/year,"The study area has two annual rainfall seasons, the long rains in April/May and the short rains in October/November. The average annual rainfall, temperature, and relative humidity is 950 mm (range: 356-1,626 mm), 21.3°C (range: 16.0-26.5° C), and 59.5% (range: 52-67%), respectively.",arabiensis,,,,morph,,metal,mud,,,,,Farmer (business),Farmer (subsistence),,,,,,,,,,,,,,,cattle,goats,chickens,other,Donkeys are also part of primary domestic animals kept in the village,,,,,,,,,,,,,,,,,,,,,,,,,,,,,,,,,,,,,,,,,,,,,,,,,,,,,,,,,,,,,,,,,,,,,,,,,,,,,,,,,,,,,,,,,,,,,,,,,,,,,,,,,,,,,,,,,,,,,,,,,,,,,,,,,,,,,,,,,,,,,,,,,,,,,,,,,,,,,,,,,,,,,,,,,,,,,,,,,,,,,,,,,,,,,,,,,,,A small excavation filled with water was defined as a pool and a low-lying wet land with grassy vegetation was defined as a marsh. An irrigated or flooded field where rice is grown was classified as a paddy and the long and narrow strip of water made for paddy irrigation was defined as a canal ,JO,JAO,CMK
0,1,yes,"(paper states that IRS is used in the area (although not with DDT). Also states that ITNs are the mainstay of malaria control in Malawi, but does not state that they are used in this area. Thom is the only larval site for which the presence of An. arabiensis and An. quadriannulatus is stated, but the paper does not state what (apart from An. gambiae s.l.) is present in Nkhwazi and Illovo, so have also used a polygon for the whole larval sampling area, and put An. arabiensis and An. quadriannulatus there as well (EH))",4581,,Mzilahowa,Reduced susceptibility to DDT in field populations of Anopheles quadriannulatus and Anopheles arabiensis in Malawi: evidence for larval selection ,Medical and Veterinary Entomology ,2008,yes,yes,both,na,,,Malawi,Thom,-16.2469,34.8592,,,,,,,,,,,,,,,,no,no,point,paper,Not Specified,Not Specified,"(Larval collections took place in the lower Shire Valley, Malawi at location close to the Illovo sugar (Malawi) ltd cane plantation at Nchalo. Thom site was a roadside ephemeral waterbody close to Thom village, outside but directly adjacent to the Nchalo plantation. Nchalo found in encarta at -16.266, 34.916, approx 6km in encarta from coords for Thom given in paper. This seems reasonable, based on description, and as am unable to locate Thom anywhere else have used paper coords (EH))",yes,IRS,,,Larvae,283,,,,,,,,,yes,no,no,,,,,,,,,,GAMBIAE COMPLEX,arabiensis,,genetic/molecular,,,,,,,,,,,,,,,,,,,,,,other,Malawi at locations close to the Illovo Sugar (Malawi) Ltd cane plantation ,,,,,,,,,,,,,,,,,,,,,,,,,,,,,,,,,,,,,,,,,,,,,,,,,,,,,,,,,,,,,,,,,,,,,,,,,,,,,,,,,,,,,,,,,,,,,,,,,,,,,,,,,,,,,,,,,,,,,,,,,,,,,,,,,,,,,,,,,,,,,,,,,,,,,,,,,,,,,,,,,,,,,,,,,,,,,,,,,,,,,,,,,,,,,,,,,,,,,,,,"Three sites were sampled: a roadside ephemeral water body close to Thom village, outside but directly adjacent to the Nchalo plantation, ; a large pool close to the village of Nkhwazi , and a site, Illovo, within the Nchalo plantation.",JO,JAO,CMK
0,1,yes,,4581,,Mzilahowa,Reduced susceptibility to DDT in field populations of Anopheles quadriannulatus and Anopheles arabiensis in Malawi: evidence for larval selection ,Medical and Veterinary Entomology ,2008,yes,yes,both,na,,,Malawi,Thom,-16.2469,34.8592,,,,,,,,,,,,,,,,no,no,point,paper,Not Specified,Not Specified,,yes,IRS,,,Larvae,529,,,,,,,,,yes,no,no,,,,,,,,,,GAMBIAE COMPLEX,quadriannulatus,,genetic/molecular,,,,,,,,,,,,,,,,,,,,,,other,Malawi at locations close to the Illovo Sugar (Malawi) Ltd cane plantation ,,,,,,,,,,,,,,,,,,,,,,,,,,,,,,,,,,,,,,,,,,,,,,,,,,,,,,,,,,,,,,,,,,,,,,,,,,,,,,,,,,,,,,,,,,,,,,,,,,,,,,,,,,,,,,,,,,,,,,,,,,,,,,,,,,,,,,,,,,,,,,,,,,,,,,,,,,,,,,,,,,,,,,,,,,,,,,,,,,,,,,,,,,,,,,,,,,,,,,,,"Three sites were sampled: a roadside ephemeral water body close to Thom village, outside but directly adjacent to the Nchalo plantation, ; a large pool close to the village of Nkhwazi , and a site, Illovo, within the Nchalo plantation.",JO,JAO,CMK
0,1,yes,,4581,,Mzilahowa,Reduced susceptibility to DDT in field populations of Anopheles quadriannulatus and Anopheles arabiensis in Malawi: evidence for larval selection ,Medical and Veterinary Entomology ,2008,yes,yes,both,na,,,Malawi,Nkhwazi,-16.2928,34.9111,,,,,,,,,,,,,,,,no,no,point,paper,Not Specified,Not Specified,"(sampling took place in a small pool close to the village of Nkhwazi, but no further site info apart from coords is given. Paper coords come out approx 3km SSW of Nchale in encarta, and are used since no other sources of location data could be found (EH)) ",yes,IRS,,,Larvae,,,,,,,,,,yes,no,no,,,,,,,,,,GAMBIAE COMPLEX,n.a.,,genetic/molecular,,,,,,,,,,,,,,,,,,,,,,other,Malawi at locations close to the Illovo Sugar (Malawi) Ltd cane plantation ,,,,,,,,,,,,,,,,,,,,,,,,,,,,,,,,,,,,,,,,,,,,,,,,,,,,,,,,,,,,,,,,,,,,,,,,,,,,,,,,,,,,,,,,,,,,,,,,,,,,,,,,,,,,,,,,,,,,,,,,,,,,,,,,,,,,,,,,,,,,,,,,,,,,,,,,,,,,,,,,,,,,,,,,,,,,,,,,,,,,,,,,,,,,,,,,,,,,,,,,"Three sites were sampled: a roadside ephemeral water body close to Thom village, outside but directly adjacent to the Nchalo plantation, ; a large pool close to the village of Nkhwazi , and a site, Illovo, within the Nchalo plantation.",JO,JAO,CMK
0,1,yes,,4581,,Mzilahowa,Reduced susceptibility to DDT in field populations of Anopheles quadriannulatus and Anopheles arabiensis in Malawi: evidence for larval selection ,Medical and Veterinary Entomology ,2008,yes,yes,both,na,,,Malawi,Illovo,-16.2467,34.9111,,,,,,,,,,,,,,,,no,no,point,paper,Not Specified,Not Specified,"(Illovo is within the Nchale plantation, and the coords in paper come out around 2km NNW of Nchale in encarta. No other sources of location data could be found for Illovo (EH))",yes,IRS,,,Larvae,,,,,,,,,,yes,no,no,,,,,,,,,,GAMBIAE COMPLEX,n.a.,,genetic/molecular,,,,,,,,,,,,,,,,,,,,,,other,Malawi at locations close to the Illovo Sugar (Malawi) Ltd cane plantation ,,,,,,,,,,,,,,,,,,,,,,,,,,,,,,,,,,,,,,,,,,,,,,,,,,,,,,,,,,,,,,,,,,,,,,,,,,,,,,,,,,,,,,,,,,,,,,,,,,,,,,,,,,,,,,,,,,,,,,,,,,,,,,,,,,,,,,,,,,,,,,,,,,,,,,,,,,,,,,,,,,,,,,,,,,,,,,,,,,,,,,,,,,,,,,,,,,,,,,,,"Three sites were sampled: a roadside ephemeral water body close to Thom village, outside but directly adjacent to the Nchalo plantation, ; a large pool close to the village of Nkhwazi , and a site, Illovo, within the Nchalo plantation.",JO,JAO,CMK
0,1,yes,"(Thom is the only larval site for which the presence of An. arabiensis and An. quadriannulatus is stated, but the paper does not state what (apart from An. gambiae s.l.) is present in Nkhwazi and Illovo, so have also used a polygon for the whole larval sampling area, and put An. arabiensis and An. quadriannulatus there as well (EH))",4581,,Mzilahowa,Reduced susceptibility to DDT in field populations of Anopheles quadriannulatus and Anopheles arabiensis in Malawi: evidence for larval selection ,Medical and Veterinary Entomology ,2008,yes,yes,both,na,,,Malawi,"lower Shire Valley sampling sites (Thom, Nkhwazi, Illovo)",-16.2469,34.8592,-16.2467,34.9111,,,,,,,,,,,,,,no,no,wide area,paper,Not Specified,Not Specified,"(larval sampling area is comprised of three sites; Thom, Nkhwazi and Illovo. Area is 5km by 5km (25km squ) so area type is wide area (EH))",yes,IRS,,,Larvae,,,,,,,,,,yes,no,no,,,,,,,,,,GAMBIAE COMPLEX,arabiensis,,genetic/molecular,,,,,,,,,,,,,,,,,,,,,,other,Malawi at locations close to the Illovo Sugar (Malawi) Ltd cane plantation ,,,,,,,,,,,,,,,,,,,,,,,,,,,,,,,,,,,,,,,,,,,,,,,,,,,,,,,,,,,,,,,,,,,,,,,,,,,,,,,,,,,,,,,,,,,,,,,,,,,,,,,,,,,,,,,,,,,,,,,,,,,,,,,,,,,,,,,,,,,,,,,,,,,,,,,,,,,,,,,,,,,,,,,,,,,,,,,,,,,,,,,,,,,,,,,,,,,,,,,,"Three sites were sampled: a roadside ephemeral water body close to Thom village, outside but directly adjacent to the Nchalo plantation, ; a large pool close to the village of Nkhwazi , and a site, Illovo, within the Nchalo plantation.",JO,JAO,CMK
0,1,yes,(Sampling in Masukambiya was of indoor resting mosquitoes (EH)),4581,,Mzilahowa,Reduced susceptibility to DDT in field populations of Anopheles quadriannulatus and Anopheles arabiensis in Malawi: evidence for larval selection ,Medical and Veterinary Entomology ,2008,yes,yes,both,na,,,Malawi,"lower Shire Valley sampling sites (Thom, Nkhwazi, Illovo)",-16.2469,34.8592,,,,,,,,,,,,,,,,no,no,wide area,paper,Not Specified,Not Specified,,yes,IRS,,,Larvae,,,,,,,,,,yes,no,no,,,,,,,,,,GAMBIAE COMPLEX,quadriannulatus,,genetic/molecular,,,,,,,,,,,,,,,,,,,,,,other,Malawi at locations close to the Illovo Sugar (Malawi) Ltd cane plantation ,,,,,,,,,,,,,,,,,,,,,,,,,,,,,,,,,,,,,,,,,,,,,,,,,,,,,,,,,,,,,,,,,,,,,,,,,,,,,,,,,,,,,,,,,,,,,,,,,,,,,,,,,,,,,,,,,,,,,,,,,,,,,,,,,,,,,,,,,,,,,,,,,,,,,,,,,,,,,,,,,,,,,,,,,,,,,,,,,,,,,,,,,,,,,,,,,,,,,,,,"Three sites were sampled: a roadside ephemeral water body close to Thom village, outside but directly adjacent to the Nchalo plantation, ; a large pool close to the village of Nkhwazi , and a site, Illovo, within the Nchalo plantation.",JO,JAO,CMK
0,1,yes,,4581,,Mzilahowa,Reduced susceptibility to DDT in field populations of Anopheles quadriannulatus and Anopheles arabiensis in Malawi: evidence for larval selection ,Medical and Veterinary Entomology ,2008,yes,yes,both,na,,,Malawi,Masukambiya,-16.2903,34.8886,,,,,,,,,,,,,,,,no,no,point,paper,Not Specified,Not Specified,"(no location information other than coords is given in paper, and am unable to find site anywhere else, so have used paper coords (EH))",yes,IRS,,,HRI ,79,,,,,,,,,yes,no,no,,,,,,,,,,GAMBIAE COMPLEX,arabiensis,,genetic/molecular,,,,,,,,,,,,,,,,,,,,,,,,,,,,,,,,,,,,,,,,,,,,,,,,,,,,,,,,,,,,,,,,,,,,,,,,,,,,,,,,,,,,,,,,,,,,,,,,,,,,,,,,,,,,,,,,,,,,,,,,,,,,,,,,,,,,,,,,,,,,,,,,,,,,,,,,,,,,,,,,,,,,,,,,,,,,,,,,,,,,,,,,,,,,,,,,,,,,,,,,,,,,,,,,,,,,,,,,,,,,,,,"Three sites were sampled: a roadside ephemeral water body close to Thom village, outside but directly adjacent to the Nchalo plantation, ; a large pool close to the village of Nkhwazi , and a site, Illovo, within the Nchalo plantation.",JO,JAO,CMK
0,1,yes,,4581,,Mzilahowa,Reduced susceptibility to DDT in field populations of Anopheles quadriannulatus and Anopheles arabiensis in Malawi: evidence for larval selection ,Medical and Veterinary Entomology ,2008,yes,yes,both,na,,,Malawi,Masukambiya,-16.2903,34.8886,,,,,,,,,,,,,,,,no,no,point,paper,Not Specified,Not Specified,,yes,IRS,,,HRI ,1,,,,,,,,,yes,no,no,,,,,,,,,,GAMBIAE COMPLEX,quadriannulatus,,genetic/molecular,,,,,,,,,,,,,,,,,,,,,,,,,,,,,,,,,,,,,,,,,,,,,,,,,,,,,,,,,,,,,,,,,,,,,,,,,,,,,,,,,,,,,,,,,,,,,,,,,,,,,,,,,,,,,,,,,,,,,,,,,,,,,,,,,,,,,,,,,,,,,,,,,,,,,,,,,,,,,,,,,,,,,,,,,,,,,,,,,,,,,,,,,,,,,,,,,,,,,,,,,,,,,,,,,,,,,,,,,,,,,,,"Three sites were sampled: a roadside ephemeral water body close to Thom village, outside but directly adjacent to the Nchalo plantation, ; a large pool close to the village of Nkhwazi , and a site, Illovo, within the Nchalo plantation.",JO,JAO,CMK
0,1,yes,"(experiment looked at the effect of larvicide on anophelene and culicine larvae, but numbers of larvae sampled from ls and control ponds not given (EH))",4582,,Bashir,"EFFICACY OF AGNIQUE® (MMF) MONOMOLECULAR SURFACE FILM AGAINST IMMATURE STAGES OF ANOPHELES ARABIENSIS PATTON AND CULEX SPP (DIPTERA: CULICIDAE) IN KHARTOUM, SUDAN",SOUTHEAST ASIAN J TROP MED PUBLIC HEALTH ,2008,yes,yes,none,,,,Sudan,Bahary,15.659,32.542,,,,,,,,,,,,,,,within 5km,no,no,point,googlemaps,Khartoum State,Not Specified,"Not Listed- site is located in the middle of sudan, at the junction of the White Nile & Blue Nile rivers. (am unable to find a location for Bahary. Google earth has a position for Alhalfaia Bahary, about 10km north of the centre of Khartoum (15.706, 32.543 in encarta), and source found which describes Bahary as one of the three towns comprising the city of Khartoum, the others being Omdurman and Khartoum (Habbani et al., 2006). Omdurman and Khartoum found in city in encarta, but the third town is called North Khartoum (15.637, 32.53 in encarta). Furthermore, map in paper (at small scale) puts coords at about 16.226, 33.846, where there appear to be very few settlements whatsoever. Therefore have been unable to find a location, and have left blank (EH))",yes,na,,,Larvae,,,,,,,,,,yes,no,no,11,1,2006,2007,,,150mm/year,"The state is a semi-desert area with 3 seasons; dry season, usually starts in March and ends in June with a mean temperature of 38ºC and a maximum peak of 45ºC in.The rainy season extends from July to October, with a mean annual rainfall of 150 mm, and a maximum peak of 200 mm in August, the temperature range is 28º-35ºC, with a relative humidity of 40-60%. The winter season starts in November and ends in February with average maximum and minimum temperatures of 25ºC
and 16ºC, respectively, and a relative humidity of 30-40%.",,arabiensis,n.a.,,,,,,,,,,,,,,,,,,,,,,,,other,"Vegetables, animals fodder, wheat, maize, sorghum, millet, sweet potatoes, beans, onion, groundnuts and fruits are produced.",,,,,,,,,,,,,,,,,,,,,,,,,,,,,,,,,,,,,,,,,,,,,,,,,,,,,,,,,,,,,,,,,,,,,,,,,,,,,,,,,,,,,,,,,,,,,,,,,,,,,,,,,,,,,,,,,,,,,,,,,,,,,,,,,,,,,,,,,,,,,,,,,,,,,,,,,,,,,,,,,,,,,Pond,artificial,,,,,,30cm - 1m,30 - 50cm,,,chemical,Pond,artificial,,,,,,30cm - 1m,30 - 50cm,,,no,,,,,,,,,,,,"Agnique® MMF, (ISA-2OE, ethoxlated isostearyl alcohol) was tested for the control of An. arabiensis larvae in Bahary, Khartoum, Sudan. Each pond size was 50 cm x 50 cm x 35 cm. The ponds were flooded with well water on October 23 and by October 26 almost all the ponds became infested with anopheline and culicine larvae. Of the 10 ponds, 5 were treated with Agnique® and 5 served as untreated controls. The mean water temperature during the study period ranged from a low of
15.4ºC (8 to 26ºC) to high of 25.6ºC (15 to 34ºC) whereas the pH averaged 8.01 (7.8-8.2).",JO,JAO,CMK
0,1,yes,,4582,,Bashir,"EFFICACY OF AGNIQUE® (MMF) MONOMOLECULAR SURFACE FILM AGAINST IMMATURE STAGES OF ANOPHELES ARABIENSIS PATTON AND CULEX SPP (DIPTERA: CULICIDAE) IN KHARTOUM, SUDAN ",SOUTHEAST ASIAN J TROP MED PUBLIC HEALTH ,2008,yes,yes,none,,,,Sudan,Bahary,15.659,32.542,,,,,,,,,,,,,,,within 5km,no,no,point,googlemaps,Khartoum State,Not Specified,"Not Listed- site is located in the middle of sudan, at the junction of the White Nile & Blue Nile rivers. (am unable to find a location for Bahary. Google earth has a position for Alhalfaia Bahary, about 10km north of the centre of Khartoum (15.706, 32.543 in encarta), and source found which describes Bahary as one of the three towns comprising the city of Khartoum, the others being Omdurman and Khartoum (Habbani et al., 2006). Omdurman and Khartoum found in city in encarta, but the third town is called North Khartoum (15.637, 32.53 in encarta). Furthermore, map in paper (at small scale) puts coords at about 16.226, 33.846, where there appear to be very few settlements whatsoever. Therefore have been unable to find a location, and have left blank (EH))",no,na,,,Larvae,,,,,,,,,,yes,no,no,11,1,2006,2007,,,150mm/year,"The state is a semi-desert area with 3 seasons; dry season, usually starts in March and ends in June with a mean temperature of 38ºC and a maximum peak of 45ºC in.The rainy season extends from July to October, with a mean annual rainfall of 150 mm, and a maximum peak of 200 mm in August, the temperature range is 28º-35ºC, with a relative humidity of 40-60%. The winter season starts in November and ends in February with average maximum and minimum temperatures of 25ºC
and 16ºC, respectively, and a relative humidity of 30-40%.",,arabiensis,n.a.,,,,,,,,,,,,,,,,,,,,,,,,other,"Vegetables, animals fodder, wheat, maize, sorghum, millet, sweet potatoes, beans, onion, groundnuts and fruits are produced.",,,,,,,,,,,,,,,,,,,,,,,,,,,,,,,,,,,,,,,,,,,,,,,,,,,,,,,,,,,,,,,,,,,,,,,,,,,,,,,,,,,,,,,,,,,,,,,,,,,,,,,,,,,,,,,,,,,,,,,,,,,,,,,,,,,,,,,,,,,,,,,,,,,,,,,,,,,,,,,,,,,,,Pond,artificial,,,,,,30cm - 1m,30 - 50cm,,,chemical,Pond,artificial,,,,,,30cm - 1m,30 - 50cm,,,no,,,,,,,,,,,,"Agnique® MMF, (ISA-2OE, ethoxlated isostearyl alcohol) was tested for the control of An. arabiensis larvae in Bahary, Khartoum, Sudan. Each pond size was 50 cm x 50 cm x 35 cm. The ponds were flooded with well water on October 23 and by October 26 almost all the ponds became infested with anopheline and culicine larvae. Of the 10 ponds, 5 were treated with Agnique® and 5 served as untreated controls. The mean water temperature during the study period ranged from a low of
15.4ºC (8 to 26ºC) to high of 25.6ºC (15 to 34ºC) whereas the pH averaged 8.01 (7.8-8.2).",JO,JAO,CMK
0,1,yes,,4583,,Bassole,Ovicidal and larvicidal activity against Aedes aegypti and Anopheles gambiae complex mosquitoes of essential oils extracted from three spontaneous plants of Burkina Faso,Parassitologia,2003,yes,no,none,,,,Burkina Faso,Goden ,12.4233,-1.3569,,,,,,,,,,,,,,,,no,no,point,geoname,Not Specified,Not Specified,"Not Listed- 5 sites in encarta that match ours, article says site is near Ouagadougou (closest site in encarta to Ougadougou is 12.7,-1.517, 37km from city. Closest site in GNS are at 12.4233, -1.3569, which is approx 17km away from Ougadougou. Could not find a closer Goden, so have used the GNS site (EH))",na,na,na,,HRI ,,,,,,,,,,yes,no,no,11,1,,,,,,,,GAMBIAE COMPLEX,n.a.,,,,,,,,,,,,,,,,,,,,,,,,,,,,,,,,,,,,,,,,,,,,,,,,,,,,,,,,,,,,,,,,,,,,,,,,,,,,,,,,,,,,,,,,,,,,,,,,,,,,,,,,,,,,,,,,,,,,,,,,,,,,,,,,,,,,,,,,,,,,,,,,,,,,,,,,,,,,,,,,,,,,,,,,,,,,,,,,,,,,,,,,,,,,,,,,,,,,,,,,,,,,,,,,,,,,,,,,,,,,,,,,,,JO,JAO,CMK
1,0,yes,,4583,,Bassole,Ovicidal and larvicidal activity against Aedes aegypti and Anopheles gambiae complex mosquitoes of essential oils extracted from three spontaneous plants of Burkina Faso,Parassitologia,2003,no,no,none,,no,,Burkina Faso,Goden ,12.4233,-1.3569,,,,,,,,,,,,,,,,no,no,point,geoname,Not Specified,Not Specified,"Not Listed- 5 sites in encarta that match ours, article says site is near Ouagadougou (closest site in encarta to Ougadougou is 12.7,-1.517, 37km from city. Closest site in GNS are at 12.4233, -1.3569, which is approx 17km away from Ougadougou. Could not find a closer Goden, so have used the GNS site (EH))",na,na,na,,,,,,,,,,,HRI,yes,no,no,11,1,,,,,,,GAMBIAE COMPLEX,,,,,,,,,,,,,,,,,,,,,,,,,,,,,,,,,,,,,,,,,,,,,,,,,,,,,,,,,,,,,,,,,,,,,,,,,,,,,,,,,,,,,,,,,,,,,,,,,,,,,,,,,,,,,,,,,,,,,,,,,,,,,,,,,,,,,,,,,,,,,,,,,,,,,,,,,,,,,,,,,,,,,,,,,,,,,,,,,,,,,,,,,,,,,,,,CMa,,,,,,,,,,,,,,,,,,,,,,,,,,,,,,,,,,,,JO,JAO,CMK
0,1,yes,"Also collected from this areas; An. gigas, An. lindesayi, An. splendidus & An. vagus.",4584,,Devi,,,2007,yes,,,,,,India,"Garhwal region (5-districts; Dehra Dun, Pauri, New Tehri, Chamoli & Uttarkashi)",30.384,78.482,30.161,78.775,30.4,79.349,30.4,79.349,30.733,78.439,,,,,,,,no,no,large polygon,*encarta,Not Specified,,"Not Listed- the study was conducted in 5 districts, listed in the J column in Garhwal region in india. The study was within some western Himalayas phytogeographic zones. So plotted the points in encarta and formed a polygon. I investigated further in wikipedia to get the area of each district to determine which to use as an admin 2, and ID but could not find any in wikipedia. Highlighted both colums, because did not want to enter wrong info.  (found the main towns of each of these districts in encarta; Dehra Dun = 30.334, 78.047; Pauri = 30.161, 78.047; New Tehri (found as Tehri, wikipedia confirms is same place) = 30.384, 78.482; Chamoli = 30.4, 79.349; Uttarkashi = 30.732, 78.439). Admin_2 ID used for Tehri, as is the central region (HM admin_2 ID = 15186). Coords in paper for extent of sampling area are between 29.4333 and 31.4333 north and 77.65 and 80.05 east. Should contact authors for locations of individual sampling sites. All sites are in forest areas, and some were rice areas, but doesn't state that all spp were found in rice areas, so have left as n.a. (EH))",n.a.,,,,HRI ,,RO,,Larvae,,,,,,yes,no,no,11,10,2000,2002,,,,,,annularis,n.a.,,morph,,,,,,,,,,,,,,,,,,,,,,,,,,,,,,,,,,,,,,,,,,,,,,,,,,,,,,,,,,,,,,,,,,,,,,,,,,,,,,,,,,,,,,,,,,,,,,,,,,,,,,,,,,,,,,,,,,,,,,,,,,,,,,,,,,,,,,,,,,,,,,,,,,,,,,,,,,,,,,,,,,,,,,,,,,,,,,,,,,,,,,,,,,,,,,,,,,,,,,,,,,,,,,,,,,,,,,,,,,,,,,,,,,
0,1,yes,,4584,,Devi,,,2007,yes,,,,,,India,"Garhwal region (5-districts; Dehra Dun, Pauri, New Tehri, Chamoli & Uttarkashi)",30.384,78.482,,,,,,,,,,,,,,,,,,,,,,,n.a.,,,,HRI ,,RO,,Larvae,0,,,,,yes,no,no,11,10,2000,2002,,,,,,aconitus,n.a.,,morph,,,,,,,,,,,,,,,,,,,,,,,,,,,,,,,,,,,,,,,,,,,,,,,,,,,,,,,,,,,,,,,,,,,,,,,,,,,,,,,,,,,,,,,,,,,,,,,,,,,,,,,,,,,,,,,,,,,,,,,,,,,,,,,,,,,,,,,,,,,,,,,,,,,,,,,,,,,,,,,,,,,,,,,,,,,,,,,,,,,,,,,,,,,,,,,,,,,,,,,,,,,,,,,,,,,,,,,,,,,,,,,,,,
0,1,yes,,4584,,Devi,,,2007,yes,,,,,,India,"Garhwal region (5-districts; Dehra Dun, Pauri, New Tehri, Chamoli & Uttarkashi)",30.384,78.482,,,,,,,,,,,,,,,,,,,,,,,n.a.,,,,HRI ,,RO,,Larvae,,,,,,yes,no,no,11,10,2000,2002,,,,,,culicifacies,n.a.,,morph,,,,,,,,,,,,,,,,,,,,,,,,,,,,,,,,,,,,,,,,,,,,,,,,,,,,,,,,,,,,,,,,,,,,,,,,,,,,,,,,,,,,,,,,,,,,,,,,,,,,,,,,,,,,,,,,,,,,,,,,,,,,,,,,,,,,,,,,,,,,,,,,,,,,,,,,,,,,,,,,,,,,,,,,,,,,,,,,,,,,,,,,,,,,,,,,,,,,,,,,,,,,,,,,,,,,,,,,,,,,,,,,,,
0,1,yes,,4584,,Devi,,,2007,yes,,,,,,India,"Garhwal region (5-districts; Dehra Dun, Pauri, New Tehri, Chamoli & Uttarkashi)",30.384,78.482,,,,,,,,,,,,,,,,,,,,,,,n.a.,,,,HRI ,,RO,,Larvae,,,,,,yes,no,no,11,10,2000,2002,,,,,,fluviatilis,n.a.,,morph,,,,,,,,,,,,,,,,,,,,,,,,,,,,,,,,,,,,,,,,,,,,,,,,,,,,,,,,,,,,,,,,,,,,,,,,,,,,,,,,,,,,,,,,,,,,,,,,,,,,,,,,,,,,,,,,,,,,,,,,,,,,,,,,,,,,,,,,,,,,,,,,,,,,,,,,,,,,,,,,,,,,,,,,,,,,,,,,,,,,,,,,,,,,,,,,,,,,,,,,,,,,,,,,,,,,,,,,,,,,,,,,,,
0,1,yes,,4584,,Devi,,,2007,yes,,,,,,India,"Garhwal region (5-districts; Dehra Dun, Pauri, New Tehri, Chamoli & Uttarkashi)",30.384,78.482,,,,,,,,,,,,,,,,,,,,,,,n.a.,,,,HRI ,,RO,,Larvae,,,,,,yes,no,no,11,10,2000,2002,,,,,,maculatus,n.a.,,morph,,,,,,,,,,,,,,,,,,,,,,,,,,,,,,,,,,,,,,,,,,,,,,,,,,,,,,,,,,,,,,,,,,,,,,,,,,,,,,,,,,,,,,,,,,,,,,,,,,,,,,,,,,,,,,,,,,,,,,,,,,,,,,,,,,,,,,,,,,,,,,,,,,,,,,,,,,,,,,,,,,,,,,,,,,,,,,,,,,,,,,,,,,,,,,,,,,,,,,,,,,,,,,,,,,,,,,,,,,,,,,,,,,
0,1,yes,,4584,,Devi,,,2007,yes,,,,,,India,"Garhwal region (5-districts; Dehra Dun, Pauri, New Tehri, Chamoli & Uttarkashi)",30.384,78.482,,,,,,,,,,,,,,,,,,,,,,,n.a.,,,,HRI ,,RO,,Larvae,0,,,,,yes,no,no,11,10,2000,2002,,,,,,minimus,n.a.,,morph,,,,,,,,,,,,,,,,,,,,,,,,,,,,,,,,,,,,,,,,,,,,,,,,,,,,,,,,,,,,,,,,,,,,,,,,,,,,,,,,,,,,,,,,,,,,,,,,,,,,,,,,,,,,,,,,,,,,,,,,,,,,,,,,,,,,,,,,,,,,,,,,,,,,,,,,,,,,,,,,,,,,,,,,,,,,,,,,,,,,,,,,,,,,,,,,,,,,,,,,,,,,,,,,,,,,,,,,,,,,,,,,,,
0,1,yes,,4584,,Devi,,,2007,yes,,,,,,India,"Garhwal region (5-districts; Dehra Dun, Pauri, New Tehri, Chamoli & Uttarkashi)",30.384,78.482,,,,,,,,,,,,,,,,,,,,,,,n.a.,,,,HRI ,,RO,,Larvae,,,,,,yes,no,no,11,10,2000,2002,,,,,,nigerrimus,n.a.,,morph,,,,,,,,,,,,,,,,,,,,,,,,,,,,,,,,,,,,,,,,,,,,,,,,,,,,,,,,,,,,,,,,,,,,,,,,,,,,,,,,,,,,,,,,,,,,,,,,,,,,,,,,,,,,,,,,,,,,,,,,,,,,,,,,,,,,,,,,,,,,,,,,,,,,,,,,,,,,,,,,,,,,,,,,,,,,,,,,,,,,,,,,,,,,,,,,,,,,,,,,,,,,,,,,,,,,,,,,,,,,,,,,,,
0,1,yes,,4584,,Devi,,,2007,yes,,,,,,India,"Garhwal region (5-districts; Dehra Dun, Pauri, New Tehri, Chamoli & Uttarkashi)",30.384,78.482,,,,,,,,,,,,,,,,,,,,,,,n.a.,,,,HRI ,,RO,,Larvae,,,,,,yes,no,no,11,10,2000,2002,,,,,,stephensi,n.a.,,morph,,,,,,,,,,,,,,,,,,,,,,,,,,,,,,,,,,,,,,,,,,,,,,,,,,,,,,,,,,,,,,,,,,,,,,,,,,,,,,,,,,,,,,,,,,,,,,,,,,,,,,,,,,,,,,,,,,,,,,,,,,,,,,,,,,,,,,,,,,,,,,,,,,,,,,,,,,,,,,,,,,,,,,,,,,,,,,,,,,,,,,,,,,,,,,,,,,,,,,,,,,,,,,,,,,,,,,,,,,,,,,,,,,
0,1,yes,,4584,,Devi,,,2007,yes,,,,,,India,"Garhwal region (5-districts; Dehra Dun, Pauri, New Tehri, Chamoli & Uttarkashi)",30.384,78.482,,,,,,,,,,,,,,,,,,,,,,,n.a.,,,,HRI ,,RO,,Larvae,,,,,,yes,no,no,11,10,2000,2002,,,,,,subpictus,n.a.,,morph,,,,,,,,,,,,,,,,,,,,,,,,,,,,,,,,,,,,,,,,,,,,,,,,,,,,,,,,,,,,,,,,,,,,,,,,,,,,,,,,,,,,,,,,,,,,,,,,,,,,,,,,,,,,,,,,,,,,,,,,,,,,,,,,,,,,,,,,,,,,,,,,,,,,,,,,,,,,,,,,,,,,,,,,,,,,,,,,,,,,,,,,,,,,,,,,,,,,,,,,,,,,,,,,,,,,,,,,,,,,,,,,,,
0,1,yes,,4585,,Dabire,Year to year and seasonal variations in vector bionomics and malaria transmission in a humid savannah village in west Burkina Faso,Journal of Vector Ecology ,2008,yes,yes,none,na,,,Burkina Faso,Lena,11.299,-3.9,,,,,,,,,,,,,,,,no,no,point,*encarta,Not Specified,Not Specified,"Not Listed- paper coords are (11.3000, -3.8833) close to encarta coords.  (paper states that sampling took place from february 1999 to december 2001, but directly afterwards states that sampling was in the rainy season, which it had previously defined as lasting only from may to october. Due to uncertainty about months, have left them blank. (EH))",n.a.,na,na,,HLC - in,243,HLC - out,205,,,,,,,yes,no,no,11,10,1999,1999,,cross,,"In this region, there are two distinct seasons: rains occur only from May to October, with a long dry season from November to April. The average annual rainfall ranged from 1,000 to 1,200 mm in the last five years.",,funestus,n.a.,,morph,genetic/molecular,,,,,,,,,,,,,,,,,,,,,,,,,,,,,,,,,,,,,,,,,,,,,,,,,,,,,,,,,,,,,,,,,,,,,,,,,,,,,,,,,,,,,,,,,,,,,,,,,,,,,,,,,,,,,,,,,,,,,,,,,,,,,,,,,,,,,,,,,,,,,,,,,,,,,,,,,,,,,,,,,,,,,,,,,,,,,,,,,,,,,,,,,,,,,,,,,,,,,,,,,,,,,,,,,,,,,,,,,,,,,,,JO,JAO,CMK
0,1,yes,,4585,,Dabire,Year to year and seasonal variations in vector bionomics and malaria transmission in a humid savannah village in west Burkina Faso,Journal of Vector Ecology ,2008,yes,yes,none,na,,,Burkina Faso,Lena,11.299,-3.9,,,,,,,,,,,,,,,,,,point,*encarta,Not Specified,Not Specified,"Not Listed- paper coords are (11.3000, -3.8833) close to encarta coords.  (paper states that sampling took place from february 1999 to december 2001, but directly afterwards states that sampling was in the rainy season, which it had previously defined as lasting only from may to october. Due to uncertainty about months, have left them blank. (EH))",n.a.,na,na,,HLC - in,459,HLC - out,489,,,,,,,yes,no,no,11,10,1999,1999,,cross,,"In this region, there are two distinct seasons: rains occur only from May to October, with a long dry season from November to April. The average annual rainfall ranged from 1,000 to 1,200 mm in the last five years.",,GAMBIAE COMPLEX,n.a.,,morph,genetic/molecular,,,,,,,,,,,,,,,,,,,,,,,,,,,,,,,,,,,,,,,,,,,,,,,,,,,,,,,,,,,,,,,,,,,,,,,,,,,,,,,,,,,,,,,,,,,,,,,,,,,,,,,,,,,,,,,,,,,,,,,,,,,,,,,,,,,,,,,,,,,,,,,,,,,,,,,,,,,,,,,,,,,,,,,,,,,,,,,,,,,,,,,,,,,,,,,,,,,,,,,,,,,,,,,,,,,,,,,,,,,,,,,JO,JAO,CMK
0,1,yes,,4585,,Dabire,Year to year and seasonal variations in vector bionomics and malaria transmission in a humid savannah village in west Burkina Faso,Journal of Vector Ecology ,2008,yes,yes,none,na,,,Burkina Faso,Lena,11.299,-3.9,,,,,,,,,,,,,,,,,,point,*encarta,Not Specified,Not Specified,"Not Listed- paper coords are (11.3000, -3.8833) close to encarta coords.  (paper states that sampling took place from february 1999 to december 2001, but directly afterwards states that sampling was in the rainy season, which it had previously defined as lasting only from may to october. Due to uncertainty about months, have left them blank. (EH))",n.a.,na,na,,HLC - in,9,HLC - out,16,,,,,,,yes,no,no,11,10,1999,1999,,cross,,"In this region, there are two distinct seasons: rains occur only from May to October, with a long dry season from November to April. The average annual rainfall ranged from 1,000 to 1,200 mm in the last five years.",,nili,n.a.,,morph,,,,,,,,,,,,,,,,,,,,,,,,,,,,,,,,,,,,,,,,,,,,,,,,,,,,,,,,,,,,,,,,,,,,,,,,,,,,,,,,,,,,,,,,,,,,,,,,,,,,,,,,,,,,,,,,,,,,,,,,,,,,,,,,,,,,,,,,,,,,,,,,,,,,,,,,,,,,,,,,,,,,,,,,,,,,,,,,,,,,,,,,,,,,,,,,,,,,,,,,,,,,,,,,,,,,,,,,,,,,,,,,JO,JAO,CMK
0,1,yes,(Muirhead-Thompson traps in 2000 collected An. gambiae s.l. and An. funestus. Apparantly Muirhead-Thompson traps are OWTs (http://books.google.co.uk/books?id=80-sD6tRVqQC&pg=PA395&lpg=PA395&dq=muirhead-thompson+traps&source=web&ots=l3NSIPmx1T&sig=0j2IV9g_uWU0p1nMbYxqKlXAQ58&hl=en&ei=heCbSeXiLuDDjAfgqpW4BQ&sa=X&oi=book_result&resnum=1&ct=result) (EH)),4585,,Dabire,Year to year and seasonal variations in vector bionomics and malaria transmission in a humid savannah village in west Burkina Faso,Journal of Vector Ecology ,2008,yes,yes,none,na,,,Burkina Faso,Lena,11.299,-3.9,,,,,,,,,,,,,,,,,,point,*encarta,Not Specified,Not Specified,"Not Listed- paper coords are (11.3000, -3.8833) close to encarta coords.  (paper states that sampling took place from february 1999 to december 2001, but directly afterwards states that sampling was in the rainy season, which it had previously defined as lasting only from may to october. Due to uncertainty about months, have left them blank. (EH))",n.a.,na,na,,HLC - in,555,HLC - out,409,OWT,33,,,,,yes,no,no,11,10,2000,2000,,cross,,"In this region, there are two distinct seasons: rains occur only from May to October, with a long dry season from November to April. The average annual rainfall ranged from 1,000 to 1,200 mm in the last five years.",,funestus,n.a.,,morph,genetic/molecular,,,,,,,,,,,,,,,,,,,,,,,,,,,,,,,,,,,,,,,,,,,,,,,,,,,,,,,,,,,,,,,,,,,,,,,,,,,,,,,,,,,,,,,,,,,,,,,,,,,,,,,,,,,,,,,,,,,,,,,,,,,,,,,,,,,,,,,,,,,,,,,,,,,,,,,,,,,,,,,,,,,,,,,,,,,,,,,,,,,,,,,,,,,,,,,,,,,,,,,,,,,,,,,,,,,,,,,,,,,,,,,JO,JAO,CMK
0,1,yes,,4585,,Dabire,Year to year and seasonal variations in vector bionomics and malaria transmission in a humid savannah village in west Burkina Faso,Journal of Vector Ecology ,2008,yes,yes,none,na,,,Burkina Faso,Lena,11.299,-3.9,,,,,,,,,,,,,,,,,,point,*encarta,Not Specified,Not Specified,"Not Listed- paper coords are (11.3000, -3.8833) close to encarta coords.  (paper states that sampling took place from february 1999 to december 2001, but directly afterwards states that sampling was in the rainy season, which it had previously defined as lasting only from may to october. Due to uncertainty about months, have left them blank. (EH))",n.a.,na,na,,HLC - in,184,HLC - out,168,OWT,14,,,,,yes,no,no,11,10,2000,2000,,cross,,"In this region, there are two distinct seasons: rains occur only from May to October, with a long dry season from November to April. The average annual rainfall ranged from 1,000 to 1,200 mm in the last five years.",,GAMBIAE COMPLEX,n.a.,,morph,genetic/molecular,,,,,,,,,,,,,,,,,,,,,,,,,,,,,,,,,,,,,,,,,,,,,,,,,,,,,,,,,,,,,,,,,,,,,,,,,,,,,,,,,,,,,,,,,,,,,,,,,,,,,,,,,,,,,,,,,,,,,,,,,,,,,,,,,,,,,,,,,,,,,,,,,,,,,,,,,,,,,,,,,,,,,,,,,,,,,,,,,,,,,,,,,,,,,,,,,,,,,,,,,,,,,,,,,,,,,,,,,,,,,,,JO,JAO,CMK
0,1,yes,,4585,,Dabire,Year to year and seasonal variations in vector bionomics and malaria transmission in a humid savannah village in west Burkina Faso,Journal of Vector Ecology ,2008,yes,yes,none,na,,,Burkina Faso,Lena,11.299,-3.9,,,,,,,,,,,,,,,,,,point,*encarta,Not Specified,Not Specified,"Not Listed- paper coords are (11.3000, -3.8833) close to encarta coords.  (paper states that sampling took place from february 1999 to december 2001, but directly afterwards states that sampling was in the rainy season, which it had previously defined as lasting only from may to october. Due to uncertainty about months, have left them blank. (EH))",n.a.,na,na,,HLC - in,16,HLC - out,17,,,,,,,yes,no,no,11,10,2000,2000,,cross,,"In this region, there are two distinct seasons: rains occur only from May to October, with a long dry season from November to April. The average annual rainfall ranged from 1,000 to 1,200 mm in the last five years.",,nili,n.a.,,morph,,,,,,,,,,,,,,,,,,,,,,,,,,,,,,,,,,,,,,,,,,,,,,,,,,,,,,,,,,,,,,,,,,,,,,,,,,,,,,,,,,,,,,,,,,,,,,,,,,,,,,,,,,,,,,,,,,,,,,,,,,,,,,,,,,,,,,,,,,,,,,,,,,,,,,,,,,,,,,,,,,,,,,,,,,,,,,,,,,,,,,,,,,,,,,,,,,,,,,,,,,,,,,,,,,,,,,,,,,,,,,,,JO,JAO,CMK
0,1,yes,,4585,,Dabire,Year to year and seasonal variations in vector bionomics and malaria transmission in a humid savannah village in west Burkina Faso,Journal of Vector Ecology ,2008,yes,yes,none,na,,,Burkina Faso,Lena,11.299,-3.9,,,,,,,,,,,,,,,,,,point,*encarta,Not Specified,Not Specified,"Not Listed- paper coords are (11.3000, -3.8833) close to encarta coords.  (paper states that sampling took place from february 1999 to december 2001, but directly afterwards states that sampling was in the rainy season, which it had previously defined as lasting only from may to october. Due to uncertainty about months, have left them blank. (EH))",n.a.,na,na,,HLC - in,500,HLC - out,237,,,,,,,yes,no,no,11,10,2001,2001,,cross,,"In this region, there are two distinct seasons: rains occur only from May to October, with a long dry season from November to April. The average annual rainfall ranged from 1,000 to 1,200 mm in the last five years.",,funestus,n.a.,,morph,genetic/molecular,,,,,,,,,,,,,,,,,,,,,,,,,,,,,,,,,,,,,,,,,,,,,,,,,,,,,,,,,,,,,,,,,,,,,,,,,,,,,,,,,,,,,,,,,,,,,,,,,,,,,,,,,,,,,,,,,,,,,,,,,,,,,,,,,,,,,,,,,,,,,,,,,,,,,,,,,,,,,,,,,,,,,,,,,,,,,,,,,,,,,,,,,,,,,,,,,,,,,,,,,,,,,,,,,,,,,,,,,,,,,,,JO,JAO,CMK
0,1,yes,,4585,,Dabire,Year to year and seasonal variations in vector bionomics and malaria transmission in a humid savannah village in west Burkina Faso,Journal of Vector Ecology ,2008,yes,yes,none,na,,,Burkina Faso,Lena,11.299,-3.9,,,,,,,,,,,,,,,,,,point,*encarta,Not Specified,Not Specified,"Not Listed- paper coords are (11.3000, -3.8833) close to encarta coords.  (paper states that sampling took place from february 1999 to december 2001, but directly afterwards states that sampling was in the rainy season, which it had previously defined as lasting only from may to october. Due to uncertainty about months, have left them blank. (EH))",n.a.,na,na,,HLC - in,178,HLC - out,154,,,,,,,yes,no,no,11,10,2001,2001,,cross,,"In this region, there are two distinct seasons: rains occur only from May to October, with a long dry season from November to April. The average annual rainfall ranged from 1,000 to 1,200 mm in the last five years.",,GAMBIAE COMPLEX,n.a.,,morph,genetic/molecular,,,,,,,,,,,,,,,,,,,,,,,,,,,,,,,,,,,,,,,,,,,,,,,,,,,,,,,,,,,,,,,,,,,,,,,,,,,,,,,,,,,,,,,,,,,,,,,,,,,,,,,,,,,,,,,,,,,,,,,,,,,,,,,,,,,,,,,,,,,,,,,,,,,,,,,,,,,,,,,,,,,,,,,,,,,,,,,,,,,,,,,,,,,,,,,,,,,,,,,,,,,,,,,,,,,,,,,,,,,,,,,JO,JAO,CMK
0,1,yes,,4585,,Dabire,Year to year and seasonal variations in vector bionomics and malaria transmission in a humid savannah village in west Burkina Faso,Journal of Vector Ecology ,2008,yes,yes,none,na,,,Burkina Faso,Lena,11.299,-3.9,,,,,,,,,,,,,,,,,,point,*encarta,Not Specified,Not Specified,"Not Listed- paper coords are (11.3000, -3.8833) close to encarta coords.  (paper states that sampling took place from february 1999 to december 2001, but directly afterwards states that sampling was in the rainy season, which it had previously defined as lasting only from may to october. Due to uncertainty about months, have left them blank. (EH))",n.a.,na,na,,HLC - in,19,HLC - out,33,,,,,,,yes,no,no,11,10,2001,2001,,cross,,"In this region, there are two distinct seasons: rains occur only from May to October, with a long dry season from November to April. The average annual rainfall ranged from 1,000 to 1,200 mm in the last five years.",,nili,n.a.,,morph,,,,,,,,,,,,,,,,,,,,,,,,,,,,,,,,,,,,,,,,,,,,,,,,,,,,,,,,,,,,,,,,,,,,,,,,,,,,,,,,,,,,,,,,,,,,,,,,,,,,,,,,,,,,,,,,,,,,,,,,,,,,,,,,,,,,,,,,,,,,,,,,,,,,,,,,,,,,,,,,,,,,,,,,,,,,,,,,,,,,,,,,,,,,,,,,,,,,,,,,,,,,,,,,,,,,,,,,,,,,,,,,JO,JAO,CMK
0,1,yes,,4585,,Dabire,Year to year and seasonal variations in vector bionomics and malaria transmission in a humid savannah village in west Burkina Faso,Journal of Vector Ecology ,2008,yes,yes,none,na,,,Burkina Faso,Lena,11.299,-3.9,,,,,,,,,,,,,,,,,,point,*encarta,Not Specified,Not Specified,"Not Listed- paper coords are (11.3000, -3.8833) close to encarta coords.  (paper states that sampling took place from february 1999 to december 2001, but directly afterwards states that sampling was in the rainy season, which it had previously defined as lasting only from may to october. Due to uncertainty about months, have left them blank. (EH))",n.a.,na,na,,HRI ,627,,,,,,,,,yes,no,no,7,12,2000,2001,,cross,,"In this region, there are two distinct seasons: rains occur only from May to October, with a long dry season from November to April. The average annual rainfall ranged from 1,000 to 1,200 mm in the last five years.",,funestus,n.a.,,morph,genetic/molecular,,,,,,,,,,,,,,,,,,,,,,,,,,,,,,,,,,,,,,,,,,,,,,,,,,,,,,,,,,,,,,,,,,,,,,,,,,,,,,,,,,,,,,,,,,,,,,,,,,,,,,,,,,,,,,,,,,,,,,,,,,,,,,,,,,,,,,,,,,,,,,,,,,,,,,,,,,,,,,,,,,,,,,,,,,,,,,,,,,,,,,,,,,,,,,,,,,,,,,,,,,,,,,,,,,,,,,,,,,,,,,,JO,JAO,CMK
0,1,yes,,4585,,Dabire,Year to year and seasonal variations in vector bionomics and malaria transmission in a humid savannah village in west Burkina Faso,Journal of Vector Ecology ,2008,yes,yes,none,na,,,Burkina Faso,Lena,11.299,-3.9,,,,,,,,,,,,,,,,,,point,*encarta,Not Specified,Not Specified,"Not Listed- paper coords are (11.3000, -3.8833) close to encarta coords.  (paper states that sampling took place from february 1999 to december 2001, but directly afterwards states that sampling was in the rainy season, which it had previously defined as lasting only from may to october. Due to uncertainty about months, have left them blank. (EH))",n.a.,na,na,,HRI ,187,,,,,,,,,yes,no,no,7,12,2000,2001,,cross,,"In this region, there are two distinct seasons: rains occur only from May to October, with a long dry season from November to April. The average annual rainfall ranged from 1,000 to 1,200 mm in the last five years.",,GAMBIAE COMPLEX,n.a.,,morph,genetic/molecular,,,,,,,,,,,,,,,,,,,,,,,,,,,,,,,,,,,,,,,,,,,,,,,,,,,,,,,,,,,,,,,,,,,,,,,,,,,,,,,,,,,,,,,,,,,,,,,,,,,,,,,,,,,,,,,,,,,,,,,,,,,,,,,,,,,,,,,,,,,,,,,,,,,,,,,,,,,,,,,,,,,,,,,,,,,,,,,,,,,,,,,,,,,,,,,,,,,,,,,,,,,,,,,,,,,,,,,,,,,,,,,JO,JAO,CMK
0,1,yes,,4585,,Dabire,Year to year and seasonal variations in vector bionomics and malaria transmission in a humid savannah village in west Burkina Faso,Journal of Vector Ecology ,2008,yes,yes,none,na,,,Burkina Faso,Lena,11.299,-3.9,,,,,,,,,,,,,,,,,,point,*encarta,Not Specified,Not Specified,"Not Listed- paper coords are (11.3000, -3.8833) close to encarta coords.  (paper states that sampling took place from february 1999 to december 2001, but directly afterwards states that sampling was in the rainy season, which it had previously defined as lasting only from may to october. Due to uncertainty about months, have left them blank. (EH))",n.a.,na,na,,HRI ,1,,,,,,,,,yes,no,no,7,12,2000,2001,,cross,,"In this region, there are two distinct seasons: rains occur only from May to October, with a long dry season from November to April. The average annual rainfall ranged from 1,000 to 1,200 mm in the last five years.",,nili,n.a.,,morph,,,,,,,,,,,,,,,,,,,,,,,,,,,,,,,,,,,,,,,,,,,,,,,,,,,,,,,,,,,,,,,,,,,,,,,,,,,,,,,,,,,,,,,,,,,,,,,,,,,,,,,,,,,,,,,,,,,,,,,,,,,,,,,,,,,,,,,,,,,,,,,,,,,,,,,,,,,,,,,,,,,,,,,,,,,,,,,,,,,,,,,,,,,,,,,,,,,,,,,,,,,,,,,,,,,,,,,,,,,,,,,,JO,JAO,CMK
0,1,yes,,4585,,Dabire,Year to year and seasonal variations in vector bionomics and malaria transmission in a humid savannah village in west Burkina Faso,Journal of Vector Ecology ,2008,yes,yes,none,na,,,Burkina Faso,Lena,11.299,-3.9,,,,,,,,,,,,,,,,,,point,*encarta,Not Specified,Not Specified,"Not Listed- paper coords are (11.3000, -3.8833) close to encarta coords.  (paper states that sampling took place from february 1999 to december 2001, but directly afterwards states that sampling was in the rainy season, which it had previously defined as lasting only from may to october. Due to uncertainty about months, have left them blank. (EH))",n.a.,na,na,,HLC,,,,,,,,,,yes,no,no,7,7,1999,1999,,wet,,"In this region, there are two distinct seasons: rains occur only from May to October, with a long dry season from November to April. The average annual rainfall ranged from 1,000 to 1,200 mm in the last five years.",,GAMBIAE COMPLEX,gambiae s.s.,,morph,genetic/molecular,,,,,,,,,,,,,,,,,,,,,,,,,,,,,,,,,,,,,,,,,,,,,,,,,,,,,,,,,,,,,,,,,,,,,,,,,,,,,,,,,,,,,,,,,,,,,,,,,,,,,,,,,,,,,,,,,,,,,,,,,,,,,,,,,,,,,,,,,,,,,,,,,,,,,,,,,,,,,,,,,,,,,,,,,,,,,,,,,,,,,,,,,,,,,,,,,,,,,,,,,,,,,,,,,,,,,,,,,,,,,,,JO,JAO,CMK
0,1,yes,,4585,,Dabire,Year to year and seasonal variations in vector bionomics and malaria transmission in a humid savannah village in west Burkina Faso,Journal of Vector Ecology ,2008,yes,yes,none,na,,,Burkina Faso,Lena,11.299,-3.9,,,,,,,,,,,,,,,,,,point,*encarta,Not Specified,Not Specified,"Not Listed- paper coords are (11.3000, -3.8833) close to encarta coords.  (paper states that sampling took place from february 1999 to december 2001, but directly afterwards states that sampling was in the rainy season, which it had previously defined as lasting only from may to october. Due to uncertainty about months, have left them blank. (EH))",n.a.,na,na,,HLC,,,,,,,,,,yes,no,no,8,8,1999,1999,,wet,,"In this region, there are two distinct seasons: rains occur only from May to October, with a long dry season from November to April. The average annual rainfall ranged from 1,000 to 1,200 mm in the last five years.",,funestus,n.a.,,morph,genetic/molecular,,,,,,,,,,,,,,,,,,,,,,,,,,,,,,,,,,,,,,,,,,,,,,,,,,,,,,,,,,,,,,,,,,,,,,,,,,,,,,,,,,,,,,,,,,,,,,,,,,,,,,,,,,,,,,,,,,,,,,,,,,,,,,,,,,,,,,,,,,,,,,,,,,,,,,,,,,,,,,,,,,,,,,,,,,,,,,,,,,,,,,,,,,,,,,,,,,,,,,,,,,,,,,,,,,,,,,,,,,,,,,,JO,JAO,CMK
0,1,yes,,4585,,Dabire,Year to year and seasonal variations in vector bionomics and malaria transmission in a humid savannah village in west Burkina Faso,Journal of Vector Ecology ,2008,yes,yes,none,na,,,Burkina Faso,Lena,11.299,-3.9,,,,,,,,,,,,,,,,,,point,*encarta,Not Specified,Not Specified,"Not Listed- paper coords are (11.3000, -3.8833) close to encarta coords.  (paper states that sampling took place from february 1999 to december 2001, but directly afterwards states that sampling was in the rainy season, which it had previously defined as lasting only from may to october. Due to uncertainty about months, have left them blank. (EH))",n.a.,na,na,,HLC,,,,,,,,,,yes,no,no,8,8,1999,1999,,wet,,"In this region, there are two distinct seasons: rains occur only from May to October, with a long dry season from November to April. The average annual rainfall ranged from 1,000 to 1,200 mm in the last five years.",,GAMBIAE COMPLEX,gambiae s.s.,,morph,genetic/molecular,,,,,,,,,,,,,,,,,,,,,,,,,,,,,,,,,,,,,,,,,,,,,,,,,,,,,,,,,,,,,,,,,,,,,,,,,,,,,,,,,,,,,,,,,,,,,,,,,,,,,,,,,,,,,,,,,,,,,,,,,,,,,,,,,,,,,,,,,,,,,,,,,,,,,,,,,,,,,,,,,,,,,,,,,,,,,,,,,,,,,,,,,,,,,,,,,,,,,,,,,,,,,,,,,,,,,,,,,,,,,,,JO,JAO,CMK
0,1,yes,,4585,,Dabire,Year to year and seasonal variations in vector bionomics and malaria transmission in a humid savannah village in west Burkina Faso,Journal of Vector Ecology ,2008,yes,yes,none,na,,,Burkina Faso,Lena,11.299,-3.9,,,,,,,,,,,,,,,,,,point,*encarta,Not Specified,Not Specified,"Not Listed- paper coords are (11.3000, -3.8833) close to encarta coords.  (paper states that sampling took place from february 1999 to december 2001, but directly afterwards states that sampling was in the rainy season, which it had previously defined as lasting only from may to october. Due to uncertainty about months, have left them blank. (EH))",n.a.,na,na,,HLC,,,,,,,,,,yes,no,no,8,8,1999,1999,,wet,,"In this region, there are two distinct seasons: rains occur only from May to October, with a long dry season from November to April. The average annual rainfall ranged from 1,000 to 1,200 mm in the last five years.",,nili,n.a.,,morph,,,,,,,,,,,,,,,,,,,,,,,,,,,,,,,,,,,,,,,,,,,,,,,,,,,,,,,,,,,,,,,,,,,,,,,,,,,,,,,,,,,,,,,,,,,,,,,,,,,,,,,,,,,,,,,,,,,,,,,,,,,,,,,,,,,,,,,,,,,,,,,,,,,,,,,,,,,,,,,,,,,,,,,,,,,,,,,,,,,,,,,,,,,,,,,,,,,,,,,,,,,,,,,,,,,,,,,,,,,,,,,,JO,JAO,CMK
0,1,yes,,4585,,Dabire,Year to year and seasonal variations in vector bionomics and malaria transmission in a humid savannah village in west Burkina Faso,Journal of Vector Ecology ,2008,yes,yes,none,na,,,Burkina Faso,Lena,11.299,-3.9,,,,,,,,,,,,,,,,,,point,*encarta,Not Specified,Not Specified,"Not Listed- paper coords are (11.3000, -3.8833) close to encarta coords.  (paper states that sampling took place from february 1999 to december 2001, but directly afterwards states that sampling was in the rainy season, which it had previously defined as lasting only from may to october. Due to uncertainty about months, have left them blank. (EH))",n.a.,na,na,,HLC,,,,,,,,,,yes,no,no,9,9,1999,1999,,wet,,"In this region, there are two distinct seasons: rains occur only from May to October, with a long dry season from November to April. The average annual rainfall ranged from 1,000 to 1,200 mm in the last five years.",,funestus,n.a.,,morph,genetic/molecular,,,,,,,,,,,,,,,,,,,,,,,,,,,,,,,,,,,,,,,,,,,,,,,,,,,,,,,,,,,,,,,,,,,,,,,,,,,,,,,,,,,,,,,,,,,,,,,,,,,,,,,,,,,,,,,,,,,,,,,,,,,,,,,,,,,,,,,,,,,,,,,,,,,,,,,,,,,,,,,,,,,,,,,,,,,,,,,,,,,,,,,,,,,,,,,,,,,,,,,,,,,,,,,,,,,,,,,,,,,,,,,JO,JAO,CMK
0,1,yes,,4585,,Dabire,Year to year and seasonal variations in vector bionomics and malaria transmission in a humid savannah village in west Burkina Faso,Journal of Vector Ecology ,2008,yes,yes,none,na,,,Burkina Faso,Lena,11.299,-3.9,,,,,,,,,,,,,,,,,,point,*encarta,Not Specified,Not Specified,"Not Listed- paper coords are (11.3000, -3.8833) close to encarta coords.  (paper states that sampling took place from february 1999 to december 2001, but directly afterwards states that sampling was in the rainy season, which it had previously defined as lasting only from may to october. Due to uncertainty about months, have left them blank. (EH))",n.a.,na,na,,HLC,,,,,,,,,,yes,no,no,9,9,1999,1999,,wet,,"In this region, there are two distinct seasons: rains occur only from May to October, with a long dry season from November to April. The average annual rainfall ranged from 1,000 to 1,200 mm in the last five years.",,GAMBIAE COMPLEX,gambiae s.s.,,morph,genetic/molecular,,,,,,,,,,,,,,,,,,,,,,,,,,,,,,,,,,,,,,,,,,,,,,,,,,,,,,,,,,,,,,,,,,,,,,,,,,,,,,,,,,,,,,,,,,,,,,,,,,,,,,,,,,,,,,,,,,,,,,,,,,,,,,,,,,,,,,,,,,,,,,,,,,,,,,,,,,,,,,,,,,,,,,,,,,,,,,,,,,,,,,,,,,,,,,,,,,,,,,,,,,,,,,,,,,,,,,,,,,,,,,,JO,JAO,CMK
0,1,yes,,4585,,Dabire,Year to year and seasonal variations in vector bionomics and malaria transmission in a humid savannah village in west Burkina Faso,Journal of Vector Ecology ,2008,yes,yes,none,na,,,Burkina Faso,Lena,11.299,-3.9,,,,,,,,,,,,,,,,,,point,*encarta,Not Specified,Not Specified,"Not Listed- paper coords are (11.3000, -3.8833) close to encarta coords.  (paper states that sampling took place from february 1999 to december 2001, but directly afterwards states that sampling was in the rainy season, which it had previously defined as lasting only from may to october. Due to uncertainty about months, have left them blank. (EH))",n.a.,na,na,,HLC,,,,,,,,,,yes,no,no,9,9,1999,1999,,wet,,"In this region, there are two distinct seasons: rains occur only from May to October, with a long dry season from November to April. The average annual rainfall ranged from 1,000 to 1,200 mm in the last five years.",,nili,n.a.,,morph,,,,,,,,,,,,,,,,,,,,,,,,,,,,,,,,,,,,,,,,,,,,,,,,,,,,,,,,,,,,,,,,,,,,,,,,,,,,,,,,,,,,,,,,,,,,,,,,,,,,,,,,,,,,,,,,,,,,,,,,,,,,,,,,,,,,,,,,,,,,,,,,,,,,,,,,,,,,,,,,,,,,,,,,,,,,,,,,,,,,,,,,,,,,,,,,,,,,,,,,,,,,,,,,,,,,,,,,,,,,,,,,JO,JAO,CMK
0,1,yes,,4585,,Dabire,Year to year and seasonal variations in vector bionomics and malaria transmission in a humid savannah village in west Burkina Faso,Journal of Vector Ecology ,2008,yes,yes,none,na,,,Burkina Faso,Lena,11.299,-3.9,,,,,,,,,,,,,,,,,,point,*encarta,Not Specified,Not Specified,"Not Listed- paper coords are (11.3000, -3.8833) close to encarta coords.  (paper states that sampling took place from february 1999 to december 2001, but directly afterwards states that sampling was in the rainy season, which it had previously defined as lasting only from may to october. Due to uncertainty about months, have left them blank. (EH))",n.a.,na,na,,HLC,,,,,,,,,,yes,no,no,10,10,1999,1999,,wet,,"In this region, there are two distinct seasons: rains occur only from May to October, with a long dry season from November to April. The average annual rainfall ranged from 1,000 to 1,200 mm in the last five years.",,funestus,n.a.,,morph,genetic/molecular,,,,,,,,,,,,,,,,,,,,,,,,,,,,,,,,,,,,,,,,,,,,,,,,,,,,,,,,,,,,,,,,,,,,,,,,,,,,,,,,,,,,,,,,,,,,,,,,,,,,,,,,,,,,,,,,,,,,,,,,,,,,,,,,,,,,,,,,,,,,,,,,,,,,,,,,,,,,,,,,,,,,,,,,,,,,,,,,,,,,,,,,,,,,,,,,,,,,,,,,,,,,,,,,,,,,,,,,,,,,,,,JO,JAO,CMK
0,1,yes,,4585,,Dabire,Year to year and seasonal variations in vector bionomics and malaria transmission in a humid savannah village in west Burkina Faso,Journal of Vector Ecology ,2008,yes,yes,none,na,,,Burkina Faso,Lena,11.299,-3.9,,,,,,,,,,,,,,,,,,point,*encarta,Not Specified,Not Specified,"Not Listed- paper coords are (11.3000, -3.8833) close to encarta coords.  (paper states that sampling took place from february 1999 to december 2001, but directly afterwards states that sampling was in the rainy season, which it had previously defined as lasting only from may to october. Due to uncertainty about months, have left them blank. (EH))",n.a.,na,na,,HLC,,,,,,,,,,yes,no,no,10,10,1999,1999,,wet,,"In this region, there are two distinct seasons: rains occur only from May to October, with a long dry season from November to April. The average annual rainfall ranged from 1,000 to 1,200 mm in the last five years.",,GAMBIAE COMPLEX,gambiae s.s.,,morph,genetic/molecular,,,,,,,,,,,,,,,,,,,,,,,,,,,,,,,,,,,,,,,,,,,,,,,,,,,,,,,,,,,,,,,,,,,,,,,,,,,,,,,,,,,,,,,,,,,,,,,,,,,,,,,,,,,,,,,,,,,,,,,,,,,,,,,,,,,,,,,,,,,,,,,,,,,,,,,,,,,,,,,,,,,,,,,,,,,,,,,,,,,,,,,,,,,,,,,,,,,,,,,,,,,,,,,,,,,,,,,,,,,,,,,JO,JAO,CMK
0,1,yes,,4585,,Dabire,Year to year and seasonal variations in vector bionomics and malaria transmission in a humid savannah village in west Burkina Faso,Journal of Vector Ecology ,2008,yes,yes,none,na,,,Burkina Faso,Lena,11.299,-3.9,,,,,,,,,,,,,,,,,,point,*encarta,Not Specified,Not Specified,"Not Listed- paper coords are (11.3000, -3.8833) close to encarta coords.  (paper states that sampling took place from february 1999 to december 2001, but directly afterwards states that sampling was in the rainy season, which it had previously defined as lasting only from may to october. Due to uncertainty about months, have left them blank. (EH))",n.a.,na,na,,HLC,,,,,,,,,,yes,no,no,11,11,1999,1999,,dry,,"In this region, there are two distinct seasons: rains occur only from May to October, with a long dry season from November to April. The average annual rainfall ranged from 1,000 to 1,200 mm in the last five years.",,funestus,n.a.,,morph,genetic/molecular,,,,,,,,,,,,,,,,,,,,,,,,,,,,,,,,,,,,,,,,,,,,,,,,,,,,,,,,,,,,,,,,,,,,,,,,,,,,,,,,,,,,,,,,,,,,,,,,,,,,,,,,,,,,,,,,,,,,,,,,,,,,,,,,,,,,,,,,,,,,,,,,,,,,,,,,,,,,,,,,,,,,,,,,,,,,,,,,,,,,,,,,,,,,,,,,,,,,,,,,,,,,,,,,,,,,,,,,,,,,,,,JO,JAO,CMK
0,1,yes,,4585,,Dabire,Year to year and seasonal variations in vector bionomics and malaria transmission in a humid savannah village in west Burkina Faso,Journal of Vector Ecology ,2008,yes,yes,none,na,,,Burkina Faso,Lena,11.299,-3.9,,,,,,,,,,,,,,,,,,point,*encarta,Not Specified,Not Specified,"Not Listed- paper coords are (11.3000, -3.8833) close to encarta coords.  (paper states that sampling took place from february 1999 to december 2001, but directly afterwards states that sampling was in the rainy season, which it had previously defined as lasting only from may to october. Due to uncertainty about months, have left them blank. (EH))",n.a.,na,na,,HLC,,,,,,,,,,yes,no,no,11,11,1999,1999,,dry,,"In this region, there are two distinct seasons: rains occur only from May to October, with a long dry season from November to April. The average annual rainfall ranged from 1,000 to 1,200 mm in the last five years.",,GAMBIAE COMPLEX,gambiae s.s.,,morph,genetic/molecular,,,,,,,,,,,,,,,,,,,,,,,,,,,,,,,,,,,,,,,,,,,,,,,,,,,,,,,,,,,,,,,,,,,,,,,,,,,,,,,,,,,,,,,,,,,,,,,,,,,,,,,,,,,,,,,,,,,,,,,,,,,,,,,,,,,,,,,,,,,,,,,,,,,,,,,,,,,,,,,,,,,,,,,,,,,,,,,,,,,,,,,,,,,,,,,,,,,,,,,,,,,,,,,,,,,,,,,,,,,,,,,JO,JAO,CMK
0,1,yes,,4585,,Dabire,Year to year and seasonal variations in vector bionomics and malaria transmission in a humid savannah village in west Burkina Faso,Journal of Vector Ecology ,2008,yes,yes,none,na,,,Burkina Faso,Lena,11.299,-3.9,,,,,,,,,,,,,,,,,,point,*encarta,Not Specified,Not Specified,"Not Listed- paper coords are (11.3000, -3.8833) close to encarta coords.  (paper states that sampling took place from february 1999 to december 2001, but directly afterwards states that sampling was in the rainy season, which it had previously defined as lasting only from may to october. Due to uncertainty about months, have left them blank. (EH))",n.a.,na,na,,HLC,,,,,,,,,,yes,no,no,12,12,1999,1999,,dry,,"In this region, there are two distinct seasons: rains occur only from May to October, with a long dry season from November to April. The average annual rainfall ranged from 1,000 to 1,200 mm in the last five years.",,GAMBIAE COMPLEX,gambiae s.s.,,morph,genetic/molecular,,,,,,,,,,,,,,,,,,,,,,,,,,,,,,,,,,,,,,,,,,,,,,,,,,,,,,,,,,,,,,,,,,,,,,,,,,,,,,,,,,,,,,,,,,,,,,,,,,,,,,,,,,,,,,,,,,,,,,,,,,,,,,,,,,,,,,,,,,,,,,,,,,,,,,,,,,,,,,,,,,,,,,,,,,,,,,,,,,,,,,,,,,,,,,,,,,,,,,,,,,,,,,,,,,,,,,,,,,,,,,,JO,JAO,CMK
0,1,yes,,4585,,Dabire,Year to year and seasonal variations in vector bionomics and malaria transmission in a humid savannah village in west Burkina Faso,Journal of Vector Ecology ,2008,yes,yes,none,na,,,Burkina Faso,Lena,11.299,-3.9,,,,,,,,,,,,,,,,,,point,*encarta,Not Specified,Not Specified,"Not Listed- paper coords are (11.3000, -3.8833) close to encarta coords.  (paper states that sampling took place from february 1999 to december 2001, but directly afterwards states that sampling was in the rainy season, which it had previously defined as lasting only from may to october. Due to uncertainty about months, have left them blank. (EH))",n.a.,na,na,,HLC,,,,,,,,,,yes,no,no,7,7,2000,2000,,wet,,"In this region, there are two distinct seasons: rains occur only from May to October, with a long dry season from November to April. The average annual rainfall ranged from 1,000 to 1,200 mm in the last five years.",,GAMBIAE COMPLEX,gambiae s.s.,,morph,genetic/molecular,,,,,,,,,,,,,,,,,,,,,,,,,,,,,,,,,,,,,,,,,,,,,,,,,,,,,,,,,,,,,,,,,,,,,,,,,,,,,,,,,,,,,,,,,,,,,,,,,,,,,,,,,,,,,,,,,,,,,,,,,,,,,,,,,,,,,,,,,,,,,,,,,,,,,,,,,,,,,,,,,,,,,,,,,,,,,,,,,,,,,,,,,,,,,,,,,,,,,,,,,,,,,,,,,,,,,,,,,,,,,,,JO,JAO,CMK
0,1,yes,,4585,,Dabire,Year to year and seasonal variations in vector bionomics and malaria transmission in a humid savannah village in west Burkina Faso,Journal of Vector Ecology ,2008,yes,yes,none,na,,,Burkina Faso,Lena,11.299,-3.9,,,,,,,,,,,,,,,,,,point,*encarta,Not Specified,Not Specified,"Not Listed- paper coords are (11.3000, -3.8833) close to encarta coords.  (paper states that sampling took place from february 1999 to december 2001, but directly afterwards states that sampling was in the rainy season, which it had previously defined as lasting only from may to october. Due to uncertainty about months, have left them blank. (EH))",n.a.,na,na,,HLC,,,,,,,,,,yes,no,no,8,8,2000,2000,,wet,,"In this region, there are two distinct seasons: rains occur only from May to October, with a long dry season from November to April. The average annual rainfall ranged from 1,000 to 1,200 mm in the last five years.",,funestus,n.a.,,morph,genetic/molecular,,,,,,,,,,,,,,,,,,,,,,,,,,,,,,,,,,,,,,,,,,,,,,,,,,,,,,,,,,,,,,,,,,,,,,,,,,,,,,,,,,,,,,,,,,,,,,,,,,,,,,,,,,,,,,,,,,,,,,,,,,,,,,,,,,,,,,,,,,,,,,,,,,,,,,,,,,,,,,,,,,,,,,,,,,,,,,,,,,,,,,,,,,,,,,,,,,,,,,,,,,,,,,,,,,,,,,,,,,,,,,,JO,JAO,CMK
0,1,yes,,4585,,Dabire,Year to year and seasonal variations in vector bionomics and malaria transmission in a humid savannah village in west Burkina Faso,Journal of Vector Ecology ,2008,yes,yes,none,na,,,Burkina Faso,Lena,11.299,-3.9,,,,,,,,,,,,,,,,,,point,*encarta,Not Specified,Not Specified,"Not Listed- paper coords are (11.3000, -3.8833) close to encarta coords.  (paper states that sampling took place from february 1999 to december 2001, but directly afterwards states that sampling was in the rainy season, which it had previously defined as lasting only from may to october. Due to uncertainty about months, have left them blank. (EH))",n.a.,na,na,,HLC,,,,,,,,,,yes,no,no,8,8,2000,2000,,wet,,"In this region, there are two distinct seasons: rains occur only from May to October, with a long dry season from November to April. The average annual rainfall ranged from 1,000 to 1,200 mm in the last five years.",,GAMBIAE COMPLEX,gambiae s.s.,,morph,genetic/molecular,,,,,,,,,,,,,,,,,,,,,,,,,,,,,,,,,,,,,,,,,,,,,,,,,,,,,,,,,,,,,,,,,,,,,,,,,,,,,,,,,,,,,,,,,,,,,,,,,,,,,,,,,,,,,,,,,,,,,,,,,,,,,,,,,,,,,,,,,,,,,,,,,,,,,,,,,,,,,,,,,,,,,,,,,,,,,,,,,,,,,,,,,,,,,,,,,,,,,,,,,,,,,,,,,,,,,,,,,,,,,,,JO,JAO,CMK
0,1,yes,,4585,,Dabire,Year to year and seasonal variations in vector bionomics and malaria transmission in a humid savannah village in west Burkina Faso,Journal of Vector Ecology ,2008,yes,yes,none,na,,,Burkina Faso,Lena,11.299,-3.9,,,,,,,,,,,,,,,,,,point,*encarta,Not Specified,Not Specified,"Not Listed- paper coords are (11.3000, -3.8833) close to encarta coords.  (paper states that sampling took place from february 1999 to december 2001, but directly afterwards states that sampling was in the rainy season, which it had previously defined as lasting only from may to october. Due to uncertainty about months, have left them blank. (EH))",n.a.,na,na,,HLC,,,,,,,,,,yes,no,no,8,8,2000,2000,,wet,,"In this region, there are two distinct seasons: rains occur only from May to October, with a long dry season from November to April. The average annual rainfall ranged from 1,000 to 1,200 mm in the last five years.",,nili,n.a.,,morph,,,,,,,,,,,,,,,,,,,,,,,,,,,,,,,,,,,,,,,,,,,,,,,,,,,,,,,,,,,,,,,,,,,,,,,,,,,,,,,,,,,,,,,,,,,,,,,,,,,,,,,,,,,,,,,,,,,,,,,,,,,,,,,,,,,,,,,,,,,,,,,,,,,,,,,,,,,,,,,,,,,,,,,,,,,,,,,,,,,,,,,,,,,,,,,,,,,,,,,,,,,,,,,,,,,,,,,,,,,,,,,,JO,JAO,CMK
0,1,yes,,4585,,Dabire,Year to year and seasonal variations in vector bionomics and malaria transmission in a humid savannah village in west Burkina Faso,Journal of Vector Ecology ,2008,yes,yes,none,na,,,Burkina Faso,Lena,11.299,-3.9,,,,,,,,,,,,,,,,,,point,*encarta,Not Specified,Not Specified,"Not Listed- paper coords are (11.3000, -3.8833) close to encarta coords.  (paper states that sampling took place from february 1999 to december 2001, but directly afterwards states that sampling was in the rainy season, which it had previously defined as lasting only from may to october. Due to uncertainty about months, have left them blank. (EH))",n.a.,na,na,,HLC,,,,,,,,,,yes,no,no,9,9,2000,2000,,wet,,"In this region, there are two distinct seasons: rains occur only from May to October, with a long dry season from November to April. The average annual rainfall ranged from 1,000 to 1,200 mm in the last five years.",,funestus,n.a.,,morph,genetic/molecular,,,,,,,,,,,,,,,,,,,,,,,,,,,,,,,,,,,,,,,,,,,,,,,,,,,,,,,,,,,,,,,,,,,,,,,,,,,,,,,,,,,,,,,,,,,,,,,,,,,,,,,,,,,,,,,,,,,,,,,,,,,,,,,,,,,,,,,,,,,,,,,,,,,,,,,,,,,,,,,,,,,,,,,,,,,,,,,,,,,,,,,,,,,,,,,,,,,,,,,,,,,,,,,,,,,,,,,,,,,,,,,JO,JAO,CMK
0,1,yes,,4585,,Dabire,Year to year and seasonal variations in vector bionomics and malaria transmission in a humid savannah village in west Burkina Faso,Journal of Vector Ecology ,2008,yes,yes,none,na,,,Burkina Faso,Lena,11.299,-3.9,,,,,,,,,,,,,,,,,,point,*encarta,Not Specified,Not Specified,"Not Listed- paper coords are (11.3000, -3.8833) close to encarta coords.  (paper states that sampling took place from february 1999 to december 2001, but directly afterwards states that sampling was in the rainy season, which it had previously defined as lasting only from may to october. Due to uncertainty about months, have left them blank. (EH))",n.a.,na,na,,HLC,,,,,,,,,,yes,no,no,9,9,2000,2000,,wet,,"In this region, there are two distinct seasons: rains occur only from May to October, with a long dry season from November to April. The average annual rainfall ranged from 1,000 to 1,200 mm in the last five years.",,GAMBIAE COMPLEX,gambiae s.s.,,morph,genetic/molecular,,,,,,,,,,,,,,,,,,,,,,,,,,,,,,,,,,,,,,,,,,,,,,,,,,,,,,,,,,,,,,,,,,,,,,,,,,,,,,,,,,,,,,,,,,,,,,,,,,,,,,,,,,,,,,,,,,,,,,,,,,,,,,,,,,,,,,,,,,,,,,,,,,,,,,,,,,,,,,,,,,,,,,,,,,,,,,,,,,,,,,,,,,,,,,,,,,,,,,,,,,,,,,,,,,,,,,,,,,,,,,,JO,JAO,CMK
0,1,yes,,4585,,Dabire,Year to year and seasonal variations in vector bionomics and malaria transmission in a humid savannah village in west Burkina Faso,Journal of Vector Ecology ,2008,yes,yes,none,na,,,Burkina Faso,Lena,11.299,-3.9,,,,,,,,,,,,,,,,,,point,*encarta,Not Specified,Not Specified,"Not Listed- paper coords are (11.3000, -3.8833) close to encarta coords.  (paper states that sampling took place from february 1999 to december 2001, but directly afterwards states that sampling was in the rainy season, which it had previously defined as lasting only from may to october. Due to uncertainty about months, have left them blank. (EH))",n.a.,na,na,,HLC,,,,,,,,,,yes,no,no,9,9,2000,2000,,wet,,"In this region, there are two distinct seasons: rains occur only from May to October, with a long dry season from November to April. The average annual rainfall ranged from 1,000 to 1,200 mm in the last five years.",,nili,n.a.,,morph,,,,,,,,,,,,,,,,,,,,,,,,,,,,,,,,,,,,,,,,,,,,,,,,,,,,,,,,,,,,,,,,,,,,,,,,,,,,,,,,,,,,,,,,,,,,,,,,,,,,,,,,,,,,,,,,,,,,,,,,,,,,,,,,,,,,,,,,,,,,,,,,,,,,,,,,,,,,,,,,,,,,,,,,,,,,,,,,,,,,,,,,,,,,,,,,,,,,,,,,,,,,,,,,,,,,,,,,,,,,,,,,JO,JAO,CMK
0,1,yes,,4585,,Dabire,Year to year and seasonal variations in vector bionomics and malaria transmission in a humid savannah village in west Burkina Faso,Journal of Vector Ecology ,2008,yes,yes,none,na,,,Burkina Faso,Lena,11.299,-3.9,,,,,,,,,,,,,,,,,,point,*encarta,Not Specified,Not Specified,"Not Listed- paper coords are (11.3000, -3.8833) close to encarta coords.  (paper states that sampling took place from february 1999 to december 2001, but directly afterwards states that sampling was in the rainy season, which it had previously defined as lasting only from may to october. Due to uncertainty about months, have left them blank. (EH))",n.a.,na,na,,HLC,,,,,,,,,,yes,no,no,10,10,2000,2000,,wet,,"In this region, there are two distinct seasons: rains occur only from May to October, with a long dry season from November to April. The average annual rainfall ranged from 1,000 to 1,200 mm in the last five years.",,funestus,n.a.,,morph,genetic/molecular,,,,,,,,,,,,,,,,,,,,,,,,,,,,,,,,,,,,,,,,,,,,,,,,,,,,,,,,,,,,,,,,,,,,,,,,,,,,,,,,,,,,,,,,,,,,,,,,,,,,,,,,,,,,,,,,,,,,,,,,,,,,,,,,,,,,,,,,,,,,,,,,,,,,,,,,,,,,,,,,,,,,,,,,,,,,,,,,,,,,,,,,,,,,,,,,,,,,,,,,,,,,,,,,,,,,,,,,,,,,,,,JO,JAO,CMK
0,1,yes,,4585,,Dabire,Year to year and seasonal variations in vector bionomics and malaria transmission in a humid savannah village in west Burkina Faso,Journal of Vector Ecology ,2008,yes,yes,none,na,,,Burkina Faso,Lena,11.299,-3.9,,,,,,,,,,,,,,,,,,point,*encarta,Not Specified,Not Specified,"Not Listed- paper coords are (11.3000, -3.8833) close to encarta coords.  (paper states that sampling took place from february 1999 to december 2001, but directly afterwards states that sampling was in the rainy season, which it had previously defined as lasting only from may to october. Due to uncertainty about months, have left them blank. (EH))",n.a.,na,na,,HLC,,,,,,,,,,yes,no,no,10,10,2000,2000,,wet,,"In this region, there are two distinct seasons: rains occur only from May to October, with a long dry season from November to April. The average annual rainfall ranged from 1,000 to 1,200 mm in the last five years.",,GAMBIAE COMPLEX,gambiae s.s.,,morph,genetic/molecular,,,,,,,,,,,,,,,,,,,,,,,,,,,,,,,,,,,,,,,,,,,,,,,,,,,,,,,,,,,,,,,,,,,,,,,,,,,,,,,,,,,,,,,,,,,,,,,,,,,,,,,,,,,,,,,,,,,,,,,,,,,,,,,,,,,,,,,,,,,,,,,,,,,,,,,,,,,,,,,,,,,,,,,,,,,,,,,,,,,,,,,,,,,,,,,,,,,,,,,,,,,,,,,,,,,,,,,,,,,,,,,JO,JAO,CMK
0,1,yes,,4585,,Dabire,Year to year and seasonal variations in vector bionomics and malaria transmission in a humid savannah village in west Burkina Faso,Journal of Vector Ecology ,2008,yes,yes,none,na,,,Burkina Faso,Lena,11.299,-3.9,,,,,,,,,,,,,,,,,,point,*encarta,Not Specified,Not Specified,"Not Listed- paper coords are (11.3000, -3.8833) close to encarta coords.  (paper states that sampling took place from february 1999 to december 2001, but directly afterwards states that sampling was in the rainy season, which it had previously defined as lasting only from may to october. Due to uncertainty about months, have left them blank. (EH))",n.a.,na,na,,HLC,,,,,,,,,,yes,no,no,11,11,2000,2000,,dry,,"In this region, there are two distinct seasons: rains occur only from May to October, with a long dry season from November to April. The average annual rainfall ranged from 1,000 to 1,200 mm in the last five years.",,funestus,n.a.,,morph,genetic/molecular,,,,,,,,,,,,,,,,,,,,,,,,,,,,,,,,,,,,,,,,,,,,,,,,,,,,,,,,,,,,,,,,,,,,,,,,,,,,,,,,,,,,,,,,,,,,,,,,,,,,,,,,,,,,,,,,,,,,,,,,,,,,,,,,,,,,,,,,,,,,,,,,,,,,,,,,,,,,,,,,,,,,,,,,,,,,,,,,,,,,,,,,,,,,,,,,,,,,,,,,,,,,,,,,,,,,,,,,,,,,,,,JO,JAO,CMK
0,1,yes,,4585,,Dabire,Year to year and seasonal variations in vector bionomics and malaria transmission in a humid savannah village in west Burkina Faso,Journal of Vector Ecology ,2008,yes,yes,none,na,,,Burkina Faso,Lena,11.299,-3.9,,,,,,,,,,,,,,,,,,point,*encarta,Not Specified,Not Specified,"Not Listed- paper coords are (11.3000, -3.8833) close to encarta coords.  (paper states that sampling took place from february 1999 to december 2001, but directly afterwards states that sampling was in the rainy season, which it had previously defined as lasting only from may to october. Due to uncertainty about months, have left them blank. (EH))",n.a.,na,na,,HLC,,,,,,,,,,yes,no,no,11,11,2000,2000,,dry,,"In this region, there are two distinct seasons: rains occur only from May to October, with a long dry season from November to April. The average annual rainfall ranged from 1,000 to 1,200 mm in the last five years.",,GAMBIAE COMPLEX,gambiae s.s.,,morph,genetic/molecular,,,,,,,,,,,,,,,,,,,,,,,,,,,,,,,,,,,,,,,,,,,,,,,,,,,,,,,,,,,,,,,,,,,,,,,,,,,,,,,,,,,,,,,,,,,,,,,,,,,,,,,,,,,,,,,,,,,,,,,,,,,,,,,,,,,,,,,,,,,,,,,,,,,,,,,,,,,,,,,,,,,,,,,,,,,,,,,,,,,,,,,,,,,,,,,,,,,,,,,,,,,,,,,,,,,,,,,,,,,,,,,JO,JAO,CMK
0,1,yes,,4585,,Dabire,Year to year and seasonal variations in vector bionomics and malaria transmission in a humid savannah village in west Burkina Faso,Journal of Vector Ecology ,2008,yes,yes,none,na,,,Burkina Faso,Lena,11.299,-3.9,,,,,,,,,,,,,,,,,,point,*encarta,Not Specified,Not Specified,"Not Listed- paper coords are (11.3000, -3.8833) close to encarta coords.  (paper states that sampling took place from february 1999 to december 2001, but directly afterwards states that sampling was in the rainy season, which it had previously defined as lasting only from may to october. Due to uncertainty about months, have left them blank. (EH))",n.a.,na,na,,HLC,,,,,,,,,,yes,no,no,7,7,2001,2001,,wet,,"In this region, there are two distinct seasons: rains occur only from May to October, with a long dry season from November to April. The average annual rainfall ranged from 1,000 to 1,200 mm in the last five years.",,funestus,n.a.,,morph,genetic/molecular,,,,,,,,,,,,,,,,,,,,,,,,,,,,,,,,,,,,,,,,,,,,,,,,,,,,,,,,,,,,,,,,,,,,,,,,,,,,,,,,,,,,,,,,,,,,,,,,,,,,,,,,,,,,,,,,,,,,,,,,,,,,,,,,,,,,,,,,,,,,,,,,,,,,,,,,,,,,,,,,,,,,,,,,,,,,,,,,,,,,,,,,,,,,,,,,,,,,,,,,,,,,,,,,,,,,,,,,,,,,,,,JO,JAO,CMK
0,1,yes,,4585,,Dabire,Year to year and seasonal variations in vector bionomics and malaria transmission in a humid savannah village in west Burkina Faso,Journal of Vector Ecology ,2008,yes,yes,none,na,,,Burkina Faso,Lena,11.299,-3.9,,,,,,,,,,,,,,,,,,point,*encarta,Not Specified,Not Specified,"Not Listed- paper coords are (11.3000, -3.8833) close to encarta coords.  (paper states that sampling took place from february 1999 to december 2001, but directly afterwards states that sampling was in the rainy season, which it had previously defined as lasting only from may to october. Due to uncertainty about months, have left them blank. (EH))",n.a.,na,na,,HLC,,,,,,,,,,yes,no,no,7,7,2001,2001,,wet,,"In this region, there are two distinct seasons: rains occur only from May to October, with a long dry season from November to April. The average annual rainfall ranged from 1,000 to 1,200 mm in the last five years.",,GAMBIAE COMPLEX,gambiae s.s.,,morph,genetic/molecular,,,,,,,,,,,,,,,,,,,,,,,,,,,,,,,,,,,,,,,,,,,,,,,,,,,,,,,,,,,,,,,,,,,,,,,,,,,,,,,,,,,,,,,,,,,,,,,,,,,,,,,,,,,,,,,,,,,,,,,,,,,,,,,,,,,,,,,,,,,,,,,,,,,,,,,,,,,,,,,,,,,,,,,,,,,,,,,,,,,,,,,,,,,,,,,,,,,,,,,,,,,,,,,,,,,,,,,,,,,,,,,JO,JAO,CMK
0,1,yes,,4585,,Dabire,Year to year and seasonal variations in vector bionomics and malaria transmission in a humid savannah village in west Burkina Faso,Journal of Vector Ecology ,2008,yes,yes,none,na,,,Burkina Faso,Lena,11.299,-3.9,,,,,,,,,,,,,,,,,,point,*encarta,Not Specified,Not Specified,"Not Listed- paper coords are (11.3000, -3.8833) close to encarta coords.  (paper states that sampling took place from february 1999 to december 2001, but directly afterwards states that sampling was in the rainy season, which it had previously defined as lasting only from may to october. Due to uncertainty about months, have left them blank. (EH))",n.a.,na,na,,HLC,,,,,,,,,,yes,no,no,8,8,2001,2001,,wet,,"In this region, there are two distinct seasons: rains occur only from May to October, with a long dry season from November to April. The average annual rainfall ranged from 1,000 to 1,200 mm in the last five years.",,funestus,n.a.,,morph,genetic/molecular,,,,,,,,,,,,,,,,,,,,,,,,,,,,,,,,,,,,,,,,,,,,,,,,,,,,,,,,,,,,,,,,,,,,,,,,,,,,,,,,,,,,,,,,,,,,,,,,,,,,,,,,,,,,,,,,,,,,,,,,,,,,,,,,,,,,,,,,,,,,,,,,,,,,,,,,,,,,,,,,,,,,,,,,,,,,,,,,,,,,,,,,,,,,,,,,,,,,,,,,,,,,,,,,,,,,,,,,,,,,,,,JO,JAO,CMK
0,1,yes,,4585,,Dabire,Year to year and seasonal variations in vector bionomics and malaria transmission in a humid savannah village in west Burkina Faso,Journal of Vector Ecology ,2008,yes,yes,none,na,,,Burkina Faso,Lena,11.299,-3.9,,,,,,,,,,,,,,,,,,point,*encarta,Not Specified,Not Specified,"Not Listed- paper coords are (11.3000, -3.8833) close to encarta coords.  (paper states that sampling took place from february 1999 to december 2001, but directly afterwards states that sampling was in the rainy season, which it had previously defined as lasting only from may to october. Due to uncertainty about months, have left them blank. (EH))",n.a.,na,na,,HLC,,,,,,,,,,yes,no,no,8,8,2001,2001,,wet,,"In this region, there are two distinct seasons: rains occur only from May to October, with a long dry season from November to April. The average annual rainfall ranged from 1,000 to 1,200 mm in the last five years.",,GAMBIAE COMPLEX,gambiae s.s.,,morph,genetic/molecular,,,,,,,,,,,,,,,,,,,,,,,,,,,,,,,,,,,,,,,,,,,,,,,,,,,,,,,,,,,,,,,,,,,,,,,,,,,,,,,,,,,,,,,,,,,,,,,,,,,,,,,,,,,,,,,,,,,,,,,,,,,,,,,,,,,,,,,,,,,,,,,,,,,,,,,,,,,,,,,,,,,,,,,,,,,,,,,,,,,,,,,,,,,,,,,,,,,,,,,,,,,,,,,,,,,,,,,,,,,,,,,JO,JAO,CMK
0,1,yes,,4585,,Dabire,Year to year and seasonal variations in vector bionomics and malaria transmission in a humid savannah village in west Burkina Faso,Journal of Vector Ecology ,2008,yes,yes,none,na,,,Burkina Faso,Lena,11.299,-3.9,,,,,,,,,,,,,,,,,,point,*encarta,Not Specified,Not Specified,"Not Listed- paper coords are (11.3000, -3.8833) close to encarta coords.  (paper states that sampling took place from february 1999 to december 2001, but directly afterwards states that sampling was in the rainy season, which it had previously defined as lasting only from may to october. Due to uncertainty about months, have left them blank. (EH))",n.a.,na,na,,HLC,,,,,,,,,,yes,no,no,8,8,2001,2001,,wet,,"In this region, there are two distinct seasons: rains occur only from May to October, with a long dry season from November to April. The average annual rainfall ranged from 1,000 to 1,200 mm in the last five years.",,nili,n.a.,,morph,,,,,,,,,,,,,,,,,,,,,,,,,,,,,,,,,,,,,,,,,,,,,,,,,,,,,,,,,,,,,,,,,,,,,,,,,,,,,,,,,,,,,,,,,,,,,,,,,,,,,,,,,,,,,,,,,,,,,,,,,,,,,,,,,,,,,,,,,,,,,,,,,,,,,,,,,,,,,,,,,,,,,,,,,,,,,,,,,,,,,,,,,,,,,,,,,,,,,,,,,,,,,,,,,,,,,,,,,,,,,,,,JO,JAO,CMK
0,1,yes,,4585,,Dabire,Year to year and seasonal variations in vector bionomics and malaria transmission in a humid savannah village in west Burkina Faso,Journal of Vector Ecology ,2008,yes,yes,none,na,,,Burkina Faso,Lena,11.299,-3.9,,,,,,,,,,,,,,,,,,point,*encarta,Not Specified,Not Specified,"Not Listed- paper coords are (11.3000, -3.8833) close to encarta coords.  (paper states that sampling took place from february 1999 to december 2001, but directly afterwards states that sampling was in the rainy season, which it had previously defined as lasting only from may to october. Due to uncertainty about months, have left them blank. (EH))",n.a.,na,na,,HLC,,,,,,,,,,yes,no,no,9,9,2001,2001,,wet,,"In this region, there are two distinct seasons: rains occur only from May to October, with a long dry season from November to April. The average annual rainfall ranged from 1,000 to 1,200 mm in the last five years.",,funestus,n.a.,,morph,genetic/molecular,,,,,,,,,,,,,,,,,,,,,,,,,,,,,,,,,,,,,,,,,,,,,,,,,,,,,,,,,,,,,,,,,,,,,,,,,,,,,,,,,,,,,,,,,,,,,,,,,,,,,,,,,,,,,,,,,,,,,,,,,,,,,,,,,,,,,,,,,,,,,,,,,,,,,,,,,,,,,,,,,,,,,,,,,,,,,,,,,,,,,,,,,,,,,,,,,,,,,,,,,,,,,,,,,,,,,,,,,,,,,,,JO,JAO,CMK
0,1,yes,,4585,,Dabire,Year to year and seasonal variations in vector bionomics and malaria transmission in a humid savannah village in west Burkina Faso,Journal of Vector Ecology ,2008,yes,yes,none,na,,,Burkina Faso,Lena,11.299,-3.9,,,,,,,,,,,,,,,,,,point,*encarta,Not Specified,Not Specified,"Not Listed- paper coords are (11.3000, -3.8833) close to encarta coords.  (paper states that sampling took place from february 1999 to december 2001, but directly afterwards states that sampling was in the rainy season, which it had previously defined as lasting only from may to october. Due to uncertainty about months, have left them blank. (EH))",n.a.,na,na,,HLC,,,,,,,,,,yes,no,no,9,9,2001,2001,,wet,,"In this region, there are two distinct seasons: rains occur only from May to October, with a long dry season from November to April. The average annual rainfall ranged from 1,000 to 1,200 mm in the last five years.",,GAMBIAE COMPLEX,gambiae s.s.,,morph,genetic/molecular,,,,,,,,,,,,,,,,,,,,,,,,,,,,,,,,,,,,,,,,,,,,,,,,,,,,,,,,,,,,,,,,,,,,,,,,,,,,,,,,,,,,,,,,,,,,,,,,,,,,,,,,,,,,,,,,,,,,,,,,,,,,,,,,,,,,,,,,,,,,,,,,,,,,,,,,,,,,,,,,,,,,,,,,,,,,,,,,,,,,,,,,,,,,,,,,,,,,,,,,,,,,,,,,,,,,,,,,,,,,,,,JO,JAO,CMK
0,1,yes,,4585,,Dabire,Year to year and seasonal variations in vector bionomics and malaria transmission in a humid savannah village in west Burkina Faso,Journal of Vector Ecology ,2008,yes,yes,none,na,,,Burkina Faso,Lena,11.299,-3.9,,,,,,,,,,,,,,,,,,point,*encarta,Not Specified,Not Specified,"Not Listed- paper coords are (11.3000, -3.8833) close to encarta coords.  (paper states that sampling took place from february 1999 to december 2001, but directly afterwards states that sampling was in the rainy season, which it had previously defined as lasting only from may to october. Due to uncertainty about months, have left them blank. (EH))",n.a.,na,na,,HLC,,,,,,,,,,yes,no,no,9,9,2001,2001,,wet,,"In this region, there are two distinct seasons: rains occur only from May to October, with a long dry season from November to April. The average annual rainfall ranged from 1,000 to 1,200 mm in the last five years.",,nili,n.a.,,morph,,,,,,,,,,,,,,,,,,,,,,,,,,,,,,,,,,,,,,,,,,,,,,,,,,,,,,,,,,,,,,,,,,,,,,,,,,,,,,,,,,,,,,,,,,,,,,,,,,,,,,,,,,,,,,,,,,,,,,,,,,,,,,,,,,,,,,,,,,,,,,,,,,,,,,,,,,,,,,,,,,,,,,,,,,,,,,,,,,,,,,,,,,,,,,,,,,,,,,,,,,,,,,,,,,,,,,,,,,,,,,,,JO,JAO,CMK
0,1,yes,,4585,,Dabire,Year to year and seasonal variations in vector bionomics and malaria transmission in a humid savannah village in west Burkina Faso,Journal of Vector Ecology ,2008,yes,yes,none,na,,,Burkina Faso,Lena,11.299,-3.9,,,,,,,,,,,,,,,,,,point,*encarta,Not Specified,Not Specified,"Not Listed- paper coords are (11.3000, -3.8833) close to encarta coords.  (paper states that sampling took place from february 1999 to december 2001, but directly afterwards states that sampling was in the rainy season, which it had previously defined as lasting only from may to october. Due to uncertainty about months, have left them blank. (EH))",n.a.,na,na,,HLC,,,,,,,,,,yes,no,no,10,10,2001,2001,,wet,,"In this region, there are two distinct seasons: rains occur only from May to October, with a long dry season from November to April. The average annual rainfall ranged from 1,000 to 1,200 mm in the last five years.",,funestus,n.a.,,morph,genetic/molecular,,,,,,,,,,,,,,,,,,,,,,,,,,,,,,,,,,,,,,,,,,,,,,,,,,,,,,,,,,,,,,,,,,,,,,,,,,,,,,,,,,,,,,,,,,,,,,,,,,,,,,,,,,,,,,,,,,,,,,,,,,,,,,,,,,,,,,,,,,,,,,,,,,,,,,,,,,,,,,,,,,,,,,,,,,,,,,,,,,,,,,,,,,,,,,,,,,,,,,,,,,,,,,,,,,,,,,,,,,,,,,,JO,JAO,CMK
0,1,yes,,4585,,Dabire,Year to year and seasonal variations in vector bionomics and malaria transmission in a humid savannah village in west Burkina Faso,Journal of Vector Ecology ,2008,yes,yes,none,na,,,Burkina Faso,Lena,11.299,-3.9,,,,,,,,,,,,,,,,,,point,*encarta,Not Specified,Not Specified,"Not Listed- paper coords are (11.3000, -3.8833) close to encarta coords.  (paper states that sampling took place from february 1999 to december 2001, but directly afterwards states that sampling was in the rainy season, which it had previously defined as lasting only from may to october. Due to uncertainty about months, have left them blank. (EH))",n.a.,na,na,,HLC,,,,,,,,,,yes,no,no,10,10,2001,2001,,wet,,"In this region, there are two distinct seasons: rains occur only from May to October, with a long dry season from November to April. The average annual rainfall ranged from 1,000 to 1,200 mm in the last five years.",,GAMBIAE COMPLEX,gambiae s.s.,,morph,genetic/molecular,,,,,,,,,,,,,,,,,,,,,,,,,,,,,,,,,,,,,,,,,,,,,,,,,,,,,,,,,,,,,,,,,,,,,,,,,,,,,,,,,,,,,,,,,,,,,,,,,,,,,,,,,,,,,,,,,,,,,,,,,,,,,,,,,,,,,,,,,,,,,,,,,,,,,,,,,,,,,,,,,,,,,,,,,,,,,,,,,,,,,,,,,,,,,,,,,,,,,,,,,,,,,,,,,,,,,,,,,,,,,,,JO,JAO,CMK
0,1,yes,,4585,,Dabire,Year to year and seasonal variations in vector bionomics and malaria transmission in a humid savannah village in west Burkina Faso,Journal of Vector Ecology ,2008,yes,yes,none,na,,,Burkina Faso,Lena,11.299,-3.9,,,,,,,,,,,,,,,,,,point,*encarta,Not Specified,Not Specified,"Not Listed- paper coords are (11.3000, -3.8833) close to encarta coords.  (paper states that sampling took place from february 1999 to december 2001, but directly afterwards states that sampling was in the rainy season, which it had previously defined as lasting only from may to october. Due to uncertainty about months, have left them blank. (EH))",n.a.,na,na,,HLC,,,,,,,,,,yes,no,no,11,11,2001,2001,,dry,,"In this region, there are two distinct seasons: rains occur only from May to October, with a long dry season from November to April. The average annual rainfall ranged from 1,000 to 1,200 mm in the last five years.",,funestus,n.a.,,morph,genetic/molecular,,,,,,,,,,,,,,,,,,,,,,,,,,,,,,,,,,,,,,,,,,,,,,,,,,,,,,,,,,,,,,,,,,,,,,,,,,,,,,,,,,,,,,,,,,,,,,,,,,,,,,,,,,,,,,,,,,,,,,,,,,,,,,,,,,,,,,,,,,,,,,,,,,,,,,,,,,,,,,,,,,,,,,,,,,,,,,,,,,,,,,,,,,,,,,,,,,,,,,,,,,,,,,,,,,,,,,,,,,,,,,,JO,JAO,CMK
0,1,yes,,4585,,Dabire,Year to year and seasonal variations in vector bionomics and malaria transmission in a humid savannah village in west Burkina Faso,Journal of Vector Ecology ,2008,yes,yes,none,na,,,Burkina Faso,Lena,11.299,-3.9,,,,,,,,,,,,,,,,,,point,*encarta,Not Specified,Not Specified,"Not Listed- paper coords are (11.3000, -3.8833) close to encarta coords.  (paper states that sampling took place from february 1999 to december 2001, but directly afterwards states that sampling was in the rainy season, which it had previously defined as lasting only from may to october. Due to uncertainty about months, have left them blank. (EH))",n.a.,na,na,,HLC,,,,,,,,,,yes,no,no,11,11,2001,2001,,dry,,"In this region, there are two distinct seasons: rains occur only from May to October, with a long dry season from November to April. The average annual rainfall ranged from 1,000 to 1,200 mm in the last five years.",,GAMBIAE COMPLEX,gambiae s.s.,,morph,genetic/molecular,,,,,,,,,,,,,,,,,,,,,,,,,,,,,,,,,,,,,,,,,,,,,,,,,,,,,,,,,,,,,,,,,,,,,,,,,,,,,,,,,,,,,,,,,,,,,,,,,,,,,,,,,,,,,,,,,,,,,,,,,,,,,,,,,,,,,,,,,,,,,,,,,,,,,,,,,,,,,,,,,,,,,,,,,,,,,,,,,,,,,,,,,,,,,,,,,,,,,,,,,,,,,,,,,,,,,,,,,,,,,,,JO,JAO,CMK
0,1,yes,"(a sample of 100 An. funestus from each year were PCRed and all were found to be An. funestus s.s.. Sampling method is ""?"" as MBI, MBO and HRI, but paper doesn't state the source of this PCRed sample. (EH))",4585,,Dabire,Year to year and seasonal variations in vector bionomics and malaria transmission in a humid savannah village in west Burkina Faso,Journal of Vector Ecology ,2008,yes,yes,none,na,,,Burkina Faso,Lena,11.299,-3.9,,,,,,,,,,,,,,,,,,point,*encarta,Not Specified,Not Specified,"Not Listed- paper coords are (11.3000, -3.8833) close to encarta coords.  (paper states that sampling took place from february 1999 to december 2001, but directly afterwards states that sampling was in the rainy season, which it had previously defined as lasting only from may to october. Due to uncertainty about months, have left them blank. (EH))",n.a.,na,na,,?,,,,,,,,,,yes,no,no,11,11,1999,1999,,dry,,"In this region, there are two distinct seasons: rains occur only from May to October, with a long dry season from November to April. The average annual rainfall ranged from 1,000 to 1,200 mm in the last five years.",,funestus,n.a.,,morph,genetic/molecular,,,,,,,,,,,,,,,,,,,,,,,,,,,,,,,,,,,,,,,,,,,,,,,,,,,,,,,,,,,,,,,,,,,,,,,,,,,,,,,,,,,,,,,,,,,,,,,,,,,,,,,,,,,,,,,,,,,,,,,,,,,,,,,,,,,,,,,,,,,,,,,,,,,,,,,,,,,,,,,,,,,,,,,,,,,,,,,,,,,,,,,,,,,,,,,,,,,,,,,,,,,,,,,,,,,,,,,,,,,,,,,JO,JAO,CMK
0,1,yes,,4585,,Dabire,Year to year and seasonal variations in vector bionomics and malaria transmission in a humid savannah village in west Burkina Faso,Journal of Vector Ecology ,2008,yes,yes,none,na,,,Burkina Faso,Lena,11.299,-3.9,,,,,,,,,,,,,,,,,,point,*encarta,Not Specified,Not Specified,"Not Listed- paper coords are (11.3000, -3.8833) close to encarta coords.  (paper states that sampling took place from february 1999 to december 2001, but directly afterwards states that sampling was in the rainy season, which it had previously defined as lasting only from may to october. Due to uncertainty about months, have left them blank. (EH))",n.a.,na,na,,?,,,,,,,,,,yes,no,no,11,11,2000,2000,,dry,,"In this region, there are two distinct seasons: rains occur only from May to October, with a long dry season from November to April. The average annual rainfall ranged from 1,000 to 1,200 mm in the last five years.",,funestus,n.a.,,morph,genetic/molecular,,,,,,,,,,,,,,,,,,,,,,,,,,,,,,,,,,,,,,,,,,,,,,,,,,,,,,,,,,,,,,,,,,,,,,,,,,,,,,,,,,,,,,,,,,,,,,,,,,,,,,,,,,,,,,,,,,,,,,,,,,,,,,,,,,,,,,,,,,,,,,,,,,,,,,,,,,,,,,,,,,,,,,,,,,,,,,,,,,,,,,,,,,,,,,,,,,,,,,,,,,,,,,,,,,,,,,,,,,,,,,,JO,JAO,CMK
0,1,yes,,4585,,Dabire,Year to year and seasonal variations in vector bionomics and malaria transmission in a humid savannah village in west Burkina Faso,Journal of Vector Ecology ,2008,yes,yes,none,na,,,Burkina Faso,Lena,11.299,-3.9,,,,,,,,,,,,,,,,,,point,*encarta,Not Specified,Not Specified,"Not Listed- paper coords are (11.3000, -3.8833) close to encarta coords.  (paper states that sampling took place from february 1999 to december 2001, but directly afterwards states that sampling was in the rainy season, which it had previously defined as lasting only from may to october. Due to uncertainty about months, have left them blank. (EH))",n.a.,na,na,,?,,,,,,,,,,yes,no,no,11,11,2001,2001,,dry,,"In this region, there are two distinct seasons: rains occur only from May to October, with a long dry season from November to April. The average annual rainfall ranged from 1,000 to 1,200 mm in the last five years.",,funestus,n.a.,,morph,genetic/molecular,,,,,,,,,,,,,,,,,,,,,,,,,,,,,,,,,,,,,,,,,,,,,,,,,,,,,,,,,,,,,,,,,,,,,,,,,,,,,,,,,,,,,,,,,,,,,,,,,,,,,,,,,,,,,,,,,,,,,,,,,,,,,,,,,,,,,,,,,,,,,,,,,,,,,,,,,,,,,,,,,,,,,,,,,,,,,,,,,,,,,,,,,,,,,,,,,,,,,,,,,,,,,,,,,,,,,,,,,,,,,,,JO,JAO,CMK
0,1,yes,(a sub-sample of An. gambiae s.l. were PCRed and 23 were found to be arabiensis. Numbers not put in the numbers column as this sub-sample was only a small proportion of the total catch (EH)),4585,,Dabire,Year to year and seasonal variations in vector bionomics and malaria transmission in a humid savannah village in west Burkina Faso,Journal of Vector Ecology ,2008,yes,yes,none,na,,,Burkina Faso,Lena,11.299,-3.9,,,,,,,,,,,,,,,,,,point,*encarta,Not Specified,Not Specified,"Not Listed- paper coords are (11.3000, -3.8833) close to encarta coords.  (paper states that sampling took place from february 1999 to december 2001, but directly afterwards states that sampling was in the rainy season, which it had previously defined as lasting only from may to october. Due to uncertainty about months, have left them blank. (EH))",n.a.,na,na,,?,,,,,,,,,,yes,no,no,2,12,1999,2001,,cross,,"In this region, there are two distinct seasons: rains occur only from May to October, with a long dry season from November to April. The average annual rainfall ranged from 1,000 to 1,200 mm in the last five years.",,GAMBIAE COMPLEX,arabiensis,,morph,genetic/molecular,,,,,,,,,,,,,,,,,,,,,,,,,,,,,,,,,,,,,,,,,,,,,,,,,,,,,,,,,,,,,,,,,,,,,,,,,,,,,,,,,,,,,,,,,,,,,,,,,,,,,,,,,,,,,,,,,,,,,,,,,,,,,,,,,,,,,,,,,,,,,,,,,,,,,,,,,,,,,,,,,,,,,,,,,,,,,,,,,,,,,,,,,,,,,,,,,,,,,,,,,,,,,,,,,,,,,,,,,,,,,,,JO,JAO,CMK
0,1,yes,"(a sub-sample of An. gambiae s.l. were PCRed and 307 were found to be gambiae s.s.. Out of 210 samples identified as An. gambiae s.s., 60 were found to be M molecular form, and 150 were S molecular form. Numbers not put in the numbers column as this sub-sample was only a small proportion of the total catch (EH))",4585,,Dabire,Year to year and seasonal variations in vector bionomics and malaria transmission in a humid savannah village in west Burkina Faso,Journal of Vector Ecology ,2008,yes,yes,none,na,,,Burkina Faso,Lena,11.299,-3.9,,,,,,,,,,,,,,,,,,point,*encarta,Not Specified,Not Specified,"Not Listed- paper coords are (11.3000, -3.8833) close to encarta coords.  (paper states that sampling took place from february 1999 to december 2001, but directly afterwards states that sampling was in the rainy season, which it had previously defined as lasting only from may to october. Due to uncertainty about months, have left them blank. (EH))",n.a.,na,na,,?,,,,,,,,,,yes,no,no,2,12,1999,2001,,cross,,"In this region, there are two distinct seasons: rains occur only from May to October, with a long dry season from November to April. The average annual rainfall ranged from 1,000 to 1,200 mm in the last five years.",,GAMBIAE COMPLEX,gambiae s.s.,M and S form,morph,genetic/molecular,,,,,,,,,,,,,,,,,,,,,,,,,,,,,,,,,,,,,,,,,,,,,,,,,,,,,,,,,,,,,,,,,,,,,,,,,,,,,,,,,,,,,,,,,,,,,,,,,,,,,,,,,,,,,,,,,,,,,,,,,,,,,,,,,,,,,,,,,,,,,,,,,,,,,,,,,,,,,,,,,,,,,,,,,,,,,,,,,,,,,,,,,,,,,,,,,,,,,,,,,,,,,,,,,,,,,,,,,,,,,,,JO,JAO,CMK
1,0,yes,,4585,,Dabire,Year to year and seasonal variations in vector bionomics and malaria transmission in a humid savannah village in west Burkina Faso,Journal of Vector Ecology ,2008,yes,yes,none,na,yes,HBR presented monthly in figure.,Burkina Faso,Lena,11.299,-3.9,,,,,,,,,,,,,,,,,,point,*encarta,Not Specified,Not Specified,Study site is in a humid savannah village. There are 2 distinct seasons: rains occur from May to October with a long dry season from November to April. The average annual ranfall ranged from 1000 to 1200mm in the last five years.,no,na,na,,,,,,,,,,,"MBI, MBO, HRI, RO. MB 1800 - 0600. Sampling occurred 4 times per month in the rainy season only. Pit traps collections were only done in 2000",yes,no,no,2,12,1999,2001,,cross,,"In this region, there are two distinct seasons: rains occur only from May to October, with a long dry season from November to April. The average annual rainfall ranged from 1,000 to 1,200 mm in the last five years.",gambiae (S/M),,,,morph,genetic/molecular,,,,,,,,,,,,,,,,,,,,,,,,,,,,,,,,,,,,,,,,,,,,,,,,,,,,,,,,,,,,,,,,,,,,,,,,,,,,,,,,,HRI,71,81,87.7,,,,,,,,,,,,HBI (%calc),,,,,,,,,"Data listed includes mixed blood meals of both cattle and human (calculated here: human: 51/81; animal (bovine, ovine or pig): 10/81; mixed: 20/81)",,,,,,,,,,,,,,,,,,,,,,,,,,,,,,,,,,,,,,,,,,,,,,,,,,,,,,,,,,,,,,,,,,,,,,,,,,,,,,,,,,MS,CMa,,,,,,,,,,,,,,,,,,,,,,,,,,,,,,,,,,,JO,JAO,CMK
1,0,yes,,4585,,Dabire,Year to year and seasonal variations in vector bionomics and malaria transmission in a humid savannah village in west Burkina Faso,Journal of Vector Ecology ,2008,yes,yes,none,na,yes,HBR presented monthly in figure.,Burkina Faso,Lena,11.299,-3.9,,,,,,,,,,,,,,,,,,point,*encarta,Not Specified,Not Specified,Study site is in a humid savannah village. There are 2 distinct seasons: rains occur from May to October with a long dry season from November to April. The average annual ranfall ranged from 1000 to 1200mm in the last five years.,no,na,na,,,,,,,,,,,"MBI, MBO, HRI, RO. MB 1800 - 0600. Sampling occurred 4 times per month in the rainy season only. Pit traps collections were only done in 2001",yes,no,no,2,12,1999,2001,,cross,,"In this region, there are two distinct seasons: rains occur only from May to October, with a long dry season from November to April. The average annual rainfall ranged from 1,000 to 1,200 mm in the last five years.",funestus,,,,morph,genetic/molecular,,,,,,,,,,,,,,,,,,,,,,,,,,,,,,,,,,,,,,,,,,,,,,,,,,,,,,,,,,,,,,,,,,,,,,,,,,,,,,,,,HRI,19,30,63.3,,,,,,,,,,,,HBI (%calc),,,,,,,,,"Data listed includes mixed blood meals of both cattle and human (calculated here: human: 17/30; animal (bovine, ovine or pig): 11/30; mixed: 2/30)",,,,,,,,,,,,,,,,,,,,,,,,,,,,,,,,,,,,,,,,,,,,,,,,,,,,,,,,,,,,,,,,,,,,,,,,,,,,,,,,,,MS,CMa,,,,,,,,,,,,,,,,,,,,,,,,,,,,,,,,,,,JO,JAO,CMK
1,0,yes,,4585,,Dabire,Year to year and seasonal variations in vector bionomics and malaria transmission in a humid savannah village in west Burkina Faso,Journal of Vector Ecology ,2008,yes,yes,none,na,yes,HBR presented monthly in figure.,Burkina Faso,Lena,11.299,-3.9,,,,,,,,,,,,,,,,,,point,*encarta,Not Specified,Not Specified,Study site is in a humid savannah village. There are 2 distinct seasons: rains occur from May to October with a long dry season from November to April. The average annual ranfall ranged from 1000 to 1200mm in the last five years.,no,na,na,,,,,,,,,,,"MBI, MBO, HRI, RO. MB 1800 - 0600. Sampling occurred 4 times per month in the rainy season only. Pit traps collections were only done in 2002",yes,no,no,7,12,2000,2001,,cross,,"In this region, there are two distinct seasons: rains occur only from May to October, with a long dry season from November to April. The average annual rainfall ranged from 1,000 to 1,200 mm in the last five years.",GAMBIAE COMPLEX,,,,morph,genetic/molecular,,,,,,,,,,,,,,,,,,,,,,,,,,,,,,,,,,,,,,,,,,,,,,,,,,,,,,,,,,,,,,,,,,,,,,,,,,,,,,,,,,,,,,,,,,,,,,,,,,,,,,,,,,,,,,,,,,,,,,,,,,,,,,,,,,,,,,,,,,,,,,,,,,,,,,,,,,,,,,,,,,,,,,,,,,HRI,,,,187,,,,,,,,,,,count,Pit trap collections were only conducted in 2000. HRI collections represent data from July 2000 - December 2001 (i.e. Jul - dec 2000 and jul - dec 2001).,MS,CMa,,,,,,,,,,,,,,,,,,,,,,,,,,,,,,,,,,,JO,JAO,CMK
1,0,yes,,4585,,Dabire,Year to year and seasonal variations in vector bionomics and malaria transmission in a humid savannah village in west Burkina Faso,Journal of Vector Ecology ,2008,yes,yes,none,na,yes,HBR presented monthly in figure.,Burkina Faso,Lena,11.299,-3.9,,,,,,,,,,,,,,,,,,point,*encarta,Not Specified,Not Specified,Study site is in a humid savannah village. There are 2 distinct seasons: rains occur from May to October with a long dry season from November to April. The average annual ranfall ranged from 1000 to 1200mm in the last five years.,no,na,na,,,,,,,,,,,"MBI, MBO, HRI, RO. MB 1800 - 0600. Sampling occurred 4 times per month in the rainy season only. Pit traps collections were only done in 2003",yes,no,no,7,12,2000,2001,,cross,,"In this region, there are two distinct seasons: rains occur only from May to October, with a long dry season from November to April. The average annual rainfall ranged from 1,000 to 1,200 mm in the last five years.",FUNESTUS COMPLEX,,,,morph,genetic/molecular,,,,,,,,,,,,,,,,,,,,,,,,,,,,,,,,,,,,,,,,,,,,,,,,,,,,,,,,,,,,,,,,,,,,,,,,,,,,,,,,,,,,,,,,,,,,,,,,,,,,,,,,,,,,,,,,,,,,,,,,,,,,,,,,,,,,,,,,,,,,,,,,,,,,,,,,,,,,,,,,,,,,,,,,,,HRI,,,,627,,,,,,,,,,,count,Pit trap collections were only conducted in 2000.,MS,CMa,,,,,,,,,,,,,,,,,,,,,,,,,,,,,,,,,,,JO,JAO,CMK
1,0,yes,,4585,,Dabire,Year to year and seasonal variations in vector bionomics and malaria transmission in a humid savannah village in west Burkina Faso,Journal of Vector Ecology ,2008,yes,yes,none,na,yes,HBR presented monthly in figure.,Burkina Faso,Lena,11.299,-3.9,,,,,,,,,,,,,,,,,,point,*encarta,Not Specified,Not Specified,Study site is in a humid savannah village. There are 2 distinct seasons: rains occur from May to October with a long dry season from November to April. The average annual ranfall ranged from 1000 to 1200mm in the last five years.,no,na,na,,,,,,,,,,,"MBI, MBO, HRI, RO. MB 1800 - 0600. Sampling occurred 4 times per month in the rainy season only. Pit traps collections were only done in 2004",yes,no,no,7,12,1999,1999,,cross,,"In this region, there are two distinct seasons: rains occur only from May to October, with a long dry season from November to April. The average annual rainfall ranged from 1,000 to 1,200 mm in the last five years.",GAMBIAE COMPLEX,,,,morph,genetic/molecular,,,,,,,,,,,,,,,,,,,,,,,,,,,,,,,,,,,,,,,,,,,,,,,,,,,,,,,,,,,,,,,,,,,,,,,,,,,,,,,,,,,,,,,,,,,,,,,,,,,,,,,,,,,HLC - in,459,948,48.4,,HLC - out,489,948,51.6,%,,,,,,,,,,,,,,,,,,,,,,,,,,,,,,,,,,,,,,,,,,,,,,,,,,,,,,,,,,,,,,,,,,,,,,,MS,CMa,,,,,,,,,,,,,,,,,,,,,,,,,,,,,,,,,,,JO,JAO,CMK
1,0,yes,,4585,,Dabire,Year to year and seasonal variations in vector bionomics and malaria transmission in a humid savannah village in west Burkina Faso,Journal of Vector Ecology ,2008,yes,yes,none,na,yes,HBR presented monthly in figure.,Burkina Faso,Lena,11.299,-3.9,,,,,,,,,,,,,,,,,,point,*encarta,Not Specified,Not Specified,Study site is in a humid savannah village. There are 2 distinct seasons: rains occur from May to October with a long dry season from November to April. The average annual ranfall ranged from 1000 to 1200mm in the last five years.,no,na,na,,,,,,,,,,,"MBI, MBO, HRI, RO. MB 1800 - 0600. Sampling occurred 4 times per month in the rainy season only. Pit traps collections were only done in 2005",yes,no,no,7,12,1999,1999,,cross,,"In this region, there are two distinct seasons: rains occur only from May to October, with a long dry season from November to April. The average annual rainfall ranged from 1,000 to 1,200 mm in the last five years.",FUNESTUS COMPLEX,,,,morph,,,,,,,,,,,,,,,,,,,,,,,,,,,,,,,,,,,,,,,,,,,,,,,,,,,,,,,,,,,,,,,,,,,,,,,,,,,,,,,,,,,,,,,,,,,,,,,,,,,,,,,,,,,,HLC - in,243,448,54.2,,HLC - out,205,448,45.8,%,,,,,,,,,,,,,,,,,,,,,,,,,,,,,,,,,,,,,,,,,,,,,,,,,,,,,,,,,,,,,,,,,,,,,,,MS,CMa,,,,,,,,,,,,,,,,,,,,,,,,,,,,,,,,,,,JO,JAO,CMK
1,0,yes,,4585,,Dabire,Year to year and seasonal variations in vector bionomics and malaria transmission in a humid savannah village in west Burkina Faso,Journal of Vector Ecology ,2008,yes,yes,none,na,yes,HBR presented monthly in figure.,Burkina Faso,Lena,11.299,-3.9,,,,,,,,,,,,,,,,,,point,*encarta,Not Specified,Not Specified,Study site is in a humid savannah village. There are 2 distinct seasons: rains occur from May to October with a long dry season from November to April. The average annual ranfall ranged from 1000 to 1200mm in the last five years.,no,na,na,,,,,,,,,,,"MBI, MBO, HRI, RO. MB 1800 - 0600. Sampling occurred 4 times per month in the rainy season only. Pit traps collections were only done in 2006",yes,no,no,7,12,1999,1999,,cross,,"In this region, there are two distinct seasons: rains occur only from May to October, with a long dry season from November to April. The average annual rainfall ranged from 1,000 to 1,200 mm in the last five years.",gambiae (S/M),,,,morph,genetic/molecular,,,,,,,,,,,,,,,,,,,,,,,,,,,,,,HLC - in,,,,77,129,59.7,,,,parity rate calculated from data given: 59.7. all other calculations appear correct so used this rate rather than the 59.1 given in table.,HLC - in,,,,,,,25,366,6.8,,,,,,,,,,119,year,,"Unsure of how the EIR was calculated but it may only represent data from the rainy season, so may not be comparable. ",,,,,,,,,,,,,,,,,,,,,,,,,,,,,,,,,,,,,,,,,,,,,,,,,,,,,,,,,,,,,,,,,,,,,,,,,,,,,,,,,,,,,,,,,,,,,,,,,,,,,,,,,,,,,,,,,,,,,,,,,,,,MS,CMa,,,,,,,,,,,,,,,,,,,,,,,,,,,,,,,,,,,JO,JAO,CMK
1,0,yes,,4585,,Dabire,Year to year and seasonal variations in vector bionomics and malaria transmission in a humid savannah village in west Burkina Faso,Journal of Vector Ecology ,2008,yes,yes,none,na,yes,HBR presented monthly in figure.,Burkina Faso,Lena,11.299,-3.9,,,,,,,,,,,,,,,,,,point,*encarta,Not Specified,Not Specified,Study site is in a humid savannah village. There are 2 distinct seasons: rains occur from May to October with a long dry season from November to April. The average annual ranfall ranged from 1000 to 1200mm in the last five years.,no,na,na,,,,,,,,,,,"MBI, MBO, HRI, RO. MB 1800 - 0600. Sampling occurred 4 times per month in the rainy season only. Pit traps collections were only done in 2007",yes,no,no,7,12,1999,1999,,cross,,"In this region, there are two distinct seasons: rains occur only from May to October, with a long dry season from November to April. The average annual rainfall ranged from 1,000 to 1,200 mm in the last five years.",gambiae (S/M),,,,morph,genetic/molecular,,,,,,,,,,,,,,,,,,,,,,,,,,,,,,HLC - in,,,,77,124,62.1,,,,,HLC - out,,,,,,,19,333,5.7,,,,,,,,,,112,year,,"Unsure of how the EIR was calculated but it may only represent data from the rainy season, so may not be comparable. ",,,,,,,,,,,,,,,,,,,,,,,,,,,,,,,,,,,,,,,,,,,,,,,,,,,,,,,,,,,,,,,,,,,,,,,,,,,,,,,,,,,,,,,,,,,,,,,,,,,,,,,,,,,,,,,,,,,,,,,,,,,,MS,CMa,,,,,,,,,,,,,,,,,,,,,,,,,,,,,,,,,,,JO,JAO,CMK
1,0,yes,,4585,,Dabire,Year to year and seasonal variations in vector bionomics and malaria transmission in a humid savannah village in west Burkina Faso,Journal of Vector Ecology ,2008,yes,yes,none,na,yes,HBR presented monthly in figure.,Burkina Faso,Lena,11.299,-3.9,,,,,,,,,,,,,,,,,,point,*encarta,Not Specified,Not Specified,Study site is in a humid savannah village. There are 2 distinct seasons: rains occur from May to October with a long dry season from November to April. The average annual ranfall ranged from 1000 to 1200mm in the last five years.,no,na,na,,,,,,,,,,,"MBI, MBO, HRI, RO. MB 1800 - 0600. Sampling occurred 4 times per month in the rainy season only. Pit traps collections were only done in 2008",yes,no,no,7,12,1999,1999,,cross,,"In this region, there are two distinct seasons: rains occur only from May to October, with a long dry season from November to April. The average annual rainfall ranged from 1,000 to 1,200 mm in the last five years.",funestus,,,,morph,genetic/molecular,,,,,,,,,,,,,,,,,,,,,,,,,,,,,,HLC - in,,,,11,15,73.3,,,,,HLC - in,,,,,,,5,31,16.1,,,,,,,,,,73,year,,"Unsure of how the EIR was calculated but it may only represent data from the rainy season, so may not be comparable. ",,,,,,,,,,,,,,,,,,,,,,,,,,,,,,,,,,,,,,,,,,,,,,,,,,,,,,,,,,,,,,,,,,,,,,,,,,,,,,,,,,,,,,,,,,,,,,,,,,,,,,,,,,,,,,,,,,,,,,,,,,,,MS,CMa,,,,,,,,,,,,,,,,,,,,,,,,,,,,,,,,,,,JO,JAO,CMK
1,0,yes,,4585,,Dabire,Year to year and seasonal variations in vector bionomics and malaria transmission in a humid savannah village in west Burkina Faso,Journal of Vector Ecology ,2008,yes,yes,none,na,yes,HBR presented monthly in figure.,Burkina Faso,Lena,11.299,-3.9,,,,,,,,,,,,,,,,,,point,*encarta,Not Specified,Not Specified,Study site is in a humid savannah village. There are 2 distinct seasons: rains occur from May to October with a long dry season from November to April. The average annual ranfall ranged from 1000 to 1200mm in the last five years.,no,na,na,,,,,,,,,,,"MBI, MBO, HRI, RO. MB 1800 - 0600. Sampling occurred 4 times per month in the rainy season only. Pit traps collections were only done in 2009",yes,no,no,7,12,1999,1999,,cross,,"In this region, there are two distinct seasons: rains occur only from May to October, with a long dry season from November to April. The average annual rainfall ranged from 1,000 to 1,200 mm in the last five years.",funestus,,,,morph,genetic/molecular,,,,,,,,,,,,,,,,,,,,,,,,,,,,,,HLC - in,,,,1,2,50,,,,,HLC - out,,,,,,,1,14,7.1,,,,,,,,,,5,year,,"Unsure of how the EIR was calculated but it may only represent data from the rainy season, so may not be comparable. ",,,,,,,,,,,,,,,,,,,,,,,,,,,,,,,,,,,,,,,,,,,,,,,,,,,,,,,,,,,,,,,,,,,,,,,,,,,,,,,,,,,,,,,,,,,,,,,,,,,,,,,,,,,,,,,,,,,,,,,,,,,,MS,CMa,,,,,,,,,,,,,,,,,,,,,,,,,,,,,,,,,,,JO,JAO,CMK
1,0,yes,,4585,,Dabire,Year to year and seasonal variations in vector bionomics and malaria transmission in a humid savannah village in west Burkina Faso,Journal of Vector Ecology ,2008,yes,yes,none,na,yes,HBR presented monthly in figure.,Burkina Faso,Lena,11.299,-3.9,,,,,,,,,,,,,,,,,,point,*encarta,Not Specified,Not Specified,Study site is in a humid savannah village. There are 2 distinct seasons: rains occur from May to October with a long dry season from November to April. The average annual ranfall ranged from 1000 to 1200mm in the last five years.,no,na,na,,,,,,,,,,,"MBI, MBO, HRI, RO. MB 1800 - 0600. Sampling occurred 4 times per month in the rainy season only. Pit traps collections were only done in 2010",yes,no,no,7,12,1999,1999,,cross,,"In this region, there are two distinct seasons: rains occur only from May to October, with a long dry season from November to April. The average annual rainfall ranged from 1,000 to 1,200 mm in the last five years.",NILI COMPLEX,,,,morph,,,,,,,,,,,,,,,,,,,,,,,,,,,,,,,,,,,,,,,,,,,,,,,,,,,,,,,,,,,,,,,,,,,,,,,,,,,,,,,,,,,,,,,,,,,,,,,,,,,,,,,,,,,,HLC - in,9,25,36,,HLC - out,16,25,64,%,,,,,,,,,,,,,,,,,,,,,,,,,,,,,,,,,,,,,,,,,,,,,,,,,,,,,,,,,,,,,,,,,,,,,,,MS,CMa,,,,,,,,,,,,,,,,,,,,,,,,,,,,,,,,,,,JO,JAO,CMK
1,0,yes,,4585,,Dabire,Year to year and seasonal variations in vector bionomics and malaria transmission in a humid savannah village in west Burkina Faso,Journal of Vector Ecology ,2008,yes,yes,none,na,yes,HBR presented monthly in figure.,Burkina Faso,Lena,11.299,-3.9,,,,,,,,,,,,,,,,,,point,*encarta,Not Specified,Not Specified,Study site is in a humid savannah village. There are 2 distinct seasons: rains occur from May to October with a long dry season from November to April. The average annual ranfall ranged from 1000 to 1200mm in the last five years.,no,na,na,,,,,,,,,,,"MBI, MBO, HRI, RO. MB 1800 - 0600. Sampling occurred 4 times per month in the rainy season only. Pit traps collections were only done in 2011",yes,no,no,7,12,2000,2000,,cross,,"In this region, there are two distinct seasons: rains occur only from May to October, with a long dry season from November to April. The average annual rainfall ranged from 1,000 to 1,200 mm in the last five years.",GAMBIAE COMPLEX,,,,morph,genetic/molecular,,,,,,,,,,,,,,,,,,,,,,,,,,,,,,,,,,,,,,,,,,,,,,,,,,,,,,,,,,,,,,,,,,,,,,,,,,,,,,,,,,,,,,,,,,,,,,,,,,,,,,,,,,,HLC - in,184,352,52.3,,HLC - out,168,352,47.7,%,,,,,,,,,,,,,,,,,,,,,,,,,,,,,,,,,,,,,,,,,,,,,,,,,,,,,,,,,,,,,,,14,,,,,,count,Pit trap collections were only conducted in 2000. HRI collections represent data from July 2000 - December 2001 (i.e. Jul - dec 2000 and jul - dec 2001).,MS,CMa,,,,,,,,,,,,,,,,,,,,,,,,,,,,,,,,,,,JO,JAO,CMK
1,0,yes,,4585,,Dabire,Year to year and seasonal variations in vector bionomics and malaria transmission in a humid savannah village in west Burkina Faso,Journal of Vector Ecology ,2008,yes,yes,none,na,yes,HBR presented monthly in figure.,Burkina Faso,Lena,11.299,-3.9,,,,,,,,,,,,,,,,,,point,*encarta,Not Specified,Not Specified,Study site is in a humid savannah village. There are 2 distinct seasons: rains occur from May to October with a long dry season from November to April. The average annual ranfall ranged from 1000 to 1200mm in the last five years.,no,na,na,,,,,,,,,,,"MBI, MBO, HRI, RO. MB 1800 - 0600. Sampling occurred 4 times per month in the rainy season only. Pit traps collections were only done in 2012",yes,no,no,7,12,2000,2000,,cross,,"In this region, there are two distinct seasons: rains occur only from May to October, with a long dry season from November to April. The average annual rainfall ranged from 1,000 to 1,200 mm in the last five years.",FUNESTUS COMPLEX,,,,morph,genetic/molecular,,,,,,,,,,,,,,,,,,,,,,,,,,,,,,,,,,,,,,,,,,,,,,,,,,,,,,,,,,,,,,,,,,,,,,,,,,,,,,,,,,,,,,,,,,,,,,,,,,,,,,,,,,,HLC - in,555,964,57.6,,HLC - out,409,964,42.4,%,,,,,,,,,,,,,,,,,,,,,,,,,,,,,,,,,,,,,,,,,,,,,,,,,,,,,,,,,,,,,,,33,,,,,,count,Pit trap collections were only conducted in 2000.,MS,CMa,,,,,,,,,,,,,,,,,,,,,,,,,,,,,,,,,,,JO,JAO,CMK
1,0,yes,,4585,,Dabire,Year to year and seasonal variations in vector bionomics and malaria transmission in a humid savannah village in west Burkina Faso,Journal of Vector Ecology ,2008,yes,yes,none,na,yes,HBR presented monthly in figure.,Burkina Faso,Lena,11.299,-3.9,,,,,,,,,,,,,,,,,,point,*encarta,Not Specified,Not Specified,Study site is in a humid savannah village. There are 2 distinct seasons: rains occur from May to October with a long dry season from November to April. The average annual ranfall ranged from 1000 to 1200mm in the last five years.,no,na,na,,,,,,,,,,,"MBI, MBO, HRI, RO. MB 1800 - 0600. Sampling occurred 4 times per month in the rainy season only. Pit traps collections were only done in 2013",yes,no,no,7,12,2000,2000,,cross,,"In this region, there are two distinct seasons: rains occur only from May to October, with a long dry season from November to April. The average annual rainfall ranged from 1,000 to 1,200 mm in the last five years.",gambiae (S/M),,,,morph,genetic/molecular,,,,,,,,,,,,,,,,,,,,,,,,,,,,,,HLC - in,,,,50,67,74.6,,,,,HLC - in,,,,,,,22,184,12,,,,,,,,,,85,year,,"Unsure of how the EIR was calculated but it may only represent data from the rainy season, so may not be comparable. ",,,,,,,,,,,,,,,,,,,,,,,,,,,,,,,,,,,,,,,,,,,,,,,,,,,,,,,,,,,,,,,,,,,,,,,,,,,,,,,,,,,,,,,,,,,,,,,,,,,,,,,,,,,,,,,,,,,,,,,,,,,,MS,CMa,,,,,,,,,,,,,,,,,,,,,,,,,,,,,,,,,,,JO,JAO,CMK
1,0,yes,,4585,,Dabire,Year to year and seasonal variations in vector bionomics and malaria transmission in a humid savannah village in west Burkina Faso,Journal of Vector Ecology ,2008,yes,yes,none,na,yes,HBR presented monthly in figure.,Burkina Faso,Lena,11.299,-3.9,,,,,,,,,,,,,,,,,,point,*encarta,Not Specified,Not Specified,Study site is in a humid savannah village. There are 2 distinct seasons: rains occur from May to October with a long dry season from November to April. The average annual ranfall ranged from 1000 to 1200mm in the last five years.,no,na,na,,,,,,,,,,,"MBI, MBO, HRI, RO. MB 1800 - 0600. Sampling occurred 4 times per month in the rainy season only. Pit traps collections were only done in 2014",yes,no,no,7,12,2000,2000,,cross,,"In this region, there are two distinct seasons: rains occur only from May to October, with a long dry season from November to April. The average annual rainfall ranged from 1,000 to 1,200 mm in the last five years.",gambiae (S/M),,,,morph,genetic/molecular,,,,,,,,,,,,,,,,,,,,,,,,,,,,,,HLC - in,,,,44,62,71,,,,,HLC - out,,,,,,,19,175,10.9,,,,,,,,,,70,year,,"Unsure of how the EIR was calculated but it may only represent data from the rainy season, so may not be comparable. ",,,,,,,,,,,,,,,,,,,,,,,,,,,,,,,,,,,,,,,,,,,,,,,,,,,,,,,,,,,,,,,,,,,,,,,,,,,,,,,,,,,,,,,,,,,,,,,,,,,,,,,,,,,,,,,,,,,,,,,,,,,,MS,CMa,,,,,,,,,,,,,,,,,,,,,,,,,,,,,,,,,,,JO,JAO,CMK
1,0,yes,,4585,,Dabire,Year to year and seasonal variations in vector bionomics and malaria transmission in a humid savannah village in west Burkina Faso,Journal of Vector Ecology ,2008,yes,yes,none,na,yes,HBR presented monthly in figure.,Burkina Faso,Lena,11.299,-3.9,,,,,,,,,,,,,,,,,,point,*encarta,Not Specified,Not Specified,Study site is in a humid savannah village. There are 2 distinct seasons: rains occur from May to October with a long dry season from November to April. The average annual ranfall ranged from 1000 to 1200mm in the last five years.,no,na,na,,,,,,,,,,,"MBI, MBO, HRI, RO. MB 1800 - 0600. Sampling occurred 4 times per month in the rainy season only. Pit traps collections were only done in 2015",yes,no,no,7,12,2000,2000,,cross,,"In this region, there are two distinct seasons: rains occur only from May to October, with a long dry season from November to April. The average annual rainfall ranged from 1,000 to 1,200 mm in the last five years.",funestus,,,,morph,genetic/molecular,,,,,,,,,,,,,,,,,,,,,,,,,,,,,,HLC - in,,,,64,103,62.1,,,,,HLC - in,,,,,,,11,230,4.8,,,,,,,,,,86,year,,"Unsure of how the EIR was calculated but it may only represent data from the rainy season, so may not be comparable. ",,,,,,,,,,,,,,,,,,,,,,,,,,,,,,,,,,,,,,,,,,,,,,,,,,,,,,,,,,,,,,,,,,,,,,,,,,,,,,,,,,,,,,,,,,,,,,,,,,,,,,,,,,,,,,,,,,,,,,,,,,,,MS,CMa,,,,,,,,,,,,,,,,,,,,,,,,,,,,,,,,,,,JO,JAO,CMK
1,0,yes,,4585,,Dabire,Year to year and seasonal variations in vector bionomics and malaria transmission in a humid savannah village in west Burkina Faso,Journal of Vector Ecology ,2008,yes,yes,none,na,yes,HBR presented monthly in figure.,Burkina Faso,Lena,11.299,-3.9,,,,,,,,,,,,,,,,,,point,*encarta,Not Specified,Not Specified,Study site is in a humid savannah village. There are 2 distinct seasons: rains occur from May to October with a long dry season from November to April. The average annual ranfall ranged from 1000 to 1200mm in the last five years.,no,na,na,,,,,,,,,,,"MBI, MBO, HRI, RO. MB 1800 - 0600. Sampling occurred 4 times per month in the rainy season only. Pit traps collections were only done in 2016",yes,no,no,7,12,2000,2000,,cross,,"In this region, there are two distinct seasons: rains occur only from May to October, with a long dry season from November to April. The average annual rainfall ranged from 1,000 to 1,200 mm in the last five years.",funestus,,,,morph,genetic/molecular,,,,,,,,,,,,,,,,,,,,,,,,,,,,,,HLC - in,,,,53,89,59.6,,,,parity rate calculated from data given: 59.6. Most other calculations appear correct so used this rate rather than the 59.9 given in table.,HLC - out,,,,,,,7,230,3,,,,,,,,,,53,year,,"Unsure of how the EIR was calculated but it may only represent data from the rainy season, so may not be comparable. ",,,,,,,,,,,,,,,,,,,,,,,,,,,,,,,,,,,,,,,,,,,,,,,,,,,,,,,,,,,,,,,,,,,,,,,,,,,,,,,,,,,,,,,,,,,,,,,,,,,,,,,,,,,,,,,,,,,,,,,,,,,,MS,CMa,,,,,,,,,,,,,,,,,,,,,,,,,,,,,,,,,,,JO,JAO,CMK
1,0,yes,,4585,,Dabire,Year to year and seasonal variations in vector bionomics and malaria transmission in a humid savannah village in west Burkina Faso,Journal of Vector Ecology ,2008,yes,yes,none,na,yes,HBR presented monthly in figure.,Burkina Faso,Lena,11.299,-3.9,,,,,,,,,,,,,,,,,,point,*encarta,Not Specified,Not Specified,Study site is in a humid savannah village. There are 2 distinct seasons: rains occur from May to October with a long dry season from November to April. The average annual ranfall ranged from 1000 to 1200mm in the last five years.,no,na,na,,,,,,,,,,,"MBI, MBO, HRI, RO. MB 1800 - 0600. Sampling occurred 4 times per month in the rainy season only. Pit traps collections were only done in 2017",yes,no,no,7,12,2000,2000,,cross,,"In this region, there are two distinct seasons: rains occur only from May to October, with a long dry season from November to April. The average annual rainfall ranged from 1,000 to 1,200 mm in the last five years.",NILI COMPLEX,,,,morph,,,,,,,,,,,,,,,,,,,,,,,,,,,,,,,,,,,,,,,,,,,,,,,,,,,,,,,,,,,,,,,,,,,,,,,,,,,,,,,,,,,,,,,,,,,,,,,,,,,,,,,,,,,,HLC - in,16,33,48.5,,HLC - out,17,33,51.5,%,,,,,,,,,,,,,,,,,,,,,,,,,,,,,,,,,,,,,,,,,,,,,,,,,,,,,,,,,,,,,,,,,,,,,,,MS,CMa,,,,,,,,,,,,,,,,,,,,,,,,,,,,,,,,,,,JO,JAO,CMK
1,0,yes,,4585,,Dabire,Year to year and seasonal variations in vector bionomics and malaria transmission in a humid savannah village in west Burkina Faso,Journal of Vector Ecology ,2008,yes,yes,none,na,yes,HBR presented monthly in figure.,Burkina Faso,Lena,11.299,-3.9,,,,,,,,,,,,,,,,,,point,*encarta,Not Specified,Not Specified,Study site is in a humid savannah village. There are 2 distinct seasons: rains occur from May to October with a long dry season from November to April. The average annual ranfall ranged from 1000 to 1200mm in the last five years.,no,na,na,,,,,,,,,,,"MBI, MBO, HRI, RO. MB 1800 - 0600. Sampling occurred 4 times per month in the rainy season only. Pit traps collections were only done in 2018",yes,no,no,7,12,2001,2001,,cross,,"In this region, there are two distinct seasons: rains occur only from May to October, with a long dry season from November to April. The average annual rainfall ranged from 1,000 to 1,200 mm in the last five years.",GAMBIAE COMPLEX,,,,morph,genetic/molecular,,,,,,,,,,,,,,,,,,,,,,,,,,,,,,,,,,,,,,,,,,,,,,,,,,,,,,,,,,,,,,,,,,,,,,,,,,,,,,,,,,,,,,,,,,,,,,,,,,,,,,,,,,,HLC - in,178,332,53.6,,HLC - out,154,332,46.4,%,,,,,,,,,,,,,,,,,,,,,,,,,,,,,,,,,,,,,,,,,,,,,,,,,,,,,,,,,,,,,,,,,,,,,,,MS,CMa,,,,,,,,,,,,,,,,,,,,,,,,,,,,,,,,,,,JO,JAO,CMK
1,0,yes,,4585,,Dabire,Year to year and seasonal variations in vector bionomics and malaria transmission in a humid savannah village in west Burkina Faso,Journal of Vector Ecology ,2008,yes,yes,none,na,yes,HBR presented monthly in figure.,Burkina Faso,Lena,11.299,-3.9,,,,,,,,,,,,,,,,,,point,*encarta,Not Specified,Not Specified,Study site is in a humid savannah village. There are 2 distinct seasons: rains occur from May to October with a long dry season from November to April. The average annual ranfall ranged from 1000 to 1200mm in the last five years.,no,na,na,,,,,,,,,,,"MBI, MBO, HRI, RO. MB 1800 - 0600. Sampling occurred 4 times per month in the rainy season only. Pit traps collections were only done in 2019",yes,no,no,7,12,2001,2001,,cross,,"In this region, there are two distinct seasons: rains occur only from May to October, with a long dry season from November to April. The average annual rainfall ranged from 1,000 to 1,200 mm in the last five years.",FUNESTUS COMPLEX,,,,morph,genetic/molecular,,,,,,,,,,,,,,,,,,,,,,,,,,,,,,,,,,,,,,,,,,,,,,,,,,,,,,,,,,,,,,,,,,,,,,,,,,,,,,,,,,,,,,,,,,,,,,,,,,,,,,,,,,,HLC - in,500,737,67.8,,HLC - out,237,737,32.2,%,,,,,,,,,,,,,,,,,,,,,,,,,,,,,,,,,,,,,,,,,,,,,,,,,,,,,,,,,,,,,,,,,,,,,,,MS,CMa,,,,,,,,,,,,,,,,,,,,,,,,,,,,,,,,,,,JO,JAO,CMK
1,0,yes,,4585,,Dabire,Year to year and seasonal variations in vector bionomics and malaria transmission in a humid savannah village in west Burkina Faso,Journal of Vector Ecology ,2008,yes,yes,none,na,yes,HBR presented monthly in figure.,Burkina Faso,Lena,11.299,-3.9,,,,,,,,,,,,,,,,,,point,*encarta,Not Specified,Not Specified,Study site is in a humid savannah village. There are 2 distinct seasons: rains occur from May to October with a long dry season from November to April. The average annual ranfall ranged from 1000 to 1200mm in the last five years.,no,na,na,,,,,,,,,,,"MBI, MBO, HRI, RO. MB 1800 - 0600. Sampling occurred 4 times per month in the rainy season only. Pit traps collections were only done in 2020",yes,no,no,7,12,2001,2001,,cross,,"In this region, there are two distinct seasons: rains occur only from May to October, with a long dry season from November to April. The average annual rainfall ranged from 1,000 to 1,200 mm in the last five years.",gambiae (S/M),,,,morph,genetic/molecular,,,,,,,,,,,,,,,,,,,,,,,,,,,,,,HLC - in,,,,48,58,82.8,,,,,HLC - in,,,,,,,18,183,9.8,,,,,,,,,,68,year,,"Unsure of how the EIR was calculated but it may only represent data from the rainy season, so may not be comparable. ",,,,,,,,,,,,,,,,,,,,,,,,,,,,,,,,,,,,,,,,,,,,,,,,,,,,,,,,,,,,,,,,,,,,,,,,,,,,,,,,,,,,,,,,,,,,,,,,,,,,,,,,,,,,,,,,,,,,,,,,,,,,MS,CMa,,,,,,,,,,,,,,,,,,,,,,,,,,,,,,,,,,,JO,JAO,CMK
1,0,yes,,4585,,Dabire,Year to year and seasonal variations in vector bionomics and malaria transmission in a humid savannah village in west Burkina Faso,Journal of Vector Ecology ,2008,yes,yes,none,na,yes,HBR presented monthly in figure.,Burkina Faso,Lena,11.299,-3.9,,,,,,,,,,,,,,,,,,point,*encarta,Not Specified,Not Specified,Study site is in a humid savannah village. There are 2 distinct seasons: rains occur from May to October with a long dry season from November to April. The average annual ranfall ranged from 1000 to 1200mm in the last five years.,no,na,na,,,,,,,,,,,"MBI, MBO, HRI, RO. MB 1800 - 0600. Sampling occurred 4 times per month in the rainy season only. Pit traps collections were only done in 2021",yes,no,no,7,12,2001,2001,,cross,,"In this region, there are two distinct seasons: rains occur only from May to October, with a long dry season from November to April. The average annual rainfall ranged from 1,000 to 1,200 mm in the last five years.",gambiae (S/M),,,,morph,genetic/molecular,,,,,,,,,,,,,,,,,,,,,,,,,,,,,,HLC - in,,,,?,?,74.5,,,,"n/total for parity rate presented in table as 48/58 (same as given for MBI) which does not correspond to rate listed. Have assumed error in n/total, and used parity rate given in table.",HLC - out,,,,,,,12,151,7.9,,,,,,,,,,47,year,,"Unsure of how the EIR was calculated but it may only represent data from the rainy season, so may not be comparable. ",,,,,,,,,,,,,,,,,,,,,,,,,,,,,,,,,,,,,,,,,,,,,,,,,,,,,,,,,,,,,,,,,,,,,,,,,,,,,,,,,,,,,,,,,,,,,,,,,,,,,,,,,,,,,,,,,,,,,,,,,,,,MS,CMa,,,,,,,,,,,,,,,,,,,,,,,,,,,,,,,,,,,JO,JAO,CMK
1,0,yes,,4585,,Dabire,Year to year and seasonal variations in vector bionomics and malaria transmission in a humid savannah village in west Burkina Faso,Journal of Vector Ecology ,2008,yes,yes,none,na,yes,HBR presented monthly in figure.,Burkina Faso,Lena,11.299,-3.9,,,,,,,,,,,,,,,,,,point,*encarta,Not Specified,Not Specified,Study site is in a humid savannah village. There are 2 distinct seasons: rains occur from May to October with a long dry season from November to April. The average annual ranfall ranged from 1000 to 1200mm in the last five years.,no,na,na,,,,,,,,,,,"MBI, MBO, HRI, RO. MB 1800 - 0600. Sampling occurred 4 times per month in the rainy season only. Pit traps collections were only done in 2022",yes,no,no,7,12,2001,2001,,cross,,"In this region, there are two distinct seasons: rains occur only from May to October, with a long dry season from November to April. The average annual rainfall ranged from 1,000 to 1,200 mm in the last five years.",funestus,,,,morph,genetic/molecular,,,,,,,,,,,,,,,,,,,,,,,,,,,,,,HLC - in,,,,86,103,83.5,,,,,HLC - in,,,,,,,24,370,6.5,,,,,,,,,,123,year,,"Unsure of how the EIR was calculated but it may only represent data from the rainy season, so may not be comparable. ",,,,,,,,,,,,,,,,,,,,,,,,,,,,,,,,,,,,,,,,,,,,,,,,,,,,,,,,,,,,,,,,,,,,,,,,,,,,,,,,,,,,,,,,,,,,,,,,,,,,,,,,,,,,,,,,,,,,,,,,,,,,MS,CMa,,,,,,,,,,,,,,,,,,,,,,,,,,,,,,,,,,,JO,JAO,CMK
1,0,yes,,4585,,Dabire,Year to year and seasonal variations in vector bionomics and malaria transmission in a humid savannah village in west Burkina Faso,Journal of Vector Ecology ,2008,yes,yes,none,na,yes,HBR presented monthly in figure.,Burkina Faso,Lena,11.299,-3.9,,,,,,,,,,,,,,,,,,point,*encarta,Not Specified,Not Specified,Study site is in a humid savannah village. There are 2 distinct seasons: rains occur from May to October with a long dry season from November to April. The average annual ranfall ranged from 1000 to 1200mm in the last five years.,no,na,na,,,,,,,,,,,"MBI, MBO, HRI, RO. MB 1800 - 0600. Sampling occurred 4 times per month in the rainy season only. Pit traps collections were only done in 2023",yes,no,no,7,12,2001,2001,,cross,,"In this region, there are two distinct seasons: rains occur only from May to October, with a long dry season from November to April. The average annual rainfall ranged from 1,000 to 1,200 mm in the last five years.",funestus,,,,morph,genetic/molecular,,,,,,,,,,,,,,,,,,,,,,,,,,,,,,HLC - in,,,,37,48,77.1,,,,,HLC - out,,,,,,,13,222,5.9,,,,,,,,,,51,year,,"Unsure of how the EIR was calculated but it may only represent data from the rainy season, so may not be comparable. ",,,,,,,,,,,,,,,,,,,,,,,,,,,,,,,,,,,,,,,,,,,,,,,,,,,,,,,,,,,,,,,,,,,,,,,,,,,,,,,,,,,,,,,,,,,,,,,,,,,,,,,,,,,,,,,,,,,,,,,,,,,,MS,CMa,,,,,,,,,,,,,,,,,,,,,,,,,,,,,,,,,,,JO,JAO,CMK
1,0,yes,,4585,,Dabire,Year to year and seasonal variations in vector bionomics and malaria transmission in a humid savannah village in west Burkina Faso,Journal of Vector Ecology ,2008,yes,yes,none,na,yes,HBR presented monthly in figure.,Burkina Faso,Lena,11.299,-3.9,,,,,,,,,,,,,,,,,,point,*encarta,Not Specified,Not Specified,Study site is in a humid savannah village. There are 2 distinct seasons: rains occur from May to October with a long dry season from November to April. The average annual ranfall ranged from 1000 to 1200mm in the last five years.,no,na,na,,,,,,,,,,,"MBI, MBO, HRI, RO. MB 1800 - 0600. Sampling occurred 4 times per month in the rainy season only. Pit traps collections were only done in 2024",yes,no,no,7,12,2001,2001,,cross,,"In this region, there are two distinct seasons: rains occur only from May to October, with a long dry season from November to April. The average annual rainfall ranged from 1,000 to 1,200 mm in the last five years.",NILI COMPLEX,,,,morph,,,,,,,,,,,,,,,,,,,,,,,,,,,,,,,,,,,,,,,,,,,,,,,,,,,,,,,,,,,,,,,,,,,,,,,,,,,,,,,,,,,,,,,,,,,,,,,,,,,,,,,,,,,,HLC - in,19,52,36.5,,HLC - out,33,52,63.5,%,,,,,,,,,,,,,,,,,,,,,,,,,,,,,,,,,,,,,,,,,,,,,,,,,,,,,,,,,,,,,,,,,,,,,,,MS,CMa,,,,,,,,,,,,,,,,,,,,,,,,,,,,,,,,,,,JO,JAO,CMK
0,1,yes,Colonies of this species originally collected from the site listed was used for the study. (colony individuals were confirmed to be of the right species by PCR performed for this species (EH)),4586,10.1016/j.actatropica.2008.09.025 ,Kirby,Effect of temperature and inter-specific competition on the development and survival of Anopheles gambiae sensu stricto and An. arabiensis larvae ,Acta Tropica ,2008,yes,yes,none,na,,,United Republic of Tanzania,Kwale,-4.967,39.132,,,,,,,,,,,,,,,,no,no,point,*encarta,,,"Not Listed- site is 35Km North of Tanga. Checked coords in encarta and found two matched, used info to choose the correct site. The distance from Tanga is 12 Km, but the direction was correct. (GNS gives sites for 7 Kwales, and this one is still the only one in a suitable position, so am sure is correct (EH))",n.a.,,,,,,,,,,,,,,yes,no,no,,,1998,2001,,,,,,gambiae (S/M),n.a.,,genetic/molecular,,,,,,,,,,,,,,,,,,,,,,,,,,,,,,,,,,,,,,,,,,,,,,,,,,,,,,,,,,,,,,,,,,,,,,,,,,,,,,,,,,,,,,,,,,,,,,,,,,,,,,,,,,,,,,,,,,,,,,,,,,,,,,,,,,,,,,,,,,,,,,,,,,,,,,,,,,,,,,,,,,,,,,,,,,,,,,,,,,,,,,,,,,,,,,,,,,,,,,,,,,,,,,,,,,,,,,,,,,,,,,,,JO,JAO,CMK
0,1,yes,Colonies of this species originally collected from the site listed was used for the study. (colony individuals were confirmed to be of the right species by PCR performed for this species (EH)),4586,10.1016/j.actatropica.2008.09.025 ,Kirby,Effect of temperature and inter-specific competition on the development and survival of Anopheles gambiae sensu stricto and An. arabiensis larvae ,Acta Tropica ,2008,yes,yes,none,na,,,Zimbabwe,Kanyema Zambesi Valley,,,,,,,,,,,,,,,,,,,,small polygon,,Not Specified,Not Specified,Not Listed- coords could not be found in all the geo-ref sources. (Zambezi river runs through 5 countries (http://en.wikipedia.org/wiki/Zambezi) and the only reference to Kanyema is the Kanyema Lodge in Zambia (http://www.getawayafrica.com/index.php?id=780) but no further information could be found (EH)),n.a.,,,,,,,,,,,,,,yes,no,no,,,1998,1998,,,,,,arabiensis,n.a.,,genetic/molecular,,,,,,,,,,,,,,,,,,,,,,,,,,,,,,,,,,,,,,,,,,,,,,,,,,,,,,,,,,,,,,,,,,,,,,,,,,,,,,,,,,,,,,,,,,,,,,,,,,,,,,,,,,,,,,,,,,,,,,,,,,,,,,,,,,,,,,,,,,,,,,,,,,,,,,,,,,,,,,,,,,,,,,,,,,,,,,,,,,,,,,,,,,,,,,,,,,,,,,,,,,,,,,,,,,,,,,,,,,,,,,,,JO,JAO,CMK
0,1,yes,,4587,,Mwangangi,"Contribution of different aquatic habitats to adult Anopheles arabiensis and Culex quinquefasciatus (Diptera : Culicidae) production in a rice agroecosystem in Mwea, Kenya",Journal of Vector Ecology ,2008,yes,,none,na,,,Kenya,Mwea irrigation & Agricultutal Development Centre (MIAD),-0.67,37.35,,,,,,,,,,,,,,,,no,no,large polygon,other,Not Specified,Kirinyaga district,"Not Listed-site is located in the Mwea irrigation scheme, which is located in the West-central region of Mwea division and covers an area of 13, 640 ha (136.4 kms), around 100km north of Nairobi. Coords not found in all the georef sources. ((pdf 4127 gives coords of -0.67, 37.35 for the Mwea scheme, but should contact authors to see if more precise sampling location can be given (EH))",n.a.,,,,Larvae,,,,,,,,,,,,,4,12,2005,2005,,,950mm/year,,,GAMBIAE COMPLEX,arabiensis,,morph,genetic/molecular,,,,,,,Farmer (business),Farmer (subsistence),,,,,,,,,,,,,,,cattle,goats,chickens,,Others include donkey and sheep,,,,,,,,,,,,,,,,,,,,,,,,,,,,,,,,,,,,,,,,,,,,,,,,,,,,,,,,,,,,,,,,,,,,,,,,,,,,,,,,,,,,,,,,,,,,,,,,,,,,,,,,,,,,,,,,,,,,,,,,,,,,,,,,,,,,,,,,,,,,,,,,,,,,,,,,,,,,,,,,,,,,,,,,,,,,,,,,,,,,,,,,,,,,,,,,,,,,,,
0,1,yes,,4587,,Mwangangi,"Contribution of different aquatic habitats to adult Anopheles arabiensis and Culex quinquefasciatus (Diptera : Culicidae) production in a rice agroecosystem in Mwea, Kenya",Journal of Vector Ecology ,2008,yes,,none,na,,,Kenya,Kiamachiri,-0.67,37.35,,,,,,,,,,,,,,,,no,no,point,,Not Specified,Kirinyaga district,"Not Listed-is located approx. 2 km outside the scheme and within ""unplanned"" rice growing area. Coords not found, in all the georef sources. (could not find location info anywhere, so have left blank (EH))",n.a.,,,,Larvae,,,,,,,,,,,,,4,12,2005,2005,,,950mm/year,,,GAMBIAE COMPLEX,arabiensis,,morph,genetic/molecular,,,,,,,Farmer (business),Farmer (subsistence),,,,,,,,,,,,,,,cattle,goats,chickens,,Others include donkey and sheep,,,,,,,,,,,,,,,,,,,,,,,,,,,,,,,,,,,,,,,,,,,,,,,,,,,,,,,,,,,,,,,,,,,,,,,,,,,,,,,,,,,,,,,,,,,,,,,,,,,,,,,,,,,,,,,,,,,,,,,,,,,,,,,,,,,,,,,,,,,,,,,,,,,,,,,,,,,,,,,,,,,,,,,,,,,,,,,,,,,,,,,,,,,,,,,,,,,,,,
1,0,yes,,4587,,Mwangangi,"Contribution of different aquatic habitats to adult Anopheles arabiensis and Culex quinquefasciatus (Diptera : Culicidae) production in a rice agroecosystem in Mwea, Kenya",Journal of Vector Ecology ,2008,no,yes,none,na,no,,Kenya,Kiamachiri,-0.67,37.35,,,,,,,,,,,,,,,,no,no,point,,Not Specified,Kirinyaga district,"Not Listed-is located approx. 2 km outside the scheme and within ""unplanned"" rice growing area. Coords not found, in all the georef sources. (could not find location info anywhere, so have left blank (EH))",,,,,,,,,,,,,,,,,,4,12,2005,2005,,,950mm/year,,arabiensis,,,,,genetic/molecular,,,,,,,Farmer (business),Farmer (subsistence),,,,,,,,,,,,,,,cattle,goats,chickens,,Others include donkey and sheep,,,,,,,,,,,,,,,,,,,,,,,,,,,,,,,,,,,,,,,,,,,,,,,,,,,,,,,,,,,,,,,,,,,,,,,,,,,,,,,,,,,,,,,,,,,,,,,,,,,,,,,,,,,,,,,,,,,,,,,,,,,,,,,,,,,,,,,,,,,,,,,,,,,,,,,,,,,,,,,,CMa,,,,,,,,,,,,Swamps/Marsh,,,,,,,,,,,,,,,,,,,,,,,"Seeps, tire tracks, pools, ditch and paddies",,,
0,1,yes,"(An. dthali caught here in september 2007 and june 2007, and at 3 other sites (but no DVS were found at these other sites).  CHC gas chromotography was performed on each species, and differences between species were found, but this appears to have been to develop a new diagnostic technique, and not a means of identification from previously known differences (EH))",4588,,Rasoolian,,,2008,yes,,,,,,Iran,Pirsabz,29.817,51.633,,,,,,,,,,,,,,,,no,no,point,*encarta,Not Specified,Kazeroon County,"Not Listed- paper coords are (29.8000, 51.6333) close to encarta coords.  (Pirsabz found in encarta as Pir Sabz. All sites described as being in southern Iran (EH))",n.a.,,,,Larvae,,,,,,,,,,,,,6,6,2007,2007,,,,,,fluviatilis,n.a.,,morph,,,,,,,,,,,,,,,,,,,,,,,,,,,,,,,,,,,,,,,,,,,,,,,,,,,,,,,,,,,,,,,,,,,,,,,,,,,,,,,,,,,,,,,,,,,,,,,,,,,,,,,,,,,,,,,,,,,,,,,,,,,,,,,,,,,,,,,,,,,,,,,,,,,,,,,,,,,,,,,,,,,,,,,,,,,,,,,,,,,,,,,,,,,,,,,,,,,,,,,,,,,,,,,,,,,,,,,,,,,,,,,,,,
0,1,yes,,4588,,,,,,,,,,,,Iran,Arabe chegini,28.7843,54.3462,,,,,,,,,,,,,,,,no,no,point,geoname,Not Specified,Darab County,"Not Listed- coords could not be found in all the geo-ref sources. Used paper coords, checked and confirmed in encarta that they fall in the correct place. (site found as 'Arab Chegini and A'rab Chegini in GNS at 28.7843, 54.3462, and as 'Arab Chegini in webdb at 28.7833, 54.35. Coords in paper are 28.7833, 54.3667. Have used GNS coords as the source appears more reliable than the webdb (fallingrain and maplandia) (EH))",n.a.,,,,Larvae,,,,,,,,,,,,,5,5,2006,2006,,,,,,superpictus,n.a.,,morph,,,,,,,,,,,,,,,,,,,,,,,,,,,,,,,,,,,,,,,,,,,,,,,,,,,,,,,,,,,,,,,,,,,,,,,,,,,,,,,,,,,,,,,,,,,,,,,,,,,,,,,,,,,,,,,,,,,,,,,,,,,,,,,,,,,,,,,,,,,,,,,,,,,,,,,,,,,,,,,,,,,,,,,,,,,,,,,,,,,,,,,,,,,,,,,,,,,,,,,,,,,,,,,,,,,,,,,,,,,,,,,,,,
0,1,yes,,4588,,,,,,,,,,,,,,,,,,,,,,,,,,,,,,,,,,,,,,n.a.,,,,Larvae,,,,,,,,,,,,,6,6,2006,2006,,,,,,superpictus,n.a.,,morph,,,,,,,,,,,,,,,,,,,,,,,,,,,,,,,,,,,,,,,,,,,,,,,,,,,,,,,,,,,,,,,,,,,,,,,,,,,,,,,,,,,,,,,,,,,,,,,,,,,,,,,,,,,,,,,,,,,,,,,,,,,,,,,,,,,,,,,,,,,,,,,,,,,,,,,,,,,,,,,,,,,,,,,,,,,,,,,,,,,,,,,,,,,,,,,,,,,,,,,,,,,,,,,,,,,,,,,,,,,,,,,,,,
0,1,yes,,4588,,,,,,,,,,,,Iran,Garm-abad,30.067,52.832,,,,,,,,,,,,,,,,no,no,point,*encarta,Not Specified,Marvdasht County,"Not Listed- coords could not be found in all the geo-ref sources. Used paper coords, checked and confirmed in encarta that they fall in the correct place.  (Coords in paper are 30.05, 52.8367. Found in webdb as Garmabad at 30.0447, 52.8367, and in GNS as Garmabad, Jarmabad and Jarmabaq at 30.0609, 52.8031. Then found Jarmabaq in encarta at 30.067, 52.832, and used encarta coords (EH))",n.a.,,,,RO,,,,,,,,,,,,,9,9,2006,2006,,,,,,sacharovi,n.a.,,morph,,,,,,,,,,,,,,,,,,,,,,,,,,,,,,,,,,,,,,,,,,,,,,,,,,,,,,,,,,,,,,,,,,,,,,,,,,,,,,,,,,,,,,,,,,,,,,,,,,,,,,,,,,,,,,,,,,,,,,,,,,,,,,,,,,,,,,,,,,,,,,,,,,,,,,,,,,,,,,,,,,,,,,,,,,,,,,,,,,,,,,,,,,,,,,,,,,,,,,,,,,,,,,,,,,,,,,,,,,,,,,,,,,
0,1,yes,,4588,,,,,,,,,,,,Iran,Fath-abad,29.951,52.799,,,,,,,,,,,,,,,,no,no,point,*encarta,Not Specified,Marvdasht County,"Not Listed- coords could not be found in all the geo-ref sources. Used paper coords, checked and confirmed in encarta that they fall in the correct place. (coords in paper are 29.9333, 52.8. Multiple Fakhrabads found in GNS, and one has virtually the same coords as the site in the paper (29.94, 52.8). An alt name is given as Fakhrabad-e Pa'in, and a site of this name found in encarta at 29.951, 52.799, so this site was used (EH))",n.a.,,,,RO,,,,,,,,,,,,,9,9,2006,2006,,,,,,sacharovi,n.a.,,morph,,,,,,,,,,,,,,,,,,,,,,,,,,,,,,,,,,,,,,,,,,,,,,,,,,,,,,,,,,,,,,,,,,,,,,,,,,,,,,,,,,,,,,,,,,,,,,,,,,,,,,,,,,,,,,,,,,,,,,,,,,,,,,,,,,,,,,,,,,,,,,,,,,,,,,,,,,,,,,,,,,,,,,,,,,,,,,,,,,,,,,,,,,,,,,,,,,,,,,,,,,,,,,,,,,,,,,,,,,,,,,,,,,
0,1,yes,"(paper appears to present research by the authors, where An. darlingi and An. albitarsis were found in 2 locations in Bolivia. However, finds were from 2005 and 2003 respectively, so have to check with authors that a) they actually conducted the research, and b) that the results have not previously been published (EH))",4589,,Lardeus,,,2008,no,,,,,,,,,,,,,,,,,,,,,,,,,,,,,,,,,,,,,,,,,,,,,,,,,,,,,,,,,,,,,,,,,,,,,,,,,,,,,,,,,,,,,,,,,,,,,,,,,,,,,,,,,,,,,,,,,,,,,,,,,,,,,,,,,,,,,,,,,,,,,,,,,,,,,,,,,,,,,,,,,,,,,,,,,,,,,,,,,,,,,,,,,,,,,,,,,,,,,,,,,,,,,,,,,,,,,,,,,,,,,,,,,,,,,,,,,,,,,,,,,,,,,,,,,,,,,,,,,,,,,,,,,,,,,,,,,,,,,,,,,,,,,,,
0,1,yes,"(<60% of households in Mwea used ITNs, and other control measures included insecticide canisters, and larviciding using a plant (Azolla spp.) that grew in rice paddies, choking the mosqutio larvae (EH))",4590,10.1371/journal.pone.0004050 ,Okech,Use of Integrated Malaria Management Reduces Malaria in Kenya ,Plos One,2008,yes,no,none,other,,Study villages and households were selected using a randomized cluster sampling method ,Kenya,Nguka,-0.667,37.317,,,,,,,,,,,,,,,,no,no,point,*encarta,Central ,Kirinyaga district,Not Listed-  (appears to be the correct site based on distance from Nguka. This site is within the rice growing area (EH)),yes,combination,yes,"About 90% of households interviewed in Mwea division have bed nets, 65% of which are treated with insecticides other control methods iclude; environmental management that included removal of stagnant water bodies and removal of brush in the household compound. In addition, the respondents used several methods to lower the numbers of mosquitoes in their homes including mosquito repellants (31%), insecticides canisters (11%) bought from the shops, window and door screens (6%), traditional plants (3%) and ‘‘other methods’’ (3%). These ‘‘other methods’’ include burning herbs in their homes and avoiding construction of homes in swampy areas. ",HRI ,8073,,,,,,,,,yes,no,yes,7,6,2003,2004,,wet,1200-1600mm/year,,,arabiensis,n.a.,,DNA,,,,,,,,,,,,,,,,,,,,,,rice,,,,,,,,,,,,,,,,,,,,,,,,,,,,,,,,,,,,,,,,,,,,,,,,,,,,,,,,,,,,,,,,,,,,,,,,,,,,,,,,,,,,,,,,,,,,,,,,,,,,,,,,,,,,,,,,,,,,,,,,,,,,,,,,,,,,,,,,,,,,,,,,,,,,,,,,,,,,,,,,,,,,,,,,,,,,,,,,,,,,,,,,,,,,,,,,,,,,,,,,,,JO,JAO,CMK
0,1,yes,(monthly presences and absences gained from figure from paper (fig 4) (EH)),4590,10.1371/journal.pone.0004050 ,Okech,Use of Integrated Malaria Management Reduces Malaria in Kenya ,Plos One,2008,yes,no,none,other,,Study villages and households were selected using a randomized cluster sampling method ,Kenya,Nguka,-0.667,37.317,,,,,,,,,,,,,,,,no,no,point,*encarta,Central ,Kirinyaga district,,yes,combination,yes,"About 90% of households interviewed in Mwea division have bed nets, 65% of which are treated with insecticides other control methods iclude; environmental management that included removal of stagnant water bodies and removal of brush in the household compound. In addition, the respondents used several methods to lower the numbers of mosquitoes in their homes including mosquito repellants (31%), insecticides canisters (11%) bought from the shops, window and door screens (6%), traditional plants (3%) and ‘‘other methods’’ (3%). These ‘‘other methods’’ include burning herbs in their homes and avoiding construction of homes in swampy areas. ",HRI ,,,,,,,,,,yes,no,yes,7,6,2003,2004,,wet,1200-1600mm/year,,,arabiensis,n.a.,,DNA,,,,,,,,,,,,,,,,,,,,,,rice,,,,,,,,,,,,,,,,,,,,,,,,,,,,,,,,,,,,,,,,,,,,,,,,,,,,,,,,,,,,,,,,,,,,,,,,,,,,,,,,,,,,,,,,,,,,,,,,,,,,,,,,,,,,,,,,,,,,,,,,,,,,,,,,,,,,,,,,,,,,,,,,,,,,,,,,,,,,,,,,,,,,,,,,,,,,,,,,,,,,,,,,,,,,,,,,,,,,,,,,,,JO,JAO,CMK
0,1,yes,,4590,10.1371/journal.pone.0004050 ,Okech,Use of Integrated Malaria Management Reduces Malaria in Kenya ,Plos One,2008,yes,no,none,other,,Study villages and households were selected using a randomized cluster sampling method ,Kenya,Nguka,-0.667,37.317,,,,,,,,,,,,,,,,no,no,point,*encarta,Central ,Kirinyaga district,,yes,combination,yes,"About 90% of households interviewed in Mwea division have bed nets, 65% of which are treated with insecticides other control methods iclude; environmental management that included removal of stagnant water bodies and removal of brush in the household compound. In addition, the respondents used several methods to lower the numbers of mosquitoes in their homes including mosquito repellants (31%), insecticides canisters (11%) bought from the shops, window and door screens (6%), traditional plants (3%) and ‘‘other methods’’ (3%). These ‘‘other methods’’ include burning herbs in their homes and avoiding construction of homes in swampy areas. ",HRI ,,,,,,,,,,yes,no,yes,7,6,2003,2004,,wet,1200-1600mm/year,,,arabiensis,n.a.,,DNA,,,,,,,,,,,,,,,,,,,,,,rice,,,,,,,,,,,,,,,,,,,,,,,,,,,,,,,,,,,,,,,,,,,,,,,,,,,,,,,,,,,,,,,,,,,,,,,,,,,,,,,,,,,,,,,,,,,,,,,,,,,,,,,,,,,,,,,,,,,,,,,,,,,,,,,,,,,,,,,,,,,,,,,,,,,,,,,,,,,,,,,,,,,,,,,,,,,,,,,,,,,,,,,,,,,,,,,,,,,,,,,,,,JO,JAO,CMK
0,1,yes,,4590,10.1371/journal.pone.0004050,Okech,Use of Integrated Malaria Management Reduces Malaria in Kenya ,Plos One,2008,yes,no,none,other,,Study villages and households were selected using a randomized cluster sampling method ,Kenya,Nguka,-0.667,37.317,,,,,,,,,,,,,,,,no,no,point,*encarta,Central ,Kirinyaga district,,yes,combination,yes,"About 90% of households interviewed in Mwea division have bed nets, 65% of which are treated with insecticides other control methods iclude; environmental management that included removal of stagnant water bodies and removal of brush in the household compound. In addition, the respondents used several methods to lower the numbers of mosquitoes in their homes including mosquito repellants (31%), insecticides canisters (11%) bought from the shops, window and door screens (6%), traditional plants (3%) and ‘‘other methods’’ (3%). These ‘‘other methods’’ include burning herbs in their homes and avoiding construction of homes in swampy areas. ",HRI ,,,,,,,,,,yes,no,yes,7,6,2003,2004,,wet,1200-1600mm/year,,,arabiensis,n.a.,,DNA,,,,,,,,,,,,,,,,,,,,,,rice,,,,,,,,,,,,,,,,,,,,,,,,,,,,,,,,,,,,,,,,,,,,,,,,,,,,,,,,,,,,,,,,,,,,,,,,,,,,,,,,,,,,,,,,,,,,,,,,,,,,,,,,,,,,,,,,,,,,,,,,,,,,,,,,,,,,,,,,,,,,,,,,,,,,,,,,,,,,,,,,,,,,,,,,,,,,,,,,,,,,,,,,,,,,,,,,,,,,,,,,,,JO,JAO,CMK
0,1,yes,,4590,10.1371/journal.pone.0004050,Okech,Use of Integrated Malaria Management Reduces Malaria in Kenya ,Plos One,2008,yes,no,none,other,,Study villages and households were selected using a randomized cluster sampling method ,Kenya,Nguka,-0.667,37.317,,,,,,,,,,,,,,,,no,no,point,*encarta,Central ,Kirinyaga district,,yes,combination,yes,"About 90% of households interviewed in Mwea division have bed nets, 65% of which are treated with insecticides other control methods iclude; environmental management that included removal of stagnant water bodies and removal of brush in the household compound. In addition, the respondents used several methods to lower the numbers of mosquitoes in their homes including mosquito repellants (31%), insecticides canisters (11%) bought from the shops, window and door screens (6%), traditional plants (3%) and ‘‘other methods’’ (3%). These ‘‘other methods’’ include burning herbs in their homes and avoiding construction of homes in swampy areas. ",HRI ,,,,,,,,,,yes,no,yes,7,6,2003,2004,,wet,1200-1600mm/year,,,arabiensis,n.a.,,DNA,,,,,,,,,,,,,,,,,,,,,,rice,,,,,,,,,,,,,,,,,,,,,,,,,,,,,,,,,,,,,,,,,,,,,,,,,,,,,,,,,,,,,,,,,,,,,,,,,,,,,,,,,,,,,,,,,,,,,,,,,,,,,,,,,,,,,,,,,,,,,,,,,,,,,,,,,,,,,,,,,,,,,,,,,,,,,,,,,,,,,,,,,,,,,,,,,,,,,,,,,,,,,,,,,,,,,,,,,,,,,,,,,,JO,JAO,CMK
0,1,yes,,4590,10.1371/journal.pone.0004050,Okech,Use of Integrated Malaria Management Reduces Malaria in Kenya ,Plos One,2008,yes,no,none,other,,Study villages and households were selected using a randomized cluster sampling method ,Kenya,Nguka,-0.667,37.317,,,,,,,,,,,,,,,,no,no,point,*encarta,Central ,Kirinyaga district,,yes,combination,yes,"About 90% of households interviewed in Mwea division have bed nets, 65% of which are treated with insecticides other control methods iclude; environmental management that included removal of stagnant water bodies and removal of brush in the household compound. In addition, the respondents used several methods to lower the numbers of mosquitoes in their homes including mosquito repellants (31%), insecticides canisters (11%) bought from the shops, window and door screens (6%), traditional plants (3%) and ‘‘other methods’’ (3%). These ‘‘other methods’’ include burning herbs in their homes and avoiding construction of homes in swampy areas. ",HRI ,,,,,,,,,,yes,no,yes,7,6,2003,2004,,wet,1200-1600mm/year,,,arabiensis,n.a.,,DNA,,,,,,,,,,,,,,,,,,,,,,rice,,,,,,,,,,,,,,,,,,,,,,,,,,,,,,,,,,,,,,,,,,,,,,,,,,,,,,,,,,,,,,,,,,,,,,,,,,,,,,,,,,,,,,,,,,,,,,,,,,,,,,,,,,,,,,,,,,,,,,,,,,,,,,,,,,,,,,,,,,,,,,,,,,,,,,,,,,,,,,,,,,,,,,,,,,,,,,,,,,,,,,,,,,,,,,,,,,,,,,,,,,JO,JAO,CMK
0,1,yes,,4590,10.1371/journal.pone.0004050,Okech,Use of Integrated Malaria Management Reduces Malaria in Kenya ,Plos One,2008,yes,no,none,other,,Study villages and households were selected using a randomized cluster sampling method ,Kenya,Nguka,-0.667,37.317,,,,,,,,,,,,,,,,no,no,point,*encarta,Central ,Kirinyaga district,,yes,combination,yes,"About 90% of households interviewed in Mwea division have bed nets, 65% of which are treated with insecticides other control methods iclude; environmental management that included removal of stagnant water bodies and removal of brush in the household compound. In addition, the respondents used several methods to lower the numbers of mosquitoes in their homes including mosquito repellants (31%), insecticides canisters (11%) bought from the shops, window and door screens (6%), traditional plants (3%) and ‘‘other methods’’ (3%). These ‘‘other methods’’ include burning herbs in their homes and avoiding construction of homes in swampy areas. ",HRI ,,,,,,,,,,yes,no,yes,7,6,2003,2004,,wet,1200-1600mm/year,,,arabiensis,n.a.,,DNA,,,,,,,,,,,,,,,,,,,,,,rice,,,,,,,,,,,,,,,,,,,,,,,,,,,,,,,,,,,,,,,,,,,,,,,,,,,,,,,,,,,,,,,,,,,,,,,,,,,,,,,,,,,,,,,,,,,,,,,,,,,,,,,,,,,,,,,,,,,,,,,,,,,,,,,,,,,,,,,,,,,,,,,,,,,,,,,,,,,,,,,,,,,,,,,,,,,,,,,,,,,,,,,,,,,,,,,,,,,,,,,,,,JO,JAO,CMK
0,1,yes,,4590,10.1371/journal.pone.0004050,Okech,Use of Integrated Malaria Management Reduces Malaria in Kenya ,Plos One,2008,yes,no,none,other,,Study villages and households were selected using a randomized cluster sampling method ,Kenya,Nguka,-0.667,37.317,,,,,,,,,,,,,,,,no,no,point,*encarta,Central ,Kirinyaga district,,yes,combination,yes,"About 90% of households interviewed in Mwea division have bed nets, 65% of which are treated with insecticides other control methods iclude; environmental management that included removal of stagnant water bodies and removal of brush in the household compound. In addition, the respondents used several methods to lower the numbers of mosquitoes in their homes including mosquito repellants (31%), insecticides canisters (11%) bought from the shops, window and door screens (6%), traditional plants (3%) and ‘‘other methods’’ (3%). These ‘‘other methods’’ include burning herbs in their homes and avoiding construction of homes in swampy areas. ",HRI ,,,,,,,,,,yes,no,yes,7,6,2003,2004,,wet,1200-1600mm/year,,,arabiensis,n.a.,,DNA,,,,,,,,,,,,,,,,,,,,,,rice,,,,,,,,,,,,,,,,,,,,,,,,,,,,,,,,,,,,,,,,,,,,,,,,,,,,,,,,,,,,,,,,,,,,,,,,,,,,,,,,,,,,,,,,,,,,,,,,,,,,,,,,,,,,,,,,,,,,,,,,,,,,,,,,,,,,,,,,,,,,,,,,,,,,,,,,,,,,,,,,,,,,,,,,,,,,,,,,,,,,,,,,,,,,,,,,,,,,,,,,,,JO,JAO,CMK
0,1,yes,,4590,10.1371/journal.pone.0004050,Okech,Use of Integrated Malaria Management Reduces Malaria in Kenya ,Plos One,2008,yes,no,none,other,,Study villages and households were selected using a randomized cluster sampling method ,Kenya,Nguka,-0.667,37.317,,,,,,,,,,,,,,,,no,no,point,*encarta,Central ,Kirinyaga district,,yes,combination,yes,"About 90% of households interviewed in Mwea division have bed nets, 65% of which are treated with insecticides other control methods iclude; environmental management that included removal of stagnant water bodies and removal of brush in the household compound. In addition, the respondents used several methods to lower the numbers of mosquitoes in their homes including mosquito repellants (31%), insecticides canisters (11%) bought from the shops, window and door screens (6%), traditional plants (3%) and ‘‘other methods’’ (3%). These ‘‘other methods’’ include burning herbs in their homes and avoiding construction of homes in swampy areas. ",HRI ,,,,,,,,,,yes,no,yes,7,6,2003,2004,,wet,1200-1600mm/year,,,arabiensis,n.a.,,DNA,,,,,,,,,,,,,,,,,,,,,,rice,,,,,,,,,,,,,,,,,,,,,,,,,,,,,,,,,,,,,,,,,,,,,,,,,,,,,,,,,,,,,,,,,,,,,,,,,,,,,,,,,,,,,,,,,,,,,,,,,,,,,,,,,,,,,,,,,,,,,,,,,,,,,,,,,,,,,,,,,,,,,,,,,,,,,,,,,,,,,,,,,,,,,,,,,,,,,,,,,,,,,,,,,,,,,,,,,,,,,,,,,,JO,JAO,CMK
0,1,yes,,4590,10.1371/journal.pone.0004050,Okech,Use of Integrated Malaria Management Reduces Malaria in Kenya ,Plos One,2008,yes,no,none,other,,Study villages and households were selected using a randomized cluster sampling method ,Kenya,Nguka,-0.667,37.317,,,,,,,,,,,,,,,,no,no,point,*encarta,Central ,Kirinyaga district,,yes,combination,yes,"About 90% of households interviewed in Mwea division have bed nets, 65% of which are treated with insecticides other control methods iclude; environmental management that included removal of stagnant water bodies and removal of brush in the household compound. In addition, the respondents used several methods to lower the numbers of mosquitoes in their homes including mosquito repellants (31%), insecticides canisters (11%) bought from the shops, window and door screens (6%), traditional plants (3%) and ‘‘other methods’’ (3%). These ‘‘other methods’’ include burning herbs in their homes and avoiding construction of homes in swampy areas. ",HRI ,,,,,,,,,,yes,no,yes,7,6,2003,2004,,wet,1200-1600mm/year,,,arabiensis,n.a.,,DNA,,,,,,,,,,,,,,,,,,,,,,rice,,,,,,,,,,,,,,,,,,,,,,,,,,,,,,,,,,,,,,,,,,,,,,,,,,,,,,,,,,,,,,,,,,,,,,,,,,,,,,,,,,,,,,,,,,,,,,,,,,,,,,,,,,,,,,,,,,,,,,,,,,,,,,,,,,,,,,,,,,,,,,,,,,,,,,,,,,,,,,,,,,,,,,,,,,,,,,,,,,,,,,,,,,,,,,,,,,,,,,,,,,JO,JAO,CMK
0,1,yes,,4590,10.1371/journal.pone.0004050,Okech,Use of Integrated Malaria Management Reduces Malaria in Kenya ,Plos One,2008,yes,no,none,other,,Study villages and households were selected using a randomized cluster sampling method ,Kenya,Nguka,-0.667,37.317,,,,,,,,,,,,,,,,no,no,point,*encarta,Central ,Kirinyaga district,,yes,combination,yes,"About 90% of households interviewed in Mwea division have bed nets, 65% of which are treated with insecticides other control methods iclude; environmental management that included removal of stagnant water bodies and removal of brush in the household compound. In addition, the respondents used several methods to lower the numbers of mosquitoes in their homes including mosquito repellants (31%), insecticides canisters (11%) bought from the shops, window and door screens (6%), traditional plants (3%) and ‘‘other methods’’ (3%). These ‘‘other methods’’ include burning herbs in their homes and avoiding construction of homes in swampy areas. ",HRI ,,,,,,,,,,yes,no,yes,7,6,2003,2004,,wet,1200-1600mm/year,,,arabiensis,n.a.,,DNA,,,,,,,,,,,,,,,,,,,,,,rice,,,,,,,,,,,,,,,,,,,,,,,,,,,,,,,,,,,,,,,,,,,,,,,,,,,,,,,,,,,,,,,,,,,,,,,,,,,,,,,,,,,,,,,,,,,,,,,,,,,,,,,,,,,,,,,,,,,,,,,,,,,,,,,,,,,,,,,,,,,,,,,,,,,,,,,,,,,,,,,,,,,,,,,,,,,,,,,,,,,,,,,,,,,,,,,,,,,,,,,,,,JO,JAO,CMK
0,1,yes,,4590,10.1371/journal.pone.0004050,Okech,Use of Integrated Malaria Management Reduces Malaria in Kenya ,Plos One,2008,yes,no,none,other,,Study villages and households were selected using a randomized cluster sampling method ,Kenya,Nguka,-0.667,37.317,,,,,,,,,,,,,,,,no,no,point,*encarta,Central ,Kirinyaga district,,yes,combination,yes,"About 90% of households interviewed in Mwea division have bed nets, 65% of which are treated with insecticides other control methods iclude; environmental management that included removal of stagnant water bodies and removal of brush in the household compound. In addition, the respondents used several methods to lower the numbers of mosquitoes in their homes including mosquito repellants (31%), insecticides canisters (11%) bought from the shops, window and door screens (6%), traditional plants (3%) and ‘‘other methods’’ (3%). These ‘‘other methods’’ include burning herbs in their homes and avoiding construction of homes in swampy areas. ",HRI ,,,,,,,,,,yes,no,yes,7,6,2003,2004,,wet,1200-1600mm/year,,,arabiensis,n.a.,,DNA,,,,,,,,,,,,,,,,,,,,,,rice,,,,,,,,,,,,,,,,,,,,,,,,,,,,,,,,,,,,,,,,,,,,,,,,,,,,,,,,,,,,,,,,,,,,,,,,,,,,,,,,,,,,,,,,,,,,,,,,,,,,,,,,,,,,,,,,,,,,,,,,,,,,,,,,,,,,,,,,,,,,,,,,,,,,,,,,,,,,,,,,,,,,,,,,,,,,,,,,,,,,,,,,,,,,,,,,,,,,,,,,,,JO,JAO,CMK
0,1,yes,,4590,10.1371/journal.pone.0004050,Okech,Use of Integrated Malaria Management Reduces Malaria in Kenya ,Plos One,2008,yes,no,none,other,,Study villages and households were selected using a randomized cluster sampling method ,Kenya,Nguka,-0.667,37.317,,,,,,,,,,,,,,,,no,no,point,*encarta,Central ,Kirinyaga district,,yes,combination,yes,"About 90% of households interviewed in Mwea division have bed nets, 65% of which are treated with insecticides other control methods iclude; environmental management that included removal of stagnant water bodies and removal of brush in the household compound. In addition, the respondents used several methods to lower the numbers of mosquitoes in their homes including mosquito repellants (31%), insecticides canisters (11%) bought from the shops, window and door screens (6%), traditional plants (3%) and ‘‘other methods’’ (3%). These ‘‘other methods’’ include burning herbs in their homes and avoiding construction of homes in swampy areas. ",HRI ,,,,,,,,,,yes,no,yes,7,6,2003,2004,,wet,1200-1600mm/year,,,arabiensis,n.a.,,DNA,,,,,,,,,,,,,,,,,,,,,,rice,,,,,,,,,,,,,,,,,,,,,,,,,,,,,,,,,,,,,,,,,,,,,,,,,,,,,,,,,,,,,,,,,,,,,,,,,,,,,,,,,,,,,,,,,,,,,,,,,,,,,,,,,,,,,,,,,,,,,,,,,,,,,,,,,,,,,,,,,,,,,,,,,,,,,,,,,,,,,,,,,,,,,,,,,,,,,,,,,,,,,,,,,,,,,,,,,,,,,,,,,,JO,JAO,CMK
0,1,yes,,4590,10.1371/journal.pone.0004050,Okech,Use of Integrated Malaria Management Reduces Malaria in Kenya ,Plos One,2008,yes,no,none,other,,Study villages and households were selected using a randomized cluster sampling method ,Kenya,Nguka,-0.667,37.317,,,,,,,,,,,,,,,,no,no,point,*encarta,Central ,Kirinyaga district,,yes,combination,yes,"About 90% of households interviewed in Mwea division have bed nets, 65% of which are treated with insecticides other control methods iclude; environmental management that included removal of stagnant water bodies and removal of brush in the household compound. In addition, the respondents used several methods to lower the numbers of mosquitoes in their homes including mosquito repellants (31%), insecticides canisters (11%) bought from the shops, window and door screens (6%), traditional plants (3%) and ‘‘other methods’’ (3%). These ‘‘other methods’’ include burning herbs in their homes and avoiding construction of homes in swampy areas. ",HRI ,,,,,,,,,,yes,no,yes,7,6,2003,2004,,wet,1200-1600mm/year,,,funestus,n.a.,,DNA,,,,,,,,,,,,,,,,,,,,,,rice,,,,,,,,,,,,,,,,,,,,,,,,,,,,,,,,,,,,,,,,,,,,,,,,,,,,,,,,,,,,,,,,,,,,,,,,,,,,,,,,,,,,,,,,,,,,,,,,,,,,,,,,,,,,,,,,,,,,,,,,,,,,,,,,,,,,,,,,,,,,,,,,,,,,,,,,,,,,,,,,,,,,,,,,,,,,,,,,,,,,,,,,,,,,,,,,,,,,,,,,,,JO,JAO,CMK
0,1,yes,,4590,10.1371/journal.pone.0004050,Okech,Use of Integrated Malaria Management Reduces Malaria in Kenya ,Plos One,2008,yes,no,none,other,,Study villages and households were selected using a randomized cluster sampling method ,Kenya,Nguka,-0.667,37.317,,,,,,,,,,,,,,,,no,no,point,*encarta,Central ,Kirinyaga district,,yes,combination,yes,"About 90% of households interviewed in Mwea division have bed nets, 65% of which are treated with insecticides other control methods iclude; environmental management that included removal of stagnant water bodies and removal of brush in the household compound. In addition, the respondents used several methods to lower the numbers of mosquitoes in their homes including mosquito repellants (31%), insecticides canisters (11%) bought from the shops, window and door screens (6%), traditional plants (3%) and ‘‘other methods’’ (3%). These ‘‘other methods’’ include burning herbs in their homes and avoiding construction of homes in swampy areas. ",HRI ,,,,,,,,,,yes,no,yes,7,6,2003,2004,,wet,1200-1600mm/year,,,coustani,n.a.,,DNA,,,,,,,,,,,,,,,,,,,,,,rice,,,,,,,,,,,,,,,,,,,,,,,,,,,,,,,,,,,,,,,,,,,,,,,,,,,,,,,,,,,,,,,,,,,,,,,,,,,,,,,,,,,,,,,,,,,,,,,,,,,,,,,,,,,,,,,,,,,,,,,,,,,,,,,,,,,,,,,,,,,,,,,,,,,,,,,,,,,,,,,,,,,,,,,,,,,,,,,,,,,,,,,,,,,,,,,,,,,,,,,,,,JO,JAO,CMK
0,1,yes,,4590,10.1371/journal.pone.0004050,Okech,Use of Integrated Malaria Management Reduces Malaria in Kenya ,Plos One,2008,yes,no,none,other,,Study villages and households were selected using a randomized cluster sampling method ,Kenya,Nguka,-0.667,37.317,,,,,,,,,,,,,,,,no,no,point,*encarta,Central ,Kirinyaga district,,yes,combination,yes,"About 90% of households interviewed in Mwea division have bed nets, 65% of which are treated with insecticides other control methods iclude; environmental management that included removal of stagnant water bodies and removal of brush in the household compound. In addition, the respondents used several methods to lower the numbers of mosquitoes in their homes including mosquito repellants (31%), insecticides canisters (11%) bought from the shops, window and door screens (6%), traditional plants (3%) and ‘‘other methods’’ (3%). These ‘‘other methods’’ include burning herbs in their homes and avoiding construction of homes in swampy areas. ",HRI ,,,,,,,,,,yes,no,yes,7,6,2003,2004,,wet,1200-1600mm/year,,,pharoensis,n.a.,,DNA,,,,,,,,,,,,,,,,,,,,,,rice,,,,,,,,,,,,,,,,,,,,,,,,,,,,,,,,,,,,,,,,,,,,,,,,,,,,,,,,,,,,,,,,,,,,,,,,,,,,,,,,,,,,,,,,,,,,,,,,,,,,,,,,,,,,,,,,,,,,,,,,,,,,,,,,,,,,,,,,,,,,,,,,,,,,,,,,,,,,,,,,,,,,,,,,,,,,,,,,,,,,,,,,,,,,,,,,,,,,,,,,,,JO,JAO,CMK
0,1,yes,,4590,10.1371/journal.pone.0004050,Okech,Use of Integrated Malaria Management Reduces Malaria in Kenya ,Plos One,2008,yes,no,none,other,,Study villages and households were selected using a randomized cluster sampling method ,Kenya,Nguka,-0.667,37.317,,,,,,,,,,,,,,,,no,no,point,*encarta,Central ,Kirinyaga district,,yes,combination,yes,"About 90% of households interviewed in Mwea division have bed nets, 65% of which are treated with insecticides other control methods iclude; environmental management that included removal of stagnant water bodies and removal of brush in the household compound. In addition, the respondents used several methods to lower the numbers of mosquitoes in their homes including mosquito repellants (31%), insecticides canisters (11%) bought from the shops, window and door screens (6%), traditional plants (3%) and ‘‘other methods’’ (3%). These ‘‘other methods’’ include burning herbs in their homes and avoiding construction of homes in swampy areas. ",HRI ,,,,,,,,,,yes,no,yes,7,6,2003,2004,,wet,1200-1600mm/year,,,christi,n.a.,,DNA,,,,,,,,,,,,,,,,,,,,,,rice,,,,,,,,,,,,,,,,,,,,,,,,,,,,,,,,,,,,,,,,,,,,,,,,,,,,,,,,,,,,,,,,,,,,,,,,,,,,,,,,,,,,,,,,,,,,,,,,,,,,,,,,,,,,,,,,,,,,,,,,,,,,,,,,,,,,,,,,,,,,,,,,,,,,,,,,,,,,,,,,,,,,,,,,,,,,,,,,,,,,,,,,,,,,,,,,,,,,,,,,,,JO,JAO,CMK
0,1,yes,,4590,10.1371/journal.pone.0004050,Okech,Use of Integrated Malaria Management Reduces Malaria in Kenya ,Plos One,2008,yes,no,none,other,,Study villages and households were selected using a randomized cluster sampling method ,Kenya,Rukanga,-0.716,37.116,,,,,,,,,,,,,,,,no,no,point,*encarta,Central ,Kirinyaga district,Not Listed-  (appears to be the correct site based on distance from Rukanga (EH)),yes,combination,yes,"About 90% of households interviewed in Mwea division have bed nets, 65% of which are treated with insecticides other control methods iclude; environmental management that included removal of stagnant water bodies and removal of brush in the household compound. In addition, the respondents used several methods to lower the numbers of mosquitoes in their homes including mosquito repellants (31%), insecticides canisters (11%) bought from the shops, window and door screens (6%), traditional plants (3%) and ‘‘other methods’’ (3%). These ‘‘other methods’’ include burning herbs in their homes and avoiding construction of homes in swampy areas. ",HRI ,970,,,,,,,,,yes,no,yes,7,6,2003,2004,,wet,1200-1600mm/year,,,arabiensis,n.a.,,DNA,,,,,,,,,,,,,,,,,,,,,,rice,,,,,,,,,,,,,,,,,,,,,,,,,,,,,,,,,,,,,,,,,,,,,,,,,,,,,,,,,,,,,,,,,,,,,,,,,,,,,,,,,,,,,,,,,,,,,,,,,,,,,,,,,,,,,,,,,,,,,,,,,,,,,,,,,,,,,,,,,,,,,,,,,,,,,,,,,,,,,,,,,,,,,,,,,,,,,,,,,,,,,,,,,,,,,,,,,,,,,,,,,,JO,JAO,CMK
0,1,yes,,4590,10.1371/journal.pone.0004050,Okech,Use of Integrated Malaria Management Reduces Malaria in Kenya ,Plos One,2008,yes,no,none,other,,Study villages and households were selected using a randomized cluster sampling method ,Kenya,Rukanga,-0.716,37.116,,,,,,,,,,,,,,,,no,no,point,*encarta,Central ,Kirinyaga district,,yes,combination,yes,"About 90% of households interviewed in Mwea division have bed nets, 65% of which are treated with insecticides other control methods iclude; environmental management that included removal of stagnant water bodies and removal of brush in the household compound. In addition, the respondents used several methods to lower the numbers of mosquitoes in their homes including mosquito repellants (31%), insecticides canisters (11%) bought from the shops, window and door screens (6%), traditional plants (3%) and ‘‘other methods’’ (3%). These ‘‘other methods’’ include burning herbs in their homes and avoiding construction of homes in swampy areas. ",HRI ,,,,,,,,,,yes,no,yes,7,6,2003,2004,,wet,1200-1600mm/year,,,arabiensis,n.a.,,DNA,,,,,,,,,,,,,,,,,,,,,,rice,,,,,,,,,,,,,,,,,,,,,,,,,,,,,,,,,,,,,,,,,,,,,,,,,,,,,,,,,,,,,,,,,,,,,,,,,,,,,,,,,,,,,,,,,,,,,,,,,,,,,,,,,,,,,,,,,,,,,,,,,,,,,,,,,,,,,,,,,,,,,,,,,,,,,,,,,,,,,,,,,,,,,,,,,,,,,,,,,,,,,,,,,,,,,,,,,,,,,,,,,,JO,JAO,CMK
0,1,yes,,4590,10.1371/journal.pone.0004050,Okech,Use of Integrated Malaria Management Reduces Malaria in Kenya ,Plos One,2008,yes,no,none,other,,Study villages and households were selected using a randomized cluster sampling method ,Kenya,Rukanga,-0.716,37.116,,,,,,,,,,,,,,,,no,no,point,*encarta,Central ,Kirinyaga district,,yes,combination,yes,"About 90% of households interviewed in Mwea division have bed nets, 65% of which are treated with insecticides other control methods iclude; environmental management that included removal of stagnant water bodies and removal of brush in the household compound. In addition, the respondents used several methods to lower the numbers of mosquitoes in their homes including mosquito repellants (31%), insecticides canisters (11%) bought from the shops, window and door screens (6%), traditional plants (3%) and ‘‘other methods’’ (3%). These ‘‘other methods’’ include burning herbs in their homes and avoiding construction of homes in swampy areas. ",HRI ,0,,,,,,,,,yes,no,yes,7,6,2003,2004,,wet,1200-1600mm/year,,,arabiensis,n.a.,,DNA,,,,,,,,,,,,,,,,,,,,,,rice,,,,,,,,,,,,,,,,,,,,,,,,,,,,,,,,,,,,,,,,,,,,,,,,,,,,,,,,,,,,,,,,,,,,,,,,,,,,,,,,,,,,,,,,,,,,,,,,,,,,,,,,,,,,,,,,,,,,,,,,,,,,,,,,,,,,,,,,,,,,,,,,,,,,,,,,,,,,,,,,,,,,,,,,,,,,,,,,,,,,,,,,,,,,,,,,,,,,,,,,,,JO,JAO,CMK
0,1,yes,,4590,10.1371/journal.pone.0004050,Okech,Use of Integrated Malaria Management Reduces Malaria in Kenya ,Plos One,2008,yes,no,none,other,,Study villages and households were selected using a randomized cluster sampling method ,Kenya,Rukanga,-0.716,37.116,,,,,,,,,,,,,,,,no,no,point,*encarta,Central ,Kirinyaga district,,yes,combination,yes,"About 90% of households interviewed in Mwea division have bed nets, 65% of which are treated with insecticides other control methods iclude; environmental management that included removal of stagnant water bodies and removal of brush in the household compound. In addition, the respondents used several methods to lower the numbers of mosquitoes in their homes including mosquito repellants (31%), insecticides canisters (11%) bought from the shops, window and door screens (6%), traditional plants (3%) and ‘‘other methods’’ (3%). These ‘‘other methods’’ include burning herbs in their homes and avoiding construction of homes in swampy areas. ",HRI ,0,,,,,,,,,yes,no,yes,7,6,2003,2004,,wet,1200-1600mm/year,,,arabiensis,n.a.,,DNA,,,,,,,,,,,,,,,,,,,,,,rice,,,,,,,,,,,,,,,,,,,,,,,,,,,,,,,,,,,,,,,,,,,,,,,,,,,,,,,,,,,,,,,,,,,,,,,,,,,,,,,,,,,,,,,,,,,,,,,,,,,,,,,,,,,,,,,,,,,,,,,,,,,,,,,,,,,,,,,,,,,,,,,,,,,,,,,,,,,,,,,,,,,,,,,,,,,,,,,,,,,,,,,,,,,,,,,,,,,,,,,,,,JO,JAO,CMK
0,1,yes,,4590,10.1371/journal.pone.0004050,Okech,Use of Integrated Malaria Management Reduces Malaria in Kenya ,Plos One,2008,yes,no,none,other,,Study villages and households were selected using a randomized cluster sampling method ,Kenya,Rukanga,-0.716,37.116,,,,,,,,,,,,,,,,no,no,point,*encarta,Central ,Kirinyaga district,,yes,combination,yes,"About 90% of households interviewed in Mwea division have bed nets, 65% of which are treated with insecticides other control methods iclude; environmental management that included removal of stagnant water bodies and removal of brush in the household compound. In addition, the respondents used several methods to lower the numbers of mosquitoes in their homes including mosquito repellants (31%), insecticides canisters (11%) bought from the shops, window and door screens (6%), traditional plants (3%) and ‘‘other methods’’ (3%). These ‘‘other methods’’ include burning herbs in their homes and avoiding construction of homes in swampy areas. ",HRI ,0,,,,,,,,,yes,no,yes,7,6,2003,2004,,wet,1200-1600mm/year,,,arabiensis,n.a.,,DNA,,,,,,,,,,,,,,,,,,,,,,rice,,,,,,,,,,,,,,,,,,,,,,,,,,,,,,,,,,,,,,,,,,,,,,,,,,,,,,,,,,,,,,,,,,,,,,,,,,,,,,,,,,,,,,,,,,,,,,,,,,,,,,,,,,,,,,,,,,,,,,,,,,,,,,,,,,,,,,,,,,,,,,,,,,,,,,,,,,,,,,,,,,,,,,,,,,,,,,,,,,,,,,,,,,,,,,,,,,,,,,,,,,JO,JAO,CMK
0,1,yes,,4590,10.1371/journal.pone.0004050,Okech,Use of Integrated Malaria Management Reduces Malaria in Kenya ,Plos One,2008,yes,no,none,other,,Study villages and households were selected using a randomized cluster sampling method ,Kenya,Rukanga,-0.716,37.116,,,,,,,,,,,,,,,,no,no,point,*encarta,Central ,Kirinyaga district,,yes,combination,yes,"About 90% of households interviewed in Mwea division have bed nets, 65% of which are treated with insecticides other control methods iclude; environmental management that included removal of stagnant water bodies and removal of brush in the household compound. In addition, the respondents used several methods to lower the numbers of mosquitoes in their homes including mosquito repellants (31%), insecticides canisters (11%) bought from the shops, window and door screens (6%), traditional plants (3%) and ‘‘other methods’’ (3%). These ‘‘other methods’’ include burning herbs in their homes and avoiding construction of homes in swampy areas. ",HRI ,0,,,,,,,,,yes,no,yes,7,6,2003,2004,,wet,1200-1600mm/year,,,arabiensis,n.a.,,DNA,,,,,,,,,,,,,,,,,,,,,,rice,,,,,,,,,,,,,,,,,,,,,,,,,,,,,,,,,,,,,,,,,,,,,,,,,,,,,,,,,,,,,,,,,,,,,,,,,,,,,,,,,,,,,,,,,,,,,,,,,,,,,,,,,,,,,,,,,,,,,,,,,,,,,,,,,,,,,,,,,,,,,,,,,,,,,,,,,,,,,,,,,,,,,,,,,,,,,,,,,,,,,,,,,,,,,,,,,,,,,,,,,,JO,JAO,CMK
0,1,yes,,4590,10.1371/journal.pone.0004050,Okech,Use of Integrated Malaria Management Reduces Malaria in Kenya ,Plos One,2008,yes,no,none,other,,Study villages and households were selected using a randomized cluster sampling method ,Kenya,Rukanga,-0.716,37.116,,,,,,,,,,,,,,,,no,no,point,*encarta,Central ,Kirinyaga district,,yes,combination,yes,"About 90% of households interviewed in Mwea division have bed nets, 65% of which are treated with insecticides other control methods iclude; environmental management that included removal of stagnant water bodies and removal of brush in the household compound. In addition, the respondents used several methods to lower the numbers of mosquitoes in their homes including mosquito repellants (31%), insecticides canisters (11%) bought from the shops, window and door screens (6%), traditional plants (3%) and ‘‘other methods’’ (3%). These ‘‘other methods’’ include burning herbs in their homes and avoiding construction of homes in swampy areas. ",HRI ,,,,,,,,,,yes,no,yes,7,6,2003,2004,,wet,1200-1600mm/year,,,arabiensis,n.a.,,DNA,,,,,,,,,,,,,,,,,,,,,,rice,,,,,,,,,,,,,,,,,,,,,,,,,,,,,,,,,,,,,,,,,,,,,,,,,,,,,,,,,,,,,,,,,,,,,,,,,,,,,,,,,,,,,,,,,,,,,,,,,,,,,,,,,,,,,,,,,,,,,,,,,,,,,,,,,,,,,,,,,,,,,,,,,,,,,,,,,,,,,,,,,,,,,,,,,,,,,,,,,,,,,,,,,,,,,,,,,,,,,,,,,,JO,JAO,CMK
0,1,yes,,4590,10.1371/journal.pone.0004050,Okech,Use of Integrated Malaria Management Reduces Malaria in Kenya ,Plos One,2008,yes,no,none,other,,Study villages and households were selected using a randomized cluster sampling method ,Kenya,Rukanga,-0.716,37.116,,,,,,,,,,,,,,,,no,no,point,*encarta,Central ,Kirinyaga district,,yes,combination,yes,"About 90% of households interviewed in Mwea division have bed nets, 65% of which are treated with insecticides other control methods iclude; environmental management that included removal of stagnant water bodies and removal of brush in the household compound. In addition, the respondents used several methods to lower the numbers of mosquitoes in their homes including mosquito repellants (31%), insecticides canisters (11%) bought from the shops, window and door screens (6%), traditional plants (3%) and ‘‘other methods’’ (3%). These ‘‘other methods’’ include burning herbs in their homes and avoiding construction of homes in swampy areas. ",HRI ,,,,,,,,,,yes,no,yes,7,6,2003,2004,,wet,1200-1600mm/year,,,arabiensis,n.a.,,DNA,,,,,,,,,,,,,,,,,,,,,,rice,,,,,,,,,,,,,,,,,,,,,,,,,,,,,,,,,,,,,,,,,,,,,,,,,,,,,,,,,,,,,,,,,,,,,,,,,,,,,,,,,,,,,,,,,,,,,,,,,,,,,,,,,,,,,,,,,,,,,,,,,,,,,,,,,,,,,,,,,,,,,,,,,,,,,,,,,,,,,,,,,,,,,,,,,,,,,,,,,,,,,,,,,,,,,,,,,,,,,,,,,,JO,JAO,CMK
0,1,yes,,4590,10.1371/journal.pone.0004050,Okech,Use of Integrated Malaria Management Reduces Malaria in Kenya ,Plos One,2008,yes,no,none,other,,Study villages and households were selected using a randomized cluster sampling method ,Kenya,Rukanga,-0.716,37.116,,,,,,,,,,,,,,,,no,no,point,*encarta,Central ,Kirinyaga district,,yes,combination,yes,"About 90% of households interviewed in Mwea division have bed nets, 65% of which are treated with insecticides other control methods iclude; environmental management that included removal of stagnant water bodies and removal of brush in the household compound. In addition, the respondents used several methods to lower the numbers of mosquitoes in their homes including mosquito repellants (31%), insecticides canisters (11%) bought from the shops, window and door screens (6%), traditional plants (3%) and ‘‘other methods’’ (3%). These ‘‘other methods’’ include burning herbs in their homes and avoiding construction of homes in swampy areas. ",HRI ,,,,,,,,,,yes,no,yes,7,6,2003,2004,,wet,1200-1600mm/year,,,arabiensis,n.a.,,DNA,,,,,,,,,,,,,,,,,,,,,,rice,,,,,,,,,,,,,,,,,,,,,,,,,,,,,,,,,,,,,,,,,,,,,,,,,,,,,,,,,,,,,,,,,,,,,,,,,,,,,,,,,,,,,,,,,,,,,,,,,,,,,,,,,,,,,,,,,,,,,,,,,,,,,,,,,,,,,,,,,,,,,,,,,,,,,,,,,,,,,,,,,,,,,,,,,,,,,,,,,,,,,,,,,,,,,,,,,,,,,,,,,,JO,JAO,CMK
0,1,yes,,4590,10.1371/journal.pone.0004050,Okech,Use of Integrated Malaria Management Reduces Malaria in Kenya ,Plos One,2008,yes,no,none,other,,Study villages and households were selected using a randomized cluster sampling method ,Kenya,Rukanga,-0.716,37.116,,,,,,,,,,,,,,,,no,no,point,*encarta,Central ,Kirinyaga district,,yes,combination,yes,"About 90% of households interviewed in Mwea division have bed nets, 65% of which are treated with insecticides other control methods iclude; environmental management that included removal of stagnant water bodies and removal of brush in the household compound. In addition, the respondents used several methods to lower the numbers of mosquitoes in their homes including mosquito repellants (31%), insecticides canisters (11%) bought from the shops, window and door screens (6%), traditional plants (3%) and ‘‘other methods’’ (3%). These ‘‘other methods’’ include burning herbs in their homes and avoiding construction of homes in swampy areas. ",HRI ,,,,,,,,,,yes,no,yes,7,6,2003,2004,,wet,1200-1600mm/year,,,arabiensis,n.a.,,DNA,,,,,,,,,,,,,,,,,,,,,,rice,,,,,,,,,,,,,,,,,,,,,,,,,,,,,,,,,,,,,,,,,,,,,,,,,,,,,,,,,,,,,,,,,,,,,,,,,,,,,,,,,,,,,,,,,,,,,,,,,,,,,,,,,,,,,,,,,,,,,,,,,,,,,,,,,,,,,,,,,,,,,,,,,,,,,,,,,,,,,,,,,,,,,,,,,,,,,,,,,,,,,,,,,,,,,,,,,,,,,,,,,,JO,JAO,CMK
0,1,yes,,4590,10.1371/journal.pone.0004050,Okech,Use of Integrated Malaria Management Reduces Malaria in Kenya ,Plos One,2008,yes,no,none,other,,Study villages and households were selected using a randomized cluster sampling method ,Kenya,Rukanga,-0.716,37.116,,,,,,,,,,,,,,,,no,no,point,*encarta,Central ,Kirinyaga district,,yes,combination,yes,"About 90% of households interviewed in Mwea division have bed nets, 65% of which are treated with insecticides other control methods iclude; environmental management that included removal of stagnant water bodies and removal of brush in the household compound. In addition, the respondents used several methods to lower the numbers of mosquitoes in their homes including mosquito repellants (31%), insecticides canisters (11%) bought from the shops, window and door screens (6%), traditional plants (3%) and ‘‘other methods’’ (3%). These ‘‘other methods’’ include burning herbs in their homes and avoiding construction of homes in swampy areas. ",HRI ,,,,,,,,,,yes,no,yes,7,6,2003,2004,,wet,1200-1600mm/year,,,arabiensis,n.a.,,DNA,,,,,,,,,,,,,,,,,,,,,,rice,,,,,,,,,,,,,,,,,,,,,,,,,,,,,,,,,,,,,,,,,,,,,,,,,,,,,,,,,,,,,,,,,,,,,,,,,,,,,,,,,,,,,,,,,,,,,,,,,,,,,,,,,,,,,,,,,,,,,,,,,,,,,,,,,,,,,,,,,,,,,,,,,,,,,,,,,,,,,,,,,,,,,,,,,,,,,,,,,,,,,,,,,,,,,,,,,,,,,,,,,,JO,JAO,CMK
0,1,yes,,4590,10.1371/journal.pone.0004050,Okech,Use of Integrated Malaria Management Reduces Malaria in Kenya ,Plos One,2008,yes,no,none,other,,Study villages and households were selected using a randomized cluster sampling method ,Kenya,Rukanga,-0.716,37.116,,,,,,,,,,,,,,,,no,no,point,*encarta,Central ,Kirinyaga district,,yes,combination,yes,"About 90% of households interviewed in Mwea division have bed nets, 65% of which are treated with insecticides other control methods iclude; environmental management that included removal of stagnant water bodies and removal of brush in the household compound. In addition, the respondents used several methods to lower the numbers of mosquitoes in their homes including mosquito repellants (31%), insecticides canisters (11%) bought from the shops, window and door screens (6%), traditional plants (3%) and ‘‘other methods’’ (3%). These ‘‘other methods’’ include burning herbs in their homes and avoiding construction of homes in swampy areas. ",HRI ,0,,,,,,,,,yes,no,yes,7,6,2003,2004,,wet,1200-1600mm/year,,,arabiensis,n.a.,,DNA,,,,,,,,,,,,,,,,,,,,,,rice,,,,,,,,,,,,,,,,,,,,,,,,,,,,,,,,,,,,,,,,,,,,,,,,,,,,,,,,,,,,,,,,,,,,,,,,,,,,,,,,,,,,,,,,,,,,,,,,,,,,,,,,,,,,,,,,,,,,,,,,,,,,,,,,,,,,,,,,,,,,,,,,,,,,,,,,,,,,,,,,,,,,,,,,,,,,,,,,,,,,,,,,,,,,,,,,,,,,,,,,,,JO,JAO,CMK
0,1,yes,,4590,10.1371/journal.pone.0004050,Okech,Use of Integrated Malaria Management Reduces Malaria in Kenya ,Plos One,2008,yes,no,none,other,,Study villages and households were selected using a randomized cluster sampling method ,Kenya,Rukanga,-0.716,37.116,,,,,,,,,,,,,,,,no,no,point,*encarta,Central ,Kirinyaga district,,yes,combination,yes,"About 90% of households interviewed in Mwea division have bed nets, 65% of which are treated with insecticides other control methods iclude; environmental management that included removal of stagnant water bodies and removal of brush in the household compound. In addition, the respondents used several methods to lower the numbers of mosquitoes in their homes including mosquito repellants (31%), insecticides canisters (11%) bought from the shops, window and door screens (6%), traditional plants (3%) and ‘‘other methods’’ (3%). These ‘‘other methods’’ include burning herbs in their homes and avoiding construction of homes in swampy areas. ",HRI ,0,,,,,,,,,yes,no,yes,7,6,2003,2004,,wet,1200-1600mm/year,,,arabiensis,n.a.,,DNA,,,,,,,,,,,,,,,,,,,,,,rice,,,,,,,,,,,,,,,,,,,,,,,,,,,,,,,,,,,,,,,,,,,,,,,,,,,,,,,,,,,,,,,,,,,,,,,,,,,,,,,,,,,,,,,,,,,,,,,,,,,,,,,,,,,,,,,,,,,,,,,,,,,,,,,,,,,,,,,,,,,,,,,,,,,,,,,,,,,,,,,,,,,,,,,,,,,,,,,,,,,,,,,,,,,,,,,,,,,,,,,,,,JO,JAO,CMK
0,1,yes,,4590,10.1371/journal.pone.0004050,Okech,Use of Integrated Malaria Management Reduces Malaria in Kenya ,Plos One,2008,yes,no,none,other,,Study villages and households were selected using a randomized cluster sampling method ,Kenya,Rukanga,-0.716,37.116,,,,,,,,,,,,,,,,no,no,point,*encarta,Central ,Kirinyaga district,,yes,combination,yes,"About 90% of households interviewed in Mwea division have bed nets, 65% of which are treated with insecticides other control methods iclude; environmental management that included removal of stagnant water bodies and removal of brush in the household compound. In addition, the respondents used several methods to lower the numbers of mosquitoes in their homes including mosquito repellants (31%), insecticides canisters (11%) bought from the shops, window and door screens (6%), traditional plants (3%) and ‘‘other methods’’ (3%). These ‘‘other methods’’ include burning herbs in their homes and avoiding construction of homes in swampy areas. ",HRI ,,,,,,,,,,yes,no,yes,7,6,2003,2004,,wet,1200-1600mm/year,,,funestus,n.a.,,DNA,,,,,,,,,,,,,,,,,,,,,,rice,,,,,,,,,,,,,,,,,,,,,,,,,,,,,,,,,,,,,,,,,,,,,,,,,,,,,,,,,,,,,,,,,,,,,,,,,,,,,,,,,,,,,,,,,,,,,,,,,,,,,,,,,,,,,,,,,,,,,,,,,,,,,,,,,,,,,,,,,,,,,,,,,,,,,,,,,,,,,,,,,,,,,,,,,,,,,,,,,,,,,,,,,,,,,,,,,,,,,,,,,,JO,JAO,CMK
0,1,yes,,4590,10.1371/journal.pone.0004050,Okech,Use of Integrated Malaria Management Reduces Malaria in Kenya ,Plos One,2008,yes,no,none,other,,Study villages and households were selected using a randomized cluster sampling method ,Kenya,Rukanga,-0.716,37.116,,,,,,,,,,,,,,,,no,no,point,*encarta,Central ,Kirinyaga district,,yes,combination,yes,"About 90% of households interviewed in Mwea division have bed nets, 65% of which are treated with insecticides other control methods iclude; environmental management that included removal of stagnant water bodies and removal of brush in the household compound. In addition, the respondents used several methods to lower the numbers of mosquitoes in their homes including mosquito repellants (31%), insecticides canisters (11%) bought from the shops, window and door screens (6%), traditional plants (3%) and ‘‘other methods’’ (3%). These ‘‘other methods’’ include burning herbs in their homes and avoiding construction of homes in swampy areas. ",HRI ,,,,,,,,,,yes,no,yes,7,6,2003,2004,,wet,1200-1600mm/year,,,coustani,n.a.,,DNA,,,,,,,,,,,,,,,,,,,,,,rice,,,,,,,,,,,,,,,,,,,,,,,,,,,,,,,,,,,,,,,,,,,,,,,,,,,,,,,,,,,,,,,,,,,,,,,,,,,,,,,,,,,,,,,,,,,,,,,,,,,,,,,,,,,,,,,,,,,,,,,,,,,,,,,,,,,,,,,,,,,,,,,,,,,,,,,,,,,,,,,,,,,,,,,,,,,,,,,,,,,,,,,,,,,,,,,,,,,,,,,,,,JO,JAO,CMK
0,1,yes,,4590,10.1371/journal.pone.0004050,Okech,Use of Integrated Malaria Management Reduces Malaria in Kenya ,Plos One,2008,yes,no,none,other,,Study villages and households were selected using a randomized cluster sampling method ,Kenya,Rukanga,-0.716,37.116,,,,,,,,,,,,,,,,no,no,point,*encarta,Central ,Kirinyaga district,,yes,combination,yes,"About 90% of households interviewed in Mwea division have bed nets, 65% of which are treated with insecticides other control methods iclude; environmental management that included removal of stagnant water bodies and removal of brush in the household compound. In addition, the respondents used several methods to lower the numbers of mosquitoes in their homes including mosquito repellants (31%), insecticides canisters (11%) bought from the shops, window and door screens (6%), traditional plants (3%) and ‘‘other methods’’ (3%). These ‘‘other methods’’ include burning herbs in their homes and avoiding construction of homes in swampy areas. ",HRI ,,,,,,,,,,yes,no,yes,7,6,2003,2004,,wet,1200-1600mm/year,,,pharoensis,n.a.,,DNA,,,,,,,,,,,,,,,,,,,,,,rice,,,,,,,,,,,,,,,,,,,,,,,,,,,,,,,,,,,,,,,,,,,,,,,,,,,,,,,,,,,,,,,,,,,,,,,,,,,,,,,,,,,,,,,,,,,,,,,,,,,,,,,,,,,,,,,,,,,,,,,,,,,,,,,,,,,,,,,,,,,,,,,,,,,,,,,,,,,,,,,,,,,,,,,,,,,,,,,,,,,,,,,,,,,,,,,,,,,,,,,,,,JO,JAO,CMK
0,1,yes,,4590,10.1371/journal.pone.0004050,Okech,Use of Integrated Malaria Management Reduces Malaria in Kenya ,Plos One,2008,yes,no,none,other,,Study villages and households were selected using a randomized cluster sampling method ,Kenya,Rukanga,-0.716,37.116,,,,,,,,,,,,,,,,no,no,point,*encarta,Central ,Kirinyaga district,,yes,combination,yes,"About 90% of households interviewed in Mwea division have bed nets, 65% of which are treated with insecticides other control methods iclude; environmental management that included removal of stagnant water bodies and removal of brush in the household compound. In addition, the respondents used several methods to lower the numbers of mosquitoes in their homes including mosquito repellants (31%), insecticides canisters (11%) bought from the shops, window and door screens (6%), traditional plants (3%) and ‘‘other methods’’ (3%). These ‘‘other methods’’ include burning herbs in their homes and avoiding construction of homes in swampy areas. ",HRI ,,,,,,,,,,yes,no,yes,7,6,2003,2004,,wet,1200-1600mm/year,,,christi,n.a.,,DNA,,,,,,,,,,,,,,,,,,,,,,rice,,,,,,,,,,,,,,,,,,,,,,,,,,,,,,,,,,,,,,,,,,,,,,,,,,,,,,,,,,,,,,,,,,,,,,,,,,,,,,,,,,,,,,,,,,,,,,,,,,,,,,,,,,,,,,,,,,,,,,,,,,,,,,,,,,,,,,,,,,,,,,,,,,,,,,,,,,,,,,,,,,,,,,,,,,,,,,,,,,,,,,,,,,,,,,,,,,,,,,,,,,JO,JAO,CMK
0,1,yes,,4590,10.1371/journal.pone.0004050,Okech,Use of Integrated Malaria Management Reduces Malaria in Kenya ,Plos One,2008,yes,no,none,other,,Study villages and households were selected using a randomized cluster sampling method ,Kenya,Kirwara,,,,,,,,,,,,,,,,,,,,point,*encarta,Central ,Kirinyaga district,"Not Listed-  (Only one Kirwara found in encarta, webdb and GNS, at -0.933, 36.95. However is circa 30km SW of Rukanga, whilst map in paper puts it just to the SE. Therefore have left blank, to try and confirm quality of map from authors (EH))",yes,combination,yes,"About 90% of households interviewed in Mwea division have bed nets, 65% of which are treated with insecticides other control methods iclude; environmental management that included removal of stagnant water bodies and removal of brush in the household compound. In addition, the respondents used several methods to lower the numbers of mosquitoes in their homes including mosquito repellants (31%), insecticides canisters (11%) bought from the shops, window and door screens (6%), traditional plants (3%) and ‘‘other methods’’ (3%). These ‘‘other methods’’ include burning herbs in their homes and avoiding construction of homes in swampy areas. ",HRI ,1319,,,,,,,,,yes,no,yes,7,6,2003,2004,,wet,1200-1600mm/year,,,arabiensis,n.a.,,DNA,,,,,,,,,,,,,,,,,,,,,,rice,,,,,,,,,,,,,,,,,,,,,,,,,,,,,,,,,,,,,,,,,,,,,,,,,,,,,,,,,,,,,,,,,,,,,,,,,,,,,,,,,,,,,,,,,,,,,,,,,,,,,,,,,,,,,,,,,,,,,,,,,,,,,,,,,,,,,,,,,,,,,,,,,,,,,,,,,,,,,,,,,,,,,,,,,,,,,,,,,,,,,,,,,,,,,,,,,,,,,,,,,,JO,JAO,CMK
0,1,yes,,4590,10.1371/journal.pone.0004050,Okech,Use of Integrated Malaria Management Reduces Malaria in Kenya ,Plos One,2008,yes,no,none,other,,Study villages and households were selected using a randomized cluster sampling method ,Kenya,Kirwara,,,,,,,,,,,,,,,,,,,,,,Central ,Kirinyaga district,,yes,combination,yes,"About 90% of households interviewed in Mwea division have bed nets, 65% of which are treated with insecticides other control methods iclude; environmental management that included removal of stagnant water bodies and removal of brush in the household compound. In addition, the respondents used several methods to lower the numbers of mosquitoes in their homes including mosquito repellants (31%), insecticides canisters (11%) bought from the shops, window and door screens (6%), traditional plants (3%) and ‘‘other methods’’ (3%). These ‘‘other methods’’ include burning herbs in their homes and avoiding construction of homes in swampy areas. ",HRI ,,,,,,,,,,yes,no,yes,7,6,2003,2004,,wet,1200-1600mm/year,,,arabiensis,n.a.,,DNA,,,,,,,,,,,,,,,,,,,,,,rice,,,,,,,,,,,,,,,,,,,,,,,,,,,,,,,,,,,,,,,,,,,,,,,,,,,,,,,,,,,,,,,,,,,,,,,,,,,,,,,,,,,,,,,,,,,,,,,,,,,,,,,,,,,,,,,,,,,,,,,,,,,,,,,,,,,,,,,,,,,,,,,,,,,,,,,,,,,,,,,,,,,,,,,,,,,,,,,,,,,,,,,,,,,,,,,,,,,,,,,,,,JO,JAO,CMK
0,1,yes,,4590,10.1371/journal.pone.0004050,Okech,Use of Integrated Malaria Management Reduces Malaria in Kenya ,Plos One,2008,yes,no,none,other,,Study villages and households were selected using a randomized cluster sampling method ,Kenya,Kirwara,,,,,,,,,,,,,,,,,,,,,,Central ,Kirinyaga district,,yes,combination,yes,"About 90% of households interviewed in Mwea division have bed nets, 65% of which are treated with insecticides other control methods iclude; environmental management that included removal of stagnant water bodies and removal of brush in the household compound. In addition, the respondents used several methods to lower the numbers of mosquitoes in their homes including mosquito repellants (31%), insecticides canisters (11%) bought from the shops, window and door screens (6%), traditional plants (3%) and ‘‘other methods’’ (3%). These ‘‘other methods’’ include burning herbs in their homes and avoiding construction of homes in swampy areas. ",HRI ,,,,,,,,,,yes,no,yes,7,6,2003,2004,,wet,1200-1600mm/year,,,arabiensis,n.a.,,DNA,,,,,,,,,,,,,,,,,,,,,,rice,,,,,,,,,,,,,,,,,,,,,,,,,,,,,,,,,,,,,,,,,,,,,,,,,,,,,,,,,,,,,,,,,,,,,,,,,,,,,,,,,,,,,,,,,,,,,,,,,,,,,,,,,,,,,,,,,,,,,,,,,,,,,,,,,,,,,,,,,,,,,,,,,,,,,,,,,,,,,,,,,,,,,,,,,,,,,,,,,,,,,,,,,,,,,,,,,,,,,,,,,,JO,JAO,CMK
0,1,yes,,4590,10.1371/journal.pone.0004050,Okech,Use of Integrated Malaria Management Reduces Malaria in Kenya ,Plos One,2008,yes,no,none,other,,Study villages and households were selected using a randomized cluster sampling method ,Kenya,Kirwara,,,,,,,,,,,,,,,,,,,,,,Central ,Kirinyaga district,,yes,combination,yes,"About 90% of households interviewed in Mwea division have bed nets, 65% of which are treated with insecticides other control methods iclude; environmental management that included removal of stagnant water bodies and removal of brush in the household compound. In addition, the respondents used several methods to lower the numbers of mosquitoes in their homes including mosquito repellants (31%), insecticides canisters (11%) bought from the shops, window and door screens (6%), traditional plants (3%) and ‘‘other methods’’ (3%). These ‘‘other methods’’ include burning herbs in their homes and avoiding construction of homes in swampy areas. ",HRI ,0,,,,,,,,,yes,no,yes,7,6,2003,2004,,wet,1200-1600mm/year,,,arabiensis,n.a.,,DNA,,,,,,,,,,,,,,,,,,,,,,rice,,,,,,,,,,,,,,,,,,,,,,,,,,,,,,,,,,,,,,,,,,,,,,,,,,,,,,,,,,,,,,,,,,,,,,,,,,,,,,,,,,,,,,,,,,,,,,,,,,,,,,,,,,,,,,,,,,,,,,,,,,,,,,,,,,,,,,,,,,,,,,,,,,,,,,,,,,,,,,,,,,,,,,,,,,,,,,,,,,,,,,,,,,,,,,,,,,,,,,,,,,JO,JAO,CMK
0,1,yes,,4590,10.1371/journal.pone.0004050,Okech,Use of Integrated Malaria Management Reduces Malaria in Kenya ,Plos One,2008,yes,no,none,other,,Study villages and households were selected using a randomized cluster sampling method ,Kenya,Kirwara,,,,,,,,,,,,,,,,,,,,,,Central ,Kirinyaga district,,yes,combination,yes,"About 90% of households interviewed in Mwea division have bed nets, 65% of which are treated with insecticides other control methods iclude; environmental management that included removal of stagnant water bodies and removal of brush in the household compound. In addition, the respondents used several methods to lower the numbers of mosquitoes in their homes including mosquito repellants (31%), insecticides canisters (11%) bought from the shops, window and door screens (6%), traditional plants (3%) and ‘‘other methods’’ (3%). These ‘‘other methods’’ include burning herbs in their homes and avoiding construction of homes in swampy areas. ",HRI ,0,,,,,,,,,yes,no,yes,7,6,2003,2004,,wet,1200-1600mm/year,,,arabiensis,n.a.,,DNA,,,,,,,,,,,,,,,,,,,,,,rice,,,,,,,,,,,,,,,,,,,,,,,,,,,,,,,,,,,,,,,,,,,,,,,,,,,,,,,,,,,,,,,,,,,,,,,,,,,,,,,,,,,,,,,,,,,,,,,,,,,,,,,,,,,,,,,,,,,,,,,,,,,,,,,,,,,,,,,,,,,,,,,,,,,,,,,,,,,,,,,,,,,,,,,,,,,,,,,,,,,,,,,,,,,,,,,,,,,,,,,,,,JO,JAO,CMK
0,1,yes,,4590,10.1371/journal.pone.0004050,Okech,Use of Integrated Malaria Management Reduces Malaria in Kenya ,Plos One,2008,yes,no,none,other,,Study villages and households were selected using a randomized cluster sampling method ,Kenya,Kirwara,,,,,,,,,,,,,,,,,,,,,,Central ,Kirinyaga district,,yes,combination,yes,"About 90% of households interviewed in Mwea division have bed nets, 65% of which are treated with insecticides other control methods iclude; environmental management that included removal of stagnant water bodies and removal of brush in the household compound. In addition, the respondents used several methods to lower the numbers of mosquitoes in their homes including mosquito repellants (31%), insecticides canisters (11%) bought from the shops, window and door screens (6%), traditional plants (3%) and ‘‘other methods’’ (3%). These ‘‘other methods’’ include burning herbs in their homes and avoiding construction of homes in swampy areas. ",HRI ,,,,,,,,,,yes,no,yes,7,6,2003,2004,,wet,1200-1600mm/year,,,arabiensis,n.a.,,DNA,,,,,,,,,,,,,,,,,,,,,,rice,,,,,,,,,,,,,,,,,,,,,,,,,,,,,,,,,,,,,,,,,,,,,,,,,,,,,,,,,,,,,,,,,,,,,,,,,,,,,,,,,,,,,,,,,,,,,,,,,,,,,,,,,,,,,,,,,,,,,,,,,,,,,,,,,,,,,,,,,,,,,,,,,,,,,,,,,,,,,,,,,,,,,,,,,,,,,,,,,,,,,,,,,,,,,,,,,,,,,,,,,,JO,JAO,CMK
0,1,yes,,4590,10.1371/journal.pone.0004050,Okech,Use of Integrated Malaria Management Reduces Malaria in Kenya ,Plos One,2008,yes,no,none,other,,Study villages and households were selected using a randomized cluster sampling method ,Kenya,Kirwara,,,,,,,,,,,,,,,,,,,,,,Central ,Kirinyaga district,,yes,combination,yes,"About 90% of households interviewed in Mwea division have bed nets, 65% of which are treated with insecticides other control methods iclude; environmental management that included removal of stagnant water bodies and removal of brush in the household compound. In addition, the respondents used several methods to lower the numbers of mosquitoes in their homes including mosquito repellants (31%), insecticides canisters (11%) bought from the shops, window and door screens (6%), traditional plants (3%) and ‘‘other methods’’ (3%). These ‘‘other methods’’ include burning herbs in their homes and avoiding construction of homes in swampy areas. ",HRI ,,,,,,,,,,yes,no,yes,7,6,2003,2004,,wet,1200-1600mm/year,,,arabiensis,n.a.,,DNA,,,,,,,,,,,,,,,,,,,,,,rice,,,,,,,,,,,,,,,,,,,,,,,,,,,,,,,,,,,,,,,,,,,,,,,,,,,,,,,,,,,,,,,,,,,,,,,,,,,,,,,,,,,,,,,,,,,,,,,,,,,,,,,,,,,,,,,,,,,,,,,,,,,,,,,,,,,,,,,,,,,,,,,,,,,,,,,,,,,,,,,,,,,,,,,,,,,,,,,,,,,,,,,,,,,,,,,,,,,,,,,,,,JO,JAO,CMK
0,1,yes,,4590,10.1371/journal.pone.0004050,Okech,Use of Integrated Malaria Management Reduces Malaria in Kenya ,Plos One,2008,yes,no,none,other,,Study villages and households were selected using a randomized cluster sampling method ,Kenya,Kirwara,,,,,,,,,,,,,,,,,,,,,,Central ,Kirinyaga district,,yes,combination,yes,"About 90% of households interviewed in Mwea division have bed nets, 65% of which are treated with insecticides other control methods iclude; environmental management that included removal of stagnant water bodies and removal of brush in the household compound. In addition, the respondents used several methods to lower the numbers of mosquitoes in their homes including mosquito repellants (31%), insecticides canisters (11%) bought from the shops, window and door screens (6%), traditional plants (3%) and ‘‘other methods’’ (3%). These ‘‘other methods’’ include burning herbs in their homes and avoiding construction of homes in swampy areas. ",HRI ,,,,,,,,,,yes,no,yes,7,6,2003,2004,,wet,1200-1600mm/year,,,arabiensis,n.a.,,DNA,,,,,,,,,,,,,,,,,,,,,,rice,,,,,,,,,,,,,,,,,,,,,,,,,,,,,,,,,,,,,,,,,,,,,,,,,,,,,,,,,,,,,,,,,,,,,,,,,,,,,,,,,,,,,,,,,,,,,,,,,,,,,,,,,,,,,,,,,,,,,,,,,,,,,,,,,,,,,,,,,,,,,,,,,,,,,,,,,,,,,,,,,,,,,,,,,,,,,,,,,,,,,,,,,,,,,,,,,,,,,,,,,,JO,JAO,CMK
0,1,yes,,4590,10.1371/journal.pone.0004050,Okech,Use of Integrated Malaria Management Reduces Malaria in Kenya ,Plos One,2008,yes,no,none,other,,Study villages and households were selected using a randomized cluster sampling method ,Kenya,Kirwara,,,,,,,,,,,,,,,,,,,,,,Central ,Kirinyaga district,,yes,combination,yes,"About 90% of households interviewed in Mwea division have bed nets, 65% of which are treated with insecticides other control methods iclude; environmental management that included removal of stagnant water bodies and removal of brush in the household compound. In addition, the respondents used several methods to lower the numbers of mosquitoes in their homes including mosquito repellants (31%), insecticides canisters (11%) bought from the shops, window and door screens (6%), traditional plants (3%) and ‘‘other methods’’ (3%). These ‘‘other methods’’ include burning herbs in their homes and avoiding construction of homes in swampy areas. ",HRI ,,,,,,,,,,yes,no,yes,7,6,2003,2004,,wet,1200-1600mm/year,,,arabiensis,n.a.,,DNA,,,,,,,,,,,,,,,,,,,,,,rice,,,,,,,,,,,,,,,,,,,,,,,,,,,,,,,,,,,,,,,,,,,,,,,,,,,,,,,,,,,,,,,,,,,,,,,,,,,,,,,,,,,,,,,,,,,,,,,,,,,,,,,,,,,,,,,,,,,,,,,,,,,,,,,,,,,,,,,,,,,,,,,,,,,,,,,,,,,,,,,,,,,,,,,,,,,,,,,,,,,,,,,,,,,,,,,,,,,,,,,,,,JO,JAO,CMK
0,1,yes,,4590,10.1371/journal.pone.0004050,Okech,Use of Integrated Malaria Management Reduces Malaria in Kenya ,Plos One,2008,yes,no,none,other,,Study villages and households were selected using a randomized cluster sampling method ,Kenya,Kirwara,,,,,,,,,,,,,,,,,,,,,,Central ,Kirinyaga district,,yes,combination,yes,"About 90% of households interviewed in Mwea division have bed nets, 65% of which are treated with insecticides other control methods iclude; environmental management that included removal of stagnant water bodies and removal of brush in the household compound. In addition, the respondents used several methods to lower the numbers of mosquitoes in their homes including mosquito repellants (31%), insecticides canisters (11%) bought from the shops, window and door screens (6%), traditional plants (3%) and ‘‘other methods’’ (3%). These ‘‘other methods’’ include burning herbs in their homes and avoiding construction of homes in swampy areas. ",HRI ,,,,,,,,,,yes,no,yes,7,6,2003,2004,,wet,1200-1600mm/year,,,arabiensis,n.a.,,DNA,,,,,,,,,,,,,,,,,,,,,,rice,,,,,,,,,,,,,,,,,,,,,,,,,,,,,,,,,,,,,,,,,,,,,,,,,,,,,,,,,,,,,,,,,,,,,,,,,,,,,,,,,,,,,,,,,,,,,,,,,,,,,,,,,,,,,,,,,,,,,,,,,,,,,,,,,,,,,,,,,,,,,,,,,,,,,,,,,,,,,,,,,,,,,,,,,,,,,,,,,,,,,,,,,,,,,,,,,,,,,,,,,,JO,JAO,CMK
0,1,yes,,4590,10.1371/journal.pone.0004050,Okech,Use of Integrated Malaria Management Reduces Malaria in Kenya ,Plos One,2008,yes,no,none,other,,Study villages and households were selected using a randomized cluster sampling method ,Kenya,Kirwara,,,,,,,,,,,,,,,,,,,,,,Central ,Kirinyaga district,,yes,combination,yes,"About 90% of households interviewed in Mwea division have bed nets, 65% of which are treated with insecticides other control methods iclude; environmental management that included removal of stagnant water bodies and removal of brush in the household compound. In addition, the respondents used several methods to lower the numbers of mosquitoes in their homes including mosquito repellants (31%), insecticides canisters (11%) bought from the shops, window and door screens (6%), traditional plants (3%) and ‘‘other methods’’ (3%). These ‘‘other methods’’ include burning herbs in their homes and avoiding construction of homes in swampy areas. ",HRI ,,,,,,,,,,yes,no,yes,7,6,2003,2004,,wet,1200-1600mm/year,,,arabiensis,n.a.,,DNA,,,,,,,,,,,,,,,,,,,,,,rice,,,,,,,,,,,,,,,,,,,,,,,,,,,,,,,,,,,,,,,,,,,,,,,,,,,,,,,,,,,,,,,,,,,,,,,,,,,,,,,,,,,,,,,,,,,,,,,,,,,,,,,,,,,,,,,,,,,,,,,,,,,,,,,,,,,,,,,,,,,,,,,,,,,,,,,,,,,,,,,,,,,,,,,,,,,,,,,,,,,,,,,,,,,,,,,,,,,,,,,,,,JO,JAO,CMK
0,1,yes,,4590,10.1371/journal.pone.0004050,Okech,Use of Integrated Malaria Management Reduces Malaria in Kenya ,Plos One,2008,yes,no,none,other,,Study villages and households were selected using a randomized cluster sampling method ,Kenya,Kirwara,,,,,,,,,,,,,,,,,,,,,,Central ,Kirinyaga district,,yes,combination,yes,"About 90% of households interviewed in Mwea division have bed nets, 65% of which are treated with insecticides other control methods iclude; environmental management that included removal of stagnant water bodies and removal of brush in the household compound. In addition, the respondents used several methods to lower the numbers of mosquitoes in their homes including mosquito repellants (31%), insecticides canisters (11%) bought from the shops, window and door screens (6%), traditional plants (3%) and ‘‘other methods’’ (3%). These ‘‘other methods’’ include burning herbs in their homes and avoiding construction of homes in swampy areas. ",HRI ,0,,,,,,,,,yes,no,yes,7,6,2003,2004,,wet,1200-1600mm/year,,,arabiensis,n.a.,,DNA,,,,,,,,,,,,,,,,,,,,,,rice,,,,,,,,,,,,,,,,,,,,,,,,,,,,,,,,,,,,,,,,,,,,,,,,,,,,,,,,,,,,,,,,,,,,,,,,,,,,,,,,,,,,,,,,,,,,,,,,,,,,,,,,,,,,,,,,,,,,,,,,,,,,,,,,,,,,,,,,,,,,,,,,,,,,,,,,,,,,,,,,,,,,,,,,,,,,,,,,,,,,,,,,,,,,,,,,,,,,,,,,,,JO,JAO,CMK
0,1,yes,,4590,10.1371/journal.pone.0004050,Okech,Use of Integrated Malaria Management Reduces Malaria in Kenya ,Plos One,2008,yes,no,none,other,,Study villages and households were selected using a randomized cluster sampling method ,Kenya,Kirwara,,,,,,,,,,,,,,,,,,,,,,Central ,Kirinyaga district,,yes,combination,yes,"About 90% of households interviewed in Mwea division have bed nets, 65% of which are treated with insecticides other control methods iclude; environmental management that included removal of stagnant water bodies and removal of brush in the household compound. In addition, the respondents used several methods to lower the numbers of mosquitoes in their homes including mosquito repellants (31%), insecticides canisters (11%) bought from the shops, window and door screens (6%), traditional plants (3%) and ‘‘other methods’’ (3%). These ‘‘other methods’’ include burning herbs in their homes and avoiding construction of homes in swampy areas. ",HRI ,,,,,,,,,,yes,no,yes,7,6,2003,2004,,wet,1200-1600mm/year,,,arabiensis,n.a.,,DNA,,,,,,,,,,,,,,,,,,,,,,rice,,,,,,,,,,,,,,,,,,,,,,,,,,,,,,,,,,,,,,,,,,,,,,,,,,,,,,,,,,,,,,,,,,,,,,,,,,,,,,,,,,,,,,,,,,,,,,,,,,,,,,,,,,,,,,,,,,,,,,,,,,,,,,,,,,,,,,,,,,,,,,,,,,,,,,,,,,,,,,,,,,,,,,,,,,,,,,,,,,,,,,,,,,,,,,,,,,,,,,,,,,JO,JAO,CMK
0,1,yes,,4590,10.1371/journal.pone.0004050,Okech,Use of Integrated Malaria Management Reduces Malaria in Kenya ,Plos One,2008,yes,no,none,other,,Study villages and households were selected using a randomized cluster sampling method ,Kenya,Kirwara,,,,,,,,,,,,,,,,,,,,,,Central ,Kirinyaga district,,yes,combination,yes,"About 90% of households interviewed in Mwea division have bed nets, 65% of which are treated with insecticides other control methods iclude; environmental management that included removal of stagnant water bodies and removal of brush in the household compound. In addition, the respondents used several methods to lower the numbers of mosquitoes in their homes including mosquito repellants (31%), insecticides canisters (11%) bought from the shops, window and door screens (6%), traditional plants (3%) and ‘‘other methods’’ (3%). These ‘‘other methods’’ include burning herbs in their homes and avoiding construction of homes in swampy areas. ",HRI ,,,,,,,,,,yes,no,yes,7,6,2003,2004,,wet,1200-1600mm/year,,,funestus,n.a.,,DNA,,,,,,,,,,,,,,,,,,,,,,rice,,,,,,,,,,,,,,,,,,,,,,,,,,,,,,,,,,,,,,,,,,,,,,,,,,,,,,,,,,,,,,,,,,,,,,,,,,,,,,,,,,,,,,,,,,,,,,,,,,,,,,,,,,,,,,,,,,,,,,,,,,,,,,,,,,,,,,,,,,,,,,,,,,,,,,,,,,,,,,,,,,,,,,,,,,,,,,,,,,,,,,,,,,,,,,,,,,,,,,,,,,JO,JAO,CMK
0,1,yes,,4590,10.1371/journal.pone.0004050,Okech,Use of Integrated Malaria Management Reduces Malaria in Kenya ,Plos One,2008,yes,no,none,other,,Study villages and households were selected using a randomized cluster sampling method ,Kenya,Kirwara,,,,,,,,,,,,,,,,,,,,,,Central ,Kirinyaga district,,yes,combination,yes,"About 90% of households interviewed in Mwea division have bed nets, 65% of which are treated with insecticides other control methods iclude; environmental management that included removal of stagnant water bodies and removal of brush in the household compound. In addition, the respondents used several methods to lower the numbers of mosquitoes in their homes including mosquito repellants (31%), insecticides canisters (11%) bought from the shops, window and door screens (6%), traditional plants (3%) and ‘‘other methods’’ (3%). These ‘‘other methods’’ include burning herbs in their homes and avoiding construction of homes in swampy areas. ",HRI ,,,,,,,,,,yes,no,yes,7,6,2003,2004,,wet,1200-1600mm/year,,,coustani,n.a.,,DNA,,,,,,,,,,,,,,,,,,,,,,rice,,,,,,,,,,,,,,,,,,,,,,,,,,,,,,,,,,,,,,,,,,,,,,,,,,,,,,,,,,,,,,,,,,,,,,,,,,,,,,,,,,,,,,,,,,,,,,,,,,,,,,,,,,,,,,,,,,,,,,,,,,,,,,,,,,,,,,,,,,,,,,,,,,,,,,,,,,,,,,,,,,,,,,,,,,,,,,,,,,,,,,,,,,,,,,,,,,,,,,,,,,JO,JAO,CMK
0,1,yes,,4590,10.1371/journal.pone.0004050,Okech,Use of Integrated Malaria Management Reduces Malaria in Kenya ,Plos One,2008,yes,no,none,other,,Study villages and households were selected using a randomized cluster sampling method ,Kenya,Kirwara,,,,,,,,,,,,,,,,,,,,,,Central ,Kirinyaga district,,yes,combination,yes,"About 90% of households interviewed in Mwea division have bed nets, 65% of which are treated with insecticides other control methods iclude; environmental management that included removal of stagnant water bodies and removal of brush in the household compound. In addition, the respondents used several methods to lower the numbers of mosquitoes in their homes including mosquito repellants (31%), insecticides canisters (11%) bought from the shops, window and door screens (6%), traditional plants (3%) and ‘‘other methods’’ (3%). These ‘‘other methods’’ include burning herbs in their homes and avoiding construction of homes in swampy areas. ",HRI ,,,,,,,,,,yes,no,yes,7,6,2003,2004,,wet,1200-1600mm/year,,,pharoensis,n.a.,,DNA,,,,,,,,,,,,,,,,,,,,,,rice,,,,,,,,,,,,,,,,,,,,,,,,,,,,,,,,,,,,,,,,,,,,,,,,,,,,,,,,,,,,,,,,,,,,,,,,,,,,,,,,,,,,,,,,,,,,,,,,,,,,,,,,,,,,,,,,,,,,,,,,,,,,,,,,,,,,,,,,,,,,,,,,,,,,,,,,,,,,,,,,,,,,,,,,,,,,,,,,,,,,,,,,,,,,,,,,,,,,,,,,,,JO,JAO,CMK
0,1,yes,,4590,10.1371/journal.pone.0004050,Okech,Use of Integrated Malaria Management Reduces Malaria in Kenya ,Plos One,2008,yes,no,none,other,,Study villages and households were selected using a randomized cluster sampling method ,Kenya,Kirwara,,,,,,,,,,,,,,,,,,,,,,Central ,Kirinyaga district,,yes,combination,yes,"About 90% of households interviewed in Mwea division have bed nets, 65% of which are treated with insecticides other control methods iclude; environmental management that included removal of stagnant water bodies and removal of brush in the household compound. In addition, the respondents used several methods to lower the numbers of mosquitoes in their homes including mosquito repellants (31%), insecticides canisters (11%) bought from the shops, window and door screens (6%), traditional plants (3%) and ‘‘other methods’’ (3%). These ‘‘other methods’’ include burning herbs in their homes and avoiding construction of homes in swampy areas. ",HRI ,,,,,,,,,,yes,no,yes,7,6,2003,2004,,wet,1200-1600mm/year,,,christi,n.a.,,DNA,,,,,,,,,,,,,,,,,,,,,,rice,,,,,,,,,,,,,,,,,,,,,,,,,,,,,,,,,,,,,,,,,,,,,,,,,,,,,,,,,,,,,,,,,,,,,,,,,,,,,,,,,,,,,,,,,,,,,,,,,,,,,,,,,,,,,,,,,,,,,,,,,,,,,,,,,,,,,,,,,,,,,,,,,,,,,,,,,,,,,,,,,,,,,,,,,,,,,,,,,,,,,,,,,,,,,,,,,,,,,,,,,,JO,JAO,CMK
0,1,yes,,4590,10.1371/journal.pone.0004050,Okech,Use of Integrated Malaria Management Reduces Malaria in Kenya ,Plos One,2008,yes,no,none,other,,Study villages and households were selected using a randomized cluster sampling method ,Kenya,Kimuri,,,,,,,,,,,,,,,,,,,,point,,Central ,Kirinyaga district,"Not Listed- coords not found using all the georef sources available. (unable to locate, and based on potential problems with the map already identified have left blank (EH))",yes,combination,yes,"About 90% of households interviewed in Mwea division have bed nets, 65% of which are treated with insecticides other control methods iclude; environmental management that included removal of stagnant water bodies and removal of brush in the household compound. In addition, the respondents used several methods to lower the numbers of mosquitoes in their homes including mosquito repellants (31%), insecticides canisters (11%) bought from the shops, window and door screens (6%), traditional plants (3%) and ‘‘other methods’’ (3%). These ‘‘other methods’’ include burning herbs in their homes and avoiding construction of homes in swampy areas. ",HRI ,1542,,,,,,,,,yes,no,yes,7,6,2003,2004,,wet,1200-1600mm/year,,,arabiensis,n.a.,,DNA,,,,,,,,,,,,,,,,,,,,,,rice,,,,,,,,,,,,,,,,,,,,,,,,,,,,,,,,,,,,,,,,,,,,,,,,,,,,,,,,,,,,,,,,,,,,,,,,,,,,,,,,,,,,,,,,,,,,,,,,,,,,,,,,,,,,,,,,,,,,,,,,,,,,,,,,,,,,,,,,,,,,,,,,,,,,,,,,,,,,,,,,,,,,,,,,,,,,,,,,,,,,,,,,,,,,,,,,,,,,,,,,,,JO,JAO,CMK
0,1,yes,,4590,10.1371/journal.pone.0004050,Okech,Use of Integrated Malaria Management Reduces Malaria in Kenya ,Plos One,2008,yes,no,none,other,,Study villages and households were selected using a randomized cluster sampling method ,Kenya,Kimuri,,,,,,,,,,,,,,,,,,,,,,Central ,Kirinyaga district,,yes,combination,yes,"About 90% of households interviewed in Mwea division have bed nets, 65% of which are treated with insecticides other control methods iclude; environmental management that included removal of stagnant water bodies and removal of brush in the household compound. In addition, the respondents used several methods to lower the numbers of mosquitoes in their homes including mosquito repellants (31%), insecticides canisters (11%) bought from the shops, window and door screens (6%), traditional plants (3%) and ‘‘other methods’’ (3%). These ‘‘other methods’’ include burning herbs in their homes and avoiding construction of homes in swampy areas. ",HRI ,,,,,,,,,,yes,no,yes,7,6,2003,2004,,wet,1200-1600mm/year,,,arabiensis,n.a.,,DNA,,,,,,,,,,,,,,,,,,,,,,rice,,,,,,,,,,,,,,,,,,,,,,,,,,,,,,,,,,,,,,,,,,,,,,,,,,,,,,,,,,,,,,,,,,,,,,,,,,,,,,,,,,,,,,,,,,,,,,,,,,,,,,,,,,,,,,,,,,,,,,,,,,,,,,,,,,,,,,,,,,,,,,,,,,,,,,,,,,,,,,,,,,,,,,,,,,,,,,,,,,,,,,,,,,,,,,,,,,,,,,,,,,JO,JAO,CMK
0,1,yes,,4590,10.1371/journal.pone.0004050,Okech,Use of Integrated Malaria Management Reduces Malaria in Kenya ,Plos One,2008,yes,no,none,other,,Study villages and households were selected using a randomized cluster sampling method ,Kenya,Kimuri,,,,,,,,,,,,,,,,,,,,,,Central ,Kirinyaga district,,yes,combination,yes,"About 90% of households interviewed in Mwea division have bed nets, 65% of which are treated with insecticides other control methods iclude; environmental management that included removal of stagnant water bodies and removal of brush in the household compound. In addition, the respondents used several methods to lower the numbers of mosquitoes in their homes including mosquito repellants (31%), insecticides canisters (11%) bought from the shops, window and door screens (6%), traditional plants (3%) and ‘‘other methods’’ (3%). These ‘‘other methods’’ include burning herbs in their homes and avoiding construction of homes in swampy areas. ",HRI ,,,,,,,,,,yes,no,yes,7,6,2003,2004,,wet,1200-1600mm/year,,,arabiensis,n.a.,,DNA,,,,,,,,,,,,,,,,,,,,,,rice,,,,,,,,,,,,,,,,,,,,,,,,,,,,,,,,,,,,,,,,,,,,,,,,,,,,,,,,,,,,,,,,,,,,,,,,,,,,,,,,,,,,,,,,,,,,,,,,,,,,,,,,,,,,,,,,,,,,,,,,,,,,,,,,,,,,,,,,,,,,,,,,,,,,,,,,,,,,,,,,,,,,,,,,,,,,,,,,,,,,,,,,,,,,,,,,,,,,,,,,,,JO,JAO,CMK
0,1,yes,,4590,10.1371/journal.pone.0004050,Okech,Use of Integrated Malaria Management Reduces Malaria in Kenya ,Plos One,2008,yes,no,none,other,,Study villages and households were selected using a randomized cluster sampling method ,Kenya,Kimuri,,,,,,,,,,,,,,,,,,,,,,Central ,Kirinyaga district,,yes,combination,yes,"About 90% of households interviewed in Mwea division have bed nets, 65% of which are treated with insecticides other control methods iclude; environmental management that included removal of stagnant water bodies and removal of brush in the household compound. In addition, the respondents used several methods to lower the numbers of mosquitoes in their homes including mosquito repellants (31%), insecticides canisters (11%) bought from the shops, window and door screens (6%), traditional plants (3%) and ‘‘other methods’’ (3%). These ‘‘other methods’’ include burning herbs in their homes and avoiding construction of homes in swampy areas. ",HRI ,0,,,,,,,,,yes,no,yes,7,6,2003,2004,,wet,1200-1600mm/year,,,arabiensis,n.a.,,DNA,,,,,,,,,,,,,,,,,,,,,,rice,,,,,,,,,,,,,,,,,,,,,,,,,,,,,,,,,,,,,,,,,,,,,,,,,,,,,,,,,,,,,,,,,,,,,,,,,,,,,,,,,,,,,,,,,,,,,,,,,,,,,,,,,,,,,,,,,,,,,,,,,,,,,,,,,,,,,,,,,,,,,,,,,,,,,,,,,,,,,,,,,,,,,,,,,,,,,,,,,,,,,,,,,,,,,,,,,,,,,,,,,,JO,JAO,CMK
0,1,yes,,4590,10.1371/journal.pone.0004050,Okech,Use of Integrated Malaria Management Reduces Malaria in Kenya ,Plos One,2008,yes,no,none,other,,Study villages and households were selected using a randomized cluster sampling method ,Kenya,Kimuri,,,,,,,,,,,,,,,,,,,,,,Central ,Kirinyaga district,,yes,combination,yes,"About 90% of households interviewed in Mwea division have bed nets, 65% of which are treated with insecticides other control methods iclude; environmental management that included removal of stagnant water bodies and removal of brush in the household compound. In addition, the respondents used several methods to lower the numbers of mosquitoes in their homes including mosquito repellants (31%), insecticides canisters (11%) bought from the shops, window and door screens (6%), traditional plants (3%) and ‘‘other methods’’ (3%). These ‘‘other methods’’ include burning herbs in their homes and avoiding construction of homes in swampy areas. ",HRI ,,,,,,,,,,yes,no,yes,7,6,2003,2004,,wet,1200-1600mm/year,,,arabiensis,n.a.,,DNA,,,,,,,,,,,,,,,,,,,,,,rice,,,,,,,,,,,,,,,,,,,,,,,,,,,,,,,,,,,,,,,,,,,,,,,,,,,,,,,,,,,,,,,,,,,,,,,,,,,,,,,,,,,,,,,,,,,,,,,,,,,,,,,,,,,,,,,,,,,,,,,,,,,,,,,,,,,,,,,,,,,,,,,,,,,,,,,,,,,,,,,,,,,,,,,,,,,,,,,,,,,,,,,,,,,,,,,,,,,,,,,,,,JO,JAO,CMK
0,1,yes,,4590,10.1371/journal.pone.0004050,Okech,Use of Integrated Malaria Management Reduces Malaria in Kenya ,Plos One,2008,yes,no,none,other,,Study villages and households were selected using a randomized cluster sampling method ,Kenya,Kimuri,,,,,,,,,,,,,,,,,,,,,,Central ,Kirinyaga district,,yes,combination,yes,"About 90% of households interviewed in Mwea division have bed nets, 65% of which are treated with insecticides other control methods iclude; environmental management that included removal of stagnant water bodies and removal of brush in the household compound. In addition, the respondents used several methods to lower the numbers of mosquitoes in their homes including mosquito repellants (31%), insecticides canisters (11%) bought from the shops, window and door screens (6%), traditional plants (3%) and ‘‘other methods’’ (3%). These ‘‘other methods’’ include burning herbs in their homes and avoiding construction of homes in swampy areas. ",HRI ,,,,,,,,,,yes,no,yes,7,6,2003,2004,,wet,1200-1600mm/year,,,arabiensis,n.a.,,DNA,,,,,,,,,,,,,,,,,,,,,,rice,,,,,,,,,,,,,,,,,,,,,,,,,,,,,,,,,,,,,,,,,,,,,,,,,,,,,,,,,,,,,,,,,,,,,,,,,,,,,,,,,,,,,,,,,,,,,,,,,,,,,,,,,,,,,,,,,,,,,,,,,,,,,,,,,,,,,,,,,,,,,,,,,,,,,,,,,,,,,,,,,,,,,,,,,,,,,,,,,,,,,,,,,,,,,,,,,,,,,,,,,,JO,JAO,CMK
0,1,yes,,4590,10.1371/journal.pone.0004050,Okech,Use of Integrated Malaria Management Reduces Malaria in Kenya ,Plos One,2008,yes,no,none,other,,Study villages and households were selected using a randomized cluster sampling method ,Kenya,Kimuri,,,,,,,,,,,,,,,,,,,,,,Central ,Kirinyaga district,,yes,combination,yes,"About 90% of households interviewed in Mwea division have bed nets, 65% of which are treated with insecticides other control methods iclude; environmental management that included removal of stagnant water bodies and removal of brush in the household compound. In addition, the respondents used several methods to lower the numbers of mosquitoes in their homes including mosquito repellants (31%), insecticides canisters (11%) bought from the shops, window and door screens (6%), traditional plants (3%) and ‘‘other methods’’ (3%). These ‘‘other methods’’ include burning herbs in their homes and avoiding construction of homes in swampy areas. ",HRI ,,,,,,,,,,yes,no,yes,7,6,2003,2004,,wet,1200-1600mm/year,,,arabiensis,n.a.,,DNA,,,,,,,,,,,,,,,,,,,,,,rice,,,,,,,,,,,,,,,,,,,,,,,,,,,,,,,,,,,,,,,,,,,,,,,,,,,,,,,,,,,,,,,,,,,,,,,,,,,,,,,,,,,,,,,,,,,,,,,,,,,,,,,,,,,,,,,,,,,,,,,,,,,,,,,,,,,,,,,,,,,,,,,,,,,,,,,,,,,,,,,,,,,,,,,,,,,,,,,,,,,,,,,,,,,,,,,,,,,,,,,,,,JO,JAO,CMK
0,1,yes,,4590,10.1371/journal.pone.0004050,Okech,Use of Integrated Malaria Management Reduces Malaria in Kenya ,Plos One,2008,yes,no,none,other,,Study villages and households were selected using a randomized cluster sampling method ,Kenya,Kimuri,,,,,,,,,,,,,,,,,,,,,,Central ,Kirinyaga district,,yes,combination,yes,"About 90% of households interviewed in Mwea division have bed nets, 65% of which are treated with insecticides other control methods iclude; environmental management that included removal of stagnant water bodies and removal of brush in the household compound. In addition, the respondents used several methods to lower the numbers of mosquitoes in their homes including mosquito repellants (31%), insecticides canisters (11%) bought from the shops, window and door screens (6%), traditional plants (3%) and ‘‘other methods’’ (3%). These ‘‘other methods’’ include burning herbs in their homes and avoiding construction of homes in swampy areas. ",HRI ,,,,,,,,,,yes,no,yes,7,6,2003,2004,,wet,1200-1600mm/year,,,arabiensis,n.a.,,DNA,,,,,,,,,,,,,,,,,,,,,,rice,,,,,,,,,,,,,,,,,,,,,,,,,,,,,,,,,,,,,,,,,,,,,,,,,,,,,,,,,,,,,,,,,,,,,,,,,,,,,,,,,,,,,,,,,,,,,,,,,,,,,,,,,,,,,,,,,,,,,,,,,,,,,,,,,,,,,,,,,,,,,,,,,,,,,,,,,,,,,,,,,,,,,,,,,,,,,,,,,,,,,,,,,,,,,,,,,,,,,,,,,,JO,JAO,CMK
0,1,yes,,4590,10.1371/journal.pone.0004050,Okech,Use of Integrated Malaria Management Reduces Malaria in Kenya ,Plos One,2008,yes,no,none,other,,Study villages and households were selected using a randomized cluster sampling method ,Kenya,Kimuri,,,,,,,,,,,,,,,,,,,,,,Central ,Kirinyaga district,,yes,combination,yes,"About 90% of households interviewed in Mwea division have bed nets, 65% of which are treated with insecticides other control methods iclude; environmental management that included removal of stagnant water bodies and removal of brush in the household compound. In addition, the respondents used several methods to lower the numbers of mosquitoes in their homes including mosquito repellants (31%), insecticides canisters (11%) bought from the shops, window and door screens (6%), traditional plants (3%) and ‘‘other methods’’ (3%). These ‘‘other methods’’ include burning herbs in their homes and avoiding construction of homes in swampy areas. ",HRI ,,,,,,,,,,yes,no,yes,7,6,2003,2004,,wet,1200-1600mm/year,,,arabiensis,n.a.,,DNA,,,,,,,,,,,,,,,,,,,,,,rice,,,,,,,,,,,,,,,,,,,,,,,,,,,,,,,,,,,,,,,,,,,,,,,,,,,,,,,,,,,,,,,,,,,,,,,,,,,,,,,,,,,,,,,,,,,,,,,,,,,,,,,,,,,,,,,,,,,,,,,,,,,,,,,,,,,,,,,,,,,,,,,,,,,,,,,,,,,,,,,,,,,,,,,,,,,,,,,,,,,,,,,,,,,,,,,,,,,,,,,,,,JO,JAO,CMK
0,1,yes,,4590,10.1371/journal.pone.0004050,Okech,Use of Integrated Malaria Management Reduces Malaria in Kenya ,Plos One,2008,yes,no,none,other,,Study villages and households were selected using a randomized cluster sampling method ,Kenya,Kimuri,,,,,,,,,,,,,,,,,,,,,,Central ,Kirinyaga district,,yes,combination,yes,"About 90% of households interviewed in Mwea division have bed nets, 65% of which are treated with insecticides other control methods iclude; environmental management that included removal of stagnant water bodies and removal of brush in the household compound. In addition, the respondents used several methods to lower the numbers of mosquitoes in their homes including mosquito repellants (31%), insecticides canisters (11%) bought from the shops, window and door screens (6%), traditional plants (3%) and ‘‘other methods’’ (3%). These ‘‘other methods’’ include burning herbs in their homes and avoiding construction of homes in swampy areas. ",HRI ,,,,,,,,,,yes,no,yes,7,6,2003,2004,,wet,1200-1600mm/year,,,arabiensis,n.a.,,DNA,,,,,,,,,,,,,,,,,,,,,,rice,,,,,,,,,,,,,,,,,,,,,,,,,,,,,,,,,,,,,,,,,,,,,,,,,,,,,,,,,,,,,,,,,,,,,,,,,,,,,,,,,,,,,,,,,,,,,,,,,,,,,,,,,,,,,,,,,,,,,,,,,,,,,,,,,,,,,,,,,,,,,,,,,,,,,,,,,,,,,,,,,,,,,,,,,,,,,,,,,,,,,,,,,,,,,,,,,,,,,,,,,,JO,JAO,CMK
0,1,yes,,4590,10.1371/journal.pone.0004050,Okech,Use of Integrated Malaria Management Reduces Malaria in Kenya ,Plos One,2008,yes,no,none,other,,Study villages and households were selected using a randomized cluster sampling method ,Kenya,Kimuri,,,,,,,,,,,,,,,,,,,,,,Central ,Kirinyaga district,,yes,combination,yes,"About 90% of households interviewed in Mwea division have bed nets, 65% of which are treated with insecticides other control methods iclude; environmental management that included removal of stagnant water bodies and removal of brush in the household compound. In addition, the respondents used several methods to lower the numbers of mosquitoes in their homes including mosquito repellants (31%), insecticides canisters (11%) bought from the shops, window and door screens (6%), traditional plants (3%) and ‘‘other methods’’ (3%). These ‘‘other methods’’ include burning herbs in their homes and avoiding construction of homes in swampy areas. ",HRI ,,,,,,,,,,yes,no,yes,7,6,2003,2004,,wet,1200-1600mm/year,,,arabiensis,n.a.,,DNA,,,,,,,,,,,,,,,,,,,,,,rice,,,,,,,,,,,,,,,,,,,,,,,,,,,,,,,,,,,,,,,,,,,,,,,,,,,,,,,,,,,,,,,,,,,,,,,,,,,,,,,,,,,,,,,,,,,,,,,,,,,,,,,,,,,,,,,,,,,,,,,,,,,,,,,,,,,,,,,,,,,,,,,,,,,,,,,,,,,,,,,,,,,,,,,,,,,,,,,,,,,,,,,,,,,,,,,,,,,,,,,,,,JO,JAO,CMK
0,1,yes,,4590,10.1371/journal.pone.0004050,Okech,Use of Integrated Malaria Management Reduces Malaria in Kenya ,Plos One,2008,yes,no,none,other,,Study villages and households were selected using a randomized cluster sampling method ,Kenya,Kimuri,,,,,,,,,,,,,,,,,,,,,,Central ,Kirinyaga district,,yes,combination,yes,"About 90% of households interviewed in Mwea division have bed nets, 65% of which are treated with insecticides other control methods iclude; environmental management that included removal of stagnant water bodies and removal of brush in the household compound. In addition, the respondents used several methods to lower the numbers of mosquitoes in their homes including mosquito repellants (31%), insecticides canisters (11%) bought from the shops, window and door screens (6%), traditional plants (3%) and ‘‘other methods’’ (3%). These ‘‘other methods’’ include burning herbs in their homes and avoiding construction of homes in swampy areas. ",HRI ,,,,,,,,,,yes,no,yes,7,6,2003,2004,,wet,1200-1600mm/year,,,arabiensis,n.a.,,DNA,,,,,,,,,,,,,,,,,,,,,,rice,,,,,,,,,,,,,,,,,,,,,,,,,,,,,,,,,,,,,,,,,,,,,,,,,,,,,,,,,,,,,,,,,,,,,,,,,,,,,,,,,,,,,,,,,,,,,,,,,,,,,,,,,,,,,,,,,,,,,,,,,,,,,,,,,,,,,,,,,,,,,,,,,,,,,,,,,,,,,,,,,,,,,,,,,,,,,,,,,,,,,,,,,,,,,,,,,,,,,,,,,,JO,JAO,CMK
0,1,yes,,4590,10.1371/journal.pone.0004050,Okech,Use of Integrated Malaria Management Reduces Malaria in Kenya ,Plos One,2008,yes,no,none,other,,Study villages and households were selected using a randomized cluster sampling method ,Kenya,Kimuri,,,,,,,,,,,,,,,,,,,,,,Central ,Kirinyaga district,,yes,combination,yes,"About 90% of households interviewed in Mwea division have bed nets, 65% of which are treated with insecticides other control methods iclude; environmental management that included removal of stagnant water bodies and removal of brush in the household compound. In addition, the respondents used several methods to lower the numbers of mosquitoes in their homes including mosquito repellants (31%), insecticides canisters (11%) bought from the shops, window and door screens (6%), traditional plants (3%) and ‘‘other methods’’ (3%). These ‘‘other methods’’ include burning herbs in their homes and avoiding construction of homes in swampy areas. ",HRI ,,,,,,,,,,yes,no,yes,7,6,2003,2004,,wet,1200-1600mm/year,,,arabiensis,n.a.,,DNA,,,,,,,,,,,,,,,,,,,,,,rice,,,,,,,,,,,,,,,,,,,,,,,,,,,,,,,,,,,,,,,,,,,,,,,,,,,,,,,,,,,,,,,,,,,,,,,,,,,,,,,,,,,,,,,,,,,,,,,,,,,,,,,,,,,,,,,,,,,,,,,,,,,,,,,,,,,,,,,,,,,,,,,,,,,,,,,,,,,,,,,,,,,,,,,,,,,,,,,,,,,,,,,,,,,,,,,,,,,,,,,,,,JO,JAO,CMK
0,1,yes,,4590,10.1371/journal.pone.0004050,Okech,Use of Integrated Malaria Management Reduces Malaria in Kenya ,Plos One,2008,yes,no,none,other,,Study villages and households were selected using a randomized cluster sampling method ,Kenya,Kimuri,,,,,,,,,,,,,,,,,,,,,,Central ,Kirinyaga district,,yes,combination,yes,"About 90% of households interviewed in Mwea division have bed nets, 65% of which are treated with insecticides other control methods iclude; environmental management that included removal of stagnant water bodies and removal of brush in the household compound. In addition, the respondents used several methods to lower the numbers of mosquitoes in their homes including mosquito repellants (31%), insecticides canisters (11%) bought from the shops, window and door screens (6%), traditional plants (3%) and ‘‘other methods’’ (3%). These ‘‘other methods’’ include burning herbs in their homes and avoiding construction of homes in swampy areas. ",HRI ,,,,,,,,,,yes,no,yes,7,6,2003,2004,,wet,1200-1600mm/year,,,funestus,n.a.,,DNA,,,,,,,,,,,,,,,,,,,,,,rice,,,,,,,,,,,,,,,,,,,,,,,,,,,,,,,,,,,,,,,,,,,,,,,,,,,,,,,,,,,,,,,,,,,,,,,,,,,,,,,,,,,,,,,,,,,,,,,,,,,,,,,,,,,,,,,,,,,,,,,,,,,,,,,,,,,,,,,,,,,,,,,,,,,,,,,,,,,,,,,,,,,,,,,,,,,,,,,,,,,,,,,,,,,,,,,,,,,,,,,,,,JO,JAO,CMK
0,1,yes,,4590,10.1371/journal.pone.0004050,Okech,Use of Integrated Malaria Management Reduces Malaria in Kenya ,Plos One,2008,yes,no,none,other,,Study villages and households were selected using a randomized cluster sampling method ,Kenya,Kimuri,,,,,,,,,,,,,,,,,,,,,,Central ,Kirinyaga district,,yes,combination,yes,"About 90% of households interviewed in Mwea division have bed nets, 65% of which are treated with insecticides other control methods iclude; environmental management that included removal of stagnant water bodies and removal of brush in the household compound. In addition, the respondents used several methods to lower the numbers of mosquitoes in their homes including mosquito repellants (31%), insecticides canisters (11%) bought from the shops, window and door screens (6%), traditional plants (3%) and ‘‘other methods’’ (3%). These ‘‘other methods’’ include burning herbs in their homes and avoiding construction of homes in swampy areas. ",HRI ,,,,,,,,,,yes,no,yes,7,6,2003,2004,,wet,1200-1600mm/year,,,coustani,n.a.,,DNA,,,,,,,,,,,,,,,,,,,,,,rice,,,,,,,,,,,,,,,,,,,,,,,,,,,,,,,,,,,,,,,,,,,,,,,,,,,,,,,,,,,,,,,,,,,,,,,,,,,,,,,,,,,,,,,,,,,,,,,,,,,,,,,,,,,,,,,,,,,,,,,,,,,,,,,,,,,,,,,,,,,,,,,,,,,,,,,,,,,,,,,,,,,,,,,,,,,,,,,,,,,,,,,,,,,,,,,,,,,,,,,,,,JO,JAO,CMK
0,1,yes,,4590,10.1371/journal.pone.0004050,Okech,Use of Integrated Malaria Management Reduces Malaria in Kenya ,Plos One,2008,yes,no,none,other,,Study villages and households were selected using a randomized cluster sampling method ,Kenya,Kimuri,,,,,,,,,,,,,,,,,,,,,,Central ,Kirinyaga district,,yes,combination,yes,"About 90% of households interviewed in Mwea division have bed nets, 65% of which are treated with insecticides other control methods iclude; environmental management that included removal of stagnant water bodies and removal of brush in the household compound. In addition, the respondents used several methods to lower the numbers of mosquitoes in their homes including mosquito repellants (31%), insecticides canisters (11%) bought from the shops, window and door screens (6%), traditional plants (3%) and ‘‘other methods’’ (3%). These ‘‘other methods’’ include burning herbs in their homes and avoiding construction of homes in swampy areas. ",HRI ,,,,,,,,,,yes,no,yes,7,6,2003,2004,,wet,1200-1600mm/year,,,pharoensis,n.a.,,DNA,,,,,,,,,,,,,,,,,,,,,,rice,,,,,,,,,,,,,,,,,,,,,,,,,,,,,,,,,,,,,,,,,,,,,,,,,,,,,,,,,,,,,,,,,,,,,,,,,,,,,,,,,,,,,,,,,,,,,,,,,,,,,,,,,,,,,,,,,,,,,,,,,,,,,,,,,,,,,,,,,,,,,,,,,,,,,,,,,,,,,,,,,,,,,,,,,,,,,,,,,,,,,,,,,,,,,,,,,,,,,,,,,,JO,JAO,CMK
0,1,yes,,4590,10.1371/journal.pone.0004050,Okech,Use of Integrated Malaria Management Reduces Malaria in Kenya ,Plos One,2008,yes,no,none,other,,Study villages and households were selected using a randomized cluster sampling method ,Kenya,Kimuri,,,,,,,,,,,,,,,,,,,,,,Central ,Kirinyaga district,,yes,combination,yes,"About 90% of households interviewed in Mwea division have bed nets, 65% of which are treated with insecticides other control methods iclude; environmental management that included removal of stagnant water bodies and removal of brush in the household compound. In addition, the respondents used several methods to lower the numbers of mosquitoes in their homes including mosquito repellants (31%), insecticides canisters (11%) bought from the shops, window and door screens (6%), traditional plants (3%) and ‘‘other methods’’ (3%). These ‘‘other methods’’ include burning herbs in their homes and avoiding construction of homes in swampy areas. ",HRI ,,,,,,,,,,yes,no,yes,7,6,2003,2004,,wet,1200-1600mm/year,,,christi,n.a.,,DNA,,,,,,,,,,,,,,,,,,,,,,rice,,,,,,,,,,,,,,,,,,,,,,,,,,,,,,,,,,,,,,,,,,,,,,,,,,,,,,,,,,,,,,,,,,,,,,,,,,,,,,,,,,,,,,,,,,,,,,,,,,,,,,,,,,,,,,,,,,,,,,,,,,,,,,,,,,,,,,,,,,,,,,,,,,,,,,,,,,,,,,,,,,,,,,,,,,,,,,,,,,,,,,,,,,,,,,,,,,,,,,,,,,JO,JAO,CMK
0,1,yes,,4590,10.1371/journal.pone.0004050,Okech,Use of Integrated Malaria Management Reduces Malaria in Kenya ,Plos One,2008,yes,no,none,other,,Study villages and households were selected using a randomized cluster sampling method ,Kenya,Kiumbui,,,,,,,,,,,,,,,,,,,,point,,Central ,Kirinyaga district,"Not Listed- coords not found using all the georef sources available. (No Kiumbuis found, but map in paper also refers to as Kiumbi. One Kiumbi found in Kenya, and is in correct area (-0.417, 36.882 from encarta), but is on the wrong side of the site, as is 60km NW of Nguka, whereas it should be to the SE. Therefore have left blank, to try and confirm quality of map from authors (EH))",yes,combination,yes,"About 90% of households interviewed in Mwea division have bed nets, 65% of which are treated with insecticides other control methods iclude; environmental management that included removal of stagnant water bodies and removal of brush in the household compound. In addition, the respondents used several methods to lower the numbers of mosquitoes in their homes including mosquito repellants (31%), insecticides canisters (11%) bought from the shops, window and door screens (6%), traditional plants (3%) and ‘‘other methods’’ (3%). These ‘‘other methods’’ include burning herbs in their homes and avoiding construction of homes in swampy areas. ",HRI ,1042,,,,,,,,,yes,no,yes,7,6,2003,2004,,wet,1200-1600mm/year,,,arabiensis,n.a.,,DNA,,,,,,,,,,,,,,,,,,,,,,rice,,,,,,,,,,,,,,,,,,,,,,,,,,,,,,,,,,,,,,,,,,,,,,,,,,,,,,,,,,,,,,,,,,,,,,,,,,,,,,,,,,,,,,,,,,,,,,,,,,,,,,,,,,,,,,,,,,,,,,,,,,,,,,,,,,,,,,,,,,,,,,,,,,,,,,,,,,,,,,,,,,,,,,,,,,,,,,,,,,,,,,,,,,,,,,,,,,,,,,,,,,JO,JAO,CMK
0,1,yes,,4590,10.1371/journal.pone.0004050,Okech,Use of Integrated Malaria Management Reduces Malaria in Kenya ,Plos One,2008,yes,no,none,other,,Study villages and households were selected using a randomized cluster sampling method ,Kenya,Kiumbui,,,,,,,,,,,,,,,,,,,,,,Central ,Kirinyaga district,,yes,combination,yes,"About 90% of households interviewed in Mwea division have bed nets, 65% of which are treated with insecticides other control methods iclude; environmental management that included removal of stagnant water bodies and removal of brush in the household compound. In addition, the respondents used several methods to lower the numbers of mosquitoes in their homes including mosquito repellants (31%), insecticides canisters (11%) bought from the shops, window and door screens (6%), traditional plants (3%) and ‘‘other methods’’ (3%). These ‘‘other methods’’ include burning herbs in their homes and avoiding construction of homes in swampy areas. ",HRI ,,,,,,,,,,yes,no,yes,7,6,2003,2004,,wet,1200-1600mm/year,,,arabiensis,n.a.,,DNA,,,,,,,,,,,,,,,,,,,,,,rice,,,,,,,,,,,,,,,,,,,,,,,,,,,,,,,,,,,,,,,,,,,,,,,,,,,,,,,,,,,,,,,,,,,,,,,,,,,,,,,,,,,,,,,,,,,,,,,,,,,,,,,,,,,,,,,,,,,,,,,,,,,,,,,,,,,,,,,,,,,,,,,,,,,,,,,,,,,,,,,,,,,,,,,,,,,,,,,,,,,,,,,,,,,,,,,,,,,,,,,,,,JO,JAO,CMK
0,1,yes,,4590,10.1371/journal.pone.0004050,Okech,Use of Integrated Malaria Management Reduces Malaria in Kenya ,Plos One,2008,yes,no,none,other,,Study villages and households were selected using a randomized cluster sampling method ,Kenya,Kiumbui,,,,,,,,,,,,,,,,,,,,,,Central ,Kirinyaga district,,yes,combination,yes,"About 90% of households interviewed in Mwea division have bed nets, 65% of which are treated with insecticides other control methods iclude; environmental management that included removal of stagnant water bodies and removal of brush in the household compound. In addition, the respondents used several methods to lower the numbers of mosquitoes in their homes including mosquito repellants (31%), insecticides canisters (11%) bought from the shops, window and door screens (6%), traditional plants (3%) and ‘‘other methods’’ (3%). These ‘‘other methods’’ include burning herbs in their homes and avoiding construction of homes in swampy areas. ",HRI ,,,,,,,,,,yes,no,yes,7,6,2003,2004,,wet,1200-1600mm/year,,,arabiensis,n.a.,,DNA,,,,,,,,,,,,,,,,,,,,,,rice,,,,,,,,,,,,,,,,,,,,,,,,,,,,,,,,,,,,,,,,,,,,,,,,,,,,,,,,,,,,,,,,,,,,,,,,,,,,,,,,,,,,,,,,,,,,,,,,,,,,,,,,,,,,,,,,,,,,,,,,,,,,,,,,,,,,,,,,,,,,,,,,,,,,,,,,,,,,,,,,,,,,,,,,,,,,,,,,,,,,,,,,,,,,,,,,,,,,,,,,,,JO,JAO,CMK
0,1,yes,,4590,10.1371/journal.pone.0004050,Okech,Use of Integrated Malaria Management Reduces Malaria in Kenya ,Plos One,2008,yes,no,none,other,,Study villages and households were selected using a randomized cluster sampling method ,Kenya,Kiumbui,,,,,,,,,,,,,,,,,,,,,,Central ,Kirinyaga district,,yes,combination,yes,"About 90% of households interviewed in Mwea division have bed nets, 65% of which are treated with insecticides other control methods iclude; environmental management that included removal of stagnant water bodies and removal of brush in the household compound. In addition, the respondents used several methods to lower the numbers of mosquitoes in their homes including mosquito repellants (31%), insecticides canisters (11%) bought from the shops, window and door screens (6%), traditional plants (3%) and ‘‘other methods’’ (3%). These ‘‘other methods’’ include burning herbs in their homes and avoiding construction of homes in swampy areas. ",HRI ,0,,,,,,,,,yes,no,yes,7,6,2003,2004,,wet,1200-1600mm/year,,,arabiensis,n.a.,,DNA,,,,,,,,,,,,,,,,,,,,,,rice,,,,,,,,,,,,,,,,,,,,,,,,,,,,,,,,,,,,,,,,,,,,,,,,,,,,,,,,,,,,,,,,,,,,,,,,,,,,,,,,,,,,,,,,,,,,,,,,,,,,,,,,,,,,,,,,,,,,,,,,,,,,,,,,,,,,,,,,,,,,,,,,,,,,,,,,,,,,,,,,,,,,,,,,,,,,,,,,,,,,,,,,,,,,,,,,,,,,,,,,,,JO,JAO,CMK
0,1,yes,,4590,10.1371/journal.pone.0004050,Okech,Use of Integrated Malaria Management Reduces Malaria in Kenya ,Plos One,2008,yes,no,none,other,,Study villages and households were selected using a randomized cluster sampling method ,Kenya,Kiumbui,,,,,,,,,,,,,,,,,,,,,,Central ,Kirinyaga district,,yes,combination,yes,"About 90% of households interviewed in Mwea division have bed nets, 65% of which are treated with insecticides other control methods iclude; environmental management that included removal of stagnant water bodies and removal of brush in the household compound. In addition, the respondents used several methods to lower the numbers of mosquitoes in their homes including mosquito repellants (31%), insecticides canisters (11%) bought from the shops, window and door screens (6%), traditional plants (3%) and ‘‘other methods’’ (3%). These ‘‘other methods’’ include burning herbs in their homes and avoiding construction of homes in swampy areas. ",HRI ,,,,,,,,,,yes,no,yes,7,6,2003,2004,,wet,1200-1600mm/year,,,arabiensis,n.a.,,DNA,,,,,,,,,,,,,,,,,,,,,,rice,,,,,,,,,,,,,,,,,,,,,,,,,,,,,,,,,,,,,,,,,,,,,,,,,,,,,,,,,,,,,,,,,,,,,,,,,,,,,,,,,,,,,,,,,,,,,,,,,,,,,,,,,,,,,,,,,,,,,,,,,,,,,,,,,,,,,,,,,,,,,,,,,,,,,,,,,,,,,,,,,,,,,,,,,,,,,,,,,,,,,,,,,,,,,,,,,,,,,,,,,,JO,JAO,CMK
0,1,yes,,4590,10.1371/journal.pone.0004050,Okech,Use of Integrated Malaria Management Reduces Malaria in Kenya ,Plos One,2008,yes,no,none,other,,Study villages and households were selected using a randomized cluster sampling method ,Kenya,Kiumbui,,,,,,,,,,,,,,,,,,,,,,Central ,Kirinyaga district,,yes,combination,yes,"About 90% of households interviewed in Mwea division have bed nets, 65% of which are treated with insecticides other control methods iclude; environmental management that included removal of stagnant water bodies and removal of brush in the household compound. In addition, the respondents used several methods to lower the numbers of mosquitoes in their homes including mosquito repellants (31%), insecticides canisters (11%) bought from the shops, window and door screens (6%), traditional plants (3%) and ‘‘other methods’’ (3%). These ‘‘other methods’’ include burning herbs in their homes and avoiding construction of homes in swampy areas. ",HRI ,,,,,,,,,,yes,no,yes,7,6,2003,2004,,wet,1200-1600mm/year,,,arabiensis,n.a.,,DNA,,,,,,,,,,,,,,,,,,,,,,rice,,,,,,,,,,,,,,,,,,,,,,,,,,,,,,,,,,,,,,,,,,,,,,,,,,,,,,,,,,,,,,,,,,,,,,,,,,,,,,,,,,,,,,,,,,,,,,,,,,,,,,,,,,,,,,,,,,,,,,,,,,,,,,,,,,,,,,,,,,,,,,,,,,,,,,,,,,,,,,,,,,,,,,,,,,,,,,,,,,,,,,,,,,,,,,,,,,,,,,,,,,JO,JAO,CMK
0,1,yes,,4590,10.1371/journal.pone.0004050,Okech,Use of Integrated Malaria Management Reduces Malaria in Kenya ,Plos One,2008,yes,no,none,other,,Study villages and households were selected using a randomized cluster sampling method ,Kenya,Kiumbui,,,,,,,,,,,,,,,,,,,,,,Central ,Kirinyaga district,,yes,combination,yes,"About 90% of households interviewed in Mwea division have bed nets, 65% of which are treated with insecticides other control methods iclude; environmental management that included removal of stagnant water bodies and removal of brush in the household compound. In addition, the respondents used several methods to lower the numbers of mosquitoes in their homes including mosquito repellants (31%), insecticides canisters (11%) bought from the shops, window and door screens (6%), traditional plants (3%) and ‘‘other methods’’ (3%). These ‘‘other methods’’ include burning herbs in their homes and avoiding construction of homes in swampy areas. ",HRI ,,,,,,,,,,yes,no,yes,7,6,2003,2004,,wet,1200-1600mm/year,,,arabiensis,n.a.,,DNA,,,,,,,,,,,,,,,,,,,,,,rice,,,,,,,,,,,,,,,,,,,,,,,,,,,,,,,,,,,,,,,,,,,,,,,,,,,,,,,,,,,,,,,,,,,,,,,,,,,,,,,,,,,,,,,,,,,,,,,,,,,,,,,,,,,,,,,,,,,,,,,,,,,,,,,,,,,,,,,,,,,,,,,,,,,,,,,,,,,,,,,,,,,,,,,,,,,,,,,,,,,,,,,,,,,,,,,,,,,,,,,,,,JO,JAO,CMK
0,1,yes,,4590,10.1371/journal.pone.0004050,Okech,Use of Integrated Malaria Management Reduces Malaria in Kenya ,Plos One,2008,yes,no,none,other,,Study villages and households were selected using a randomized cluster sampling method ,Kenya,Kiumbui,,,,,,,,,,,,,,,,,,,,,,Central ,Kirinyaga district,,yes,combination,yes,"About 90% of households interviewed in Mwea division have bed nets, 65% of which are treated with insecticides other control methods iclude; environmental management that included removal of stagnant water bodies and removal of brush in the household compound. In addition, the respondents used several methods to lower the numbers of mosquitoes in their homes including mosquito repellants (31%), insecticides canisters (11%) bought from the shops, window and door screens (6%), traditional plants (3%) and ‘‘other methods’’ (3%). These ‘‘other methods’’ include burning herbs in their homes and avoiding construction of homes in swampy areas. ",HRI ,,,,,,,,,,yes,no,yes,7,6,2003,2004,,wet,1200-1600mm/year,,,arabiensis,n.a.,,DNA,,,,,,,,,,,,,,,,,,,,,,rice,,,,,,,,,,,,,,,,,,,,,,,,,,,,,,,,,,,,,,,,,,,,,,,,,,,,,,,,,,,,,,,,,,,,,,,,,,,,,,,,,,,,,,,,,,,,,,,,,,,,,,,,,,,,,,,,,,,,,,,,,,,,,,,,,,,,,,,,,,,,,,,,,,,,,,,,,,,,,,,,,,,,,,,,,,,,,,,,,,,,,,,,,,,,,,,,,,,,,,,,,,JO,JAO,CMK
0,1,yes,,4590,10.1371/journal.pone.0004050,Okech,Use of Integrated Malaria Management Reduces Malaria in Kenya ,Plos One,2008,yes,no,none,other,,Study villages and households were selected using a randomized cluster sampling method ,Kenya,Kiumbui,,,,,,,,,,,,,,,,,,,,,,Central ,Kirinyaga district,,yes,combination,yes,"About 90% of households interviewed in Mwea division have bed nets, 65% of which are treated with insecticides other control methods iclude; environmental management that included removal of stagnant water bodies and removal of brush in the household compound. In addition, the respondents used several methods to lower the numbers of mosquitoes in their homes including mosquito repellants (31%), insecticides canisters (11%) bought from the shops, window and door screens (6%), traditional plants (3%) and ‘‘other methods’’ (3%). These ‘‘other methods’’ include burning herbs in their homes and avoiding construction of homes in swampy areas. ",HRI ,,,,,,,,,,yes,no,yes,7,6,2003,2004,,wet,1200-1600mm/year,,,arabiensis,n.a.,,DNA,,,,,,,,,,,,,,,,,,,,,,rice,,,,,,,,,,,,,,,,,,,,,,,,,,,,,,,,,,,,,,,,,,,,,,,,,,,,,,,,,,,,,,,,,,,,,,,,,,,,,,,,,,,,,,,,,,,,,,,,,,,,,,,,,,,,,,,,,,,,,,,,,,,,,,,,,,,,,,,,,,,,,,,,,,,,,,,,,,,,,,,,,,,,,,,,,,,,,,,,,,,,,,,,,,,,,,,,,,,,,,,,,,JO,JAO,CMK
0,1,yes,,4590,10.1371/journal.pone.0004050,Okech,Use of Integrated Malaria Management Reduces Malaria in Kenya ,Plos One,2008,yes,no,none,other,,Study villages and households were selected using a randomized cluster sampling method ,Kenya,Kiumbui,,,,,,,,,,,,,,,,,,,,,,Central ,Kirinyaga district,,yes,combination,yes,"About 90% of households interviewed in Mwea division have bed nets, 65% of which are treated with insecticides other control methods iclude; environmental management that included removal of stagnant water bodies and removal of brush in the household compound. In addition, the respondents used several methods to lower the numbers of mosquitoes in their homes including mosquito repellants (31%), insecticides canisters (11%) bought from the shops, window and door screens (6%), traditional plants (3%) and ‘‘other methods’’ (3%). These ‘‘other methods’’ include burning herbs in their homes and avoiding construction of homes in swampy areas. ",HRI ,,,,,,,,,,yes,no,yes,7,6,2003,2004,,wet,1200-1600mm/year,,,arabiensis,n.a.,,DNA,,,,,,,,,,,,,,,,,,,,,,rice,,,,,,,,,,,,,,,,,,,,,,,,,,,,,,,,,,,,,,,,,,,,,,,,,,,,,,,,,,,,,,,,,,,,,,,,,,,,,,,,,,,,,,,,,,,,,,,,,,,,,,,,,,,,,,,,,,,,,,,,,,,,,,,,,,,,,,,,,,,,,,,,,,,,,,,,,,,,,,,,,,,,,,,,,,,,,,,,,,,,,,,,,,,,,,,,,,,,,,,,,,JO,JAO,CMK
0,1,yes,,4590,10.1371/journal.pone.0004050,Okech,Use of Integrated Malaria Management Reduces Malaria in Kenya ,Plos One,2008,yes,no,none,other,,Study villages and households were selected using a randomized cluster sampling method ,Kenya,Kiumbui,,,,,,,,,,,,,,,,,,,,,,Central ,Kirinyaga district,,yes,combination,yes,"About 90% of households interviewed in Mwea division have bed nets, 65% of which are treated with insecticides other control methods iclude; environmental management that included removal of stagnant water bodies and removal of brush in the household compound. In addition, the respondents used several methods to lower the numbers of mosquitoes in their homes including mosquito repellants (31%), insecticides canisters (11%) bought from the shops, window and door screens (6%), traditional plants (3%) and ‘‘other methods’’ (3%). These ‘‘other methods’’ include burning herbs in their homes and avoiding construction of homes in swampy areas. ",HRI ,,,,,,,,,,yes,no,yes,7,6,2003,2004,,wet,1200-1600mm/year,,,arabiensis,n.a.,,DNA,,,,,,,,,,,,,,,,,,,,,,rice,,,,,,,,,,,,,,,,,,,,,,,,,,,,,,,,,,,,,,,,,,,,,,,,,,,,,,,,,,,,,,,,,,,,,,,,,,,,,,,,,,,,,,,,,,,,,,,,,,,,,,,,,,,,,,,,,,,,,,,,,,,,,,,,,,,,,,,,,,,,,,,,,,,,,,,,,,,,,,,,,,,,,,,,,,,,,,,,,,,,,,,,,,,,,,,,,,,,,,,,,,JO,JAO,CMK
0,1,yes,,4590,10.1371/journal.pone.0004050,Okech,Use of Integrated Malaria Management Reduces Malaria in Kenya ,Plos One,2008,yes,no,none,other,,Study villages and households were selected using a randomized cluster sampling method ,Kenya,Kiumbui,,,,,,,,,,,,,,,,,,,,,,Central ,Kirinyaga district,,yes,combination,yes,"About 90% of households interviewed in Mwea division have bed nets, 65% of which are treated with insecticides other control methods iclude; environmental management that included removal of stagnant water bodies and removal of brush in the household compound. In addition, the respondents used several methods to lower the numbers of mosquitoes in their homes including mosquito repellants (31%), insecticides canisters (11%) bought from the shops, window and door screens (6%), traditional plants (3%) and ‘‘other methods’’ (3%). These ‘‘other methods’’ include burning herbs in their homes and avoiding construction of homes in swampy areas. ",HRI ,,,,,,,,,,yes,no,yes,7,6,2003,2004,,wet,1200-1600mm/year,,,arabiensis,n.a.,,DNA,,,,,,,,,,,,,,,,,,,,,,rice,,,,,,,,,,,,,,,,,,,,,,,,,,,,,,,,,,,,,,,,,,,,,,,,,,,,,,,,,,,,,,,,,,,,,,,,,,,,,,,,,,,,,,,,,,,,,,,,,,,,,,,,,,,,,,,,,,,,,,,,,,,,,,,,,,,,,,,,,,,,,,,,,,,,,,,,,,,,,,,,,,,,,,,,,,,,,,,,,,,,,,,,,,,,,,,,,,,,,,,,,,JO,JAO,CMK
0,1,yes,,4590,10.1371/journal.pone.0004050,Okech,Use of Integrated Malaria Management Reduces Malaria in Kenya ,Plos One,2008,yes,no,none,other,,Study villages and households were selected using a randomized cluster sampling method ,Kenya,Kiumbui,,,,,,,,,,,,,,,,,,,,,,Central ,Kirinyaga district,,yes,combination,yes,"About 90% of households interviewed in Mwea division have bed nets, 65% of which are treated with insecticides other control methods iclude; environmental management that included removal of stagnant water bodies and removal of brush in the household compound. In addition, the respondents used several methods to lower the numbers of mosquitoes in their homes including mosquito repellants (31%), insecticides canisters (11%) bought from the shops, window and door screens (6%), traditional plants (3%) and ‘‘other methods’’ (3%). These ‘‘other methods’’ include burning herbs in their homes and avoiding construction of homes in swampy areas. ",HRI ,,,,,,,,,,yes,no,yes,7,6,2003,2004,,wet,1200-1600mm/year,,,arabiensis,n.a.,,DNA,,,,,,,,,,,,,,,,,,,,,,rice,,,,,,,,,,,,,,,,,,,,,,,,,,,,,,,,,,,,,,,,,,,,,,,,,,,,,,,,,,,,,,,,,,,,,,,,,,,,,,,,,,,,,,,,,,,,,,,,,,,,,,,,,,,,,,,,,,,,,,,,,,,,,,,,,,,,,,,,,,,,,,,,,,,,,,,,,,,,,,,,,,,,,,,,,,,,,,,,,,,,,,,,,,,,,,,,,,,,,,,,,,JO,JAO,CMK
0,1,yes,,4590,10.1371/journal.pone.0004050,Okech,Use of Integrated Malaria Management Reduces Malaria in Kenya ,Plos One,2008,yes,no,none,other,,Study villages and households were selected using a randomized cluster sampling method ,Kenya,Kiumbui,,,,,,,,,,,,,,,,,,,,,,Central ,Kirinyaga district,,yes,combination,yes,"About 90% of households interviewed in Mwea division have bed nets, 65% of which are treated with insecticides other control methods iclude; environmental management that included removal of stagnant water bodies and removal of brush in the household compound. In addition, the respondents used several methods to lower the numbers of mosquitoes in their homes including mosquito repellants (31%), insecticides canisters (11%) bought from the shops, window and door screens (6%), traditional plants (3%) and ‘‘other methods’’ (3%). These ‘‘other methods’’ include burning herbs in their homes and avoiding construction of homes in swampy areas. ",HRI ,,,,,,,,,,yes,no,yes,7,6,2003,2004,,wet,1200-1600mm/year,,,funestus,n.a.,,DNA,,,,,,,,,,,,,,,,,,,,,,rice,,,,,,,,,,,,,,,,,,,,,,,,,,,,,,,,,,,,,,,,,,,,,,,,,,,,,,,,,,,,,,,,,,,,,,,,,,,,,,,,,,,,,,,,,,,,,,,,,,,,,,,,,,,,,,,,,,,,,,,,,,,,,,,,,,,,,,,,,,,,,,,,,,,,,,,,,,,,,,,,,,,,,,,,,,,,,,,,,,,,,,,,,,,,,,,,,,,,,,,,,,JO,JAO,CMK
0,1,yes,,4590,10.1371/journal.pone.0004050,Okech,Use of Integrated Malaria Management Reduces Malaria in Kenya ,Plos One,2008,yes,no,none,other,,Study villages and households were selected using a randomized cluster sampling method ,Kenya,Kiumbui,,,,,,,,,,,,,,,,,,,,,,Central ,Kirinyaga district,,yes,combination,yes,"About 90% of households interviewed in Mwea division have bed nets, 65% of which are treated with insecticides other control methods iclude; environmental management that included removal of stagnant water bodies and removal of brush in the household compound. In addition, the respondents used several methods to lower the numbers of mosquitoes in their homes including mosquito repellants (31%), insecticides canisters (11%) bought from the shops, window and door screens (6%), traditional plants (3%) and ‘‘other methods’’ (3%). These ‘‘other methods’’ include burning herbs in their homes and avoiding construction of homes in swampy areas. ",HRI ,,,,,,,,,,yes,no,yes,7,6,2003,2004,,wet,1200-1600mm/year,,,coustani,n.a.,,DNA,,,,,,,,,,,,,,,,,,,,,,rice,,,,,,,,,,,,,,,,,,,,,,,,,,,,,,,,,,,,,,,,,,,,,,,,,,,,,,,,,,,,,,,,,,,,,,,,,,,,,,,,,,,,,,,,,,,,,,,,,,,,,,,,,,,,,,,,,,,,,,,,,,,,,,,,,,,,,,,,,,,,,,,,,,,,,,,,,,,,,,,,,,,,,,,,,,,,,,,,,,,,,,,,,,,,,,,,,,,,,,,,,,JO,JAO,CMK
0,1,yes,,4590,10.1371/journal.pone.0004050,Okech,Use of Integrated Malaria Management Reduces Malaria in Kenya ,Plos One,2008,yes,no,none,other,,Study villages and households were selected using a randomized cluster sampling method ,Kenya,Kiumbui,,,,,,,,,,,,,,,,,,,,,,Central ,Kirinyaga district,,yes,combination,yes,"About 90% of households interviewed in Mwea division have bed nets, 65% of which are treated with insecticides other control methods iclude; environmental management that included removal of stagnant water bodies and removal of brush in the household compound. In addition, the respondents used several methods to lower the numbers of mosquitoes in their homes including mosquito repellants (31%), insecticides canisters (11%) bought from the shops, window and door screens (6%), traditional plants (3%) and ‘‘other methods’’ (3%). These ‘‘other methods’’ include burning herbs in their homes and avoiding construction of homes in swampy areas. ",HRI ,,,,,,,,,,yes,no,yes,7,6,2003,2004,,wet,1200-1600mm/year,,,pharoensis,n.a.,,DNA,,,,,,,,,,,,,,,,,,,,,,rice,,,,,,,,,,,,,,,,,,,,,,,,,,,,,,,,,,,,,,,,,,,,,,,,,,,,,,,,,,,,,,,,,,,,,,,,,,,,,,,,,,,,,,,,,,,,,,,,,,,,,,,,,,,,,,,,,,,,,,,,,,,,,,,,,,,,,,,,,,,,,,,,,,,,,,,,,,,,,,,,,,,,,,,,,,,,,,,,,,,,,,,,,,,,,,,,,,,,,,,,,,JO,JAO,CMK
0,1,yes,,4590,10.1371/journal.pone.0004050,Okech,Use of Integrated Malaria Management Reduces Malaria in Kenya ,Plos One,2008,yes,no,none,other,,Study villages and households were selected using a randomized cluster sampling method ,Kenya,Kiumbui,,,,,,,,,,,,,,,,,,,,,,Central ,Kirinyaga district,,yes,combination,yes,"About 90% of households interviewed in Mwea division have bed nets, 65% of which are treated with insecticides other control methods iclude; environmental management that included removal of stagnant water bodies and removal of brush in the household compound. In addition, the respondents used several methods to lower the numbers of mosquitoes in their homes including mosquito repellants (31%), insecticides canisters (11%) bought from the shops, window and door screens (6%), traditional plants (3%) and ‘‘other methods’’ (3%). These ‘‘other methods’’ include burning herbs in their homes and avoiding construction of homes in swampy areas. ",HRI ,,,,,,,,,,yes,no,yes,7,6,2003,2004,,wet,1200-1600mm/year,,,christi,n.a.,,DNA,,,,,,,,,,,,,,,,,,,,,,rice,,,,,,,,,,,,,,,,,,,,,,,,,,,,,,,,,,,,,,,,,,,,,,,,,,,,,,,,,,,,,,,,,,,,,,,,,,,,,,,,,,,,,,,,,,,,,,,,,,,,,,,,,,,,,,,,,,,,,,,,,,,,,,,,,,,,,,,,,,,,,,,,,,,,,,,,,,,,,,,,,,,,,,,,,,,,,,,,,,,,,,,,,,,,,,,,,,,,,,,,,,JO,JAO,CMK
0,1,yes,,4590,10.1371/journal.pone.0004050,Okech,Use of Integrated Malaria Management Reduces Malaria in Kenya ,Plos One,2008,yes,no,none,other,,Study villages and households were selected using a randomized cluster sampling method ,Kenya,Kombuini,,,,,,,,,,,,,,,,,,,,point,,Central ,Kirinyaga district,"Not Listed- coords not found using all the georef sources available. (unable to locate, and based on potential problems with the map already identified have left blank (EH))",yes,combination,yes,"About 90% of households interviewed in Mwea division have bed nets, 65% of which are treated with insecticides other control methods iclude; environmental management that included removal of stagnant water bodies and removal of brush in the household compound. In addition, the respondents used several methods to lower the numbers of mosquitoes in their homes including mosquito repellants (31%), insecticides canisters (11%) bought from the shops, window and door screens (6%), traditional plants (3%) and ‘‘other methods’’ (3%). These ‘‘other methods’’ include burning herbs in their homes and avoiding construction of homes in swampy areas. ",HRI ,596,,,,,,,,,yes,no,yes,7,6,2003,2004,,wet,1200-1600mm/year,,,arabiensis,n.a.,,DNA,,,,,,,,,,,,,,,,,,,,,,rice,,,,,,,,,,,,,,,,,,,,,,,,,,,,,,,,,,,,,,,,,,,,,,,,,,,,,,,,,,,,,,,,,,,,,,,,,,,,,,,,,,,,,,,,,,,,,,,,,,,,,,,,,,,,,,,,,,,,,,,,,,,,,,,,,,,,,,,,,,,,,,,,,,,,,,,,,,,,,,,,,,,,,,,,,,,,,,,,,,,,,,,,,,,,,,,,,,,,,,,,,,JO,JAO,CMK
0,1,yes,,4590,10.1371/journal.pone.0004050,Okech,Use of Integrated Malaria Management Reduces Malaria in Kenya ,Plos One,2008,yes,no,none,other,,Study villages and households were selected using a randomized cluster sampling method ,Kenya,Kombuini,,,,,,,,,,,,,,,,,,,,,,Central ,Kirinyaga district,,yes,combination,yes,"About 90% of households interviewed in Mwea division have bed nets, 65% of which are treated with insecticides other control methods iclude; environmental management that included removal of stagnant water bodies and removal of brush in the household compound. In addition, the respondents used several methods to lower the numbers of mosquitoes in their homes including mosquito repellants (31%), insecticides canisters (11%) bought from the shops, window and door screens (6%), traditional plants (3%) and ‘‘other methods’’ (3%). These ‘‘other methods’’ include burning herbs in their homes and avoiding construction of homes in swampy areas. ",HRI ,,,,,,,,,,yes,no,yes,7,6,2003,2004,,wet,1200-1600mm/year,,,arabiensis,n.a.,,DNA,,,,,,,,,,,,,,,,,,,,,,rice,,,,,,,,,,,,,,,,,,,,,,,,,,,,,,,,,,,,,,,,,,,,,,,,,,,,,,,,,,,,,,,,,,,,,,,,,,,,,,,,,,,,,,,,,,,,,,,,,,,,,,,,,,,,,,,,,,,,,,,,,,,,,,,,,,,,,,,,,,,,,,,,,,,,,,,,,,,,,,,,,,,,,,,,,,,,,,,,,,,,,,,,,,,,,,,,,,,,,,,,,,JO,JAO,CMK
0,1,yes,,4590,10.1371/journal.pone.0004050,Okech,Use of Integrated Malaria Management Reduces Malaria in Kenya ,Plos One,2008,yes,no,none,other,,Study villages and households were selected using a randomized cluster sampling method ,Kenya,Kombuini,,,,,,,,,,,,,,,,,,,,,,Central ,Kirinyaga district,,yes,combination,yes,"About 90% of households interviewed in Mwea division have bed nets, 65% of which are treated with insecticides other control methods iclude; environmental management that included removal of stagnant water bodies and removal of brush in the household compound. In addition, the respondents used several methods to lower the numbers of mosquitoes in their homes including mosquito repellants (31%), insecticides canisters (11%) bought from the shops, window and door screens (6%), traditional plants (3%) and ‘‘other methods’’ (3%). These ‘‘other methods’’ include burning herbs in their homes and avoiding construction of homes in swampy areas. ",HRI ,0,,,,,,,,,yes,no,yes,7,6,2003,2004,,wet,1200-1600mm/year,,,arabiensis,n.a.,,DNA,,,,,,,,,,,,,,,,,,,,,,rice,,,,,,,,,,,,,,,,,,,,,,,,,,,,,,,,,,,,,,,,,,,,,,,,,,,,,,,,,,,,,,,,,,,,,,,,,,,,,,,,,,,,,,,,,,,,,,,,,,,,,,,,,,,,,,,,,,,,,,,,,,,,,,,,,,,,,,,,,,,,,,,,,,,,,,,,,,,,,,,,,,,,,,,,,,,,,,,,,,,,,,,,,,,,,,,,,,,,,,,,,,JO,JAO,CMK
0,1,yes,,4590,10.1371/journal.pone.0004050,Okech,Use of Integrated Malaria Management Reduces Malaria in Kenya ,Plos One,2008,yes,no,none,other,,Study villages and households were selected using a randomized cluster sampling method ,Kenya,Kombuini,,,,,,,,,,,,,,,,,,,,,,Central ,Kirinyaga district,,yes,combination,yes,"About 90% of households interviewed in Mwea division have bed nets, 65% of which are treated with insecticides other control methods iclude; environmental management that included removal of stagnant water bodies and removal of brush in the household compound. In addition, the respondents used several methods to lower the numbers of mosquitoes in their homes including mosquito repellants (31%), insecticides canisters (11%) bought from the shops, window and door screens (6%), traditional plants (3%) and ‘‘other methods’’ (3%). These ‘‘other methods’’ include burning herbs in their homes and avoiding construction of homes in swampy areas. ",HRI ,,,,,,,,,,yes,no,yes,7,6,2003,2004,,wet,1200-1600mm/year,,,arabiensis,n.a.,,DNA,,,,,,,,,,,,,,,,,,,,,,rice,,,,,,,,,,,,,,,,,,,,,,,,,,,,,,,,,,,,,,,,,,,,,,,,,,,,,,,,,,,,,,,,,,,,,,,,,,,,,,,,,,,,,,,,,,,,,,,,,,,,,,,,,,,,,,,,,,,,,,,,,,,,,,,,,,,,,,,,,,,,,,,,,,,,,,,,,,,,,,,,,,,,,,,,,,,,,,,,,,,,,,,,,,,,,,,,,,,,,,,,,,JO,JAO,CMK
0,1,yes,,4590,10.1371/journal.pone.0004050,Okech,Use of Integrated Malaria Management Reduces Malaria in Kenya ,Plos One,2008,yes,no,none,other,,Study villages and households were selected using a randomized cluster sampling method ,Kenya,Kombuini,,,,,,,,,,,,,,,,,,,,,,Central ,Kirinyaga district,,yes,combination,yes,"About 90% of households interviewed in Mwea division have bed nets, 65% of which are treated with insecticides other control methods iclude; environmental management that included removal of stagnant water bodies and removal of brush in the household compound. In addition, the respondents used several methods to lower the numbers of mosquitoes in their homes including mosquito repellants (31%), insecticides canisters (11%) bought from the shops, window and door screens (6%), traditional plants (3%) and ‘‘other methods’’ (3%). These ‘‘other methods’’ include burning herbs in their homes and avoiding construction of homes in swampy areas. ",HRI ,,,,,,,,,,yes,no,yes,7,6,2003,2004,,wet,1200-1600mm/year,,,arabiensis,n.a.,,DNA,,,,,,,,,,,,,,,,,,,,,,rice,,,,,,,,,,,,,,,,,,,,,,,,,,,,,,,,,,,,,,,,,,,,,,,,,,,,,,,,,,,,,,,,,,,,,,,,,,,,,,,,,,,,,,,,,,,,,,,,,,,,,,,,,,,,,,,,,,,,,,,,,,,,,,,,,,,,,,,,,,,,,,,,,,,,,,,,,,,,,,,,,,,,,,,,,,,,,,,,,,,,,,,,,,,,,,,,,,,,,,,,,,JO,JAO,CMK
0,1,yes,,4590,10.1371/journal.pone.0004050,Okech,Use of Integrated Malaria Management Reduces Malaria in Kenya ,Plos One,2008,yes,no,none,other,,Study villages and households were selected using a randomized cluster sampling method ,Kenya,Kombuini,,,,,,,,,,,,,,,,,,,,,,Central ,Kirinyaga district,,yes,combination,yes,"About 90% of households interviewed in Mwea division have bed nets, 65% of which are treated with insecticides other control methods iclude; environmental management that included removal of stagnant water bodies and removal of brush in the household compound. In addition, the respondents used several methods to lower the numbers of mosquitoes in their homes including mosquito repellants (31%), insecticides canisters (11%) bought from the shops, window and door screens (6%), traditional plants (3%) and ‘‘other methods’’ (3%). These ‘‘other methods’’ include burning herbs in their homes and avoiding construction of homes in swampy areas. ",HRI ,,,,,,,,,,yes,no,yes,7,6,2003,2004,,wet,1200-1600mm/year,,,arabiensis,n.a.,,DNA,,,,,,,,,,,,,,,,,,,,,,rice,,,,,,,,,,,,,,,,,,,,,,,,,,,,,,,,,,,,,,,,,,,,,,,,,,,,,,,,,,,,,,,,,,,,,,,,,,,,,,,,,,,,,,,,,,,,,,,,,,,,,,,,,,,,,,,,,,,,,,,,,,,,,,,,,,,,,,,,,,,,,,,,,,,,,,,,,,,,,,,,,,,,,,,,,,,,,,,,,,,,,,,,,,,,,,,,,,,,,,,,,,JO,JAO,CMK
0,1,yes,,4590,10.1371/journal.pone.0004050,Okech,Use of Integrated Malaria Management Reduces Malaria in Kenya ,Plos One,2008,yes,no,none,other,,Study villages and households were selected using a randomized cluster sampling method ,Kenya,Kombuini,,,,,,,,,,,,,,,,,,,,,,Central ,Kirinyaga district,,yes,combination,yes,"About 90% of households interviewed in Mwea division have bed nets, 65% of which are treated with insecticides other control methods iclude; environmental management that included removal of stagnant water bodies and removal of brush in the household compound. In addition, the respondents used several methods to lower the numbers of mosquitoes in their homes including mosquito repellants (31%), insecticides canisters (11%) bought from the shops, window and door screens (6%), traditional plants (3%) and ‘‘other methods’’ (3%). These ‘‘other methods’’ include burning herbs in their homes and avoiding construction of homes in swampy areas. ",HRI ,,,,,,,,,,yes,no,yes,7,6,2003,2004,,wet,1200-1600mm/year,,,arabiensis,n.a.,,DNA,,,,,,,,,,,,,,,,,,,,,,rice,,,,,,,,,,,,,,,,,,,,,,,,,,,,,,,,,,,,,,,,,,,,,,,,,,,,,,,,,,,,,,,,,,,,,,,,,,,,,,,,,,,,,,,,,,,,,,,,,,,,,,,,,,,,,,,,,,,,,,,,,,,,,,,,,,,,,,,,,,,,,,,,,,,,,,,,,,,,,,,,,,,,,,,,,,,,,,,,,,,,,,,,,,,,,,,,,,,,,,,,,,JO,JAO,CMK
0,1,yes,,4590,10.1371/journal.pone.0004050,Okech,Use of Integrated Malaria Management Reduces Malaria in Kenya ,Plos One,2008,yes,no,none,other,,Study villages and households were selected using a randomized cluster sampling method ,Kenya,Kombuini,,,,,,,,,,,,,,,,,,,,,,Central ,Kirinyaga district,,yes,combination,yes,"About 90% of households interviewed in Mwea division have bed nets, 65% of which are treated with insecticides other control methods iclude; environmental management that included removal of stagnant water bodies and removal of brush in the household compound. In addition, the respondents used several methods to lower the numbers of mosquitoes in their homes including mosquito repellants (31%), insecticides canisters (11%) bought from the shops, window and door screens (6%), traditional plants (3%) and ‘‘other methods’’ (3%). These ‘‘other methods’’ include burning herbs in their homes and avoiding construction of homes in swampy areas. ",HRI ,,,,,,,,,,yes,no,yes,7,6,2003,2004,,wet,1200-1600mm/year,,,arabiensis,n.a.,,DNA,,,,,,,,,,,,,,,,,,,,,,rice,,,,,,,,,,,,,,,,,,,,,,,,,,,,,,,,,,,,,,,,,,,,,,,,,,,,,,,,,,,,,,,,,,,,,,,,,,,,,,,,,,,,,,,,,,,,,,,,,,,,,,,,,,,,,,,,,,,,,,,,,,,,,,,,,,,,,,,,,,,,,,,,,,,,,,,,,,,,,,,,,,,,,,,,,,,,,,,,,,,,,,,,,,,,,,,,,,,,,,,,,,JO,JAO,CMK
0,1,yes,,4590,10.1371/journal.pone.0004050,Okech,Use of Integrated Malaria Management Reduces Malaria in Kenya ,Plos One,2008,yes,no,none,other,,Study villages and households were selected using a randomized cluster sampling method ,Kenya,Kombuini,,,,,,,,,,,,,,,,,,,,,,Central ,Kirinyaga district,,yes,combination,yes,"About 90% of households interviewed in Mwea division have bed nets, 65% of which are treated with insecticides other control methods iclude; environmental management that included removal of stagnant water bodies and removal of brush in the household compound. In addition, the respondents used several methods to lower the numbers of mosquitoes in their homes including mosquito repellants (31%), insecticides canisters (11%) bought from the shops, window and door screens (6%), traditional plants (3%) and ‘‘other methods’’ (3%). These ‘‘other methods’’ include burning herbs in their homes and avoiding construction of homes in swampy areas. ",HRI ,,,,,,,,,,yes,no,yes,7,6,2003,2004,,wet,1200-1600mm/year,,,arabiensis,n.a.,,DNA,,,,,,,,,,,,,,,,,,,,,,rice,,,,,,,,,,,,,,,,,,,,,,,,,,,,,,,,,,,,,,,,,,,,,,,,,,,,,,,,,,,,,,,,,,,,,,,,,,,,,,,,,,,,,,,,,,,,,,,,,,,,,,,,,,,,,,,,,,,,,,,,,,,,,,,,,,,,,,,,,,,,,,,,,,,,,,,,,,,,,,,,,,,,,,,,,,,,,,,,,,,,,,,,,,,,,,,,,,,,,,,,,,JO,JAO,CMK
0,1,yes,,4590,10.1371/journal.pone.0004050,Okech,Use of Integrated Malaria Management Reduces Malaria in Kenya ,Plos One,2008,yes,no,none,other,,Study villages and households were selected using a randomized cluster sampling method ,Kenya,Kombuini,,,,,,,,,,,,,,,,,,,,,,Central ,Kirinyaga district,,yes,combination,yes,"About 90% of households interviewed in Mwea division have bed nets, 65% of which are treated with insecticides other control methods iclude; environmental management that included removal of stagnant water bodies and removal of brush in the household compound. In addition, the respondents used several methods to lower the numbers of mosquitoes in their homes including mosquito repellants (31%), insecticides canisters (11%) bought from the shops, window and door screens (6%), traditional plants (3%) and ‘‘other methods’’ (3%). These ‘‘other methods’’ include burning herbs in their homes and avoiding construction of homes in swampy areas. ",HRI ,,,,,,,,,,yes,no,yes,7,6,2003,2004,,wet,1200-1600mm/year,,,arabiensis,n.a.,,DNA,,,,,,,,,,,,,,,,,,,,,,rice,,,,,,,,,,,,,,,,,,,,,,,,,,,,,,,,,,,,,,,,,,,,,,,,,,,,,,,,,,,,,,,,,,,,,,,,,,,,,,,,,,,,,,,,,,,,,,,,,,,,,,,,,,,,,,,,,,,,,,,,,,,,,,,,,,,,,,,,,,,,,,,,,,,,,,,,,,,,,,,,,,,,,,,,,,,,,,,,,,,,,,,,,,,,,,,,,,,,,,,,,,JO,JAO,CMK
0,1,yes,,4590,10.1371/journal.pone.0004050,Okech,Use of Integrated Malaria Management Reduces Malaria in Kenya ,Plos One,2008,yes,no,none,other,,Study villages and households were selected using a randomized cluster sampling method ,Kenya,Kombuini,,,,,,,,,,,,,,,,,,,,,,Central ,Kirinyaga district,,yes,combination,yes,"About 90% of households interviewed in Mwea division have bed nets, 65% of which are treated with insecticides other control methods iclude; environmental management that included removal of stagnant water bodies and removal of brush in the household compound. In addition, the respondents used several methods to lower the numbers of mosquitoes in their homes including mosquito repellants (31%), insecticides canisters (11%) bought from the shops, window and door screens (6%), traditional plants (3%) and ‘‘other methods’’ (3%). These ‘‘other methods’’ include burning herbs in their homes and avoiding construction of homes in swampy areas. ",HRI ,,,,,,,,,,yes,no,yes,7,6,2003,2004,,wet,1200-1600mm/year,,,arabiensis,n.a.,,DNA,,,,,,,,,,,,,,,,,,,,,,rice,,,,,,,,,,,,,,,,,,,,,,,,,,,,,,,,,,,,,,,,,,,,,,,,,,,,,,,,,,,,,,,,,,,,,,,,,,,,,,,,,,,,,,,,,,,,,,,,,,,,,,,,,,,,,,,,,,,,,,,,,,,,,,,,,,,,,,,,,,,,,,,,,,,,,,,,,,,,,,,,,,,,,,,,,,,,,,,,,,,,,,,,,,,,,,,,,,,,,,,,,,JO,JAO,CMK
0,1,yes,,4590,10.1371/journal.pone.0004050,Okech,Use of Integrated Malaria Management Reduces Malaria in Kenya ,Plos One,2008,yes,no,none,other,,Study villages and households were selected using a randomized cluster sampling method ,Kenya,Kombuini,,,,,,,,,,,,,,,,,,,,,,Central ,Kirinyaga district,,yes,combination,yes,"About 90% of households interviewed in Mwea division have bed nets, 65% of which are treated with insecticides other control methods iclude; environmental management that included removal of stagnant water bodies and removal of brush in the household compound. In addition, the respondents used several methods to lower the numbers of mosquitoes in their homes including mosquito repellants (31%), insecticides canisters (11%) bought from the shops, window and door screens (6%), traditional plants (3%) and ‘‘other methods’’ (3%). These ‘‘other methods’’ include burning herbs in their homes and avoiding construction of homes in swampy areas. ",HRI ,,,,,,,,,,yes,no,yes,7,6,2003,2004,,wet,1200-1600mm/year,,,arabiensis,n.a.,,DNA,,,,,,,,,,,,,,,,,,,,,,rice,,,,,,,,,,,,,,,,,,,,,,,,,,,,,,,,,,,,,,,,,,,,,,,,,,,,,,,,,,,,,,,,,,,,,,,,,,,,,,,,,,,,,,,,,,,,,,,,,,,,,,,,,,,,,,,,,,,,,,,,,,,,,,,,,,,,,,,,,,,,,,,,,,,,,,,,,,,,,,,,,,,,,,,,,,,,,,,,,,,,,,,,,,,,,,,,,,,,,,,,,,JO,JAO,CMK
0,1,yes,,4590,10.1371/journal.pone.0004050,Okech,Use of Integrated Malaria Management Reduces Malaria in Kenya ,Plos One,2008,yes,no,none,other,,Study villages and households were selected using a randomized cluster sampling method ,Kenya,Kombuini,,,,,,,,,,,,,,,,,,,,,,Central ,Kirinyaga district,,yes,combination,yes,"About 90% of households interviewed in Mwea division have bed nets, 65% of which are treated with insecticides other control methods iclude; environmental management that included removal of stagnant water bodies and removal of brush in the household compound. In addition, the respondents used several methods to lower the numbers of mosquitoes in their homes including mosquito repellants (31%), insecticides canisters (11%) bought from the shops, window and door screens (6%), traditional plants (3%) and ‘‘other methods’’ (3%). These ‘‘other methods’’ include burning herbs in their homes and avoiding construction of homes in swampy areas. ",HRI ,,,,,,,,,,yes,no,yes,7,6,2003,2004,,wet,1200-1600mm/year,,,arabiensis,n.a.,,DNA,,,,,,,,,,,,,,,,,,,,,,rice,,,,,,,,,,,,,,,,,,,,,,,,,,,,,,,,,,,,,,,,,,,,,,,,,,,,,,,,,,,,,,,,,,,,,,,,,,,,,,,,,,,,,,,,,,,,,,,,,,,,,,,,,,,,,,,,,,,,,,,,,,,,,,,,,,,,,,,,,,,,,,,,,,,,,,,,,,,,,,,,,,,,,,,,,,,,,,,,,,,,,,,,,,,,,,,,,,,,,,,,,,JO,JAO,CMK
0,1,yes,,4590,10.1371/journal.pone.0004050,Okech,Use of Integrated Malaria Management Reduces Malaria in Kenya ,Plos One,2008,yes,no,none,other,,Study villages and households were selected using a randomized cluster sampling method ,Kenya,Kombuini,,,,,,,,,,,,,,,,,,,,,,Central ,Kirinyaga district,,yes,combination,yes,"About 90% of households interviewed in Mwea division have bed nets, 65% of which are treated with insecticides other control methods iclude; environmental management that included removal of stagnant water bodies and removal of brush in the household compound. In addition, the respondents used several methods to lower the numbers of mosquitoes in their homes including mosquito repellants (31%), insecticides canisters (11%) bought from the shops, window and door screens (6%), traditional plants (3%) and ‘‘other methods’’ (3%). These ‘‘other methods’’ include burning herbs in their homes and avoiding construction of homes in swampy areas. ",HRI ,,,,,,,,,,yes,no,yes,7,6,2003,2004,,wet,1200-1600mm/year,,,funestus,n.a.,,DNA,,,,,,,,,,,,,,,,,,,,,,rice,,,,,,,,,,,,,,,,,,,,,,,,,,,,,,,,,,,,,,,,,,,,,,,,,,,,,,,,,,,,,,,,,,,,,,,,,,,,,,,,,,,,,,,,,,,,,,,,,,,,,,,,,,,,,,,,,,,,,,,,,,,,,,,,,,,,,,,,,,,,,,,,,,,,,,,,,,,,,,,,,,,,,,,,,,,,,,,,,,,,,,,,,,,,,,,,,,,,,,,,,,JO,JAO,CMK
0,1,yes,,4590,10.1371/journal.pone.0004050,Okech,Use of Integrated Malaria Management Reduces Malaria in Kenya ,Plos One,2008,yes,no,none,other,,Study villages and households were selected using a randomized cluster sampling method ,Kenya,Kombuini,,,,,,,,,,,,,,,,,,,,,,Central ,Kirinyaga district,,yes,combination,yes,"About 90% of households interviewed in Mwea division have bed nets, 65% of which are treated with insecticides other control methods iclude; environmental management that included removal of stagnant water bodies and removal of brush in the household compound. In addition, the respondents used several methods to lower the numbers of mosquitoes in their homes including mosquito repellants (31%), insecticides canisters (11%) bought from the shops, window and door screens (6%), traditional plants (3%) and ‘‘other methods’’ (3%). These ‘‘other methods’’ include burning herbs in their homes and avoiding construction of homes in swampy areas. ",HRI ,,,,,,,,,,yes,no,yes,7,6,2003,2004,,wet,1200-1600mm/year,,,coustani,n.a.,,DNA,,,,,,,,,,,,,,,,,,,,,,rice,,,,,,,,,,,,,,,,,,,,,,,,,,,,,,,,,,,,,,,,,,,,,,,,,,,,,,,,,,,,,,,,,,,,,,,,,,,,,,,,,,,,,,,,,,,,,,,,,,,,,,,,,,,,,,,,,,,,,,,,,,,,,,,,,,,,,,,,,,,,,,,,,,,,,,,,,,,,,,,,,,,,,,,,,,,,,,,,,,,,,,,,,,,,,,,,,,,,,,,,,,JO,JAO,CMK
0,1,yes,,4590,10.1371/journal.pone.0004050,Okech,Use of Integrated Malaria Management Reduces Malaria in Kenya ,Plos One,2008,yes,no,none,other,,Study villages and households were selected using a randomized cluster sampling method ,Kenya,Kombuini,,,,,,,,,,,,,,,,,,,,,,Central ,Kirinyaga district,,yes,combination,yes,"About 90% of households interviewed in Mwea division have bed nets, 65% of which are treated with insecticides other control methods iclude; environmental management that included removal of stagnant water bodies and removal of brush in the household compound. In addition, the respondents used several methods to lower the numbers of mosquitoes in their homes including mosquito repellants (31%), insecticides canisters (11%) bought from the shops, window and door screens (6%), traditional plants (3%) and ‘‘other methods’’ (3%). These ‘‘other methods’’ include burning herbs in their homes and avoiding construction of homes in swampy areas. ",HRI ,,,,,,,,,,yes,no,yes,7,6,2003,2004,,wet,1200-1600mm/year,,,pharoensis,n.a.,,DNA,,,,,,,,,,,,,,,,,,,,,,rice,,,,,,,,,,,,,,,,,,,,,,,,,,,,,,,,,,,,,,,,,,,,,,,,,,,,,,,,,,,,,,,,,,,,,,,,,,,,,,,,,,,,,,,,,,,,,,,,,,,,,,,,,,,,,,,,,,,,,,,,,,,,,,,,,,,,,,,,,,,,,,,,,,,,,,,,,,,,,,,,,,,,,,,,,,,,,,,,,,,,,,,,,,,,,,,,,,,,,,,,,,JO,JAO,CMK
0,1,yes,,4590,10.1371/journal.pone.0004050,Okech,Use of Integrated Malaria Management Reduces Malaria in Kenya ,Plos One,2008,yes,no,none,other,,Study villages and households were selected using a randomized cluster sampling method ,Kenya,Kombuini,,,,,,,,,,,,,,,,,,,,,,Central ,Kirinyaga district,,yes,combination,yes,"About 90% of households interviewed in Mwea division have bed nets, 65% of which are treated with insecticides other control methods iclude; environmental management that included removal of stagnant water bodies and removal of brush in the household compound. In addition, the respondents used several methods to lower the numbers of mosquitoes in their homes including mosquito repellants (31%), insecticides canisters (11%) bought from the shops, window and door screens (6%), traditional plants (3%) and ‘‘other methods’’ (3%). These ‘‘other methods’’ include burning herbs in their homes and avoiding construction of homes in swampy areas. ",HRI ,,,,,,,,,,yes,no,yes,7,6,2003,2004,,wet,1200-1600mm/year,,,christi,n.a.,,DNA,,,,,,,,,,,,,,,,,,,,,,rice,,,,,,,,,,,,,,,,,,,,,,,,,,,,,,,,,,,,,,,,,,,,,,,,,,,,,,,,,,,,,,,,,,,,,,,,,,,,,,,,,,,,,,,,,,,,,,,,,,,,,,,,,,,,,,,,,,,,,,,,,,,,,,,,,,,,,,,,,,,,,,,,,,,,,,,,,,,,,,,,,,,,,,,,,,,,,,,,,,,,,,,,,,,,,,,,,,,,,,,,,,JO,JAO,CMK
0,1,yes,,4590,10.1371/journal.pone.0004050,Okech,Use of Integrated Malaria Management Reduces Malaria in Kenya ,Plos One,2008,yes,no,none,other,,Study villages and households were selected using a randomized cluster sampling method ,Kenya,"6-villages (Nguka, Rukanga, Kirwara, Kimuri, Kiumbui & Kombuini)",-0.667,37.317,,,,,,,,,,,,,,,,no,no,small polygon,*encarta,Central ,Kirinyaga district,Not Listed- ,yes,combination,yes,"About 90% of households interviewed in Mwea division have bed nets, 65% of which are treated with insecticides other control methods iclude; environmental management that included removal of stagnant water bodies and removal of brush in the household compound. In addition, the respondents used several methods to lower the numbers of mosquitoes in their homes including mosquito repellants (31%), insecticides canisters (11%) bought from the shops, window and door screens (6%), traditional plants (3%) and ‘‘other methods’’ (3%). These ‘‘other methods’’ include burning herbs in their homes and avoiding construction of homes in swampy areas. ",HRI ,78,,,,,,,,,yes,no,yes,7,6,2003,2004,,wet,1200-1600mm/year,,,funestus,n.a.,,DNA,,,,,,,,,,,,,,,,,,,,,,rice,,,,,,,,,,,,,,,,,,,,,,,,,,,,,,,,,,,,,,,,,,,,,,,,,,,,,,,,,,,,,,,,,,,,,,,,,,,,,,,,,,,,,,,,,,,,,,,,,,,,,,,,,,,,,,,,,,,,,,,,,,,,,,,,,,,,,,,,,,,,,,,,,,,,,,,,,,,,,,,,,,,,,,,,,,,,,,,,,,,,,,,,,,,,,,,,,,,,,,,,,,JO,JAO,CMK
0,1,yes,,4591,,Kamaraj,,,,,,,,,,India,Melvisharam,12.9397,79.2397,,,,,,,,,,,,,,,,no,no,point,paper,Tamil Nadu,Vellore,"Not Listed-collected from rice fields & stagnant waters areas.  (Coords in paper are the same as those given in wikipedia, and match the map in wikipedia (http://en.wikipedia.org/wiki/Melvisharam). The town's website gives a description of it's location as 20km east of Vellore and 3km west of Arcot (http://municipality.tn.gov.in/Melvisharam/about_city.html). This isn't entirely accurate, as Arcot itself is only 20km east of Vellore, but the coords given do come out between these two towns. The website also states that the town's area is 8.5 kmsquare (http://municipality.tn.gov.in/Melvisharam/), so area type is point (EH))",n.a.,,,,Larvae,,,,,,,,,,,,,,,,,,,,,,subpictus,n.a.,,,,,,,,,,,,,,,,,,,,,,,,,,,,,,,,,,,,,,,,,,,,,,,,,,,,,,,,,,,,,,,,,,,,,,,,,,,,,,,,,,,,,,,,,,,,,,,,,,,,,,,,,,,,,,,,,,,,,,,,,,,,,,,,,,,,,,,,,,,,,,,,,,,,,,,,,,,,,,,,,,,,,,,,,,,,,,,,,,,,,,,,,,,,,,,,,,,,,,,,,,,,,,,,,,,,,,,,,,,,,,,,,,,,
0,1,yes,"Article is a malarialmetric survey. (paper describes vectors present based on a personal communication from Van  Bortel  &  Coosemans, but gives no further details about who they are or how to contact them (EH))",4592,,Ngo Duc,,,2009,no,,,,,,,,,,,,,,,,,,,,,,,,,,,,,,,,,,,,,,,,,,,,,,,,,,,,,,,,,,,,,,,,,,,,,,,,,,,,,,,,,,,,,,,,,,,,,,,,,,,,,,,,,,,,,,,,,,,,,,,,,,,,,,,,,,,,,,,,,,,,,,,,,,,,,,,,,,,,,,,,,,,,,,,,,,,,,,,,,,,,,,,,,,,,,,,,,,,,,,,,,,,,,,,,,,,,,,,,,,,,,,,,,,,,,,,,,,,,,,,,,,,,,,,,,,,,,,,,,,,,,,,,,,,,,,,,,,,,,,,,,,,,,,,
0,1,yes,,4593,,Tripet,DNA analysis of transferred sperm reveals significant levels of gene flow between molecular forms of Anopheles gambiae ,Molecular Ecology ,2001,yes,no,none,,,,Mali,N'gabacoro Droit ,12.6935,-7.8499,,,,,,,,,,,,,,,,no,no,point,geoname,Bamako,Not Specified,"Not Listed- site is near bamako. Used paper coords, because found four matches in encarta and 3 of them are pretty close to Bamako, and since no further details is given of the site, I found it wise to stick with paper coords. (found a site called Ngabakoro Droit in GNS at coords 12.6935, -7.8499, approx 50km from coords in paper (12.2378, -7.8389). Is closest site found, so have gone with GNS coords (EH))",n.a.,,,,HRI ,26,,,,,,,,,yes,no,no,9,9,1999,1999,,,,,,arabiensis,n.a.,,genetic/molecular,,,,,,,,,,,,,,,,,,,,,,,,,,,,,,,,,,,,,,,,,,,,,,,,,,,,,,,,,,,,,,,,,,,,,,,,,,,,,,,,,,,,,,,,,,,,,,,,,,,,,,,,,,,,,,,,,,,,,,,,,,,,,,,,,,,,,,,,,,,,,,,,,,,,,,,,,,,,,,,,,,,,,,,,,,,,,,,,,,,,,,,,,,,,,,,,,,,,,,,,,,,,,,,,,,,,,,,,,,,,,,,,JO,JAO,CMK
0,1,yes,"(246 M form, 82 S form, 1 M/S hybrid (EH))",4593,,Tripet,DNA analysis of transferred sperm reveals significant levels of gene flow between molecular forms of Anopheles gambiae ,Molecular Ecology ,2001,yes,no,none,,,,Mali,N'gabacoro Droit ,12.6935,-7.8499,,,,,,,,,,,,,,,,,no,point,geoname,Bamako,Not Specified,,n.a.,,,,HRI ,329,,,,,,,,,yes,no,no,9,9,1999,1999,,,,,,gambiae (S/M),n.a.,"M and S form, and M/S hybrid",genetic/molecular,,,,,,,,,,,,,,,,,,,,,,,,,,,,,,,,,,,,,,,,,,,,,,,,,,,,,,,,,,,,,,,,,,,,,,,,,,,,,,,,,,,,,,,,,,,,,,,,,,,,,,,,,,,,,,,,,,,,,,,,,,,,,,,,,,,,,,,,,,,,,,,,,,,,,,,,,,,,,,,,,,,,,,,,,,,,,,,,,,,,,,,,,,,,,,,,,,,,,,,,,,,,,,,,,,,,,,,,,,,,,,,,JO,JAO,CMK
0,1,yes,,4594,,Baimai,,,1993,yes,,,,,,Thailand,Nampat,17.729,100.689,,,,,,,,,,,,,,,,no,no,point,*encarta,Uttaradit,Nampat,"Not Listed- (Nam Pat found in encarta (17.729, 100.689), and comes out in Uttaradit (http://en.wikipedia.org/wiki/File:Thailand_Uttaradit.png). In GNS found two entries for Nam Pat in Uttaradit. One is for the site found in encarta, and is only known as Nam Pat or Amphoe Nam Pat. The other is known by multiple other names, and is found in encarta as Ban Pak Pat (17.728, 100.560 in encarta and 17.7333, 100.5667 in GNS). Both are medium sized towns (based on size of icon in encarta) and as such I think it more likely that the researchers referred to the town found as Nam Pat, rather than a nearby town known by multiple other names (EH))",n.a.,,,,HLC,,AB,,,,,,,,,,,3,3,1987,1987,,,,,,maculatus,n.a.,form B,morph,cell/chromo,,,,,,,,,,,,,,,,,,,,,,,,,,,,,,,,,,,,,,,,,,,,,,,,,,,,,,,,,,,,,,,,,,,,,,,,,,,,,,,,,,,,,,,,,,,,,,,,,,,,,,,,,,,,,,,,,,,,,,,,,,,,,,,,,,,,,,,,,,,,,,,,,,,,,,,,,,,,,,,,,,,,,,,,,,,,,,,,,,,,,,,,,,,,,,,,,,,,,,,,,,,,,,,,,,,,,,,,,,,,,,,,,
0,1,yes,,4594,,,,,,,,,,,,Thailand,Ban Kang Rieng,,,,,,,,,,,,,,,,,,,,point,,Kanchanaburi,Not Specified,"Not Listed-corrds not found in all the available georef sources. (onle reference to ban kang rieng found is in pdf 1973, where it is described as being 70km NE of Kanchanaburi. Map in pdf 1973 puts site at about 14.5, 98.8, 80km North East of Kanchanaburi (14.017, 99.532 in encarta) - however, map clarity and scale is such that this would probably be a bad guess. The paper also gives coords for the quarter degree quadrant that the site falls in, of between 14.25 and 14.5 N and 99 and 99.25 E. Therefore, due to contradictions between map and coords, have left blank. Pdf 2757 gives coords for ban kang rieng of 98.8879, 14.3387, but states that it got them from the same place I found it (i.e. pdf 1973), and I'm not sure where in the article they found coords that exact, so haven't used them (EH))",n.a.,,,,HLC,,AB,,,,,,,,,,,2,2,1986,1986,,,,,,maculatus,n.a.,form B,morph,cell/chromo,,,,,,,,,,,,,,,,,,,,,,,,,,,,,,,,,,,,,,,,,,,,,,,,,,,,,,,,,,,,,,,,,,,,,,,,,,,,,,,,,,,,,,,,,,,,,,,,,,,,,,,,,,,,,,,,,,,,,,,,,,,,,,,,,,,,,,,,,,,,,,,,,,,,,,,,,,,,,,,,,,,,,,,,,,,,,,,,,,,,,,,,,,,,,,,,,,,,,,,,,,,,,,,,,,,,,,,,,,,,,,,,,
0,1,yes,,4594,,,,,,,,,,,,Thailand,Khao Toh,,,,,,,,,,,,,,,,,,,,point,,Krabi,Not Specified,"Not Listed-corrds not found in all the available georef sources. (again, found Khao Toh location data only in pdfs 1973 and 2757. 2527 gives coords of 98.8297, 8.5516 (but again claims to have got them from pdf 1973) and map in 1973 gives coords of 8.7, 98.9 (based on scales on map) though position of site in map comes out at around 8.613, 98.78 in encarta. Quadrant described in pdf 1973 is from 8.5 to 8.75 N and 98.75 and 99.0 E. Due to confusion, and doubts over map, have left blank (EH))",n.a.,,,,HLC,,AB,,,,,,,,,,,11,11,1986,1986,,,,,,maculatus,n.a.,form E,morph,cell/chromo,,,,,,,,,,,,,,,,,,,,,,,,,,,,,,,,,,,,,,,,,,,,,,,,,,,,,,,,,,,,,,,,,,,,,,,,,,,,,,,,,,,,,,,,,,,,,,,,,,,,,,,,,,,,,,,,,,,,,,,,,,,,,,,,,,,,,,,,,,,,,,,,,,,,,,,,,,,,,,,,,,,,,,,,,,,,,,,,,,,,,,,,,,,,,,,,,,,,,,,,,,,,,,,,,,,,,,,,,,,,,,,,,
0,1,yes,,4594,,,,,,,,,,,,Thailand,Ban Phu,,,,,,,,,,,,,,,,,,,,point,,Udonthani,Ban Phu,"Not Listed- 3 matches in the same Admin1 & 2 areas, and paper does not give additional info to help decide the correct point.  (3 sites called Ban Phu in encarta appear to be in Udonthani district, based on map in encarta (http://en.wikipedia.org/wiki/File:Thailand_Udon_Thani.png), and am therefore unable to choose between them (EH))",n.a.,,,,HLC,,AB,,,,,,,,,,,10,10,1986,1986,,,,,,maculatus,n.a.,form K,morph,cell/chromo,,,,,,,,,,,,,,,,,,,,,,,,,,,,,,,,,,,,,,,,,,,,,,,,,,,,,,,,,,,,,,,,,,,,,,,,,,,,,,,,,,,,,,,,,,,,,,,,,,,,,,,,,,,,,,,,,,,,,,,,,,,,,,,,,,,,,,,,,,,,,,,,,,,,,,,,,,,,,,,,,,,,,,,,,,,,,,,,,,,,,,,,,,,,,,,,,,,,,,,,,,,,,,,,,,,,,,,,,,,,,,,,,
0,1,yes,,4594,,,,,,,,,,,,Thailand,Srimuangmai,15.484,105.283,,,,,,,,,,,,,,,,no,no,point,*encarta,Ubon Ratchathani,Srimuangmai,"Not Listed- (found as Si Muang Mai in encarta, and is in in Ubon Ratchathani (http://en.wikipedia.org/wiki/File:Thailand_Ubon_Ratchathani.png) (EH))",n.a.,,,,HLC,,AB,,,,,,,,,,,12,12,1987,1987,,,,,,maculatus,n.a.,form K,morph,cell/chromo,,,,,,,,,,,,,,,,,,,,,,,,,,,,,,,,,,,,,,,,,,,,,,,,,,,,,,,,,,,,,,,,,,,,,,,,,,,,,,,,,,,,,,,,,,,,,,,,,,,,,,,,,,,,,,,,,,,,,,,,,,,,,,,,,,,,,,,,,,,,,,,,,,,,,,,,,,,,,,,,,,,,,,,,,,,,,,,,,,,,,,,,,,,,,,,,,,,,,,,,,,,,,,,,,,,,,,,,,,,,,,,,,
0,1,yes,"(Multiple members of the Maculatus group were found in various sites, and these were species identified by Manguin et al., 2008 as being members of the maculatus subgroup. Details of species names, e.g., ""An. dravidicus (species C) "" were taken from this pdf (4594). Species that were not members of the An. maculatus subgroup were not found at the same sites as any members of the subgroup, so cannot be entered. (EH))",4594,,,,,,,,,,,,Thailand,Nam Nao,16.75,101.75,,,,,,,,,,,,,,,,no,no,point,*encarta,Phetchabun,,"(found in encarta, and GNS confirms is in Phetchabun district (EH))",n.a.,,,,HLC,,AB,,,,,,,,,,,9,9,1986,1986,,,,,,maculatus,n.a.,An. dravidicus (species C),morph,cell/chromo,,,,,,,,,,,,,,,,,,,,,,,,,,,,,,,,,,,,,,,,,,,,,,,,,,,,,,,,,,,,,,,,,,,,,,,,,,,,,,,,,,,,,,,,,,,,,,,,,,,,,,,,,,,,,,,,,,,,,,,,,,,,,,,,,,,,,,,,,,,,,,,,,,,,,,,,,,,,,,,,,,,,,,,,,,,,,,,,,,,,,,,,,,,,,,,,,,,,,,,,,,,,,,,,,,,,,,,,,,,,,,,,,
0,1,yes,"(Multiple members of the Maculatus group were found in various sites, and these were species identified by Manguin et al., 2008 as being members of the maculatus subgroup. Details of species names, e.g., ""An. dravidicus (species C) "" were taken from this pdf (4594). Species that were not members of the An. maculatus subgroup were not found at the same sites as any members of the subgroup, so cannot be entered. (EH))",4594,,,,,,,,,,,,Philippines,Bataan,,,,,,,,,,,,,,,,,,,,point,,Luzon,,"(found 2 Bataans in encarta (13.7, 121.433 and 14.167, 121.632) on Luzon island (http://en.wikipedia.org/wiki/File:Ph_locator_map_luzon.png) and since no further site info given cannot choos between them. Site ID is actually for South Luzon (island split into central and south), since both potential sites are in the south of the island (EH))",n.a.,,,,HLC,,AB,,,,,,,,,,,8,8,1986,1986,,,,,,maculatus,n.a.,An. dispar (species J),morph,cell/chromo,,,,,,,,,,,,,,,,,,,,,,,,,,,,,,,,,,,,,,,,,,,,,,,,,,,,,,,,,,,,,,,,,,,,,,,,,,,,,,,,,,,,,,,,,,,,,,,,,,,,,,,,,,,,,,,,,,,,,,,,,,,,,,,,,,,,,,,,,,,,,,,,,,,,,,,,,,,,,,,,,,,,,,,,,,,,,,,,,,,,,,,,,,,,,,,,,,,,,,,,,,,,,,,,,,,,,,,,,,,,,,,,,
0,1,yes,"(Multiple members of the Maculatus group were found in various sites, and these were species identified by Manguin et al., 2008 as being members of the maculatus subgroup. Details of species names, e.g., ""An. dravidicus (species C) "" were taken from this pdf (4594). Species that were not members of the An. maculatus subgroup were not found at the same sites as any members of the subgroup, so cannot be entered. (EH))",4594,,,,,,,,,,,,Philippines,Montalban,14.733,121.116,,,,,,,,,,,,,,,,no,no,point,*encarta,Luzon,,"(Only 1 Montalban found on Luzon isand in both encarta and GNS, so have gone with this site. Site ID is actually for South Luzon (island split into central and south), since site is in the south of the island (EH))",n.a.,,,,HLC,,AB,,,,,,,,,,,8,8,1986,1986,,,,,,maculatus,n.a.,An. greeni (species D),morph,cell/chromo,,,,,,,,,,,,,,,,,,,,,,,,,,,,,,,,,,,,,,,,,,,,,,,,,,,,,,,,,,,,,,,,,,,,,,,,,,,,,,,,,,,,,,,,,,,,,,,,,,,,,,,,,,,,,,,,,,,,,,,,,,,,,,,,,,,,,,,,,,,,,,,,,,,,,,,,,,,,,,,,,,,,,,,,,,,,,,,,,,,,,,,,,,,,,,,,,,,,,,,,,,,,,,,,,,,,,,,,,,,,,,,,,
0,1,yes,"Other Anophelines collected; An. elegans, An. jamesii, An. karwari, An. peditaeniatulatus, An. pseudojamesi, An. tessellates & An. vagus. (study looks at effects of larviciding pools with guppies, but only gives results of control for anophelenes as a whole, not broken down by species (EH))",4595,,Kusumawathie,,,2008,yes,,,,,,Sri Lanka,Riverbed pools below the Kotmale Dam,7.064,80.584,,,,,,,,,,,,,,,,no,no,wide area,*encarta,Not specified,Nuwara Eliya,"Not Listed- The Kotmale dam was constructed in 1985 across the Kotmale oya at Kadadora in the Nuwara Eliya District, to form the Kotmale reservoir.  (Kotmale Dam found in google earth 4km north of Kotmale, on the river. Kotmale found in encarta at 7.016, 80.583, and the river is 5km north of this, so have picked a site on the river north of Kotmale. is a good guess, as even though is downstream of dam, paper doesn't state how far downstream. Similarly for area type, paper doesn't state over how big an area samples took place. The site mentions the dam being built at Kadadore. Kadadore in encarta comes out at the wrong place (7.067, 80.249), but there are two sites, Kadadore Pallegammedda and Kadadore Udagammedda which come out right next to the dam, at 7.05, 80.6 and 7.067, 80.6 respectively (EH))",n.a.,,,,Larvae,31,,,,,,,,,,,,5,8,2000,2000,,,,,,barbirostris,n.a.,,morph,,,,,,,,,,,,,,,,,,,,,,,,,,,,,,,,,,,,,,,,,,,,,,,,,,,,,,,,,,,,,,,,,,,,,,,,,,,,,,,,,,,,,,,,,,,,,,,,,,,,,,,,,,,,,,,,,,,,,,,,,,,,,,,,,,,,,,,,,,,,,,,,,,,,,,,,,,,,,,,,,,,,,,,,,,,,,,,,,,,,,,,,,,,,,,,,,,,,,,,,,,,,,,,,,,,,,,,,,,,,,,,,,,
0,1,yes,,4595,,,,,,,,,,,,,,,,,,,,,,,,,,,,,,,,,,,,,,n.a.,,,,Larvae,164,,,,,,,,,,,,5,8,2000,2000,,,,,,maculatus,n.a.,,morph,,,,,,,,,,,,,,,,,,,,,,,,,,,,,,,,,,,,,,,,,,,,,,,,,,,,,,,,,,,,,,,,,,,,,,,,,,,,,,,,,,,,,,,,,,,,,,,,,,,,,,,,,,,,,,,,,,,,,,,,,,,,,,,,,,,,,,,,,,,,,,,,,,,,,,,,,,,,,,,,,,,,,,,,,,,,,,,,,,,,,,,,,,,,,,,,,,,,,,,,,,,,,,,,,,,,,,,,,,,,,,,,,,
0,1,yes,,4595,,,,,,,,,,,,,,,,,,,,,,,,,,,,,,,,,,,,,,n.a.,,,,Larvae,27,,,,,,,,,,,,5,8,2000,2000,,,,,,nigerrimus,n.a.,,morph,,,,,,,,,,,,,,,,,,,,,,,,,,,,,,,,,,,,,,,,,,,,,,,,,,,,,,,,,,,,,,,,,,,,,,,,,,,,,,,,,,,,,,,,,,,,,,,,,,,,,,,,,,,,,,,,,,,,,,,,,,,,,,,,,,,,,,,,,,,,,,,,,,,,,,,,,,,,,,,,,,,,,,,,,,,,,,,,,,,,,,,,,,,,,,,,,,,,,,,,,,,,,,,,,,,,,,,,,,,,,,,,,,
0,1,yes,,4595,,,,,,,,,,,,,,,,,,,,,,,,,,,,,,,,,,,,,,n.a.,,,,Larvae,2,,,,,,,,,,,,5,8,2000,2000,,,,,,subpictus,n.a.,,morph,,,,,,,,,,,,,,,,,,,,,,,,,,,,,,,,,,,,,,,,,,,,,,,,,,,,,,,,,,,,,,,,,,,,,,,,,,,,,,,,,,,,,,,,,,,,,,,,,,,,,,,,,,,,,,,,,,,,,,,,,,,,,,,,,,,,,,,,,,,,,,,,,,,,,,,,,,,,,,,,,,,,,,,,,,,,,,,,,,,,,,,,,,,,,,,,,,,,,,,,,,,,,,,,,,,,,,,,,,,,,,,,,,
0,1,yes,"(paper states that F1 progeny of An. gambiae caught at Bancoumana were used in the assays. Have put period of whole study down, as mosquitoes must have been caught during the sampling period, as F1 generation unlikely to survive >2 years in captivity (EH))",4596,10.1186/1475-2875-7-248,Diallo,Evaluation and optimization of membrane feeding compared to direct feeding as an assay for infectivity,Malaria Journal ,2008,yes,no,none,,,,Mali,Bancoumana,12.333,-80.333,,,,,,,,,,,,,,,,no,no,point,paper/map,Not Specified ,Not Specified,"Paper coords are (12.3333, -80.3333) after being converted to decimal degrees, but when plotted in encarta fall outside of the country's borders. (authors obviously meant to put 8 degrees instead of 80. Also possible that they meant coords to be DD but put them in DMS format, as this would give coords of 12.2, -8.2, which would be even closer. This Bankoumana takes coords from encarta, and matches description in paper of being 5km from the river Niger, and 60km from Bamako (EH))",n.a.,,,,?,,,,,,,,,"For each volunteer, two paper cups containing 30 mosqui- toes each were applied directly to the legs of volunteers, and the 60 mosquitoes were allowed to feed for 10–15 min ",yes,no,na,8,12,1996,1998,,cross,,The climate is soudanian with two seasons: a rainy season from June to October and a dry season from November to May.,,gambiae,n.a.,,,,,,,,,,,,,,,,,,,,,,,,,,,,,,,,,,,,,,,,,,,,,,,,,,,,,,,,,,,,,,,,,,,,,,,,,,,,,,,,,,,,,,,,,,,,,,,,,,,,,,,,,,,,,,,,,,,,,,,,,,,,,,,,,,,,,,,,,,,,,,,,,,,,,,,,,,,,,,,,,,,,,,,,,,,,,,,,,,,,,,,,,,,,,,,,,,,,,,,,,,,,,,,,,,,,,,,,,,,,,,,,,,JO,JAO,CMK
0,1,yes,Malaria prevalance survey. No vector data.,4597,,Syafruddin,,,2009,no,,,,,,,,,,,,,,,,,,,,,,,,,,,,,,,,,,,,,,,,,,,,,,,,,,,,,,,,,,,,,,,,,,,,,,,,,,,,,,,,,,,,,,,,,,,,,,,,,,,,,,,,,,,,,,,,,,,,,,,,,,,,,,,,,,,,,,,,,,,,,,,,,,,,,,,,,,,,,,,,,,,,,,,,,,,,,,,,,,,,,,,,,,,,,,,,,,,,,,,,,,,,,,,,,,,,,,,,,,,,,,,,,,,,,,,,,,,,,,,,,,,,,,,,,,,,,,,,,,,,,,,,,,,,,,,,,,,,,,,,,,,,,,,
0,1,yes,Malaria prevalance survey. No vector data.,4598,,Baragatti,,,2009,no,,,,,,,,,,,,,,,,,,,,,,,,,,,,,,,,,,,,,,,,,,,,,,,,,,,,,,,,,,,,,,,,,,,,,,,,,,,,,,,,,,,,,,,,,,,,,,,,,,,,,,,,,,,,,,,,,,,,,,,,,,,,,,,,,,,,,,,,,,,,,,,,,,,,,,,,,,,,,,,,,,,,,,,,,,,,,,,,,,,,,,,,,,,,,,,,,,,,,,,,,,,,,,,,,,,,,,,,,,,,,,,,,,,,,,,,,,,,,,,,,,,,,,,,,,,,,,,,,,,,,,,,,,,,,,,,,,,,,,,,,,,,,,,
0,1,yes,,,,,,,,,,,,,,,,,,,,,,,,,,,,,,,,,,,,,,,,,,,,,,,,,,,,,,,,,,,,,,,,,,,,,,,,,,,,,,,,,,,,,,,,,,,,,,,,,,,,,,,,,,,,,,,,,,,,,,,,,,,,,,,,,,,,,,,,,,,,,,,,,,,,,,,,,,,,,,,,,,,,,,,,,,,,,,,,,,,,,,,,,,,,,,,,,,,,,,,,,,,,,,,,,,,,,,,,,,,,,,,,,,,,,,,,,,,,,,,,,,,,,,,,,,,,,,,,,,,,,,,,,,,,,,,,,,,,,,,,,,,,,,,,,,,,,,,
