confidentiality_status,bio_data,adult_data,larval_site_data,insecticide_resistance_data,source_id,citation_doi,author,article_title,journal_title,publication_year,study_sampling_design,personal_communication,contact_authors,source_notes,country,site,latitude_1,longitude_1,latitude_2,longitude_2,latitude_3,longitude_3,latitude_4,longitude_4,latitude_5,longitude_5,latitude_6,longitude_6,latitude_7,longitude_7,latitude_8,longitude_8,confidence_in_georef,area_type,georef_source,admin_level_1,admin_level_2,site_notes,insecticide_control,control_type,itn_use,control_notes,sampling_occurrence_1,occurrence_n_1,sampling_occurrence_2,occurrence_n_2,sampling_occurrence_3,occurrence_n_3,sampling_occurrence_4,occurrence_n_4,occurrence_n_total,occurrence_notes,binary_presence,binary_absence,abundance_data_in_a_graph,month_start,month_end,year_start,year_end,season_given,season_calc,rainfall_time,season_notes,species,species_notes,species_id_1,species_id_2
NA,no,yes,no,genotypic,1002144,10.1186/1475-2875-9-314,Dery,"Patterns and seasonality of malaria transmission
in the forest-savannah transitional zones of
Ghana",Malaria Journal,2010,,NA,yes,author to provide coordinates for sampled sites,ghana,Kintampo,8.065,-1.731,NA,NA,NA,NA,NA,NA,NA,NA,NA,NA,NA,NA,NA,NA,greater than 10km,wide area,google maps,,,source provides a map of the surveyed areas in kitampo district,,,,,cdc-lt,NA,,NA,,NA,,NA,NA,,yes,no,yes,8,8,2005,2005,wet,,1400mm/yr,,gambiae complex,,morph,
NA,no,yes,no,genotypic,1002144,10.1186/1475-2875-9-314,Dery,"Patterns and seasonality of malaria transmission
in the forest-savannah transitional zones of
Ghana",Malaria Journal,2010,,NA,yes,author to provide coordinates for sampled sites,ghana,Kintampo,8.065,-1.731,NA,NA,NA,NA,NA,NA,NA,NA,NA,NA,NA,NA,NA,NA,greater than 10km,wide area,google maps,,,source provides a map of the surveyed areas in kitampo district,,,,,cdc-lt,NA,,NA,,NA,,NA,NA,,yes,no,yes,2,2,2005,2005,dry,,1400mm/yr,,gambiae complex,,morph,
NA,no,yes,no,none,1002145,10.1016/j.actatropica.2010.02.008,Dia,"Population structure of newly established Anopheles funestus populations in the
Senegal River basin using paracentric chromosomal inversions",Acta Tropica,2010,,NA,yes,authors to clarify sites where sampling was done.The results provided are not clear,senegal,Mbilor,16.483,-15.55,NA,NA,NA,NA,NA,NA,NA,NA,NA,NA,NA,NA,NA,NA,,point,paper map,,,,,,,,HRI,NA,,NA,,NA,,NA,NA,,yes,no,,6,6,2004,2004,,,,"source says collections were done in june,september and december but no more information is provided",funestus complex,,"Trapped mosquitoes were transported
to the laboratory and sorted using morphological criteria",
NA,no,yes,no,none,1002145,10.1016/j.actatropica.2010.02.008,Dia,"Population structure of newly established Anopheles funestus populations in the
Senegal River basin using paracentric chromosomal inversions",Acta Tropica,2010,,NA,yes,authors to clarify sites where sampling was done.The results provided are not clear,senegal,Keur Mbaye,16.466,-15.6,NA,NA,NA,NA,NA,NA,NA,NA,NA,NA,NA,NA,NA,NA,,point,paper map,,,,,,,,HRI,NA,,NA,,NA,,NA,NA,,yes,no,,6,6,2004,2004,,,,"source says collections were done in june,september and december but no more information is provided",funestus complex,,"Trapped mosquitoes were transported
to the laboratory and sorted using morphological criteria",
NA,no,yes,no,none,1002145,10.1016/j.actatropica.2010.02.008,Dia,"Population structure of newly established Anopheles funestus populations in the
Senegal River basin using paracentric chromosomal inversions",Acta Tropica,2010,,NA,yes,authors to clarify sites where sampling was done.The results provided are not clear,senegal,Gankette,159.813,-159.287,NA,NA,NA,NA,NA,NA,NA,NA,NA,NA,NA,NA,NA,NA,,point,paper map,,,,,,,,HRI,NA,,NA,,NA,,NA,NA,,yes,no,,6,6,2004,2004,,,,"source says collections were done in june,september and december but no more information is provided",funestus complex,,"Trapped mosquitoes were transported
to the laboratory and sorted using morphological criteria",
NA,no,yes,no,genotypic,1002148,10.1186/1475-2875-10-261,Djegbe,"Dynamics of insecticide resistance in malaria
vectors in Benin: first evidence of the presence of
L1014S kdr mutation in Anopheles gambiae from
West Africa",Malaria Journal,2011,,NA,yes,authors to provide bioassay data presented in bar graph,benin,cotonou,6.35,23.833,NA,NA,NA,NA,NA,NA,NA,NA,NA,NA,NA,NA,NA,NA,,point,paper map,,,,,,,,larvae,NA,,NA,,NA,,NA,NA,,yes,no,,6,6,2009,2009,,,,,coluzzii_gambiae_m form,,morph,genetic/molecular
NA,no,yes,no,genotypic,1002148,10.1186/1475-2875-10-261,Djegbe,"Dynamics of insecticide resistance in malaria
vectors in Benin: first evidence of the presence of
L1014S kdr mutation in Anopheles gambiae from
West Africa",Malaria Journal,2011,,NA,yes,authors to provide bioassay data presented in bar graph,benin,cotonou,6.35,23.833,NA,NA,NA,NA,NA,NA,NA,NA,NA,NA,NA,NA,NA,NA,,point,paper map,,,,,,,,larvae,NA,,NA,,NA,,NA,NA,,yes,no,,10,10,2009,2009,,,,,coluzzii_gambiae_m form,,morph,genetic/molecular
NA,no,yes,no,genotypic,1002148,10.1186/1475-2875-10-261,Djegbe,"Dynamics of insecticide resistance in malaria
vectors in Benin: first evidence of the presence of
L1014S kdr mutation in Anopheles gambiae from
West Africa",Malaria Journal,2011,,NA,yes,authors to provide bioassay data presented in bar graph,benin,cotonou,6.35,23.833,NA,NA,NA,NA,NA,NA,NA,NA,NA,NA,NA,NA,NA,NA,,point,paper map,,,,,,,,larvae,NA,,NA,,NA,,NA,NA,,yes,no,,6,6,2010,2010,,,,,coluzzii_gambiae_m form,,morph,genetic/molecular
NA,no,yes,no,genotypic,1002148,10.1186/1475-2875-10-261,Djegbe,"Dynamics of insecticide resistance in malaria
vectors in Benin: first evidence of the presence of
L1014S kdr mutation in Anopheles gambiae from
West Africa",Malaria Journal,2011,,NA,yes,authors to provide bioassay data presented in bar graph,benin,tori bossito,6.503,214.315,NA,NA,NA,NA,NA,NA,NA,NA,NA,NA,NA,NA,NA,NA,,point,google maps,,,"source provides coordintaes that do not fall in the site, used google maps to get coordinates",yes,itn,yes,,larvae,NA,,NA,,NA,,NA,NA,,yes,no,,10,10,2008,2008,,,,,gambiae_s form,,morph,genetic/molecular
NA,no,yes,no,genotypic,1002148,10.1186/1475-2875-10-261,Djegbe,"Dynamics of insecticide resistance in malaria
vectors in Benin: first evidence of the presence of
L1014S kdr mutation in Anopheles gambiae from
West Africa",Malaria Journal,2011,,NA,yes,authors to provide bioassay data presented in bar graph,benin,tori bossito,6.503,214.315,NA,NA,NA,NA,NA,NA,NA,NA,NA,NA,NA,NA,NA,NA,,point,google maps,,,"source provides coordintaes that do not fall in the site, used google maps to get coordinates",yes,itn,yes,,larvae,NA,,NA,,NA,,NA,NA,,yes,no,,6,6,2009,2009,,,,,coluzzii_gambiae_m form,,morph,genetic/molecular
NA,no,yes,no,genotypic,1002148,10.1186/1475-2875-10-261,Djegbe,"Dynamics of insecticide resistance in malaria
vectors in Benin: first evidence of the presence of
L1014S kdr mutation in Anopheles gambiae from
West Africa",Malaria Journal,2011,,NA,yes,authors to provide bioassay data presented in bar graph,benin,tori bossito,6.503,214.315,NA,NA,NA,NA,NA,NA,NA,NA,NA,NA,NA,NA,NA,NA,,point,google maps,,,"source provides coordintaes that do not fall in the site, used google maps to get coordinates",yes,itn,yes,,larvae,NA,,NA,,NA,,NA,NA,,yes,no,,6,6,2009,2009,,,,,gambiae_s form,,morph,genetic/molecular
NA,no,yes,no,genotypic,1002148,10.1186/1475-2875-10-261,Djegbe,"Dynamics of insecticide resistance in malaria
vectors in Benin: first evidence of the presence of
L1014S kdr mutation in Anopheles gambiae from
West Africa",Malaria Journal,2011,,NA,yes,authors to provide bioassay data presented in bar graph,benin,tori bossito,6.503,214.315,NA,NA,NA,NA,NA,NA,NA,NA,NA,NA,NA,NA,NA,NA,,point,google maps,,,"source provides coordintaes that do not fall in the site, used google maps to get coordinates",yes,itn,yes,,larvae,NA,,NA,,NA,,NA,NA,,yes,no,,10,10,2009,2009,,,,,gambiae_s form,,morph,genetic/molecular
NA,no,yes,no,genotypic,1002148,10.1186/1475-2875-10-261,Djegbe,"Dynamics of insecticide resistance in malaria
vectors in Benin: first evidence of the presence of
L1014S kdr mutation in Anopheles gambiae from
West Africa",Malaria Journal,2011,,NA,yes,authors to provide bioassay data presented in bar graph,benin,tori bossito,6.503,214.315,NA,NA,NA,NA,NA,NA,NA,NA,NA,NA,NA,NA,NA,NA,,point,google maps,,,"source provides coordintaes that do not fall in the site, used google maps to get coordinates",yes,itn,yes,,larvae,NA,,NA,,NA,,NA,NA,,yes,no,,6,6,2010,2010,,,,,coluzzii_gambiae_m form,,morph,genetic/molecular
NA,no,yes,no,genotypic,1002148,10.1186/1475-2875-10-261,Djegbe,"Dynamics of insecticide resistance in malaria
vectors in Benin: first evidence of the presence of
L1014S kdr mutation in Anopheles gambiae from
West Africa",Malaria Journal,2011,,NA,yes,authors to provide bioassay data presented in bar graph,benin,tori bossito,6.503,214.315,NA,NA,NA,NA,NA,NA,NA,NA,NA,NA,NA,NA,NA,NA,,point,google maps,,,"source provides coordintaes that do not fall in the site, used google maps to get coordinates",yes,itn,yes,,larvae,NA,,NA,,NA,,NA,NA,,yes,no,,6,6,2010,2010,,,,,gambiae_s form,,morph,genetic/molecular
NA,no,yes,no,genotypic,1002148,10.1186/1475-2875-10-261,Djegbe,"Dynamics of insecticide resistance in malaria
vectors in Benin: first evidence of the presence of
L1014S kdr mutation in Anopheles gambiae from
West Africa",Malaria Journal,2011,,NA,yes,authors to provide bioassay data presented in bar graph,benin,malanville,11.866,3.383,NA,NA,NA,NA,NA,NA,NA,NA,NA,NA,NA,NA,NA,NA,,point,paper map,,,,,,,,larvae,NA,,NA,,NA,,NA,NA,,yes,no,,10,10,2008,2008,,,,,gambiae_s form,,morph,genetic/molecular
NA,no,yes,no,genotypic,1002148,10.1186/1475-2875-10-261,Djegbe,"Dynamics of insecticide resistance in malaria
vectors in Benin: first evidence of the presence of
L1014S kdr mutation in Anopheles gambiae from
West Africa",Malaria Journal,2011,,NA,yes,authors to provide bioassay data presented in bar graph,benin,malanville,11.866,3.383,NA,NA,NA,NA,NA,NA,NA,NA,NA,NA,NA,NA,NA,NA,,point,paper map,,,,,,,,larvae,NA,,NA,,NA,,NA,NA,,yes,no,,10,10,2008,2008,,,,,coluzzii_gambiae_m form,,morph,genetic/molecular
NA,no,yes,no,genotypic,1002148,10.1186/1475-2875-10-261,Djegbe,"Dynamics of insecticide resistance in malaria
vectors in Benin: first evidence of the presence of
L1014S kdr mutation in Anopheles gambiae from
West Africa",Malaria Journal,2011,,NA,yes,authors to provide bioassay data presented in bar graph,benin,malanville,11.866,3.383,NA,NA,NA,NA,NA,NA,NA,NA,NA,NA,NA,NA,NA,NA,,point,paper map,,,,,,,,larvae,NA,,NA,,NA,,NA,NA,,yes,no,,10,10,2008,2008,,,,,arabiensis,,morph,genetic/molecular
NA,no,yes,no,genotypic,1002148,10.1186/1475-2875-10-261,Djegbe,"Dynamics of insecticide resistance in malaria
vectors in Benin: first evidence of the presence of
L1014S kdr mutation in Anopheles gambiae from
West Africa",Malaria Journal,2011,,NA,yes,authors to provide bioassay data presented in bar graph,benin,malanville,11.866,3.383,NA,NA,NA,NA,NA,NA,NA,NA,NA,NA,NA,NA,NA,NA,,point,paper map,,,,,,,,larvae,NA,,NA,,NA,,NA,NA,,yes,no,,6,6,2009,2009,,,,,gambiae_s form,,morph,genetic/molecular
NA,no,yes,no,genotypic,1002148,10.1186/1475-2875-10-261,Djegbe,"Dynamics of insecticide resistance in malaria
vectors in Benin: first evidence of the presence of
L1014S kdr mutation in Anopheles gambiae from
West Africa",Malaria Journal,2011,,NA,yes,authors to provide bioassay data presented in bar graph,benin,malanville,11.866,3.383,NA,NA,NA,NA,NA,NA,NA,NA,NA,NA,NA,NA,NA,NA,,point,paper map,,,,,,,,larvae,NA,,NA,,NA,,NA,NA,,yes,no,,6,6,2009,2009,,,,,coluzzii_gambiae_m form,,morph,genetic/molecular
NA,no,yes,no,genotypic,1002148,10.1186/1475-2875-10-261,Djegbe,"Dynamics of insecticide resistance in malaria
vectors in Benin: first evidence of the presence of
L1014S kdr mutation in Anopheles gambiae from
West Africa",Malaria Journal,2011,,NA,yes,authors to provide bioassay data presented in bar graph,benin,malanville,11.866,3.383,NA,NA,NA,NA,NA,NA,NA,NA,NA,NA,NA,NA,NA,NA,,point,paper map,,,,,,,,larvae,NA,,NA,,NA,,NA,NA,,yes,no,,6,6,2009,2009,,,,,arabiensis,,morph,genetic/molecular
NA,no,yes,no,genotypic,1002148,10.1186/1475-2875-10-261,Djegbe,"Dynamics of insecticide resistance in malaria
vectors in Benin: first evidence of the presence of
L1014S kdr mutation in Anopheles gambiae from
West Africa",Malaria Journal,2011,,NA,yes,authors to provide bioassay data presented in bar graph,benin,malanville,11.866,3.383,NA,NA,NA,NA,NA,NA,NA,NA,NA,NA,NA,NA,NA,NA,,point,paper map,,,,,,,,larvae,NA,,NA,,NA,,NA,NA,,yes,no,,10,10,2009,2009,,,,,gambiae_s form,,morph,genetic/molecular
NA,no,yes,no,genotypic,1002148,10.1186/1475-2875-10-261,Djegbe,"Dynamics of insecticide resistance in malaria
vectors in Benin: first evidence of the presence of
L1014S kdr mutation in Anopheles gambiae from
West Africa",Malaria Journal,2011,,NA,yes,authors to provide bioassay data presented in bar graph,benin,malanville,11.866,3.383,NA,NA,NA,NA,NA,NA,NA,NA,NA,NA,NA,NA,NA,NA,,point,paper map,,,,,,,,larvae,NA,,NA,,NA,,NA,NA,,yes,no,,10,10,2009,2009,,,,,coluzzii_gambiae_m form,,morph,genetic/molecular
NA,no,yes,no,genotypic,1002148,10.1186/1475-2875-10-261,Djegbe,"Dynamics of insecticide resistance in malaria
vectors in Benin: first evidence of the presence of
L1014S kdr mutation in Anopheles gambiae from
West Africa",Malaria Journal,2011,,NA,yes,authors to provide bioassay data presented in bar graph,benin,malanville,11.866,3.383,NA,NA,NA,NA,NA,NA,NA,NA,NA,NA,NA,NA,NA,NA,,point,paper map,,,,,,,,larvae,NA,,NA,,NA,,NA,NA,,yes,no,,10,10,2009,2009,,,,,arabiensis,,morph,genetic/molecular
NA,no,yes,no,genotypic,1002148,10.1186/1475-2875-10-261,Djegbe,"Dynamics of insecticide resistance in malaria
vectors in Benin: first evidence of the presence of
L1014S kdr mutation in Anopheles gambiae from
West Africa",Malaria Journal,2011,,NA,yes,authors to provide bioassay data presented in bar graph,benin,malanville,11.866,3.383,NA,NA,NA,NA,NA,NA,NA,NA,NA,NA,NA,NA,NA,NA,,point,paper map,,,,,,,,larvae,NA,,NA,,NA,,NA,NA,,yes,no,,6,6,2010,2010,,,,,gambiae_s form,,morph,genetic/molecular
NA,no,yes,no,genotypic,1002148,10.1186/1475-2875-10-261,Djegbe,"Dynamics of insecticide resistance in malaria
vectors in Benin: first evidence of the presence of
L1014S kdr mutation in Anopheles gambiae from
West Africa",Malaria Journal,2011,,NA,yes,authors to provide bioassay data presented in bar graph,benin,malanville,11.866,3.383,NA,NA,NA,NA,NA,NA,NA,NA,NA,NA,NA,NA,NA,NA,,point,paper map,,,,,,,,larvae,NA,,NA,,NA,,NA,NA,,yes,no,,6,6,2010,2010,,,,,coluzzii_gambiae_m form,,morph,genetic/molecular
NA,no,yes,no,genotypic,1002148,10.1186/1475-2875-10-261,Djegbe,"Dynamics of insecticide resistance in malaria
vectors in Benin: first evidence of the presence of
L1014S kdr mutation in Anopheles gambiae from
West Africa",Malaria Journal,2011,,NA,yes,authors to provide bioassay data presented in bar graph,benin,malanville,11.866,3.383,NA,NA,NA,NA,NA,NA,NA,NA,NA,NA,NA,NA,NA,NA,,point,paper map,,,,,,,,larvae,NA,,NA,,NA,,NA,NA,,yes,no,,6,6,2010,2010,,,,,arabiensis,,morph,genetic/molecular
NA,no,yes,no,genotypic,1002148,10.1186/1475-2875-10-261,Djegbe,"Dynamics of insecticide resistance in malaria
vectors in Benin: first evidence of the presence of
L1014S kdr mutation in Anopheles gambiae from
West Africa",Malaria Journal,2011,,NA,yes,authors to provide bioassay data presented in bar graph,benin,malanville,11.866,3.383,NA,NA,NA,NA,NA,NA,NA,NA,NA,NA,NA,NA,NA,NA,,point,paper map,,,,,,,,larvae,NA,,NA,,NA,,NA,NA,,yes,no,,6,6,2010,2010,,,,,gambiae_s form_m form,,morph,genetic/molecular
NA,no,yes,no,none,1002149,10.1186/s12889-018-5876-9,Djenontin,"Field efficacy of a new deltamethrin long
lasting insecticidal net (LifeNetÃ‚Â©) against
wild pyrethroid-resistant Anopheles
gambiae in Benin",BMC Public Health,2018,,NA,,,benin,malanville,11.866,3.383,NA,NA,NA,NA,NA,NA,NA,NA,NA,NA,NA,NA,NA,NA,,point,google maps,,,,na,,,,HRI,NA,,NA,,NA,,NA,445,source says 445 gambiae were collected during trial and 87 in the control huts,yes,no,,11,3,2010,2011,,,,,gambiae complex,,"Trapped mosquitoes were transported
to the laboratory and sorted using morphological criteria",
NA,no,yes,no,phenotypic,1002151,10.1111/j.1365-2915.2010.00925.x,Djogbenou,Insecticide resistance in the Anopheles gambiae complex in Benin: a nationwide survey,Med Vet Entomol,2011,,NA,,,benin,Malanville,1.186.667,3.4,NA,NA,NA,NA,NA,NA,NA,NA,NA,NA,NA,NA,NA,NA,,point,paper map,,,historic data coordinates,na,,,,larvae,NA,,NA,,NA,,NA,NA,,yes,no,,10,10,2007,2007,,,,,gambiae complex,,morph,
NA,no,yes,no,phenotypic,1002151,10.1111/j.1365-2915.2010.00925.x,Djogbenou,Insecticide resistance in the Anopheles gambiae complex in Benin: a nationwide survey,Med Vet Entomol,2011,,NA,,,benin,Kandi,1.113.023,29.357,NA,NA,NA,NA,NA,NA,NA,NA,NA,NA,NA,NA,NA,NA,,point,paper map,,,historic data coordinates,na,,,,larvae,NA,,NA,,NA,,NA,NA,,yes,no,,10,10,2007,2007,,,,,gambiae complex,,morph,
NA,no,yes,no,phenotypic,1002151,10.1111/j.1365-2915.2010.00925.x,Djogbenou,Insecticide resistance in the Anopheles gambiae complex in Benin: a nationwide survey,Med Vet Entomol,2011,,NA,,,benin,Bembereke,1.028.333,2.7,NA,NA,NA,NA,NA,NA,NA,NA,NA,NA,NA,NA,NA,NA,,point,paper map,,,historic data coordinates,na,,,,larvae,NA,,NA,,NA,,NA,NA,,yes,no,,10,10,2007,2007,,,,,gambiae complex,,morph,
NA,no,yes,no,phenotypic,1002151,10.1111/j.1365-2915.2010.00925.x,Djogbenou,Insecticide resistance in the Anopheles gambiae complex in Benin: a nationwide survey,Med Vet Entomol,2011,,NA,,,benin,Ndali,9.85,271.667,NA,NA,NA,NA,NA,NA,NA,NA,NA,NA,NA,NA,NA,NA,,point,paper map,,,historic data coordinates,na,,,,larvae,NA,,NA,,NA,,NA,NA,,yes,no,,7,7,2006,2006,,,,,gambiae complex,,morph,
NA,no,yes,no,phenotypic,1002151,10.1111/j.1365-2915.2010.00925.x,Djogbenou,Insecticide resistance in the Anopheles gambiae complex in Benin: a nationwide survey,Med Vet Entomol,2011,,NA,,,benin,Parakou,9.35,261.667,NA,NA,NA,NA,NA,NA,NA,NA,NA,NA,NA,NA,NA,NA,,point,paper map,,,historic data coordinates,na,,,,larvae,NA,,NA,,NA,,NA,NA,,yes,no,,6,6,2006,2006,,,,,gambiae complex,,morph,
NA,no,yes,no,phenotypic,1002151,10.1111/j.1365-2915.2010.00925.x,Djogbenou,Insecticide resistance in the Anopheles gambiae complex in Benin: a nationwide survey,Med Vet Entomol,2011,,NA,,,benin,Tchaourou,8.9,2.6,NA,NA,NA,NA,NA,NA,NA,NA,NA,NA,NA,NA,NA,NA,,point,paper map,,,historic data coordinates,na,,,,larvae,NA,,NA,,NA,,NA,NA,,yes,no,,7,7,2006,2006,,,,,gambiae complex,,morph,
NA,no,yes,no,phenotypic,1002151,10.1111/j.1365-2915.2010.00925.x,Djogbenou,Insecticide resistance in the Anopheles gambiae complex in Benin: a nationwide survey,Med Vet Entomol,2011,,NA,,,benin,Save,833.333,248.333,NA,NA,NA,NA,NA,NA,NA,NA,NA,NA,NA,NA,NA,NA,,point,paper map,,,historic data coordinates,na,,,,larvae,NA,,NA,,NA,,NA,NA,,yes,no,,5,5,2007,2007,,,,,gambiae complex,,morph,
NA,no,yes,no,phenotypic,1002151,10.1111/j.1365-2915.2010.00925.x,Djogbenou,Insecticide resistance in the Anopheles gambiae complex in Benin: a nationwide survey,Med Vet Entomol,2011,,NA,,,benin,Dassa Zoume,778.333,218.333,NA,NA,NA,NA,NA,NA,NA,NA,NA,NA,NA,NA,NA,NA,,point,paper map,,,historic data coordinates,na,,,,larvae,NA,,NA,,NA,,NA,NA,,yes,no,,5,5,2007,2007,,,,,gambiae complex,,morph,
NA,no,yes,no,phenotypic,1002151,10.1111/j.1365-2915.2010.00925.x,Djogbenou,Insecticide resistance in the Anopheles gambiae complex in Benin: a nationwide survey,Med Vet Entomol,2011,,NA,,,benin,Paouignan,766.667,221.667,NA,NA,NA,NA,NA,NA,NA,NA,NA,NA,NA,NA,NA,NA,,point,paper map,,,historic data coordinates,na,,,,larvae,NA,,NA,,NA,,NA,NA,,yes,no,,6,6,2006,2006,,,,,gambiae complex,,morph,
NA,no,yes,no,phenotypic,1002151,10.1111/j.1365-2915.2010.00925.x,Djogbenou,Insecticide resistance in the Anopheles gambiae complex in Benin: a nationwide survey,Med Vet Entomol,2011,,NA,,,benin,Abomey,718.333,198.333,NA,NA,NA,NA,NA,NA,NA,NA,NA,NA,NA,NA,NA,NA,,point,paper map,,,historic data coordinates,na,,,,larvae,NA,,NA,,NA,,NA,NA,,yes,no,,6,6,2006,2006,,,,,gambiae complex,,morph,
NA,no,yes,no,phenotypic,1002151,10.1111/j.1365-2915.2010.00925.x,Djogbenou,Insecticide resistance in the Anopheles gambiae complex in Benin: a nationwide survey,Med Vet Entomol,2011,,NA,,,benin,Bohicon,718.333,206.917,NA,NA,NA,NA,NA,NA,NA,NA,NA,NA,NA,NA,NA,NA,,point,paper map,,,historic data coordinates,na,,,,larvae,NA,,NA,,NA,,NA,NA,,yes,no,,5,5,2006,2006,,,,,gambiae complex,,morph,
NA,no,yes,no,phenotypic,1002151,10.1111/j.1365-2915.2010.00925.x,Djogbenou,Insecticide resistance in the Anopheles gambiae complex in Benin: a nationwide survey,Med Vet Entomol,2011,,NA,,,benin,Cana,713.333,206.667,NA,NA,NA,NA,NA,NA,NA,NA,NA,NA,NA,NA,NA,NA,,point,paper map,,,historic data coordinates,na,,,,larvae,NA,,NA,,NA,,NA,NA,,yes,no,,5,5,2006,2006,,,,,gambiae complex,,morph,
NA,no,yes,no,phenotypic,1002151,10.1111/j.1365-2915.2010.00925.x,Djogbenou,Insecticide resistance in the Anopheles gambiae complex in Benin: a nationwide survey,Med Vet Entomol,2011,,NA,,,benin,Sehoue,691.667,226.667,NA,NA,NA,NA,NA,NA,NA,NA,NA,NA,NA,NA,NA,NA,,point,paper map,,,historic data coordinates,na,,,,larvae,NA,,NA,,NA,,NA,NA,,yes,no,,4,4,2006,2006,,,,,gambiae complex,,morph,
NA,no,yes,no,phenotypic,1002151,10.1111/j.1365-2915.2010.00925.x,Djogbenou,Insecticide resistance in the Anopheles gambiae complex in Benin: a nationwide survey,Med Vet Entomol,2011,,NA,,,benin,Niaouli,673.332,213.336,NA,NA,NA,NA,NA,NA,NA,NA,NA,NA,NA,NA,NA,NA,,point,paper map,,,historic data coordinates,na,,,,larvae,NA,,NA,,NA,,NA,NA,,yes,no,,4,4,2006,2006,,,,,gambiae complex,,morph,
NA,no,yes,no,phenotypic,1002151,10.1111/j.1365-2915.2010.00925.x,Djogbenou,Insecticide resistance in the Anopheles gambiae complex in Benin: a nationwide survey,Med Vet Entomol,2011,,NA,,,benin,Allada,66.641,215.741,NA,NA,NA,NA,NA,NA,NA,NA,NA,NA,NA,NA,NA,NA,,point,paper map,,,historic data coordinates,na,,,,larvae,NA,,NA,,NA,,NA,NA,,yes,no,,3,3,2006,2006,,,,,gambiae complex,,morph,
NA,no,yes,no,phenotypic,1002151,10.1111/j.1365-2915.2010.00925.x,Djogbenou,Insecticide resistance in the Anopheles gambiae complex in Benin: a nationwide survey,Med Vet Entomol,2011,,NA,,,benin,Tori Bossito,650.342,214.473,NA,NA,NA,NA,NA,NA,NA,NA,NA,NA,NA,NA,NA,NA,,point,paper map,,,historic data coordinates,na,,,,larvae,NA,,NA,,NA,,NA,NA,,yes,no,,3,3,2006,2006,,,,,gambiae complex,,morph,
NA,no,yes,no,phenotypic,1002151,10.1111/j.1365-2915.2010.00925.x,Djogbenou,Insecticide resistance in the Anopheles gambiae complex in Benin: a nationwide survey,Med Vet Entomol,2011,,NA,,,benin,Pahou,638.333,221.667,NA,NA,NA,NA,NA,NA,NA,NA,NA,NA,NA,NA,NA,NA,,point,paper map,,,historic data coordinates,na,,,,larvae,NA,,NA,,NA,,NA,NA,,yes,no,,3,3,2006,2006,,,,,gambiae complex,,morph,
NA,no,yes,no,phenotypic,1002151,10.1111/j.1365-2915.2010.00925.x,Djogbenou,Insecticide resistance in the Anopheles gambiae complex in Benin: a nationwide survey,Med Vet Entomol,2011,,NA,,,benin,Cotonou,63.615,2.464,NA,NA,NA,NA,NA,NA,NA,NA,NA,NA,NA,NA,NA,NA,,point,paper map,,,"adjusted coordinates, they were falling on water",na,,,,larvae,NA,,NA,,NA,,NA,NA,,yes,no,,10,10,2007,2007,,,,,gambiae complex,,morph,
NA,no,yes,no,phenotypic,1002151,10.1111/j.1365-2915.2010.00925.x,Djogbenou,Insecticide resistance in the Anopheles gambiae complex in Benin: a nationwide survey,Med Vet Entomol,2011,,NA,,,benin,Malanville,1.186.667,3.4,NA,NA,NA,NA,NA,NA,NA,NA,NA,NA,NA,NA,NA,NA,,point,paper map,,,historic data coordinates,na,,,,larvae,NA,,NA,,NA,,NA,NA,,yes,no,,10,10,2007,2007,,,,,gambiae complex,,morph,
NA,no,yes,no,phenotypic,1002151,10.1111/j.1365-2915.2010.00925.x,Djogbenou,Insecticide resistance in the Anopheles gambiae complex in Benin: a nationwide survey,Med Vet Entomol,2011,,NA,,,benin,Kandi,1.113.023,29.357,NA,NA,NA,NA,NA,NA,NA,NA,NA,NA,NA,NA,NA,NA,,point,paper map,,,historic data coordinates,na,,,,larvae,NA,,NA,,NA,,NA,NA,,yes,no,,10,10,2007,2007,,,,,gambiae complex,,morph,
NA,no,yes,no,phenotypic,1002151,10.1111/j.1365-2915.2010.00925.x,Djogbenou,Insecticide resistance in the Anopheles gambiae complex in Benin: a nationwide survey,Med Vet Entomol,2011,,NA,,,benin,Bembereke,1.028.333,2.7,NA,NA,NA,NA,NA,NA,NA,NA,NA,NA,NA,NA,NA,NA,,point,paper map,,,historic data coordinates,na,,,,larvae,NA,,NA,,NA,,NA,NA,,yes,no,,10,10,2007,2007,,,,,gambiae complex,,morph,
NA,no,yes,no,phenotypic,1002151,10.1111/j.1365-2915.2010.00925.x,Djogbenou,Insecticide resistance in the Anopheles gambiae complex in Benin: a nationwide survey,Med Vet Entomol,2011,,NA,,,benin,Ndali,9.85,271.667,NA,NA,NA,NA,NA,NA,NA,NA,NA,NA,NA,NA,NA,NA,,point,paper map,,,historic data coordinates,na,,,,larvae,NA,,NA,,NA,,NA,NA,,yes,no,,7,7,2006,2006,,,,,gambiae complex,,morph,
NA,no,yes,no,phenotypic,1002151,10.1111/j.1365-2915.2010.00925.x,Djogbenou,Insecticide resistance in the Anopheles gambiae complex in Benin: a nationwide survey,Med Vet Entomol,2011,,NA,,,benin,Parakou,9.35,261.667,NA,NA,NA,NA,NA,NA,NA,NA,NA,NA,NA,NA,NA,NA,,point,paper map,,,historic data coordinates,na,,,,larvae,NA,,NA,,NA,,NA,NA,,yes,no,,6,6,2006,2006,,,,,gambiae complex,,morph,
NA,no,yes,no,phenotypic,1002151,10.1111/j.1365-2915.2010.00925.x,Djogbenou,Insecticide resistance in the Anopheles gambiae complex in Benin: a nationwide survey,Med Vet Entomol,2011,,NA,,,benin,Tchaourou,8.9,2.6,NA,NA,NA,NA,NA,NA,NA,NA,NA,NA,NA,NA,NA,NA,,point,paper map,,,historic data coordinates,na,,,,larvae,NA,,NA,,NA,,NA,NA,,yes,no,,7,7,2006,2006,,,,,gambiae complex,,morph,
NA,no,yes,no,phenotypic,1002151,10.1111/j.1365-2915.2010.00925.x,Djogbenou,Insecticide resistance in the Anopheles gambiae complex in Benin: a nationwide survey,Med Vet Entomol,2011,,NA,,,benin,Save,833.333,248.333,NA,NA,NA,NA,NA,NA,NA,NA,NA,NA,NA,NA,NA,NA,,point,paper map,,,historic data coordinates,na,,,,larvae,NA,,NA,,NA,,NA,NA,,yes,no,,5,5,2007,2007,,,,,gambiae complex,,morph,
NA,no,yes,no,phenotypic,1002151,10.1111/j.1365-2915.2010.00925.x,Djogbenou,Insecticide resistance in the Anopheles gambiae complex in Benin: a nationwide survey,Med Vet Entomol,2011,,NA,,,benin,Dassa Zoume,778.333,218.333,NA,NA,NA,NA,NA,NA,NA,NA,NA,NA,NA,NA,NA,NA,,point,paper map,,,historic data coordinates,na,,,,larvae,NA,,NA,,NA,,NA,NA,,yes,no,,5,5,2007,2007,,,,,gambiae complex,,morph,
NA,no,yes,no,phenotypic,1002151,10.1111/j.1365-2915.2010.00925.x,Djogbenou,Insecticide resistance in the Anopheles gambiae complex in Benin: a nationwide survey,Med Vet Entomol,2011,,NA,,,benin,Paouignan,766.667,221.667,NA,NA,NA,NA,NA,NA,NA,NA,NA,NA,NA,NA,NA,NA,,point,paper map,,,historic data coordinates,na,,,,larvae,NA,,NA,,NA,,NA,NA,,yes,no,,6,6,2006,2006,,,,,gambiae complex,,morph,
NA,no,yes,no,phenotypic,1002151,10.1111/j.1365-2915.2010.00925.x,Djogbenou,Insecticide resistance in the Anopheles gambiae complex in Benin: a nationwide survey,Med Vet Entomol,2011,,NA,,,benin,Abomey,718.333,198.333,NA,NA,NA,NA,NA,NA,NA,NA,NA,NA,NA,NA,NA,NA,,point,paper map,,,historic data coordinates,na,,,,larvae,NA,,NA,,NA,,NA,NA,,yes,no,,6,6,2006,2006,,,,,gambiae complex,,morph,
NA,no,yes,no,phenotypic,1002151,10.1111/j.1365-2915.2010.00925.x,Djogbenou,Insecticide resistance in the Anopheles gambiae complex in Benin: a nationwide survey,Med Vet Entomol,2011,,NA,,,benin,Bohicon,718.333,206.917,NA,NA,NA,NA,NA,NA,NA,NA,NA,NA,NA,NA,NA,NA,,point,paper map,,,historic data coordinates,na,,,,larvae,NA,,NA,,NA,,NA,NA,,yes,no,,5,5,2006,2006,,,,,gambiae complex,,morph,
NA,no,yes,no,phenotypic,1002151,10.1111/j.1365-2915.2010.00925.x,Djogbenou,Insecticide resistance in the Anopheles gambiae complex in Benin: a nationwide survey,Med Vet Entomol,2011,,NA,,,benin,Cana,713.333,206.667,NA,NA,NA,NA,NA,NA,NA,NA,NA,NA,NA,NA,NA,NA,,point,paper map,,,historic data coordinates,na,,,,larvae,NA,,NA,,NA,,NA,NA,,yes,no,,5,5,2006,2006,,,,,gambiae complex,,morph,
NA,no,yes,no,phenotypic,1002151,10.1111/j.1365-2915.2010.00925.x,Djogbenou,Insecticide resistance in the Anopheles gambiae complex in Benin: a nationwide survey,Med Vet Entomol,2011,,NA,,,benin,Sehoue,691.667,226.667,NA,NA,NA,NA,NA,NA,NA,NA,NA,NA,NA,NA,NA,NA,,point,paper map,,,historic data coordinates,na,,,,larvae,NA,,NA,,NA,,NA,NA,,yes,no,,4,4,2006,2006,,,,,gambiae complex,,morph,
NA,no,yes,no,phenotypic,1002151,10.1111/j.1365-2915.2010.00925.x,Djogbenou,Insecticide resistance in the Anopheles gambiae complex in Benin: a nationwide survey,Med Vet Entomol,2011,,NA,,,benin,Niaouli,673.332,213.336,NA,NA,NA,NA,NA,NA,NA,NA,NA,NA,NA,NA,NA,NA,,point,paper map,,,historic data coordinates,na,,,,larvae,NA,,NA,,NA,,NA,NA,,yes,no,,4,4,2006,2006,,,,,gambiae complex,,morph,
NA,no,yes,no,phenotypic,1002151,10.1111/j.1365-2915.2010.00925.x,Djogbenou,Insecticide resistance in the Anopheles gambiae complex in Benin: a nationwide survey,Med Vet Entomol,2011,,NA,,,benin,Allada,66.641,215.741,NA,NA,NA,NA,NA,NA,NA,NA,NA,NA,NA,NA,NA,NA,,point,paper map,,,historic data coordinates,na,,,,larvae,NA,,NA,,NA,,NA,NA,,yes,no,,3,3,2006,2006,,,,,gambiae complex,,morph,
NA,no,yes,no,phenotypic,1002151,10.1111/j.1365-2915.2010.00925.x,Djogbenou,Insecticide resistance in the Anopheles gambiae complex in Benin: a nationwide survey,Med Vet Entomol,2011,,NA,,,benin,Tori Bossito,650.342,214.473,NA,NA,NA,NA,NA,NA,NA,NA,NA,NA,NA,NA,NA,NA,,point,paper map,,,historic data coordinates,na,,,,larvae,NA,,NA,,NA,,NA,NA,,yes,no,,3,3,2006,2006,,,,,gambiae complex,,morph,
NA,no,yes,no,phenotypic,1002151,10.1111/j.1365-2915.2010.00925.x,Djogbenou,Insecticide resistance in the Anopheles gambiae complex in Benin: a nationwide survey,Med Vet Entomol,2011,,NA,,,benin,Pahou,638.333,221.667,NA,NA,NA,NA,NA,NA,NA,NA,NA,NA,NA,NA,NA,NA,,point,paper map,,,historic data coordinates,na,,,,larvae,NA,,NA,,NA,,NA,NA,,yes,no,,3,3,2006,2006,,,,,gambiae complex,,morph,
NA,no,yes,no,phenotypic,1002151,10.1111/j.1365-2915.2010.00925.x,Djogbenou,Insecticide resistance in the Anopheles gambiae complex in Benin: a nationwide survey,Med Vet Entomol,2011,,NA,,,benin,Cotonou,63.615,2.464,NA,NA,NA,NA,NA,NA,NA,NA,NA,NA,NA,NA,NA,NA,,point,paper map,,,"adjusted coordinates, they were falling on water",na,,,,larvae,NA,,NA,,NA,,NA,NA,,yes,no,,10,10,2007,2007,,,,,gambiae complex,,morph,
NA,no,yes,no,phenotypic,1002151,10.1111/j.1365-2915.2010.00925.x,Djogbenou,Insecticide resistance in the Anopheles gambiae complex in Benin: a nationwide survey,Med Vet Entomol,2011,,NA,,,benin,Malanville,1.186.667,3.4,NA,NA,NA,NA,NA,NA,NA,NA,NA,NA,NA,NA,NA,NA,,point,paper map,,,historic data coordinates,na,,,,larvae,NA,,NA,,NA,,NA,NA,,yes,no,,10,10,2007,2007,,,,,gambiae complex,,morph,
NA,no,yes,no,phenotypic,1002151,10.1111/j.1365-2915.2010.00925.x,Djogbenou,Insecticide resistance in the Anopheles gambiae complex in Benin: a nationwide survey,Med Vet Entomol,2011,,NA,,,benin,Kandi,1.113.023,29.357,NA,NA,NA,NA,NA,NA,NA,NA,NA,NA,NA,NA,NA,NA,,point,paper map,,,historic data coordinates,na,,,,larvae,NA,,NA,,NA,,NA,NA,,yes,no,,10,10,2007,2007,,,,,gambiae complex,,morph,
NA,no,yes,no,phenotypic,1002151,10.1111/j.1365-2915.2010.00925.x,Djogbenou,Insecticide resistance in the Anopheles gambiae complex in Benin: a nationwide survey,Med Vet Entomol,2011,,NA,,,benin,Bembereke,1.028.333,2.7,NA,NA,NA,NA,NA,NA,NA,NA,NA,NA,NA,NA,NA,NA,,point,paper map,,,historic data coordinates,na,,,,larvae,NA,,NA,,NA,,NA,NA,,yes,no,,10,10,2007,2007,,,,,gambiae complex,,morph,
NA,no,yes,no,phenotypic,1002151,10.1111/j.1365-2915.2010.00925.x,Djogbenou,Insecticide resistance in the Anopheles gambiae complex in Benin: a nationwide survey,Med Vet Entomol,2011,,NA,,,benin,Ndali,9.85,271.667,NA,NA,NA,NA,NA,NA,NA,NA,NA,NA,NA,NA,NA,NA,,point,paper map,,,historic data coordinates,na,,,,larvae,NA,,NA,,NA,,NA,NA,,yes,no,,7,7,2006,2006,,,,,gambiae complex,,morph,
NA,no,yes,no,phenotypic,1002151,10.1111/j.1365-2915.2010.00925.x,Djogbenou,Insecticide resistance in the Anopheles gambiae complex in Benin: a nationwide survey,Med Vet Entomol,2011,,NA,,,benin,Parakou,9.35,261.667,NA,NA,NA,NA,NA,NA,NA,NA,NA,NA,NA,NA,NA,NA,,point,paper map,,,historic data coordinates,na,,,,larvae,NA,,NA,,NA,,NA,NA,,yes,no,,6,6,2006,2006,,,,,gambiae complex,,morph,
NA,no,yes,no,phenotypic,1002151,10.1111/j.1365-2915.2010.00925.x,Djogbenou,Insecticide resistance in the Anopheles gambiae complex in Benin: a nationwide survey,Med Vet Entomol,2011,,NA,,,benin,Tchaourou,8.9,2.6,NA,NA,NA,NA,NA,NA,NA,NA,NA,NA,NA,NA,NA,NA,,point,paper map,,,historic data coordinates,na,,,,larvae,NA,,NA,,NA,,NA,NA,,yes,no,,7,7,2006,2006,,,,,gambiae complex,,morph,
NA,no,yes,no,phenotypic,1002151,10.1111/j.1365-2915.2010.00925.x,Djogbenou,Insecticide resistance in the Anopheles gambiae complex in Benin: a nationwide survey,Med Vet Entomol,2011,,NA,,,benin,Save,833.333,248.333,NA,NA,NA,NA,NA,NA,NA,NA,NA,NA,NA,NA,NA,NA,,point,paper map,,,historic data coordinates,na,,,,larvae,NA,,NA,,NA,,NA,NA,,yes,no,,5,5,2007,2007,,,,,gambiae complex,,morph,
NA,no,yes,no,phenotypic,1002151,10.1111/j.1365-2915.2010.00925.x,Djogbenou,Insecticide resistance in the Anopheles gambiae complex in Benin: a nationwide survey,Med Vet Entomol,2011,,NA,,,benin,Dassa Zoume,778.333,218.333,NA,NA,NA,NA,NA,NA,NA,NA,NA,NA,NA,NA,NA,NA,,point,paper map,,,historic data coordinates,na,,,,larvae,NA,,NA,,NA,,NA,NA,,yes,no,,5,5,2007,2007,,,,,gambiae complex,,morph,
NA,no,yes,no,phenotypic,1002151,10.1111/j.1365-2915.2010.00925.x,Djogbenou,Insecticide resistance in the Anopheles gambiae complex in Benin: a nationwide survey,Med Vet Entomol,2011,,NA,,,benin,Paouignan,766.667,221.667,NA,NA,NA,NA,NA,NA,NA,NA,NA,NA,NA,NA,NA,NA,,point,paper map,,,historic data coordinates,na,,,,larvae,NA,,NA,,NA,,NA,NA,,yes,no,,6,6,2006,2006,,,,,gambiae complex,,morph,
NA,no,yes,no,phenotypic,1002151,10.1111/j.1365-2915.2010.00925.x,Djogbenou,Insecticide resistance in the Anopheles gambiae complex in Benin: a nationwide survey,Med Vet Entomol,2011,,NA,,,benin,Abomey,718.333,198.333,NA,NA,NA,NA,NA,NA,NA,NA,NA,NA,NA,NA,NA,NA,,point,paper map,,,historic data coordinates,na,,,,larvae,NA,,NA,,NA,,NA,NA,,yes,no,,6,6,2006,2006,,,,,gambiae complex,,morph,
NA,no,yes,no,phenotypic,1002151,10.1111/j.1365-2915.2010.00925.x,Djogbenou,Insecticide resistance in the Anopheles gambiae complex in Benin: a nationwide survey,Med Vet Entomol,2011,,NA,,,benin,Bohicon,718.333,206.917,NA,NA,NA,NA,NA,NA,NA,NA,NA,NA,NA,NA,NA,NA,,point,paper map,,,historic data coordinates,na,,,,larvae,NA,,NA,,NA,,NA,NA,,yes,no,,5,5,2006,2006,,,,,gambiae complex,,morph,
NA,no,yes,no,phenotypic,1002151,10.1111/j.1365-2915.2010.00925.x,Djogbenou,Insecticide resistance in the Anopheles gambiae complex in Benin: a nationwide survey,Med Vet Entomol,2011,,NA,,,benin,Cana,713.333,206.667,NA,NA,NA,NA,NA,NA,NA,NA,NA,NA,NA,NA,NA,NA,,point,paper map,,,historic data coordinates,na,,,,larvae,NA,,NA,,NA,,NA,NA,,yes,no,,5,5,2006,2006,,,,,gambiae complex,,morph,
NA,no,yes,no,phenotypic,1002151,10.1111/j.1365-2915.2010.00925.x,Djogbenou,Insecticide resistance in the Anopheles gambiae complex in Benin: a nationwide survey,Med Vet Entomol,2011,,NA,,,benin,Sehoue,691.667,226.667,NA,NA,NA,NA,NA,NA,NA,NA,NA,NA,NA,NA,NA,NA,,point,paper map,,,historic data coordinates,na,,,,larvae,NA,,NA,,NA,,NA,NA,,yes,no,,4,4,2006,2006,,,,,gambiae complex,,morph,
NA,no,yes,no,phenotypic,1002151,10.1111/j.1365-2915.2010.00925.x,Djogbenou,Insecticide resistance in the Anopheles gambiae complex in Benin: a nationwide survey,Med Vet Entomol,2011,,NA,,,benin,Niaouli,673.332,213.336,NA,NA,NA,NA,NA,NA,NA,NA,NA,NA,NA,NA,NA,NA,,point,paper map,,,historic data coordinates,na,,,,larvae,NA,,NA,,NA,,NA,NA,,yes,no,,4,4,2006,2006,,,,,gambiae complex,,morph,
NA,no,yes,no,phenotypic,1002151,10.1111/j.1365-2915.2010.00925.x,Djogbenou,Insecticide resistance in the Anopheles gambiae complex in Benin: a nationwide survey,Med Vet Entomol,2011,,NA,,,benin,Allada,66.641,215.741,NA,NA,NA,NA,NA,NA,NA,NA,NA,NA,NA,NA,NA,NA,,point,paper map,,,historic data coordinates,na,,,,larvae,NA,,NA,,NA,,NA,NA,,yes,no,,3,3,2006,2006,,,,,gambiae complex,,morph,
NA,no,yes,no,phenotypic,1002151,10.1111/j.1365-2915.2010.00925.x,Djogbenou,Insecticide resistance in the Anopheles gambiae complex in Benin: a nationwide survey,Med Vet Entomol,2011,,NA,,,benin,Tori Bossito,650.342,214.473,NA,NA,NA,NA,NA,NA,NA,NA,NA,NA,NA,NA,NA,NA,,point,paper map,,,historic data coordinates,na,,,,larvae,NA,,NA,,NA,,NA,NA,,yes,no,,3,3,2006,2006,,,,,gambiae complex,,morph,
NA,no,yes,no,phenotypic,1002151,10.1111/j.1365-2915.2010.00925.x,Djogbenou,Insecticide resistance in the Anopheles gambiae complex in Benin: a nationwide survey,Med Vet Entomol,2011,,NA,,,benin,Pahou,638.333,221.667,NA,NA,NA,NA,NA,NA,NA,NA,NA,NA,NA,NA,NA,NA,,point,paper map,,,historic data coordinates,na,,,,larvae,NA,,NA,,NA,,NA,NA,,yes,no,,3,3,2006,2006,,,,,gambiae complex,,morph,
NA,no,yes,no,phenotypic,1002151,10.1111/j.1365-2915.2010.00925.x,Djogbenou,Insecticide resistance in the Anopheles gambiae complex in Benin: a nationwide survey,Med Vet Entomol,2011,,NA,,,benin,Cotonou,63.615,2.464,NA,NA,NA,NA,NA,NA,NA,NA,NA,NA,NA,NA,NA,NA,,point,paper map,,,historic data coordinates,na,,,,larvae,NA,,NA,,NA,,NA,NA,,yes,no,,10,10,2007,2007,,,,,gambiae complex,,morph,
NA,no,yes,no,phenotypic,1002151,10.1111/j.1365-2915.2010.00925.x,Djogbenou,Insecticide resistance in the Anopheles gambiae complex in Benin: a nationwide survey,Med Vet Entomol,2011,,NA,,,benin,Malanville,1.186.667,3.4,NA,NA,NA,NA,NA,NA,NA,NA,NA,NA,NA,NA,NA,NA,,point,paper map,,,historic data coordinates,na,,,,larvae,NA,,NA,,NA,,NA,NA,,yes,no,,10,10,2007,2007,,,,,gambiae complex,,morph,
NA,no,yes,no,phenotypic,1002151,10.1111/j.1365-2915.2010.00925.x,Djogbenou,Insecticide resistance in the Anopheles gambiae complex in Benin: a nationwide survey,Med Vet Entomol,2011,,NA,,,benin,Kandi,1.113.023,29.357,NA,NA,NA,NA,NA,NA,NA,NA,NA,NA,NA,NA,NA,NA,,point,paper map,,,historic data coordinates,na,,,,larvae,NA,,NA,,NA,,NA,NA,,yes,no,,10,10,2007,2007,,,,,gambiae complex,,morph,
NA,no,yes,no,phenotypic,1002151,10.1111/j.1365-2915.2010.00925.x,Djogbenou,Insecticide resistance in the Anopheles gambiae complex in Benin: a nationwide survey,Med Vet Entomol,2011,,NA,,,benin,Bembereke,1.028.333,2.7,NA,NA,NA,NA,NA,NA,NA,NA,NA,NA,NA,NA,NA,NA,,point,paper map,,,historic data coordinates,na,,,,larvae,NA,,NA,,NA,,NA,NA,,yes,no,,10,10,2007,2007,,,,,gambiae complex,,morph,
NA,no,yes,no,phenotypic,1002151,10.1111/j.1365-2915.2010.00925.x,Djogbenou,Insecticide resistance in the Anopheles gambiae complex in Benin: a nationwide survey,Med Vet Entomol,2011,,NA,,,benin,Ndali,9.85,271.667,NA,NA,NA,NA,NA,NA,NA,NA,NA,NA,NA,NA,NA,NA,,point,paper map,,,historic data coordinates,na,,,,larvae,NA,,NA,,NA,,NA,NA,,yes,no,,7,7,2006,2006,,,,,gambiae complex,,morph,
NA,no,yes,no,phenotypic,1002151,10.1111/j.1365-2915.2010.00925.x,Djogbenou,Insecticide resistance in the Anopheles gambiae complex in Benin: a nationwide survey,Med Vet Entomol,2011,,NA,,,benin,Parakou,9.35,261.667,NA,NA,NA,NA,NA,NA,NA,NA,NA,NA,NA,NA,NA,NA,,point,paper map,,,historic data coordinates,na,,,,larvae,NA,,NA,,NA,,NA,NA,,yes,no,,6,6,2006,2006,,,,,gambiae complex,,morph,
NA,no,yes,no,phenotypic,1002151,10.1111/j.1365-2915.2010.00925.x,Djogbenou,Insecticide resistance in the Anopheles gambiae complex in Benin: a nationwide survey,Med Vet Entomol,2011,,NA,,,benin,Tchaourou,8.9,2.6,NA,NA,NA,NA,NA,NA,NA,NA,NA,NA,NA,NA,NA,NA,,point,paper map,,,historic data coordinates,na,,,,larvae,NA,,NA,,NA,,NA,NA,,yes,no,,7,7,2006,2006,,,,,gambiae complex,,morph,
NA,no,yes,no,phenotypic,1002151,10.1111/j.1365-2915.2010.00925.x,Djogbenou,Insecticide resistance in the Anopheles gambiae complex in Benin: a nationwide survey,Med Vet Entomol,2011,,NA,,,benin,Save,833.333,248.333,NA,NA,NA,NA,NA,NA,NA,NA,NA,NA,NA,NA,NA,NA,,point,paper map,,,historic data coordinates,na,,,,larvae,NA,,NA,,NA,,NA,NA,,yes,no,,5,5,2007,2007,,,,,gambiae complex,,morph,
NA,no,yes,no,phenotypic,1002151,10.1111/j.1365-2915.2010.00925.x,Djogbenou,Insecticide resistance in the Anopheles gambiae complex in Benin: a nationwide survey,Med Vet Entomol,2011,,NA,,,benin,Dassa Zoume,778.333,218.333,NA,NA,NA,NA,NA,NA,NA,NA,NA,NA,NA,NA,NA,NA,,point,paper map,,,historic data coordinates,na,,,,larvae,NA,,NA,,NA,,NA,NA,,yes,no,,5,5,2007,2007,,,,,gambiae complex,,morph,
NA,no,yes,no,phenotypic,1002151,10.1111/j.1365-2915.2010.00925.x,Djogbenou,Insecticide resistance in the Anopheles gambiae complex in Benin: a nationwide survey,Med Vet Entomol,2011,,NA,,,benin,Paouignan,766.667,221.667,NA,NA,NA,NA,NA,NA,NA,NA,NA,NA,NA,NA,NA,NA,,point,paper map,,,historic data coordinates,na,,,,larvae,NA,,NA,,NA,,NA,NA,,yes,no,,6,6,2006,2006,,,,,gambiae complex,,morph,
NA,no,yes,no,phenotypic,1002151,10.1111/j.1365-2915.2010.00925.x,Djogbenou,Insecticide resistance in the Anopheles gambiae complex in Benin: a nationwide survey,Med Vet Entomol,2011,,NA,,,benin,Abomey,718.333,198.333,NA,NA,NA,NA,NA,NA,NA,NA,NA,NA,NA,NA,NA,NA,,point,paper map,,,historic data coordinates,na,,,,larvae,NA,,NA,,NA,,NA,NA,,yes,no,,6,6,2006,2006,,,,,gambiae complex,,morph,
NA,no,yes,no,phenotypic,1002151,10.1111/j.1365-2915.2010.00925.x,Djogbenou,Insecticide resistance in the Anopheles gambiae complex in Benin: a nationwide survey,Med Vet Entomol,2011,,NA,,,benin,Bohicon,718.333,206.917,NA,NA,NA,NA,NA,NA,NA,NA,NA,NA,NA,NA,NA,NA,,point,paper map,,,historic data coordinates,na,,,,larvae,NA,,NA,,NA,,NA,NA,,yes,no,,5,5,2006,2006,,,,,gambiae complex,,morph,
NA,no,yes,no,phenotypic,1002151,10.1111/j.1365-2915.2010.00925.x,Djogbenou,Insecticide resistance in the Anopheles gambiae complex in Benin: a nationwide survey,Med Vet Entomol,2011,,NA,,,benin,Cana,713.333,206.667,NA,NA,NA,NA,NA,NA,NA,NA,NA,NA,NA,NA,NA,NA,,point,paper map,,,historic data coordinates,na,,,,larvae,NA,,NA,,NA,,NA,NA,,yes,no,,5,5,2006,2006,,,,,gambiae complex,,morph,
NA,no,yes,no,phenotypic,1002151,10.1111/j.1365-2915.2010.00925.x,Djogbenou,Insecticide resistance in the Anopheles gambiae complex in Benin: a nationwide survey,Med Vet Entomol,2011,,NA,,,benin,Sehoue,691.667,226.667,NA,NA,NA,NA,NA,NA,NA,NA,NA,NA,NA,NA,NA,NA,,point,paper map,,,historic data coordinates,na,,,,larvae,NA,,NA,,NA,,NA,NA,,yes,no,,4,4,2006,2006,,,,,gambiae complex,,morph,
NA,no,yes,no,phenotypic,1002151,10.1111/j.1365-2915.2010.00925.x,Djogbenou,Insecticide resistance in the Anopheles gambiae complex in Benin: a nationwide survey,Med Vet Entomol,2011,,NA,,,benin,Niaouli,673.332,213.336,NA,NA,NA,NA,NA,NA,NA,NA,NA,NA,NA,NA,NA,NA,,point,paper map,,,historic data coordinates,na,,,,larvae,NA,,NA,,NA,,NA,NA,,yes,no,,4,4,2006,2006,,,,,gambiae complex,,morph,
NA,no,yes,no,phenotypic,1002151,10.1111/j.1365-2915.2010.00925.x,Djogbenou,Insecticide resistance in the Anopheles gambiae complex in Benin: a nationwide survey,Med Vet Entomol,2011,,NA,,,benin,Allada,66.641,215.741,NA,NA,NA,NA,NA,NA,NA,NA,NA,NA,NA,NA,NA,NA,,point,paper map,,,historic data coordinates,na,,,,larvae,NA,,NA,,NA,,NA,NA,,yes,no,,3,3,2006,2006,,,,,gambiae complex,,morph,
NA,no,yes,no,phenotypic,1002151,10.1111/j.1365-2915.2010.00925.x,Djogbenou,Insecticide resistance in the Anopheles gambiae complex in Benin: a nationwide survey,Med Vet Entomol,2011,,NA,,,benin,Tori Bossito,650.342,214.473,NA,NA,NA,NA,NA,NA,NA,NA,NA,NA,NA,NA,NA,NA,,point,paper map,,,historic data coordinates,na,,,,larvae,NA,,NA,,NA,,NA,NA,,yes,no,,3,3,2006,2006,,,,,gambiae complex,,morph,
NA,no,yes,no,phenotypic,1002151,10.1111/j.1365-2915.2010.00925.x,Djogbenou,Insecticide resistance in the Anopheles gambiae complex in Benin: a nationwide survey,Med Vet Entomol,2011,,NA,,,benin,Pahou,638.333,221.667,NA,NA,NA,NA,NA,NA,NA,NA,NA,NA,NA,NA,NA,NA,,point,paper map,,,historic data coordinates,na,,,,larvae,NA,,NA,,NA,,NA,NA,,yes,no,,3,3,2006,2006,,,,,gambiae complex,,morph,
NA,no,yes,no,phenotypic,1002151,10.1111/j.1365-2915.2010.00925.x,Djogbenou,Insecticide resistance in the Anopheles gambiae complex in Benin: a nationwide survey,Med Vet Entomol,2011,,NA,,,benin,Cotonou,63.615,2.464,NA,NA,NA,NA,NA,NA,NA,NA,NA,NA,NA,NA,NA,NA,,point,paper map,,,historic data coordinates,na,,,,larvae,NA,,NA,,NA,,NA,NA,,yes,no,,10,10,2007,2007,,,,,gambiae complex,,morph,
NA,no,yes,no,genotypic,1002151,10.1111/j.1365-2915.2010.00925.x,Djogbenou,Insecticide resistance in the Anopheles gambiae complex in Benin: a nationwide survey,Med Vet Entomol,2011,,NA,,,benin,Malanville,1.186.667,3.4,NA,NA,NA,NA,NA,NA,NA,NA,NA,NA,NA,NA,NA,NA,,point,paper map,,,historic data coordinates,na,,,,larvae,NA,,NA,,NA,,NA,NA,,yes,no,,10,10,2007,2007,,,,,coluzzii_gambiae_m form,,morph,genetic/molecular
NA,no,yes,no,genotypic,1002151,10.1111/j.1365-2915.2010.00925.x,Djogbenou,Insecticide resistance in the Anopheles gambiae complex in Benin: a nationwide survey,Med Vet Entomol,2011,,NA,,,benin,Malanville,1.186.667,3.4,NA,NA,NA,NA,NA,NA,NA,NA,NA,NA,NA,NA,NA,NA,,point,paper map,,,historic data coordinates,na,,,,larvae,NA,,NA,,NA,,NA,NA,,yes,no,,10,10,2007,2007,,,,,arabiensis,,morph,genetic/molecular
NA,no,yes,no,genotypic,1002151,10.1111/j.1365-2915.2010.00925.x,Djogbenou,Insecticide resistance in the Anopheles gambiae complex in Benin: a nationwide survey,Med Vet Entomol,2011,,NA,,,benin,Kandi,1.113.023,29.357,NA,NA,NA,NA,NA,NA,NA,NA,NA,NA,NA,NA,NA,NA,,point,paper map,,,historic data coordinates,na,,,,larvae,NA,,NA,,NA,,NA,NA,,yes,no,,10,10,2007,2007,,,,,gambiae_s form,,morph,genetic/molecular
NA,no,yes,no,genotypic,1002151,10.1111/j.1365-2915.2010.00925.x,Djogbenou,Insecticide resistance in the Anopheles gambiae complex in Benin: a nationwide survey,Med Vet Entomol,2011,,NA,,,benin,Kandi,1.113.023,29.357,NA,NA,NA,NA,NA,NA,NA,NA,NA,NA,NA,NA,NA,NA,,point,paper map,,,historic data coordinates,na,,,,larvae,NA,,NA,,NA,,NA,NA,,yes,no,,10,10,2007,2007,,,,,arabiensis,,morph,genetic/molecular
NA,no,yes,no,genotypic,1002151,10.1111/j.1365-2915.2010.00925.x,Djogbenou,Insecticide resistance in the Anopheles gambiae complex in Benin: a nationwide survey,Med Vet Entomol,2011,,NA,,,benin,Tanguieta,10.566,12.666,NA,NA,NA,NA,NA,NA,NA,NA,NA,NA,NA,NA,NA,NA,,point,paper map,,,historic data coordinates,na,,,,larvae,NA,,NA,,NA,,NA,NA,,yes,no,,10,10,2007,2007,,,,,gambiae_s form,,morph,genetic/molecular
NA,no,yes,no,genotypic,1002151,10.1111/j.1365-2915.2010.00925.x,Djogbenou,Insecticide resistance in the Anopheles gambiae complex in Benin: a nationwide survey,Med Vet Entomol,2011,,NA,,,benin,Tanguieta,10.566,12.666,NA,NA,NA,NA,NA,NA,NA,NA,NA,NA,NA,NA,NA,NA,,point,paper map,,,historic data coordinates,na,,,,larvae,NA,,NA,,NA,,NA,NA,,yes,no,,10,10,2007,2007,,,,,arabiensis,,morph,genetic/molecular
NA,no,yes,no,genotypic,1002151,10.1111/j.1365-2915.2010.00925.x,Djogbenou,Insecticide resistance in the Anopheles gambiae complex in Benin: a nationwide survey,Med Vet Entomol,2011,,NA,,,benin,Bembereke,1.028.333,2.7,NA,NA,NA,NA,NA,NA,NA,NA,NA,NA,NA,NA,NA,NA,,point,paper map,,,historic data coordinates,na,,,,larvae,NA,,NA,,NA,,NA,NA,,yes,no,,10,10,2007,2007,,,,,gambiae_s form,,morph,genetic/molecular
NA,no,yes,no,genotypic,1002151,10.1111/j.1365-2915.2010.00925.x,Djogbenou,Insecticide resistance in the Anopheles gambiae complex in Benin: a nationwide survey,Med Vet Entomol,2011,,NA,,,benin,Natitingou,10.283,13.666,NA,NA,NA,NA,NA,NA,NA,NA,NA,NA,NA,NA,NA,NA,,point,paper map,,,historic data coordinates,na,,,,larvae,NA,,NA,,NA,,NA,NA,,yes,no,,10,10,2007,2007,,,,,gambiae_s form,,morph,genetic/molecular
NA,no,yes,no,genotypic,1002151,10.1111/j.1365-2915.2010.00925.x,Djogbenou,Insecticide resistance in the Anopheles gambiae complex in Benin: a nationwide survey,Med Vet Entomol,2011,,NA,,,benin,Guessou sud,10.466,2.65,NA,NA,NA,NA,NA,NA,NA,NA,NA,NA,NA,NA,NA,NA,,point,paper map,,,historic data coordinates,na,,,,larvae,NA,,NA,,NA,,NA,NA,,yes,no,,7,7,2006,2006,,,,,gambiae_s form,,morph,genetic/molecular
NA,no,yes,no,genotypic,1002151,10.1111/j.1365-2915.2010.00925.x,Djogbenou,Insecticide resistance in the Anopheles gambiae complex in Benin: a nationwide survey,Med Vet Entomol,2011,,NA,,,benin,Ina,9.983,27.166,NA,NA,NA,NA,NA,NA,NA,NA,NA,NA,NA,NA,NA,NA,,point,paper map,,,historic data coordinates,na,,,,larvae,NA,,NA,,NA,,NA,NA,,yes,no,,7,7,2006,2006,,,,,gambiae_s form,,morph,genetic/molecular
NA,no,yes,no,genotypic,1002151,10.1111/j.1365-2915.2010.00925.x,Djogbenou,Insecticide resistance in the Anopheles gambiae complex in Benin: a nationwide survey,Med Vet Entomol,2011,,NA,,,benin,Ndali,9.85,271.667,NA,NA,NA,NA,NA,NA,NA,NA,NA,NA,NA,NA,NA,NA,,point,paper map,,,historic data coordinates,na,,,,larvae,NA,,NA,,NA,,NA,NA,,yes,no,,7,7,2006,2006,,,,,coluzzii_gambiae_m form,,morph,genetic/molecular
NA,no,yes,no,genotypic,1002151,10.1111/j.1365-2915.2010.00925.x,Djogbenou,Insecticide resistance in the Anopheles gambiae complex in Benin: a nationwide survey,Med Vet Entomol,2011,,NA,,,benin,Ndali,9.85,271.667,NA,NA,NA,NA,NA,NA,NA,NA,NA,NA,NA,NA,NA,NA,,point,paper map,,,historic data coordinates,na,,,,larvae,NA,,NA,,NA,,NA,NA,,yes,no,,7,7,2006,2006,,,,,gambiae_s form,,morph,genetic/molecular
NA,no,yes,no,genotypic,1002151,10.1111/j.1365-2915.2010.00925.x,Djogbenou,Insecticide resistance in the Anopheles gambiae complex in Benin: a nationwide survey,Med Vet Entomol,2011,,NA,,,benin,Ndali,9.85,271.667,NA,NA,NA,NA,NA,NA,NA,NA,NA,NA,NA,NA,NA,NA,,point,paper map,,,historic data coordinates,na,,,,larvae,NA,,NA,,NA,,NA,NA,,yes,no,,7,7,2006,2006,,,,,arabiensis,,morph,genetic/molecular
NA,no,yes,no,genotypic,1002151,10.1111/j.1365-2915.2010.00925.x,Djogbenou,Insecticide resistance in the Anopheles gambiae complex in Benin: a nationwide survey,Med Vet Entomol,2011,,NA,,,benin,Djougou,9.7,1.633,NA,NA,NA,NA,NA,NA,NA,NA,NA,NA,NA,NA,NA,NA,,point,paper map,,,historic data coordinates,na,,,,larvae,NA,,NA,,NA,,NA,NA,,yes,no,,10,10,2007,2007,,,,,gambiae_s form,,morph,genetic/molecular
NA,no,yes,no,genotypic,1002151,10.1111/j.1365-2915.2010.00925.x,Djogbenou,Insecticide resistance in the Anopheles gambiae complex in Benin: a nationwide survey,Med Vet Entomol,2011,,NA,,,benin,Parakou,9.35,261.667,NA,NA,NA,NA,NA,NA,NA,NA,NA,NA,NA,NA,NA,NA,,point,paper map,,,historic data coordinates,na,,,,larvae,NA,,NA,,NA,,NA,NA,,yes,no,,6,6,2006,2006,,,,,coluzzii_gambiae_m form,,morph,genetic/molecular
NA,no,yes,no,genotypic,1002151,10.1111/j.1365-2915.2010.00925.x,Djogbenou,Insecticide resistance in the Anopheles gambiae complex in Benin: a nationwide survey,Med Vet Entomol,2011,,NA,,,benin,Parakou,9.35,261.667,NA,NA,NA,NA,NA,NA,NA,NA,NA,NA,NA,NA,NA,NA,,point,paper map,,,historic data coordinates,na,,,,larvae,NA,,NA,,NA,,NA,NA,,yes,no,,6,6,2006,2006,,,,,gambiae_s form,,morph,genetic/molecular
NA,no,yes,no,genotypic,1002151,10.1111/j.1365-2915.2010.00925.x,Djogbenou,Insecticide resistance in the Anopheles gambiae complex in Benin: a nationwide survey,Med Vet Entomol,2011,,NA,,,benin,Parakou,9.35,261.667,NA,NA,NA,NA,NA,NA,NA,NA,NA,NA,NA,NA,NA,NA,,point,paper map,,,historic data coordinates,na,,,,larvae,NA,,NA,,NA,,NA,NA,,yes,no,,6,6,2006,2006,,,,,arabiensis,,morph,genetic/molecular
NA,no,yes,no,genotypic,1002151,10.1111/j.1365-2915.2010.00925.x,Djogbenou,Insecticide resistance in the Anopheles gambiae complex in Benin: a nationwide survey,Med Vet Entomol,2011,,NA,,,benin,Tchatchou,101.166,15.333,NA,NA,NA,NA,NA,NA,NA,NA,NA,NA,NA,NA,NA,NA,,point,paper map,,,historic data coordinates,na,,,,larvae,NA,,NA,,NA,,NA,NA,,yes,no,,7,7,2006,2006,,,,,coluzzii_gambiae_m form,,morph,genetic/molecular
NA,no,yes,no,genotypic,1002151,10.1111/j.1365-2915.2010.00925.x,Djogbenou,Insecticide resistance in the Anopheles gambiae complex in Benin: a nationwide survey,Med Vet Entomol,2011,,NA,,,benin,Tchatchou,101.166,15.333,NA,NA,NA,NA,NA,NA,NA,NA,NA,NA,NA,NA,NA,NA,,point,paper map,,,historic data coordinates,na,,,,larvae,NA,,NA,,NA,,NA,NA,,yes,no,,7,7,2006,2006,,,,,gambiae_s form,,morph,genetic/molecular
NA,no,yes,no,genotypic,1002151,10.1111/j.1365-2915.2010.00925.x,Djogbenou,Insecticide resistance in the Anopheles gambiae complex in Benin: a nationwide survey,Med Vet Entomol,2011,,NA,,,benin,Basilla,8.9,2.6,NA,NA,NA,NA,NA,NA,NA,NA,NA,NA,NA,NA,NA,NA,,point,paper map,,,historic data coordinates,na,,,,larvae,NA,,NA,,NA,,NA,NA,,yes,no,,10,10,2007,2007,,,,,gambiae_s form,,morph,genetic/molecular
NA,no,yes,no,genotypic,1002151,10.1111/j.1365-2915.2010.00925.x,Djogbenou,Insecticide resistance in the Anopheles gambiae complex in Benin: a nationwide survey,Med Vet Entomol,2011,,NA,,,benin,Basilla,8.9,2.6,NA,NA,NA,NA,NA,NA,NA,NA,NA,NA,NA,NA,NA,NA,,point,paper map,,,historic data coordinates,na,,,,larvae,NA,,NA,,NA,,NA,NA,,yes,no,,10,10,2007,2007,,,,,arabiensis,,morph,genetic/molecular
NA,no,yes,no,genotypic,1002151,10.1111/j.1365-2915.2010.00925.x,Djogbenou,Insecticide resistance in the Anopheles gambiae complex in Benin: a nationwide survey,Med Vet Entomol,2011,,NA,,,benin,Tchaourou,8.9,2.6,NA,NA,NA,NA,NA,NA,NA,NA,NA,NA,NA,NA,NA,NA,,point,paper map,,,historic data coordinates,na,,,,larvae,NA,,NA,,NA,,NA,NA,,yes,no,,7,7,2006,2006,,,,,coluzzii_gambiae_m form,,morph,genetic/molecular
NA,no,yes,no,genotypic,1002151,10.1111/j.1365-2915.2010.00925.x,Djogbenou,Insecticide resistance in the Anopheles gambiae complex in Benin: a nationwide survey,Med Vet Entomol,2011,,NA,,,benin,Tchaourou,8.9,2.6,NA,NA,NA,NA,NA,NA,NA,NA,NA,NA,NA,NA,NA,NA,,point,paper map,,,historic data coordinates,na,,,,larvae,NA,,NA,,NA,,NA,NA,,yes,no,,7,7,2006,2006,,,,,gambiae_s form,,morph,genetic/molecular
NA,no,yes,no,genotypic,1002151,10.1111/j.1365-2915.2010.00925.x,Djogbenou,Insecticide resistance in the Anopheles gambiae complex in Benin: a nationwide survey,Med Vet Entomol,2011,,NA,,,benin,Papane,88.166,2.6,NA,NA,NA,NA,NA,NA,NA,NA,NA,NA,NA,NA,NA,NA,,point,paper map,,,historic data coordinates,na,,,,larvae,NA,,NA,,NA,,NA,NA,,yes,no,,7,7,2006,2006,,,,,gambiae_s form,,morph,genetic/molecular
NA,no,yes,no,genotypic,1002151,10.1111/j.1365-2915.2010.00925.x,Djogbenou,Insecticide resistance in the Anopheles gambiae complex in Benin: a nationwide survey,Med Vet Entomol,2011,,NA,,,benin,Papane,88.166,2.6,NA,NA,NA,NA,NA,NA,NA,NA,NA,NA,NA,NA,NA,NA,,point,paper map,,,historic data coordinates,na,,,,larvae,NA,,NA,,NA,,NA,NA,,yes,no,,7,7,2006,2006,,,,,gambiae_s form,,morph,genetic/molecular
NA,no,yes,no,genotypic,1002151,10.1111/j.1365-2915.2010.00925.x,Djogbenou,Insecticide resistance in the Anopheles gambiae complex in Benin: a nationwide survey,Med Vet Entomol,2011,,NA,,,benin,Save,833.333,248.333,NA,NA,NA,NA,NA,NA,NA,NA,NA,NA,NA,NA,NA,NA,,point,paper map,,,historic data coordinates,na,,,,larvae,NA,,NA,,NA,,NA,NA,,yes,no,,5,5,2007,2007,,,,,gambiae_s form,,morph,genetic/molecular
NA,no,yes,no,genotypic,1002151,10.1111/j.1365-2915.2010.00925.x,Djogbenou,Insecticide resistance in the Anopheles gambiae complex in Benin: a nationwide survey,Med Vet Entomol,2011,,NA,,,benin,Save,833.333,248.333,NA,NA,NA,NA,NA,NA,NA,NA,NA,NA,NA,NA,NA,NA,,point,paper map,,,historic data coordinates,na,,,,larvae,NA,,NA,,NA,,NA,NA,,yes,no,,5,5,2007,2007,,,,,gambiae_s form,,morph,genetic/molecular
NA,no,yes,no,genotypic,1002151,10.1111/j.1365-2915.2010.00925.x,Djogbenou,Insecticide resistance in the Anopheles gambiae complex in Benin: a nationwide survey,Med Vet Entomol,2011,,NA,,,benin,Glazoue,7.966,2.233,NA,NA,NA,NA,NA,NA,NA,NA,NA,NA,NA,NA,NA,NA,,point,paper map,,,historic data coordinates,na,,,,larvae,NA,,NA,,NA,,NA,NA,,yes,no,,5,5,2007,2007,,,,,gambiae_s form,,morph,genetic/molecular
NA,no,yes,no,genotypic,1002151,10.1111/j.1365-2915.2010.00925.x,Djogbenou,Insecticide resistance in the Anopheles gambiae complex in Benin: a nationwide survey,Med Vet Entomol,2011,,NA,,,benin,Glazoue,7.966,2.233,NA,NA,NA,NA,NA,NA,NA,NA,NA,NA,NA,NA,NA,NA,,point,paper map,,,historic data coordinates,na,,,,larvae,NA,,NA,,NA,,NA,NA,,yes,no,,5,5,2007,2007,,,,,gambiae_s form,,morph,genetic/molecular
NA,no,yes,no,genotypic,1002151,10.1111/j.1365-2915.2010.00925.x,Djogbenou,Insecticide resistance in the Anopheles gambiae complex in Benin: a nationwide survey,Med Vet Entomol,2011,,NA,,,benin,Savalou,7.933,1.966,NA,NA,NA,NA,NA,NA,NA,NA,NA,NA,NA,NA,NA,NA,,point,paper map,,,historic data coordinates,na,,,,larvae,NA,,NA,,NA,,NA,NA,,yes,no,,10,10,2007,2007,,,,,coluzzii_gambiae_m form,,morph,genetic/molecular
NA,no,yes,no,genotypic,1002151,10.1111/j.1365-2915.2010.00925.x,Djogbenou,Insecticide resistance in the Anopheles gambiae complex in Benin: a nationwide survey,Med Vet Entomol,2011,,NA,,,benin,Savalou,7.933,1.966,NA,NA,NA,NA,NA,NA,NA,NA,NA,NA,NA,NA,NA,NA,,point,paper map,,,historic data coordinates,na,,,,larvae,NA,,NA,,NA,,NA,NA,,yes,no,,10,10,2007,2007,,,,,gambiae_s form,,morph,genetic/molecular
NA,no,yes,no,genotypic,1002151,10.1111/j.1365-2915.2010.00925.x,Djogbenou,Insecticide resistance in the Anopheles gambiae complex in Benin: a nationwide survey,Med Vet Entomol,2011,,NA,,,benin,Savalou,7.933,1.966,NA,NA,NA,NA,NA,NA,NA,NA,NA,NA,NA,NA,NA,NA,,point,paper map,,,historic data coordinates,na,,,,larvae,NA,,NA,,NA,,NA,NA,,yes,no,,10,10,2007,2007,,,,,arabiensis,,morph,genetic/molecular
NA,no,yes,no,genotypic,1002151,10.1111/j.1365-2915.2010.00925.x,Djogbenou,Insecticide resistance in the Anopheles gambiae complex in Benin: a nationwide survey,Med Vet Entomol,2011,,NA,,,benin,Dassa,7.783,2.183,NA,NA,NA,NA,NA,NA,NA,NA,NA,NA,NA,NA,NA,NA,,point,paper map,,,historic data coordinates,na,,,,larvae,NA,,NA,,NA,,NA,NA,,yes,no,,5,5,2007,2007,,,,,coluzzii_gambiae_m form,,morph,genetic/molecular
NA,no,yes,no,genotypic,1002151,10.1111/j.1365-2915.2010.00925.x,Djogbenou,Insecticide resistance in the Anopheles gambiae complex in Benin: a nationwide survey,Med Vet Entomol,2011,,NA,,,benin,Dassa,7.783,2.183,NA,NA,NA,NA,NA,NA,NA,NA,NA,NA,NA,NA,NA,NA,,point,paper map,,,historic data coordinates,na,,,,larvae,NA,,NA,,NA,,NA,NA,,yes,no,,5,5,2007,2007,,,,,gambiae_s form,,morph,genetic/molecular
NA,no,yes,no,genotypic,1002151,10.1111/j.1365-2915.2010.00925.x,Djogbenou,Insecticide resistance in the Anopheles gambiae complex in Benin: a nationwide survey,Med Vet Entomol,2011,,NA,,,benin,Dassa,7.783,2.183,NA,NA,NA,NA,NA,NA,NA,NA,NA,NA,NA,NA,NA,NA,,point,paper map,,,historic data coordinates,na,,,,larvae,NA,,NA,,NA,,NA,NA,,yes,no,,5,5,2007,2007,,,,,arabiensis,,morph,genetic/molecular
NA,no,yes,no,genotypic,1002151,10.1111/j.1365-2915.2010.00925.x,Djogbenou,Insecticide resistance in the Anopheles gambiae complex in Benin: a nationwide survey,Med Vet Entomol,2011,,NA,,,benin,Paouignan,76.666,2.216,NA,NA,NA,NA,NA,NA,NA,NA,NA,NA,NA,NA,NA,NA,,point,paper map,,,historic data coordinates,na,,,,larvae,NA,,NA,,NA,,NA,NA,,yes,no,,6,6,2006,2006,,,,,gambiae_s form,,morph,genetic/molecular
NA,no,yes,no,genotypic,1002151,10.1111/j.1365-2915.2010.00925.x,Djogbenou,Insecticide resistance in the Anopheles gambiae complex in Benin: a nationwide survey,Med Vet Entomol,2011,,NA,,,benin,Paouignan,76.666,2.216,NA,NA,NA,NA,NA,NA,NA,NA,NA,NA,NA,NA,NA,NA,,point,paper map,,,historic data coordinates,na,,,,larvae,NA,,NA,,NA,,NA,NA,,yes,no,,6,6,2006,2006,,,,,arabiensis,,morph,genetic/molecular
NA,no,yes,no,genotypic,1002151,10.1111/j.1365-2915.2010.00925.x,Djogbenou,Insecticide resistance in the Anopheles gambiae complex in Benin: a nationwide survey,Med Vet Entomol,2011,,NA,,,benin,Abomey,7.183,1.983,NA,NA,NA,NA,NA,NA,NA,NA,NA,NA,NA,NA,NA,NA,,point,paper map,,,historic data coordinates,na,,,,larvae,NA,,NA,,NA,,NA,NA,,yes,no,,6,6,2006,2006,,,,,coluzzii_gambiae_m form,,morph,genetic/molecular
NA,no,yes,no,genotypic,1002151,10.1111/j.1365-2915.2010.00925.x,Djogbenou,Insecticide resistance in the Anopheles gambiae complex in Benin: a nationwide survey,Med Vet Entomol,2011,,NA,,,benin,Abomey,7.183,1.983,NA,NA,NA,NA,NA,NA,NA,NA,NA,NA,NA,NA,NA,NA,,point,paper map,,,historic data coordinates,na,,,,larvae,NA,,NA,,NA,,NA,NA,,yes,no,,6,6,2006,2006,,,,,gambiae_s form,,morph,genetic/molecular
NA,no,yes,no,genotypic,1002151,10.1111/j.1365-2915.2010.00925.x,Djogbenou,Insecticide resistance in the Anopheles gambiae complex in Benin: a nationwide survey,Med Vet Entomol,2011,,NA,,,benin,Bohicon,718.333,206.917,NA,NA,NA,NA,NA,NA,NA,NA,NA,NA,NA,NA,NA,NA,,point,paper map,,,historic data coordinates,na,,,,larvae,NA,,NA,,NA,,NA,NA,,yes,no,,5,5,2006,2006,,,,,coluzzii_gambiae_m form,,morph,genetic/molecular
NA,no,yes,no,genotypic,1002151,10.1111/j.1365-2915.2010.00925.x,Djogbenou,Insecticide resistance in the Anopheles gambiae complex in Benin: a nationwide survey,Med Vet Entomol,2011,,NA,,,benin,Bohicon,718.333,206.917,NA,NA,NA,NA,NA,NA,NA,NA,NA,NA,NA,NA,NA,NA,,point,paper map,,,historic data coordinates,na,,,,larvae,NA,,NA,,NA,,NA,NA,,yes,no,,5,5,2006,2006,,,,,gambiae_s form,,morph,genetic/molecular
NA,no,yes,no,genotypic,1002151,10.1111/j.1365-2915.2010.00925.x,Djogbenou,Insecticide resistance in the Anopheles gambiae complex in Benin: a nationwide survey,Med Vet Entomol,2011,,NA,,,benin,Bohicon,718.333,206.917,NA,NA,NA,NA,NA,NA,NA,NA,NA,NA,NA,NA,NA,NA,,point,paper map,,,historic data coordinates,na,,,,larvae,NA,,NA,,NA,,NA,NA,,yes,no,,5,5,2006,2006,,,,,arabiensis,,morph,genetic/molecular
NA,no,yes,no,genotypic,1002151,10.1111/j.1365-2915.2010.00925.x,Djogbenou,Insecticide resistance in the Anopheles gambiae complex in Benin: a nationwide survey,Med Vet Entomol,2011,,NA,,,benin,Zogbodomey,7.066,2.115,NA,NA,NA,NA,NA,NA,NA,NA,NA,NA,NA,NA,NA,NA,,point,paper map,,,historic data coordinates,na,,,,larvae,NA,,NA,,NA,,NA,NA,,yes,no,,5,5,2006,2006,,,,,coluzzii_gambiae_m form,,morph,genetic/molecular
NA,no,yes,no,genotypic,1002151,10.1111/j.1365-2915.2010.00925.x,Djogbenou,Insecticide resistance in the Anopheles gambiae complex in Benin: a nationwide survey,Med Vet Entomol,2011,,NA,,,benin,Zogbodomey,7.066,2.115,NA,NA,NA,NA,NA,NA,NA,NA,NA,NA,NA,NA,NA,NA,,point,paper map,,,historic data coordinates,na,,,,larvae,NA,,NA,,NA,,NA,NA,,yes,no,,5,5,2006,2006,,,,,gambiae_s form,,morph,genetic/molecular
NA,no,yes,no,genotypic,1002151,10.1111/j.1365-2915.2010.00925.x,Djogbenou,Insecticide resistance in the Anopheles gambiae complex in Benin: a nationwide survey,Med Vet Entomol,2011,,NA,,,benin,Cana,713.333,206.667,NA,NA,NA,NA,NA,NA,NA,NA,NA,NA,NA,NA,NA,NA,,point,paper map,,,historic data coordinates,na,,,,larvae,NA,,NA,,NA,,NA,NA,,yes,no,,5,5,2006,2006,,,,,coluzzii_gambiae_m form,,morph,genetic/molecular
NA,no,yes,no,genotypic,1002151,10.1111/j.1365-2915.2010.00925.x,Djogbenou,Insecticide resistance in the Anopheles gambiae complex in Benin: a nationwide survey,Med Vet Entomol,2011,,NA,,,benin,Cana,713.333,206.667,NA,NA,NA,NA,NA,NA,NA,NA,NA,NA,NA,NA,NA,NA,,point,paper map,,,historic data coordinates,na,,,,larvae,NA,,NA,,NA,,NA,NA,,yes,no,,5,5,2006,2006,,,,,gambiae_s form,,morph,genetic/molecular
NA,no,yes,no,genotypic,1002151,10.1111/j.1365-2915.2010.00925.x,Djogbenou,Insecticide resistance in the Anopheles gambiae complex in Benin: a nationwide survey,Med Vet Entomol,2011,,NA,,,benin,Niaouli,673.332,213.336,NA,NA,NA,NA,NA,NA,NA,NA,NA,NA,NA,NA,NA,NA,,point,paper map,,,historic data coordinates,na,,,,larvae,NA,,NA,,NA,,NA,NA,,yes,no,,4,4,2006,2006,,,,,coluzzii_gambiae_m form,,morph,genetic/molecular
NA,no,yes,no,genotypic,1002151,10.1111/j.1365-2915.2010.00925.x,Djogbenou,Insecticide resistance in the Anopheles gambiae complex in Benin: a nationwide survey,Med Vet Entomol,2011,,NA,,,benin,Niaouli,673.332,213.336,NA,NA,NA,NA,NA,NA,NA,NA,NA,NA,NA,NA,NA,NA,,point,paper map,,,historic data coordinates,na,,,,larvae,NA,,NA,,NA,,NA,NA,,yes,no,,4,4,2006,2006,,,,,gambiae_s form,,morph,genetic/molecular
NA,no,yes,no,genotypic,1002151,10.1111/j.1365-2915.2010.00925.x,Djogbenou,Insecticide resistance in the Anopheles gambiae complex in Benin: a nationwide survey,Med Vet Entomol,2011,,NA,,,benin,Houegbo,6.8,21.666,NA,NA,NA,NA,NA,NA,NA,NA,NA,NA,NA,NA,NA,NA,,point,paper map,,,historic data coordinates,na,,,,larvae,NA,,NA,,NA,,NA,NA,,yes,no,,4,4,2006,2006,,,,,coluzzii_gambiae_m form,,morph,genetic/molecular
NA,no,yes,no,genotypic,1002151,10.1111/j.1365-2915.2010.00925.x,Djogbenou,Insecticide resistance in the Anopheles gambiae complex in Benin: a nationwide survey,Med Vet Entomol,2011,,NA,,,benin,Houegbo,6.8,21.666,NA,NA,NA,NA,NA,NA,NA,NA,NA,NA,NA,NA,NA,NA,,point,paper map,,,historic data coordinates,na,,,,larvae,NA,,NA,,NA,,NA,NA,,yes,no,,4,4,2006,2006,,,,,gambiae_s form,,morph,genetic/molecular
NA,no,yes,no,genotypic,1002151,10.1111/j.1365-2915.2010.00925.x,Djogbenou,Insecticide resistance in the Anopheles gambiae complex in Benin: a nationwide survey,Med Vet Entomol,2011,,NA,,,benin,Cotonou,63.615,2.464,NA,NA,NA,NA,NA,NA,NA,NA,NA,NA,NA,NA,NA,NA,,point,paper map,,,historic data coordinates,na,,,,larvae,NA,,NA,,NA,,NA,NA,,yes,no,,10,10,2007,2007,,,,,coluzzii_gambiae_m form,,morph,genetic/molecular
NA,no,yes,no,genotypic,1002151,10.1111/j.1365-2915.2010.00925.x,Djogbenou,Insecticide resistance in the Anopheles gambiae complex in Benin: a nationwide survey,Med Vet Entomol,2011,,NA,,,benin,Sehoue,69.166,2.266,NA,NA,NA,NA,NA,NA,NA,NA,NA,NA,NA,NA,NA,NA,,point,paper map,,,historic data coordinates,na,,,,larvae,NA,,NA,,NA,,NA,NA,,yes,no,,4,4,2006,2006,,,,,coluzzii_gambiae_m form,,morph,genetic/molecular
NA,no,yes,no,genotypic,1002151,10.1111/j.1365-2915.2010.00925.x,Djogbenou,Insecticide resistance in the Anopheles gambiae complex in Benin: a nationwide survey,Med Vet Entomol,2011,,NA,,,benin,Sehoue,69.166,2.266,NA,NA,NA,NA,NA,NA,NA,NA,NA,NA,NA,NA,NA,NA,,point,paper map,,,historic data coordinates,na,,,,larvae,NA,,NA,,NA,,NA,NA,,yes,no,,4,4,2006,2006,,,,,gambiae_s form,,morph,genetic/molecular
NA,no,yes,no,genotypic,1002151,10.1111/j.1365-2915.2010.00925.x,Djogbenou,Insecticide resistance in the Anopheles gambiae complex in Benin: a nationwide survey,Med Vet Entomol,2011,,NA,,,benin,Allada,66.641,215.741,NA,NA,NA,NA,NA,NA,NA,NA,NA,NA,NA,NA,NA,NA,,point,paper map,,,historic data coordinates,na,,,,larvae,NA,,NA,,NA,,NA,NA,,yes,no,,3,3,2006,2006,,,,,coluzzii_gambiae_m form,,morph,genetic/molecular
NA,no,yes,no,genotypic,1002151,10.1111/j.1365-2915.2010.00925.x,Djogbenou,Insecticide resistance in the Anopheles gambiae complex in Benin: a nationwide survey,Med Vet Entomol,2011,,NA,,,benin,Allada,66.641,215.741,NA,NA,NA,NA,NA,NA,NA,NA,NA,NA,NA,NA,NA,NA,,point,paper map,,,historic data coordinates,na,,,,larvae,NA,,NA,,NA,,NA,NA,,yes,no,,3,3,2006,2006,,,,,gambiae_s form,,morph,genetic/molecular
NA,no,yes,no,genotypic,1002151,10.1111/j.1365-2915.2010.00925.x,Djogbenou,Insecticide resistance in the Anopheles gambiae complex in Benin: a nationwide survey,Med Vet Entomol,2011,,NA,,,benin,Allada,66.641,215.741,NA,NA,NA,NA,NA,NA,NA,NA,NA,NA,NA,NA,NA,NA,,point,paper map,,,historic data coordinates,na,,,,larvae,NA,,NA,,NA,,NA,NA,,yes,no,,3,3,2006,2006,,,,,arabiensis,,morph,genetic/molecular
NA,no,yes,no,genotypic,1002151,10.1111/j.1365-2915.2010.00925.x,Djogbenou,Insecticide resistance in the Anopheles gambiae complex in Benin: a nationwide survey,Med Vet Entomol,2011,,NA,,,benin,Tori Bossito,650.342,214.473,NA,NA,NA,NA,NA,NA,NA,NA,NA,NA,NA,NA,NA,NA,,point,paper map,,,historic data coordinates,na,,,,larvae,NA,,NA,,NA,,NA,NA,,yes,no,,3,3,2006,2006,,,,,coluzzii_gambiae_m form,,morph,genetic/molecular
NA,no,yes,no,genotypic,1002151,10.1111/j.1365-2915.2010.00925.x,Djogbenou,Insecticide resistance in the Anopheles gambiae complex in Benin: a nationwide survey,Med Vet Entomol,2011,,NA,,,benin,Tori Bossito,650.342,214.473,NA,NA,NA,NA,NA,NA,NA,NA,NA,NA,NA,NA,NA,NA,,point,paper map,,,historic data coordinates,na,,,,larvae,NA,,NA,,NA,,NA,NA,,yes,no,,3,3,2006,2006,,,,,gambiae_s form,,morph,genetic/molecular
NA,no,yes,no,genotypic,1002151,10.1111/j.1365-2915.2010.00925.x,Djogbenou,Insecticide resistance in the Anopheles gambiae complex in Benin: a nationwide survey,Med Vet Entomol,2011,,NA,,,benin,Pahou,6.383,2.216,NA,NA,NA,NA,NA,NA,NA,NA,NA,NA,NA,NA,NA,NA,,point,paper map,,,historic data coordinates,na,,,,larvae,NA,,NA,,NA,,NA,NA,,yes,no,,3,3,2006,2006,,,,,coluzzii_gambiae_m form,,morph,genetic/molecular
NA,no,yes,no,none,1002152,10.1016/j.actatropica.2010.02.001,Djogbenou,"Malaria vectorsintheRepublicofBenin:Distributionofspeciesandmolecular
forms ofthe Anopheles gambiae complex",Acta Tropica,2010,,NA,,,benin,malanville,11.87,3.4,NA,NA,NA,NA,NA,NA,NA,NA,NA,NA,NA,NA,NA,NA,,point,paper map,,,,,,,,larvae,2,,NA,,NA,,NA,2,,,,,10,10,2007,2007,,,,,arabiensis,,morph (larval),genetic/molecular
NA,no,yes,no,none,1002152,10.1016/j.actatropica.2010.02.001,Djogbenou,"Malaria vectorsintheRepublicofBenin:Distributionofspeciesandmolecular
forms ofthe Anopheles gambiae complex",Acta Tropica,2010,,NA,,,benin,kandi,11.86,2.93,NA,NA,NA,NA,NA,NA,NA,NA,NA,NA,NA,NA,NA,NA,,point,paper map,,,,,,,,larvae,32,,NA,,NA,,NA,32,,,,,10,10,2007,2007,,,,,arabiensis,,morph (larval),genetic/molecular
NA,no,yes,no,none,1002152,10.1016/j.actatropica.2010.02.001,Djogbenou,"Malaria vectorsintheRepublicofBenin:Distributionofspeciesandmolecular
forms ofthe Anopheles gambiae complex",Acta Tropica,2010,,NA,,,benin,tanguieta,10.57,1.27,NA,NA,NA,NA,NA,NA,NA,NA,NA,NA,NA,NA,NA,NA,,point,paper map,,,,,,,,larvae,8,,NA,,NA,,NA,8,,,,,10,10,2007,2007,,,,,arabiensis,,morph (larval),genetic/molecular
NA,no,yes,no,none,1002152,10.1016/j.actatropica.2010.02.001,Djogbenou,"Malaria vectorsintheRepublicofBenin:Distributionofspeciesandmolecular
forms ofthe Anopheles gambiae complex",Acta Tropica,2010,,NA,,,benin,bembereke,10.28,2.7,NA,NA,NA,NA,NA,NA,NA,NA,NA,NA,NA,NA,NA,NA,,point,paper map,,,,,,,,larvae,0,,NA,,NA,,NA,0,,,,,10,10,2007,2007,,,,,arabiensis,,morph (larval),genetic/molecular
NA,no,yes,no,none,1002152,10.1016/j.actatropica.2010.02.001,Djogbenou,"Malaria vectorsintheRepublicofBenin:Distributionofspeciesandmolecular
forms ofthe Anopheles gambiae complex",Acta Tropica,2010,,NA,,,benin,natitingou,10.3,1.37,NA,NA,NA,NA,NA,NA,NA,NA,NA,NA,NA,NA,NA,NA,,point,paper map,,,,,,,,larvae,0,,NA,,NA,,NA,0,,,,,10,10,2007,2007,,,,,arabiensis,,morph (larval),genetic/molecular
NA,no,yes,no,none,1002152,10.1016/j.actatropica.2010.02.001,Djogbenou,"Malaria vectorsintheRepublicofBenin:Distributionofspeciesandmolecular
forms ofthe Anopheles gambiae complex",Acta Tropica,2010,,NA,,,benin,guessou sud,10.47,2.65,NA,NA,NA,NA,NA,NA,NA,NA,NA,NA,NA,NA,NA,NA,,point,paper map,,,,,,,,larvae,0,,NA,,NA,,NA,0,,,,,7,7,2006,2006,,,,,arabiensis,,morph (larval),genetic/molecular
NA,no,yes,no,none,1002152,10.1016/j.actatropica.2010.02.001,Djogbenou,"Malaria vectorsintheRepublicofBenin:Distributionofspeciesandmolecular
forms ofthe Anopheles gambiae complex",Acta Tropica,2010,,NA,,,benin,ina,9.98,2.72,NA,NA,NA,NA,NA,NA,NA,NA,NA,NA,NA,NA,NA,NA,,point,paper map,,,,,,,,larvae,0,,NA,,NA,,NA,0,,,,,7,7,2006,2006,,,,,arabiensis,,morph (larval),genetic/molecular
NA,no,yes,no,none,1002152,10.1016/j.actatropica.2010.02.001,Djogbenou,"Malaria vectorsintheRepublicofBenin:Distributionofspeciesandmolecular
forms ofthe Anopheles gambiae complex",Acta Tropica,2010,,NA,,,benin,ndali,9.85,2.72,NA,NA,NA,NA,NA,NA,NA,NA,NA,NA,NA,NA,NA,NA,,point,paper map,,,,,,,,larvae,1,,NA,,NA,,NA,1,,,,,7,7,2006,2006,,,,,arabiensis,,morph (larval),genetic/molecular
NA,no,yes,no,none,1002152,10.1016/j.actatropica.2010.02.001,Djogbenou,"Malaria vectorsintheRepublicofBenin:Distributionofspeciesandmolecular
forms ofthe Anopheles gambiae complex",Acta Tropica,2010,,NA,,,benin,djougou,9.7,1.65,NA,NA,NA,NA,NA,NA,NA,NA,NA,NA,NA,NA,NA,NA,,point,paper map,,,,,,,,larvae,0,,NA,,NA,,NA,0,,,,,10,10,2007,2007,,,,,arabiensis,,morph (larval),genetic/molecular
NA,no,yes,no,none,1002152,10.1016/j.actatropica.2010.02.001,Djogbenou,"Malaria vectorsintheRepublicofBenin:Distributionofspeciesandmolecular
forms ofthe Anopheles gambiae complex",Acta Tropica,2010,,NA,,,benin,parakou,9.35,2.62,NA,NA,NA,NA,NA,NA,NA,NA,NA,NA,NA,NA,NA,NA,,point,paper map,,,,,,,,larvae,135,,NA,,NA,,NA,135,,,,,6,6,2006,2006,,,,,arabiensis,,morph (larval),genetic/molecular
NA,no,yes,no,none,1002152,10.1016/j.actatropica.2010.02.001,Djogbenou,"Malaria vectorsintheRepublicofBenin:Distributionofspeciesandmolecular
forms ofthe Anopheles gambiae complex",Acta Tropica,2010,,NA,,,benin,tchachou,9.67,2.55,NA,NA,NA,NA,NA,NA,NA,NA,NA,NA,NA,NA,NA,NA,,point,paper map,,,,,,,,larvae,0,,NA,,NA,,NA,0,,,,,7,7,2006,2006,,,,,arabiensis,,morph (larval),genetic/molecular
NA,no,yes,no,none,1002152,10.1016/j.actatropica.2010.02.001,Djogbenou,"Malaria vectorsintheRepublicofBenin:Distributionofspeciesandmolecular
forms ofthe Anopheles gambiae complex",Acta Tropica,2010,,NA,,,benin,bassila,9,1.67,NA,NA,NA,NA,NA,NA,NA,NA,NA,NA,NA,NA,NA,NA,,point,paper map,,,,,,,,larvae,0,,NA,,NA,,NA,0,,,,,10,10,2007,2007,,,,,arabiensis,,morph (larval),genetic/molecular
NA,no,yes,no,none,1002152,10.1016/j.actatropica.2010.02.001,Djogbenou,"Malaria vectorsintheRepublicofBenin:Distributionofspeciesandmolecular
forms ofthe Anopheles gambiae complex",Acta Tropica,2010,,NA,,,benin,tchaourou,8.9,2.6,NA,NA,NA,NA,NA,NA,NA,NA,NA,NA,NA,NA,NA,NA,,point,paper map,,,,,,,,larvae,0,,NA,,NA,,NA,0,,,,,7,7,2006,2006,,,,,arabiensis,,morph (larval),genetic/molecular
NA,no,yes,no,none,1002152,10.1016/j.actatropica.2010.02.001,Djogbenou,"Malaria vectorsintheRepublicofBenin:Distributionofspeciesandmolecular
forms ofthe Anopheles gambiae complex",Acta Tropica,2010,,NA,,,benin,papane,8.82,2.6,NA,NA,NA,NA,NA,NA,NA,NA,NA,NA,NA,NA,NA,NA,,point,paper map,,,,,,,,larvae,2,,NA,,NA,,NA,2,,,,,7,7,2006,2006,,,,,arabiensis,,morph (larval),genetic/molecular
NA,no,yes,no,none,1002152,10.1016/j.actatropica.2010.02.001,Djogbenou,"Malaria vectorsintheRepublicofBenin:Distributionofspeciesandmolecular
forms ofthe Anopheles gambiae complex",Acta Tropica,2010,,NA,,,benin,save,8.33,2.48,NA,NA,NA,NA,NA,NA,NA,NA,NA,NA,NA,NA,NA,NA,,point,paper map,,,,,,,,larvae,10,,NA,,NA,,NA,10,,,,,5,5,2007,2007,,,,,arabiensis,,morph (larval),genetic/molecular
NA,no,yes,no,none,1002152,10.1016/j.actatropica.2010.02.001,Djogbenou,"Malaria vectorsintheRepublicofBenin:Distributionofspeciesandmolecular
forms ofthe Anopheles gambiae complex",Acta Tropica,2010,,NA,,,benin,glazoue,7.97,2.23,NA,NA,NA,NA,NA,NA,NA,NA,NA,NA,NA,NA,NA,NA,,point,paper map,,,,,,,,larvae,57,,NA,,NA,,NA,57,,,,,5,5,2007,2007,,,,,arabiensis,,morph (larval),genetic/molecular
NA,no,yes,no,none,1002152,10.1016/j.actatropica.2010.02.001,Djogbenou,"Malaria vectorsintheRepublicofBenin:Distributionofspeciesandmolecular
forms ofthe Anopheles gambiae complex",Acta Tropica,2010,,NA,,,benin,savalou,7.93,1.97,NA,NA,NA,NA,NA,NA,NA,NA,NA,NA,NA,NA,NA,NA,,point,paper map,,,,,,,,larvae,38,,NA,,NA,,NA,38,,,,,10,10,2007,2007,,,,,arabiensis,,morph (larval),genetic/molecular
NA,no,yes,no,none,1002152,10.1016/j.actatropica.2010.02.001,Djogbenou,"Malaria vectorsintheRepublicofBenin:Distributionofspeciesandmolecular
forms ofthe Anopheles gambiae complex",Acta Tropica,2010,,NA,,,benin,dassa zoume,7.78,2.18,NA,NA,NA,NA,NA,NA,NA,NA,NA,NA,NA,NA,NA,NA,,point,paper map,,,,,,,,larvae,12,,NA,,NA,,NA,12,,,,,5,5,2007,2007,,,,,arabiensis,,morph (larval),genetic/molecular
NA,no,yes,no,none,1002152,10.1016/j.actatropica.2010.02.001,Djogbenou,"Malaria vectorsintheRepublicofBenin:Distributionofspeciesandmolecular
forms ofthe Anopheles gambiae complex",Acta Tropica,2010,,NA,,,benin,paouignan,7.67,2.22,NA,NA,NA,NA,NA,NA,NA,NA,NA,NA,NA,NA,NA,NA,,point,paper map,,,,,,,,larvae,26,,NA,,NA,,NA,26,,,,,6,6,2006,2006,,,,,arabiensis,,morph (larval),genetic/molecular
NA,no,yes,no,none,1002152,10.1016/j.actatropica.2010.02.001,Djogbenou,"Malaria vectorsintheRepublicofBenin:Distributionofspeciesandmolecular
forms ofthe Anopheles gambiae complex",Acta Tropica,2010,,NA,,,benin,abomey,7.18,1.98,NA,NA,NA,NA,NA,NA,NA,NA,NA,NA,NA,NA,NA,NA,,point,paper map,,,,,,,,larvae,0,,NA,,NA,,NA,0,,,,,6,6,2006,2006,,,,,arabiensis,,morph (larval),genetic/molecular
NA,no,yes,no,none,1002152,10.1016/j.actatropica.2010.02.001,Djogbenou,"Malaria vectorsintheRepublicofBenin:Distributionofspeciesandmolecular
forms ofthe Anopheles gambiae complex",Acta Tropica,2010,,NA,,,benin,bohicon,718.333,206.917,NA,NA,NA,NA,NA,NA,NA,NA,NA,NA,NA,NA,NA,NA,,point,paper map,,,,,,,,larvae,66,,NA,,NA,,NA,66,,,,,5,5,2006,2006,,,,,arabiensis,,morph (larval),genetic/molecular
NA,no,yes,no,none,1002152,10.1016/j.actatropica.2010.02.001,Djogbenou,"Malaria vectorsintheRepublicofBenin:Distributionofspeciesandmolecular
forms ofthe Anopheles gambiae complex",Acta Tropica,2010,,NA,,,benin,zogbodomey,7.066,2.115,NA,NA,NA,NA,NA,NA,NA,NA,NA,NA,NA,NA,NA,NA,,point,paper map,,,,,,,,larvae,0,,NA,,NA,,NA,0,,,,,5,5,2006,2006,,,,,arabiensis,,morph (larval),genetic/molecular
NA,no,yes,no,none,1002152,10.1016/j.actatropica.2010.02.001,Djogbenou,"Malaria vectorsintheRepublicofBenin:Distributionofspeciesandmolecular
forms ofthe Anopheles gambiae complex",Acta Tropica,2010,,NA,,,benin,cana,713.333,206.667,NA,NA,NA,NA,NA,NA,NA,NA,NA,NA,NA,NA,NA,NA,,point,paper map,,,,,,,,larvae,0,,NA,,NA,,NA,0,,,,,5,5,2006,2006,,,,,arabiensis,,morph (larval),genetic/molecular
NA,no,yes,no,none,1002152,10.1016/j.actatropica.2010.02.001,Djogbenou,"Malaria vectorsintheRepublicofBenin:Distributionofspeciesandmolecular
forms ofthe Anopheles gambiae complex",Acta Tropica,2010,,NA,,,benin,sehoue,6.92,2.27,NA,NA,NA,NA,NA,NA,NA,NA,NA,NA,NA,NA,NA,NA,,point,paper map,,,,,,,,larvae,0,,NA,,NA,,NA,0,,,,,4,4,2006,2006,,,,,arabiensis,,morph (larval),genetic/molecular
NA,no,yes,no,none,1002152,10.1016/j.actatropica.2010.02.001,Djogbenou,"Malaria vectorsintheRepublicofBenin:Distributionofspeciesandmolecular
forms ofthe Anopheles gambiae complex",Acta Tropica,2010,,NA,,,benin,niaouli,6.83,2.72,NA,NA,NA,NA,NA,NA,NA,NA,NA,NA,NA,NA,NA,NA,,point,paper map,,,,,,,,larvae,0,,NA,,NA,,NA,0,,,,,4,4,2006,2006,,,,,arabiensis,,morph (larval),genetic/molecular
NA,no,yes,no,none,1002152,10.1016/j.actatropica.2010.02.001,Djogbenou,"Malaria vectorsintheRepublicofBenin:Distributionofspeciesandmolecular
forms ofthe Anopheles gambiae complex",Acta Tropica,2010,,NA,,,benin,houegbo,6.8,2.17,NA,NA,NA,NA,NA,NA,NA,NA,NA,NA,NA,NA,NA,NA,,point,paper map,,,,,,,,larvae,0,,NA,,NA,,NA,0,,,,,4,4,2006,2006,,,,,arabiensis,,morph (larval),genetic/molecular
NA,no,yes,no,none,1002152,10.1016/j.actatropica.2010.02.001,Djogbenou,"Malaria vectorsintheRepublicofBenin:Distributionofspeciesandmolecular
forms ofthe Anopheles gambiae complex",Acta Tropica,2010,,NA,,,benin,allada,66.641,215.741,NA,NA,NA,NA,NA,NA,NA,NA,NA,NA,NA,NA,NA,NA,,point,paper map,,,,,,,,larvae,2,,NA,,NA,,NA,2,,,,,3,3,2006,2006,,,,,arabiensis,,morph (larval),genetic/molecular
NA,no,yes,no,none,1002152,10.1016/j.actatropica.2010.02.001,Djogbenou,"Malaria vectorsintheRepublicofBenin:Distributionofspeciesandmolecular
forms ofthe Anopheles gambiae complex",Acta Tropica,2010,,NA,,,benin,Tori Bossito,650.342,214.473,NA,NA,NA,NA,NA,NA,NA,NA,NA,NA,NA,NA,NA,NA,,point,paper map,,,,,,,,larvae,0,,NA,,NA,,NA,0,,,,,3,3,2006,2006,,,,,arabiensis,,morph (larval),genetic/molecular
NA,no,yes,no,none,1002152,10.1016/j.actatropica.2010.02.001,Djogbenou,"Malaria vectorsintheRepublicofBenin:Distributionofspeciesandmolecular
forms ofthe Anopheles gambiae complex",Acta Tropica,2010,,NA,,,benin,pahou,6.38,2.22,NA,NA,NA,NA,NA,NA,NA,NA,NA,NA,NA,NA,NA,NA,,point,paper map,,,,,,,,larvae,0,,NA,,NA,,NA,0,,,,,3,3,2006,2006,,,,,arabiensis,,morph (larval),genetic/molecular
NA,no,yes,no,none,1002152,10.1016/j.actatropica.2010.02.001,Djogbenou,"Malaria vectorsintheRepublicofBenin:Distributionofspeciesandmolecular
forms ofthe Anopheles gambiae complex",Acta Tropica,2010,,NA,,,benin,cotonou,63.615,2.464,NA,NA,NA,NA,NA,NA,NA,NA,NA,NA,NA,NA,NA,NA,,point,paper map,,,,,,,,larvae,0,,NA,,NA,,NA,0,,,,,10,10,2007,2007,,,,,arabiensis,,morph (larval),genetic/molecular
NA,no,yes,no,none,1002152,10.1016/j.actatropica.2010.02.001,Djogbenou,"Malaria vectorsintheRepublicofBenin:Distributionofspeciesandmolecular
forms ofthe Anopheles gambiae complex",Acta Tropica,2010,,NA,,,benin,malanville,11.87,3.4,NA,NA,NA,NA,NA,NA,NA,NA,NA,NA,NA,NA,NA,NA,,point,paper map,,,,,,,,larvae,66,,NA,,NA,,NA,66,,,,,10,10,2007,2007,,,,,coluzzii_gambiae_m form,,morph (larval),genetic/molecular
NA,no,yes,no,none,1002152,10.1016/j.actatropica.2010.02.001,Djogbenou,"Malaria vectorsintheRepublicofBenin:Distributionofspeciesandmolecular
forms ofthe Anopheles gambiae complex",Acta Tropica,2010,,NA,,,benin,kandi,11.86,2.93,NA,NA,NA,NA,NA,NA,NA,NA,NA,NA,NA,NA,NA,NA,,point,paper map,,,,,,,,larvae,0,,NA,,NA,,NA,0,,,,,10,10,2007,2007,,,,,coluzzii_gambiae_m form,,morph (larval),genetic/molecular
NA,no,yes,no,none,1002152,10.1016/j.actatropica.2010.02.001,Djogbenou,"Malaria vectorsintheRepublicofBenin:Distributionofspeciesandmolecular
forms ofthe Anopheles gambiae complex",Acta Tropica,2010,,NA,,,benin,tanguieta,10.57,1.27,NA,NA,NA,NA,NA,NA,NA,NA,NA,NA,NA,NA,NA,NA,,point,paper map,,,,,,,,larvae,0,,NA,,NA,,NA,0,,,,,10,10,2007,2007,,,,,coluzzii_gambiae_m form,,morph (larval),genetic/molecular
NA,no,yes,no,none,1002152,10.1016/j.actatropica.2010.02.001,Djogbenou,"Malaria vectorsintheRepublicofBenin:Distributionofspeciesandmolecular
forms ofthe Anopheles gambiae complex",Acta Tropica,2010,,NA,,,benin,bembereke,10.28,2.7,NA,NA,NA,NA,NA,NA,NA,NA,NA,NA,NA,NA,NA,NA,,point,paper map,,,,,,,,larvae,0,,NA,,NA,,NA,0,,,,,10,10,2007,2007,,,,,coluzzii_gambiae_m form,,morph (larval),genetic/molecular
NA,no,yes,no,none,1002152,10.1016/j.actatropica.2010.02.001,Djogbenou,"Malaria vectorsintheRepublicofBenin:Distributionofspeciesandmolecular
forms ofthe Anopheles gambiae complex",Acta Tropica,2010,,NA,,,benin,natitingou,10.3,1.37,NA,NA,NA,NA,NA,NA,NA,NA,NA,NA,NA,NA,NA,NA,,point,paper map,,,,,,,,larvae,0,,NA,,NA,,NA,0,,,,,10,10,2007,2007,,,,,coluzzii_gambiae_m form,,morph (larval),genetic/molecular
NA,no,yes,no,none,1002152,10.1016/j.actatropica.2010.02.001,Djogbenou,"Malaria vectorsintheRepublicofBenin:Distributionofspeciesandmolecular
forms ofthe Anopheles gambiae complex",Acta Tropica,2010,,NA,,,benin,guessou sud,10.47,2.65,NA,NA,NA,NA,NA,NA,NA,NA,NA,NA,NA,NA,NA,NA,,point,paper map,,,,,,,,larvae,0,,NA,,NA,,NA,0,,,,,7,7,2006,2006,,,,,coluzzii_gambiae_m form,,morph (larval),genetic/molecular
NA,no,yes,no,none,1002152,10.1016/j.actatropica.2010.02.001,Djogbenou,"Malaria vectorsintheRepublicofBenin:Distributionofspeciesandmolecular
forms ofthe Anopheles gambiae complex",Acta Tropica,2010,,NA,,,benin,ina,9.98,2.72,NA,NA,NA,NA,NA,NA,NA,NA,NA,NA,NA,NA,NA,NA,,point,paper map,,,,,,,,larvae,0,,NA,,NA,,NA,0,,,,,7,7,2006,2006,,,,,coluzzii_gambiae_m form,,morph (larval),genetic/molecular
NA,no,yes,no,none,1002152,10.1016/j.actatropica.2010.02.001,Djogbenou,"Malaria vectorsintheRepublicofBenin:Distributionofspeciesandmolecular
forms ofthe Anopheles gambiae complex",Acta Tropica,2010,,NA,,,benin,ndali,9.85,2.72,NA,NA,NA,NA,NA,NA,NA,NA,NA,NA,NA,NA,NA,NA,,point,paper map,,,,,,,,larvae,4,,NA,,NA,,NA,4,,,,,7,7,2006,2006,,,,,coluzzii_gambiae_m form,,morph (larval),genetic/molecular
NA,no,yes,no,none,1002152,10.1016/j.actatropica.2010.02.001,Djogbenou,"Malaria vectorsintheRepublicofBenin:Distributionofspeciesandmolecular
forms ofthe Anopheles gambiae complex",Acta Tropica,2010,,NA,,,benin,djougou,9.7,1.65,NA,NA,NA,NA,NA,NA,NA,NA,NA,NA,NA,NA,NA,NA,,point,paper map,,,,,,,,larvae,0,,NA,,NA,,NA,0,,,,,10,10,2007,2007,,,,,coluzzii_gambiae_m form,,morph (larval),genetic/molecular
NA,no,yes,no,none,1002152,10.1016/j.actatropica.2010.02.001,Djogbenou,"Malaria vectorsintheRepublicofBenin:Distributionofspeciesandmolecular
forms ofthe Anopheles gambiae complex",Acta Tropica,2010,,NA,,,benin,parakou,9.35,2.62,NA,NA,NA,NA,NA,NA,NA,NA,NA,NA,NA,NA,NA,NA,,point,paper map,,,,,,,,larvae,1,,NA,,NA,,NA,1,,,,,6,6,2006,2006,,,,,coluzzii_gambiae_m form,,morph (larval),genetic/molecular
NA,no,yes,no,none,1002152,10.1016/j.actatropica.2010.02.001,Djogbenou,"Malaria vectorsintheRepublicofBenin:Distributionofspeciesandmolecular
forms ofthe Anopheles gambiae complex",Acta Tropica,2010,,NA,,,benin,tchachou,9.67,2.55,NA,NA,NA,NA,NA,NA,NA,NA,NA,NA,NA,NA,NA,NA,,point,paper map,,,,,,,,larvae,7,,NA,,NA,,NA,7,,,,,7,7,2006,2006,,,,,coluzzii_gambiae_m form,,morph (larval),genetic/molecular
NA,no,yes,no,none,1002152,10.1016/j.actatropica.2010.02.001,Djogbenou,"Malaria vectorsintheRepublicofBenin:Distributionofspeciesandmolecular
forms ofthe Anopheles gambiae complex",Acta Tropica,2010,,NA,,,benin,bassila,9,1.67,NA,NA,NA,NA,NA,NA,NA,NA,NA,NA,NA,NA,NA,NA,,point,paper map,,,,,,,,larvae,0,,NA,,NA,,NA,0,,,,,10,10,2007,2007,,,,,coluzzii_gambiae_m form,,morph (larval),genetic/molecular
NA,no,yes,no,none,1002152,10.1016/j.actatropica.2010.02.001,Djogbenou,"Malaria vectorsintheRepublicofBenin:Distributionofspeciesandmolecular
forms ofthe Anopheles gambiae complex",Acta Tropica,2010,,NA,,,benin,tchaourou,8.9,2.6,NA,NA,NA,NA,NA,NA,NA,NA,NA,NA,NA,NA,NA,NA,,point,paper map,,,,,,,,larvae,2,,NA,,NA,,NA,2,,,,,7,7,2006,2006,,,,,coluzzii_gambiae_m form,,morph (larval),genetic/molecular
NA,no,yes,no,none,1002152,10.1016/j.actatropica.2010.02.001,Djogbenou,"Malaria vectorsintheRepublicofBenin:Distributionofspeciesandmolecular
forms ofthe Anopheles gambiae complex",Acta Tropica,2010,,NA,,,benin,papane,8.82,2.6,NA,NA,NA,NA,NA,NA,NA,NA,NA,NA,NA,NA,NA,NA,,point,paper map,,,,,,,,larvae,0,,NA,,NA,,NA,0,,,,,7,7,2006,2006,,,,,coluzzii_gambiae_m form,,morph (larval),genetic/molecular
NA,no,yes,no,none,1002152,10.1016/j.actatropica.2010.02.001,Djogbenou,"Malaria vectorsintheRepublicofBenin:Distributionofspeciesandmolecular
forms ofthe Anopheles gambiae complex",Acta Tropica,2010,,NA,,,benin,save,8.33,2.48,NA,NA,NA,NA,NA,NA,NA,NA,NA,NA,NA,NA,NA,NA,,point,paper map,,,,,,,,larvae,0,,NA,,NA,,NA,0,,,,,5,5,2007,2007,,,,,coluzzii_gambiae_m form,,morph (larval),genetic/molecular
NA,no,yes,no,none,1002152,10.1016/j.actatropica.2010.02.001,Djogbenou,"Malaria vectorsintheRepublicofBenin:Distributionofspeciesandmolecular
forms ofthe Anopheles gambiae complex",Acta Tropica,2010,,NA,,,benin,glazoue,7.97,2.23,NA,NA,NA,NA,NA,NA,NA,NA,NA,NA,NA,NA,NA,NA,,point,paper map,,,,,,,,larvae,0,,NA,,NA,,NA,0,,,,,5,5,2007,2007,,,,,coluzzii_gambiae_m form,,morph (larval),genetic/molecular
NA,no,yes,no,none,1002152,10.1016/j.actatropica.2010.02.001,Djogbenou,"Malaria vectorsintheRepublicofBenin:Distributionofspeciesandmolecular
forms ofthe Anopheles gambiae complex",Acta Tropica,2010,,NA,,,benin,savalou,7.93,1.97,NA,NA,NA,NA,NA,NA,NA,NA,NA,NA,NA,NA,NA,NA,,point,paper map,,,,,,,,larvae,1,,NA,,NA,,NA,1,,,,,10,10,2007,2007,,,,,coluzzii_gambiae_m form,,morph (larval),genetic/molecular
NA,no,yes,no,none,1002152,10.1016/j.actatropica.2010.02.001,Djogbenou,"Malaria vectorsintheRepublicofBenin:Distributionofspeciesandmolecular
forms ofthe Anopheles gambiae complex",Acta Tropica,2010,,NA,,,benin,dassa zoume,7.78,2.18,NA,NA,NA,NA,NA,NA,NA,NA,NA,NA,NA,NA,NA,NA,,point,paper map,,,,,,,,larvae,10,,NA,,NA,,NA,10,,,,,5,5,2007,2007,,,,,coluzzii_gambiae_m form,,morph (larval),genetic/molecular
NA,no,yes,no,none,1002152,10.1016/j.actatropica.2010.02.001,Djogbenou,"Malaria vectorsintheRepublicofBenin:Distributionofspeciesandmolecular
forms ofthe Anopheles gambiae complex",Acta Tropica,2010,,NA,,,benin,paouignan,7.67,2.22,NA,NA,NA,NA,NA,NA,NA,NA,NA,NA,NA,NA,NA,NA,,point,paper map,,,,,,,,larvae,0,,NA,,NA,,NA,0,,,,,6,6,2006,2006,,,,,coluzzii_gambiae_m form,,morph (larval),genetic/molecular
NA,no,yes,no,none,1002152,10.1016/j.actatropica.2010.02.001,Djogbenou,"Malaria vectorsintheRepublicofBenin:Distributionofspeciesandmolecular
forms ofthe Anopheles gambiae complex",Acta Tropica,2010,,NA,,,benin,abomey,7.18,1.98,NA,NA,NA,NA,NA,NA,NA,NA,NA,NA,NA,NA,NA,NA,,point,paper map,,,,,,,,larvae,3,,NA,,NA,,NA,3,,,,,6,6,2006,2006,,,,,coluzzii_gambiae_m form,,morph (larval),genetic/molecular
NA,no,yes,no,none,1002152,10.1016/j.actatropica.2010.02.001,Djogbenou,"Malaria vectorsintheRepublicofBenin:Distributionofspeciesandmolecular
forms ofthe Anopheles gambiae complex",Acta Tropica,2010,,NA,,,benin,bohicon,718.333,206.917,NA,NA,NA,NA,NA,NA,NA,NA,NA,NA,NA,NA,NA,NA,,point,paper map,,,,,,,,larvae,2,,NA,,NA,,NA,2,,,,,5,5,2006,2006,,,,,coluzzii_gambiae_m form,,morph (larval),genetic/molecular
NA,no,yes,no,none,1002152,10.1016/j.actatropica.2010.02.001,Djogbenou,"Malaria vectorsintheRepublicofBenin:Distributionofspeciesandmolecular
forms ofthe Anopheles gambiae complex",Acta Tropica,2010,,NA,,,benin,zogbodomey,7.066,2.115,NA,NA,NA,NA,NA,NA,NA,NA,NA,NA,NA,NA,NA,NA,,point,paper map,,,,,,,,larvae,14,,NA,,NA,,NA,14,,,,,5,5,2006,2006,,,,,coluzzii_gambiae_m form,,morph (larval),genetic/molecular
NA,no,yes,no,none,1002152,10.1016/j.actatropica.2010.02.001,Djogbenou,"Malaria vectorsintheRepublicofBenin:Distributionofspeciesandmolecular
forms ofthe Anopheles gambiae complex",Acta Tropica,2010,,NA,,,benin,cana,713.333,206.667,NA,NA,NA,NA,NA,NA,NA,NA,NA,NA,NA,NA,NA,NA,,point,paper map,,,,,,,,larvae,38,,NA,,NA,,NA,38,,,,,5,5,2006,2006,,,,,coluzzii_gambiae_m form,,morph (larval),genetic/molecular
NA,no,yes,no,none,1002152,10.1016/j.actatropica.2010.02.001,Djogbenou,"Malaria vectorsintheRepublicofBenin:Distributionofspeciesandmolecular
forms ofthe Anopheles gambiae complex",Acta Tropica,2010,,NA,,,benin,sehoue,6.92,2.27,NA,NA,NA,NA,NA,NA,NA,NA,NA,NA,NA,NA,NA,NA,,point,paper map,,,,,,,,larvae,19,,NA,,NA,,NA,19,,,,,4,4,2006,2006,,,,,coluzzii_gambiae_m form,,morph (larval),genetic/molecular
NA,no,yes,no,none,1002152,10.1016/j.actatropica.2010.02.001,Djogbenou,"Malaria vectorsintheRepublicofBenin:Distributionofspeciesandmolecular
forms ofthe Anopheles gambiae complex",Acta Tropica,2010,,NA,,,benin,niaouli,6.83,2.72,NA,NA,NA,NA,NA,NA,NA,NA,NA,NA,NA,NA,NA,NA,,point,paper map,,,,,,,,larvae,54,,NA,,NA,,NA,54,,,,,4,4,2006,2006,,,,,coluzzii_gambiae_m form,,morph (larval),genetic/molecular
NA,no,yes,no,none,1002152,10.1016/j.actatropica.2010.02.001,Djogbenou,"Malaria vectorsintheRepublicofBenin:Distributionofspeciesandmolecular
forms ofthe Anopheles gambiae complex",Acta Tropica,2010,,NA,,,benin,houegbo,6.8,2.17,NA,NA,NA,NA,NA,NA,NA,NA,NA,NA,NA,NA,NA,NA,,point,paper map,,,,,,,,larvae,15,,NA,,NA,,NA,15,,,,,4,4,2006,2006,,,,,coluzzii_gambiae_m form,,morph (larval),genetic/molecular
NA,no,yes,no,none,1002152,10.1016/j.actatropica.2010.02.001,Djogbenou,"Malaria vectorsintheRepublicofBenin:Distributionofspeciesandmolecular
forms ofthe Anopheles gambiae complex",Acta Tropica,2010,,NA,,,benin,allada,66.641,215.741,NA,NA,NA,NA,NA,NA,NA,NA,NA,NA,NA,NA,NA,NA,,point,paper map,,,,,,,,larvae,6,,NA,,NA,,NA,6,,,,,3,3,2006,2006,,,,,coluzzii_gambiae_m form,,morph (larval),genetic/molecular
NA,no,yes,no,none,1002152,10.1016/j.actatropica.2010.02.001,Djogbenou,"Malaria vectorsintheRepublicofBenin:Distributionofspeciesandmolecular
forms ofthe Anopheles gambiae complex",Acta Tropica,2010,,NA,,,benin,Tori Bossito,650.342,214.473,NA,NA,NA,NA,NA,NA,NA,NA,NA,NA,NA,NA,NA,NA,,point,paper map,,,,,,,,larvae,51,,NA,,NA,,NA,51,,,,,3,3,2006,2006,,,,,coluzzii_gambiae_m form,,morph (larval),genetic/molecular
NA,no,yes,no,none,1002152,10.1016/j.actatropica.2010.02.001,Djogbenou,"Malaria vectorsintheRepublicofBenin:Distributionofspeciesandmolecular
forms ofthe Anopheles gambiae complex",Acta Tropica,2010,,NA,,,benin,pahou,6.38,2.22,NA,NA,NA,NA,NA,NA,NA,NA,NA,NA,NA,NA,NA,NA,,point,paper map,,,,,,,,larvae,69,,NA,,NA,,NA,69,,,,,3,3,2006,2006,,,,,coluzzii_gambiae_m form,,morph (larval),genetic/molecular
NA,no,yes,no,none,1002152,10.1016/j.actatropica.2010.02.001,Djogbenou,"Malaria vectorsintheRepublicofBenin:Distributionofspeciesandmolecular
forms ofthe Anopheles gambiae complex",Acta Tropica,2010,,NA,,,benin,cotonou,63.615,2.464,NA,NA,NA,NA,NA,NA,NA,NA,NA,NA,NA,NA,NA,NA,,point,paper map,,,,,,,,larvae,92,,NA,,NA,,NA,92,,,,,10,10,2007,2007,,,,,coluzzii_gambiae_m form,,morph (larval),genetic/molecular
NA,no,yes,no,none,1002152,10.1016/j.actatropica.2010.02.001,Djogbenou,"Malaria vectorsintheRepublicofBenin:Distributionofspeciesandmolecular
forms ofthe Anopheles gambiae complex",Acta Tropica,2010,,NA,,,benin,malanville,11.87,3.4,NA,NA,NA,NA,NA,NA,NA,NA,NA,NA,NA,NA,NA,NA,,point,paper map,,,,,,,,larvae,0,,NA,,NA,,NA,0,,,,,10,10,2007,2007,,,,,gambiae_s form,,morph (larval),genetic/molecular
NA,no,yes,no,none,1002152,10.1016/j.actatropica.2010.02.001,Djogbenou,"Malaria vectorsintheRepublicofBenin:Distributionofspeciesandmolecular
forms ofthe Anopheles gambiae complex",Acta Tropica,2010,,NA,,,benin,kandi,11.86,2.93,NA,NA,NA,NA,NA,NA,NA,NA,NA,NA,NA,NA,NA,NA,,point,paper map,,,,,,,,larvae,36,,NA,,NA,,NA,36,,,,,10,10,2007,2007,,,,,gambiae_s form,,morph (larval),genetic/molecular
NA,no,yes,no,none,1002152,10.1016/j.actatropica.2010.02.001,Djogbenou,"Malaria vectorsintheRepublicofBenin:Distributionofspeciesandmolecular
forms ofthe Anopheles gambiae complex",Acta Tropica,2010,,NA,,,benin,tanguieta,10.57,1.27,NA,NA,NA,NA,NA,NA,NA,NA,NA,NA,NA,NA,NA,NA,,point,paper map,,,,,,,,larvae,56,,NA,,NA,,NA,56,,,,,10,10,2007,2007,,,,,gambiae_s form,,morph (larval),genetic/molecular
NA,no,yes,no,none,1002152,10.1016/j.actatropica.2010.02.001,Djogbenou,"Malaria vectorsintheRepublicofBenin:Distributionofspeciesandmolecular
forms ofthe Anopheles gambiae complex",Acta Tropica,2010,,NA,,,benin,bembereke,10.28,2.7,NA,NA,NA,NA,NA,NA,NA,NA,NA,NA,NA,NA,NA,NA,,point,paper map,,,,,,,,larvae,67,,NA,,NA,,NA,67,,,,,10,10,2007,2007,,,,,gambiae_s form,,morph (larval),genetic/molecular
NA,no,yes,no,none,1002152,10.1016/j.actatropica.2010.02.001,Djogbenou,"Malaria vectorsintheRepublicofBenin:Distributionofspeciesandmolecular
forms ofthe Anopheles gambiae complex",Acta Tropica,2010,,NA,,,benin,natitingou,10.3,1.37,NA,NA,NA,NA,NA,NA,NA,NA,NA,NA,NA,NA,NA,NA,,point,paper map,,,,,,,,larvae,72,,NA,,NA,,NA,72,,,,,10,10,2007,2007,,,,,gambiae_s form,,morph (larval),genetic/molecular
NA,no,yes,no,none,1002152,10.1016/j.actatropica.2010.02.001,Djogbenou,"Malaria vectorsintheRepublicofBenin:Distributionofspeciesandmolecular
forms ofthe Anopheles gambiae complex",Acta Tropica,2010,,NA,,,benin,guessou sud,10.47,2.65,NA,NA,NA,NA,NA,NA,NA,NA,NA,NA,NA,NA,NA,NA,,point,paper map,,,,,,,,larvae,63,,NA,,NA,,NA,63,,,,,7,7,2006,2006,,,,,gambiae_s form,,morph (larval),genetic/molecular
NA,no,yes,no,none,1002152,10.1016/j.actatropica.2010.02.001,Djogbenou,"Malaria vectorsintheRepublicofBenin:Distributionofspeciesandmolecular
forms ofthe Anopheles gambiae complex",Acta Tropica,2010,,NA,,,benin,ina,9.98,2.72,NA,NA,NA,NA,NA,NA,NA,NA,NA,NA,NA,NA,NA,NA,,point,paper map,,,,,,,,larvae,30,,NA,,NA,,NA,30,,,,,7,7,2006,2006,,,,,gambiae_s form,,morph (larval),genetic/molecular
NA,no,yes,no,none,1002152,10.1016/j.actatropica.2010.02.001,Djogbenou,"Malaria vectorsintheRepublicofBenin:Distributionofspeciesandmolecular
forms ofthe Anopheles gambiae complex",Acta Tropica,2010,,NA,,,benin,ndali,9.85,2.72,NA,NA,NA,NA,NA,NA,NA,NA,NA,NA,NA,NA,NA,NA,,point,paper map,,,,,,,,larvae,76,,NA,,NA,,NA,76,,,,,7,7,2006,2006,,,,,gambiae_s form,,morph (larval),genetic/molecular
NA,no,yes,no,none,1002152,10.1016/j.actatropica.2010.02.001,Djogbenou,"Malaria vectorsintheRepublicofBenin:Distributionofspeciesandmolecular
forms ofthe Anopheles gambiae complex",Acta Tropica,2010,,NA,,,benin,djougou,9.7,1.65,NA,NA,NA,NA,NA,NA,NA,NA,NA,NA,NA,NA,NA,NA,,point,paper map,,,,,,,,larvae,48,,NA,,NA,,NA,48,,,,,10,10,2007,2007,,,,,gambiae_s form,,morph (larval),genetic/molecular
NA,no,yes,no,none,1002152,10.1016/j.actatropica.2010.02.001,Djogbenou,"Malaria vectorsintheRepublicofBenin:Distributionofspeciesandmolecular
forms ofthe Anopheles gambiae complex",Acta Tropica,2010,,NA,,,benin,parakou,9.35,2.62,NA,NA,NA,NA,NA,NA,NA,NA,NA,NA,NA,NA,NA,NA,,point,paper map,,,,,,,,larvae,20,,NA,,NA,,NA,20,,,,,6,6,2006,2006,,,,,gambiae_s form,,morph (larval),genetic/molecular
NA,no,yes,no,none,1002152,10.1016/j.actatropica.2010.02.001,Djogbenou,"Malaria vectorsintheRepublicofBenin:Distributionofspeciesandmolecular
forms ofthe Anopheles gambiae complex",Acta Tropica,2010,,NA,,,benin,tchachou,9.67,2.55,NA,NA,NA,NA,NA,NA,NA,NA,NA,NA,NA,NA,NA,NA,,point,paper map,,,,,,,,larvae,64,,NA,,NA,,NA,64,,,,,7,7,2006,2006,,,,,gambiae_s form,,morph (larval),genetic/molecular
NA,no,yes,no,none,1002152,10.1016/j.actatropica.2010.02.001,Djogbenou,"Malaria vectorsintheRepublicofBenin:Distributionofspeciesandmolecular
forms ofthe Anopheles gambiae complex",Acta Tropica,2010,,NA,,,benin,bassila,9,1.67,NA,NA,NA,NA,NA,NA,NA,NA,NA,NA,NA,NA,NA,NA,,point,paper map,,,,,,,,larvae,80,,NA,,NA,,NA,80,,,,,10,10,2007,2007,,,,,gambiae_s form,,morph (larval),genetic/molecular
NA,no,yes,no,none,1002152,10.1016/j.actatropica.2010.02.001,Djogbenou,"Malaria vectorsintheRepublicofBenin:Distributionofspeciesandmolecular
forms ofthe Anopheles gambiae complex",Acta Tropica,2010,,NA,,,benin,tchaourou,8.9,2.6,NA,NA,NA,NA,NA,NA,NA,NA,NA,NA,NA,NA,NA,NA,,point,paper map,,,,,,,,larvae,65,,NA,,NA,,NA,65,,,,,7,7,2006,2006,,,,,gambiae_s form,,morph (larval),genetic/molecular
NA,no,yes,no,none,1002152,10.1016/j.actatropica.2010.02.001,Djogbenou,"Malaria vectorsintheRepublicofBenin:Distributionofspeciesandmolecular
forms ofthe Anopheles gambiae complex",Acta Tropica,2010,,NA,,,benin,papane,8.82,2.6,NA,NA,NA,NA,NA,NA,NA,NA,NA,NA,NA,NA,NA,NA,,point,paper map,,,,,,,,larvae,66,,NA,,NA,,NA,66,,,,,7,7,2006,2006,,,,,gambiae_s form,,morph (larval),genetic/molecular
NA,no,yes,no,none,1002152,10.1016/j.actatropica.2010.02.001,Djogbenou,"Malaria vectorsintheRepublicofBenin:Distributionofspeciesandmolecular
forms ofthe Anopheles gambiae complex",Acta Tropica,2010,,NA,,,benin,save,8.33,2.48,NA,NA,NA,NA,NA,NA,NA,NA,NA,NA,NA,NA,NA,NA,,point,paper map,,,,,,,,larvae,62,,NA,,NA,,NA,62,,,,,5,5,2007,2007,,,,,gambiae_s form,,morph (larval),genetic/molecular
NA,no,yes,no,none,1002152,10.1016/j.actatropica.2010.02.001,Djogbenou,"Malaria vectorsintheRepublicofBenin:Distributionofspeciesandmolecular
forms ofthe Anopheles gambiae complex",Acta Tropica,2010,,NA,,,benin,glazoue,7.97,2.23,NA,NA,NA,NA,NA,NA,NA,NA,NA,NA,NA,NA,NA,NA,,point,paper map,,,,,,,,larvae,5,,NA,,NA,,NA,5,,,,,5,5,2007,2007,,,,,gambiae_s form,,morph (larval),genetic/molecular
NA,no,yes,no,none,1002152,10.1016/j.actatropica.2010.02.001,Djogbenou,"Malaria vectorsintheRepublicofBenin:Distributionofspeciesandmolecular
forms ofthe Anopheles gambiae complex",Acta Tropica,2010,,NA,,,benin,savalou,7.93,1.97,NA,NA,NA,NA,NA,NA,NA,NA,NA,NA,NA,NA,NA,NA,,point,paper map,,,,,,,,larvae,33,,NA,,NA,,NA,33,,,,,10,10,2007,2007,,,,,gambiae_s form,,morph (larval),genetic/molecular
NA,no,yes,no,none,1002152,10.1016/j.actatropica.2010.02.001,Djogbenou,"Malaria vectorsintheRepublicofBenin:Distributionofspeciesandmolecular
forms ofthe Anopheles gambiae complex",Acta Tropica,2010,,NA,,,benin,dassa zoume,7.78,2.18,NA,NA,NA,NA,NA,NA,NA,NA,NA,NA,NA,NA,NA,NA,,point,paper map,,,,,,,,larvae,69,,NA,,NA,,NA,69,,,,,5,5,2007,2007,,,,,gambiae_s form,,morph (larval),genetic/molecular
NA,no,yes,no,none,1002152,10.1016/j.actatropica.2010.02.001,Djogbenou,"Malaria vectorsintheRepublicofBenin:Distributionofspeciesandmolecular
forms ofthe Anopheles gambiae complex",Acta Tropica,2010,,NA,,,benin,paouignan,7.67,2.22,NA,NA,NA,NA,NA,NA,NA,NA,NA,NA,NA,NA,NA,NA,,point,paper map,,,,,,,,larvae,43,,NA,,NA,,NA,43,,,,,6,6,2006,2006,,,,,gambiae_s form,,morph (larval),genetic/molecular
NA,no,yes,no,none,1002152,10.1016/j.actatropica.2010.02.001,Djogbenou,"Malaria vectorsintheRepublicofBenin:Distributionofspeciesandmolecular
forms ofthe Anopheles gambiae complex",Acta Tropica,2010,,NA,,,benin,abomey,7.18,1.98,NA,NA,NA,NA,NA,NA,NA,NA,NA,NA,NA,NA,NA,NA,,point,paper map,,,,,,,,larvae,69,,NA,,NA,,NA,69,,,,,6,6,2006,2006,,,,,gambiae_s form,,morph (larval),genetic/molecular
NA,no,yes,no,none,1002152,10.1016/j.actatropica.2010.02.001,Djogbenou,"Malaria vectorsintheRepublicofBenin:Distributionofspeciesandmolecular
forms ofthe Anopheles gambiae complex",Acta Tropica,2010,,NA,,,benin,bohicon,718.333,206.917,NA,NA,NA,NA,NA,NA,NA,NA,NA,NA,NA,NA,NA,NA,,point,paper map,,,,,,,,larvae,4,,NA,,NA,,NA,4,,,,,5,5,2006,2006,,,,,gambiae_s form,,morph (larval),genetic/molecular
NA,no,yes,no,none,1002152,10.1016/j.actatropica.2010.02.001,Djogbenou,"Malaria vectorsintheRepublicofBenin:Distributionofspeciesandmolecular
forms ofthe Anopheles gambiae complex",Acta Tropica,2010,,NA,,,benin,zogbodomey,7.066,2.115,NA,NA,NA,NA,NA,NA,NA,NA,NA,NA,NA,NA,NA,NA,,point,paper map,,,,,,,,larvae,10,,NA,,NA,,NA,10,,,,,5,5,2006,2006,,,,,gambiae_s form,,morph (larval),genetic/molecular
NA,no,yes,no,none,1002152,10.1016/j.actatropica.2010.02.001,Djogbenou,"Malaria vectorsintheRepublicofBenin:Distributionofspeciesandmolecular
forms ofthe Anopheles gambiae complex",Acta Tropica,2010,,NA,,,benin,cana,713.333,206.667,NA,NA,NA,NA,NA,NA,NA,NA,NA,NA,NA,NA,NA,NA,,point,paper map,,,,,,,,larvae,25,,NA,,NA,,NA,25,,,,,5,5,2006,2006,,,,,gambiae_s form,,morph (larval),genetic/molecular
NA,no,yes,no,none,1002152,10.1016/j.actatropica.2010.02.001,Djogbenou,"Malaria vectorsintheRepublicofBenin:Distributionofspeciesandmolecular
forms ofthe Anopheles gambiae complex",Acta Tropica,2010,,NA,,,benin,sehoue,6.92,2.27,NA,NA,NA,NA,NA,NA,NA,NA,NA,NA,NA,NA,NA,NA,,point,paper map,,,,,,,,larvae,50,,NA,,NA,,NA,50,,,,,4,4,2006,2006,,,,,gambiae_s form,,morph (larval),genetic/molecular
NA,no,yes,no,none,1002152,10.1016/j.actatropica.2010.02.001,Djogbenou,"Malaria vectorsintheRepublicofBenin:Distributionofspeciesandmolecular
forms ofthe Anopheles gambiae complex",Acta Tropica,2010,,NA,,,benin,niaouli,6.83,2.72,NA,NA,NA,NA,NA,NA,NA,NA,NA,NA,NA,NA,NA,NA,,point,paper map,,,,,,,,larvae,13,,NA,,NA,,NA,13,,,,,4,4,2006,2006,,,,,gambiae_s form,,morph (larval),genetic/molecular
NA,no,yes,no,none,1002152,10.1016/j.actatropica.2010.02.001,Djogbenou,"Malaria vectorsintheRepublicofBenin:Distributionofspeciesandmolecular
forms ofthe Anopheles gambiae complex",Acta Tropica,2010,,NA,,,benin,houegbo,6.8,2.17,NA,NA,NA,NA,NA,NA,NA,NA,NA,NA,NA,NA,NA,NA,,point,paper map,,,,,,,,larvae,53,,NA,,NA,,NA,53,,,,,4,4,2006,2006,,,,,gambiae_s form,,morph (larval),genetic/molecular
NA,no,yes,no,none,1002152,10.1016/j.actatropica.2010.02.001,Djogbenou,"Malaria vectorsintheRepublicofBenin:Distributionofspeciesandmolecular
forms ofthe Anopheles gambiae complex",Acta Tropica,2010,,NA,,,benin,allada,66.641,215.741,NA,NA,NA,NA,NA,NA,NA,NA,NA,NA,NA,NA,NA,NA,,point,paper map,,,,,,,,larvae,63,,NA,,NA,,NA,63,,,,,3,3,2006,2006,,,,,gambiae_s form,,morph (larval),genetic/molecular
NA,no,yes,no,none,1002152,10.1016/j.actatropica.2010.02.001,Djogbenou,"Malaria vectorsintheRepublicofBenin:Distributionofspeciesandmolecular
forms ofthe Anopheles gambiae complex",Acta Tropica,2010,,NA,,,benin,Tori Bossito,650.342,214.473,NA,NA,NA,NA,NA,NA,NA,NA,NA,NA,NA,NA,NA,NA,,point,paper map,,,,,,,,larvae,17,,NA,,NA,,NA,17,,,,,3,3,2006,2006,,,,,gambiae_s form,,morph (larval),genetic/molecular
NA,no,yes,no,none,1002152,10.1016/j.actatropica.2010.02.001,Djogbenou,"Malaria vectorsintheRepublicofBenin:Distributionofspeciesandmolecular
forms ofthe Anopheles gambiae complex",Acta Tropica,2010,,NA,,,benin,pahou,6.38,2.22,NA,NA,NA,NA,NA,NA,NA,NA,NA,NA,NA,NA,NA,NA,,point,paper map,,,,,,,,larvae,0,,NA,,NA,,NA,0,,,,,3,3,2006,2006,,,,,gambiae_s form,,morph (larval),genetic/molecular
NA,no,yes,no,none,1002152,10.1016/j.actatropica.2010.02.001,Djogbenou,"Malaria vectorsintheRepublicofBenin:Distributionofspeciesandmolecular
forms ofthe Anopheles gambiae complex",Acta Tropica,2010,,NA,,,benin,cotonou,63.615,2.464,NA,NA,NA,NA,NA,NA,NA,NA,NA,NA,NA,NA,NA,NA,,point,paper map,,,,,,,,larvae,0,,NA,,NA,,NA,0,,,,,10,10,2007,2007,,,,,gambiae_s form,,morph (larval),genetic/molecular
NA,no,yes,no,none,1002153,10.1371/journal.pone.0015596,Drame,"Human Antibody Responses to the Anopheles Salivary
gSG6-P1 Peptide: A Novel Tool for Evaluating the
Efficacy of ITNs in Malaria Vector Control",PLoS ONE,2010,,NA,,,angola,lobito,-12.36,13.556,NA,NA,NA,NA,NA,NA,NA,NA,NA,NA,NA,NA,NA,NA,,point,google earth,,,,yes,itn,yes,source mentions that itns were supplied and used during the study period,cdc-lt,NA,,NA,,NA,,NA,NA,,yes,no,,3,1,2005,2007,,,700mm/yr,,gambiae complex,,genetic/molecular,
NA,no,yes,no,none,1002154,10.4269/ajtmh.2010.09-0684,Drame,"Human Antibody Response to Anopheles gambiae Saliva: An Immuno-Epidemiological
Biomarker to Evaluate the Efficacy of Insecticide-Treated Nets in Malaria Vector Control",The American Society of Tropical Medicine and Hygiene,2010,,NA,,,angola,lobito,-12.36,13.556,NA,NA,NA,NA,NA,NA,NA,NA,NA,NA,NA,NA,NA,NA,,point,google earth,,,,yes,itn,yes,source mentions that itns were supplied and used during the study period,cdc-lt,NA,,NA,,NA,,NA,NA,,yes,no,,3,10,2005,2006,,,700mm/yr,,gambiae complex,,morph,
NA,no,yes,no,none,1002156,,Ebenezer,"Species composition of the Anopheles gambiae complex across
eco-vegetational zones in Bayelsa State, Niger Delta region, Nigeria",J Vector Borne,2012,,NA,,,nigeria,Yenagoa,4.952,5.464,NA,NA,NA,NA,NA,NA,NA,NA,NA,NA,NA,NA,NA,NA,,point,paper map,,bayelsa state,"The study was conducted in 7 Local Government Areas
(LGAs), Bayelsa State, Nigeria. Bayelsa State is located
(5Ã‚Â°22?E, 6Ã‚Â°45?E and 4Ã‚Â°15?N, 5Ã‚Â°23?N) in the lower Delta
plain",,,,,HRI,32,,NA,,NA,,NA,32,,yes,no,,9,8,2009,2010,,,,,gambiae_s form,,morph,genetic/molecular
NA,no,yes,no,none,1002156,,Ebenezer,"Species composition of the Anopheles gambiae complex across
eco-vegetational zones in Bayelsa State, Niger Delta region, Nigeria",J Vector Borne,2012,,NA,,,nigeria,Sagbama,5.15,6.233,NA,NA,NA,NA,NA,NA,NA,NA,NA,NA,NA,NA,NA,NA,,point,paper map,,bayelsa state,"The study was conducted in 7 Local Government Areas
(LGAs), Bayelsa State, Nigeria. Bayelsa State is located
(5Ã‚Â°22?E, 6Ã‚Â°45?E and 4Ã‚Â°15?N, 5Ã‚Â°23?N) in the lower Delta
plain",,,,,HRI,21,,NA,,NA,,NA,21,,yes,no,,9,8,2009,2010,,,,,gambiae_s form,,morph,genetic/molecular
NA,no,yes,no,none,1002156,,Ebenezer,"Species composition of the Anopheles gambiae complex across
eco-vegetational zones in Bayelsa State, Niger Delta region, Nigeria",J Vector Borne,2012,,NA,,,nigeria,Kaiama,9.6,3.93,NA,NA,NA,NA,NA,NA,NA,NA,NA,NA,NA,NA,NA,NA,,point,paper map,,bayelsa state,"The study was conducted in 7 Local Government Areas
(LGAs), Bayelsa State, Nigeria. Bayelsa State is located
(5Ã‚Â°22?E, 6Ã‚Â°45?E and 4Ã‚Â°15?N, 5Ã‚Â°23?N) in the lower Delta
plain",,,,,HRI,21,,NA,,NA,,NA,21,,yes,no,,9,8,2009,2010,,,,,gambiae_s form,,morph,genetic/molecular
NA,no,yes,no,none,1002156,,Ebenezer,"Species composition of the Anopheles gambiae complex across
eco-vegetational zones in Bayelsa State, Niger Delta region, Nigeria",J Vector Borne,2012,,NA,,,nigeria,Ogbia,4.883,6.366,NA,NA,NA,NA,NA,NA,NA,NA,NA,NA,NA,NA,NA,NA,,point,paper map,,bayelsa state,"The study was conducted in 7 Local Government Areas
(LGAs), Bayelsa State, Nigeria. Bayelsa State is located
(5Ã‚Â°22?E, 6Ã‚Â°45?E and 4Ã‚Â°15?N, 5Ã‚Â°23?N) in the lower Delta
plain",,,,,HRI,26,,NA,,NA,,NA,26,,yes,no,,9,8,2009,2010,,,,,gambiae_s form,,morph,genetic/molecular
NA,no,yes,no,none,1002156,,Ebenezer,"Species composition of the Anopheles gambiae complex across
eco-vegetational zones in Bayelsa State, Niger Delta region, Nigeria",J Vector Borne,2012,,NA,,,nigeria,Oporoma,4.81,6.079,NA,NA,NA,NA,NA,NA,NA,NA,NA,NA,NA,NA,NA,NA,,point,paper map,,bayelsa state,"The study was conducted in 7 Local Government Areas
(LGAs), Bayelsa State, Nigeria. Bayelsa State is located
(5Ã‚Â°22?E, 6Ã‚Â°45?E and 4Ã‚Â°15?N, 5Ã‚Â°23?N) in the lower Delta
plain",,,,,HRI,25,,NA,,NA,,NA,25,,yes,no,,9,8,2009,2010,,,,,gambiae_s form,,morph,genetic/molecular
NA,no,yes,no,none,1002156,,Ebenezer,"Species composition of the Anopheles gambiae complex across
eco-vegetational zones in Bayelsa State, Niger Delta region, Nigeria",J Vector Borne,2012,,NA,,,nigeria,Ekeremor,5.033,5.8,NA,NA,NA,NA,NA,NA,NA,NA,NA,NA,NA,NA,NA,NA,,point,paper map,,bayelsa state,"The study was conducted in 7 Local Government Areas
(LGAs), Bayelsa State, Nigeria. Bayelsa State is located
(5Ã‚Â°22?E, 6Ã‚Â°45?E and 4Ã‚Â°15?N, 5Ã‚Â°23?N) in the lower Delta
plain",,,,,HRI,21,,NA,,NA,,NA,21,,yes,no,,9,8,2009,2010,,,,,gambiae_s form,,morph,genetic/molecular
NA,no,yes,no,none,1002156,,Ebenezer,"Species composition of the Anopheles gambiae complex across
eco-vegetational zones in Bayelsa State, Niger Delta region, Nigeria",J Vector Borne,2012,,NA,,,nigeria,Nembe,4.45,6.433,NA,NA,NA,NA,NA,NA,NA,NA,NA,NA,NA,NA,NA,NA,,point,paper map,,bayelsa state,"The study was conducted in 7 Local Government Areas
(LGAs), Bayelsa State, Nigeria. Bayelsa State is located
(5Ã‚Â°22?E, 6Ã‚Â°45?E and 4Ã‚Â°15?N, 5Ã‚Â°23?N) in the lower Delta
plain",,,,,HRI,34,,NA,,NA,,NA,34,,yes,no,,9,8,2009,2010,,,,,gambiae_s form,,morph,genetic/molecular
NA,no,yes,no,none,1002156,,Ebenezer,"Species composition of the Anopheles gambiae complex across
eco-vegetational zones in Bayelsa State, Niger Delta region, Nigeria",J Vector Borne,2012,,NA,,,nigeria,Yenagoa,4.952,5.464,NA,NA,NA,NA,NA,NA,NA,NA,NA,NA,NA,NA,NA,NA,,point,paper map,,bayelsa state,"The study was conducted in 7 Local Government Areas
(LGAs), Bayelsa State, Nigeria. Bayelsa State is located
(5Ã‚Â°22?E, 6Ã‚Â°45?E and 4Ã‚Â°15?N, 5Ã‚Â°23?N) in the lower Delta
plain",,,,,HRI,1,,NA,,NA,,NA,1,,yes,no,,9,8,2009,2010,,,,,arabiensis,,morph,genetic/molecular
NA,no,yes,no,none,1002156,,Ebenezer,"Species composition of the Anopheles gambiae complex across
eco-vegetational zones in Bayelsa State, Niger Delta region, Nigeria",J Vector Borne,2012,,NA,,,nigeria,Ogbia,4.883,6.366,NA,NA,NA,NA,NA,NA,NA,NA,NA,NA,NA,NA,NA,NA,,point,paper map,,bayelsa state,"The study was conducted in 7 Local Government Areas
(LGAs), Bayelsa State, Nigeria. Bayelsa State is located
(5Ã‚Â°22?E, 6Ã‚Â°45?E and 4Ã‚Â°15?N, 5Ã‚Â°23?N) in the lower Delta
plain",,,,,HRI,1,,NA,,NA,,NA,1,,yes,no,,9,8,2009,2010,,,,,arabiensis,,morph,genetic/molecular
NA,no,yes,no,none,1002156,,Ebenezer,"Species composition of the Anopheles gambiae complex across
eco-vegetational zones in Bayelsa State, Niger Delta region, Nigeria",J Vector Borne,2012,,NA,,,nigeria,Ekeremor,5.033,5.8,NA,NA,NA,NA,NA,NA,NA,NA,NA,NA,NA,NA,NA,NA,,point,paper map,,bayelsa state,"The study was conducted in 7 Local Government Areas
(LGAs), Bayelsa State, Nigeria. Bayelsa State is located
(5Ã‚Â°22?E, 6Ã‚Â°45?E and 4Ã‚Â°15?N, 5Ã‚Â°23?N) in the lower Delta
plain",,,,,HRI,3,,NA,,NA,,NA,3,,yes,no,,9,8,2009,2010,,,,,arabiensis,,morph,genetic/molecular
NA,no,yes,no,none,1002156,,Ebenezer,"Species composition of the Anopheles gambiae complex across
eco-vegetational zones in Bayelsa State, Niger Delta region, Nigeria",J Vector Borne,2012,,NA,,,nigeria,Nembe,4.45,6.433,NA,NA,NA,NA,NA,NA,NA,NA,NA,NA,NA,NA,NA,NA,,point,paper map,,bayelsa state,"The study was conducted in 7 Local Government Areas
(LGAs), Bayelsa State, Nigeria. Bayelsa State is located
(5Ã‚Â°22?E, 6Ã‚Â°45?E and 4Ã‚Â°15?N, 5Ã‚Â°23?N) in the lower Delta
plain",,,,,HRI,4,,NA,,NA,,NA,4,,yes,no,,9,8,2009,2010,,,,,arabiensis,,morph,genetic/molecular
NA,no,yes,no,none,1002156,,Ebenezer,"Species composition of the Anopheles gambiae complex across
eco-vegetational zones in Bayelsa State, Niger Delta region, Nigeria",J Vector Borne,2012,,NA,,,nigeria,Yenagoa,4.952,5.464,NA,NA,NA,NA,NA,NA,NA,NA,NA,NA,NA,NA,NA,NA,,point,paper map,,bayelsa state,"The study was conducted in 7 Local Government Areas
(LGAs), Bayelsa State, Nigeria. Bayelsa State is located
(5Ã‚Â°22?E, 6Ã‚Â°45?E and 4Ã‚Â°15?N, 5Ã‚Â°23?N) in the lower Delta
plain",,,,,HRI,1,,NA,,NA,,NA,1,,yes,no,,9,8,2009,2010,,,,,melas,,morph,genetic/molecular
NA,no,yes,no,none,1002156,,Ebenezer,"Species composition of the Anopheles gambiae complex across
eco-vegetational zones in Bayelsa State, Niger Delta region, Nigeria",J Vector Borne,2012,,NA,,,nigeria,Ogbia,4.883,6.366,NA,NA,NA,NA,NA,NA,NA,NA,NA,NA,NA,NA,NA,NA,,point,paper map,,bayelsa state,"The study was conducted in 7 Local Government Areas
(LGAs), Bayelsa State, Nigeria. Bayelsa State is located
(5Ã‚Â°22?E, 6Ã‚Â°45?E and 4Ã‚Â°15?N, 5Ã‚Â°23?N) in the lower Delta
plain",,,,,HRI,1,,NA,,NA,,NA,1,,yes,no,,9,8,2009,2010,,,,,melas,,morph,genetic/molecular
NA,no,yes,no,none,1002156,,Ebenezer,"Species composition of the Anopheles gambiae complex across
eco-vegetational zones in Bayelsa State, Niger Delta region, Nigeria",J Vector Borne,2012,,NA,,,nigeria,Nembe,4.45,6.433,NA,NA,NA,NA,NA,NA,NA,NA,NA,NA,NA,NA,NA,NA,,point,paper map,,bayelsa state,"The study was conducted in 7 Local Government Areas
(LGAs), Bayelsa State, Nigeria. Bayelsa State is located
(5Ã‚Â°22?E, 6Ã‚Â°45?E and 4Ã‚Â°15?N, 5Ã‚Â°23?N) in the lower Delta
plain",,,,,HRI,12,,NA,,NA,,NA,12,,yes,no,,9,8,2009,2010,,,,,melas,,morph,genetic/molecular
NA,yes,yes,none,none,1002158,10.1186/s13071-019-3552-2,Ekoko,"Patterns of anopheline feeding/resting
behaviour and Plasmodium infections in North
Cameroon, 2011Ã‚Â–2014: implications for malaria
control",Parasites & Vectors,2019,,NA,yes,authors to provide coordinates for sampled areas,cameroon,pitoa hd,9.382,13.495,NA,NA,NA,NA,NA,NA,NA,NA,NA,NA,NA,NA,NA,NA,,point,google maps,,,the study was done in health districts,yes,itn,yes,"The study began in November 2011, 18 months after the
launch of a LLIN mass distribution campaign in North
Cameroon in June 2010.",HRI,NA,winexit,NA,RO,NA,,NA,NA,,yes,no,,NA,NA,2011,2014,,,,,arabiensis,,morph,genetic/molecular
NA,yes,yes,none,none,1002158,10.1186/s13071-019-3552-2,Ekoko,"Patterns of anopheline feeding/resting
behaviour and Plasmodium infections in North
Cameroon, 2011Ã‚Â–2014: implications for malaria
control",Parasites & Vectors,2019,,NA,yes,authors to provide coordinates for sampled areas,cameroon,pitoa hd,9.382,13.495,NA,NA,NA,NA,NA,NA,NA,NA,NA,NA,NA,NA,NA,NA,,point,google maps,,,the study was done in health districts,yes,itn,yes,"The study began in November 2011, 18 months after the
launch of a LLIN mass distribution campaign in North
Cameroon in June 2010.",HRI,NA,winexit,NA,RO,NA,,NA,NA,,yes,no,,NA,NA,2011,2014,,,,,coluzzii_gambiae_m form,,morph,genetic/molecular
NA,yes,yes,none,none,1002158,10.1186/s13071-019-3552-2,Ekoko,"Patterns of anopheline feeding/resting
behaviour and Plasmodium infections in North
Cameroon, 2011Ã‚Â–2014: implications for malaria
control",Parasites & Vectors,2019,,NA,yes,authors to provide coordinates for sampled areas,cameroon,pitoa hd,9.382,13.495,NA,NA,NA,NA,NA,NA,NA,NA,NA,NA,NA,NA,NA,NA,,point,google maps,,,the study was done in health districts,yes,itn,yes,"The study began in November 2011, 18 months after the
launch of a LLIN mass distribution campaign in North
Cameroon in June 2010.",HRI,NA,winexit,NA,RO,NA,,NA,NA,,yes,no,,NA,NA,2011,2014,,,,,gambiae_s form,,morph,genetic/molecular
NA,yes,yes,none,none,1002158,10.1186/s13071-019-3552-2,Ekoko,"Patterns of anopheline feeding/resting
behaviour and Plasmodium infections in North
Cameroon, 2011Ã‚Â–2014: implications for malaria
control",Parasites & Vectors,2019,,NA,yes,authors to provide coordinates for sampled areas,cameroon,pitoa hd,9.382,13.495,NA,NA,NA,NA,NA,NA,NA,NA,NA,NA,NA,NA,NA,NA,,point,google maps,,,the study was done in health districts,yes,itn,yes,"The study began in November 2011, 18 months after the
launch of a LLIN mass distribution campaign in North
Cameroon in June 2010.",HRI,NA,winexit,NA,RO,NA,,NA,NA,,yes,no,,NA,NA,2011,2014,,,,,funestus,,morph,genetic/molecular
NA,yes,yes,none,none,1002158,10.1186/s13071-019-3552-2,Ekoko,"Patterns of anopheline feeding/resting
behaviour and Plasmodium infections in North
Cameroon, 2011Ã‚Â–2014: implications for malaria
control",Parasites & Vectors,2019,,NA,yes,authors to provide coordinates for sampled areas,cameroon,pitoa hd,9.382,13.495,NA,NA,NA,NA,NA,NA,NA,NA,NA,NA,NA,NA,NA,NA,,point,google maps,,,the study was done in health districts,yes,itn,yes,"The study began in November 2011, 18 months after the
launch of a LLIN mass distribution campaign in North
Cameroon in June 2010.",HRI,NA,winexit,NA,RO,NA,,NA,NA,,yes,no,,NA,NA,2011,2014,,,,,rufipes,,morph,genetic/molecular
NA,no,yes,none,none,1002158,10.1186/s13071-019-3552-2,Ekoko,"Patterns of anopheline feeding/resting
behaviour and Plasmodium infections in North
Cameroon, 2011Ã‚Â–2014: implications for malaria
control",Parasites & Vectors,2019,,NA,yes,authors to provide coordinates for sampled areas,cameroon,pitoa hd,9.382,13.495,NA,NA,NA,NA,NA,NA,NA,NA,NA,NA,NA,NA,NA,NA,,point,google maps,,,the study was done in health districts,yes,itn,yes,"The study began in November 2011, 18 months after the
launch of a LLIN mass distribution campaign in North
Cameroon in June 2010.",HRI,NA,winexit,NA,RO,NA,,NA,NA,,yes,no,,NA,NA,2011,2014,,,,,paludis,,morph,genetic/molecular
NA,no,yes,none,none,1002158,10.1186/s13071-019-3552-2,Ekoko,"Patterns of anopheline feeding/resting
behaviour and Plasmodium infections in North
Cameroon, 2011Ã‚Â–2014: implications for malaria
control",Parasites & Vectors,2019,,NA,yes,authors to provide coordinates for sampled areas,cameroon,pitoa hd,9.382,13.495,NA,NA,NA,NA,NA,NA,NA,NA,NA,NA,NA,NA,NA,NA,,point,google maps,,,the study was done in health districts,yes,itn,yes,"The study began in November 2011, 18 months after the
launch of a LLIN mass distribution campaign in North
Cameroon in June 2010.",HRI,NA,winexit,NA,RO,NA,,NA,NA,,yes,no,,NA,NA,2011,2014,,,,,maculipalpis,,morph,genetic/molecular
NA,no,yes,none,none,1002158,10.1186/s13071-019-3552-2,Ekoko,"Patterns of anopheline feeding/resting
behaviour and Plasmodium infections in North
Cameroon, 2011Ã‚Â–2014: implications for malaria
control",Parasites & Vectors,2019,,NA,yes,authors to provide coordinates for sampled areas,cameroon,pitoa hd,9.382,13.495,NA,NA,NA,NA,NA,NA,NA,NA,NA,NA,NA,NA,NA,NA,,point,google maps,,,the study was done in health districts,yes,itn,yes,"The study began in November 2011, 18 months after the
launch of a LLIN mass distribution campaign in North
Cameroon in June 2010.",HRI,NA,winexit,NA,RO,NA,,NA,NA,,yes,no,,NA,NA,2011,2014,,,,,nili,,morph,genetic/molecular
NA,no,yes,none,none,1002158,10.1186/s13071-019-3552-2,Ekoko,"Patterns of anopheline feeding/resting
behaviour and Plasmodium infections in North
Cameroon, 2011Ã‚Â–2014: implications for malaria
control",Parasites & Vectors,2019,,NA,yes,authors to provide coordinates for sampled areas,cameroon,pitoa hd,9.382,13.495,NA,NA,NA,NA,NA,NA,NA,NA,NA,NA,NA,NA,NA,NA,,point,google maps,,,the study was done in health districts,yes,itn,yes,"The study began in November 2011, 18 months after the
launch of a LLIN mass distribution campaign in North
Cameroon in June 2010.",HRI,NA,winexit,NA,RO,NA,,NA,NA,,yes,no,,NA,NA,2011,2014,,,,,pharoensis,,morph,genetic/molecular
NA,no,yes,none,none,1002158,10.1186/s13071-019-3552-2,Ekoko,"Patterns of anopheline feeding/resting
behaviour and Plasmodium infections in North
Cameroon, 2011Ã‚Â–2014: implications for malaria
control",Parasites & Vectors,2019,,NA,yes,authors to provide coordinates for sampled areas,cameroon,pitoa hd,9.382,13.495,NA,NA,NA,NA,NA,NA,NA,NA,NA,NA,NA,NA,NA,NA,,point,google maps,,,the study was done in health districts,yes,itn,yes,"The study began in November 2011, 18 months after the
launch of a LLIN mass distribution campaign in North
Cameroon in June 2010.",HRI,NA,winexit,NA,RO,NA,,NA,NA,,yes,no,,NA,NA,2011,2014,,,,,coustani,,morph,genetic/molecular
NA,no,yes,none,none,1002158,10.1186/s13071-019-3552-2,Ekoko,"Patterns of anopheline feeding/resting
behaviour and Plasmodium infections in North
Cameroon, 2011Ã‚Â–2014: implications for malaria
control",Parasites & Vectors,2019,,NA,yes,authors to provide coordinates for sampled areas,cameroon,pitoa hd,9.382,13.495,NA,NA,NA,NA,NA,NA,NA,NA,NA,NA,NA,NA,NA,NA,,point,google maps,,,the study was done in health districts,yes,itn,yes,"The study began in November 2011, 18 months after the
launch of a LLIN mass distribution campaign in North
Cameroon in June 2010.",HRI,NA,winexit,NA,RO,NA,,NA,NA,,yes,no,,NA,NA,2011,2014,,,,,pretoriensis,,morph,genetic/molecular
NA,no,yes,none,none,1002158,10.1186/s13071-019-3552-2,Ekoko,"Patterns of anopheline feeding/resting
behaviour and Plasmodium infections in North
Cameroon, 2011Ã‚Â–2014: implications for malaria
control",Parasites & Vectors,2019,,NA,yes,authors to provide coordinates for sampled areas,cameroon,pitoa hd,9.382,13.495,NA,NA,NA,NA,NA,NA,NA,NA,NA,NA,NA,NA,NA,NA,,point,google maps,,,the study was done in health districts,yes,itn,yes,"The study began in November 2011, 18 months after the
launch of a LLIN mass distribution campaign in North
Cameroon in June 2010.",HRI,NA,winexit,NA,RO,NA,,NA,NA,,yes,no,,NA,NA,2011,2014,,,,,ziemanni,,morph,genetic/molecular
NA,no,yes,no,none,1002167,10.1186/1475-2875-9-78,Fournet,"Diversity in anopheline larval habitats and adult
composition during the dry and wet seasons in
Ouagadougou (Burkina Faso)",Malaria Journal,2010,,NA,,,burkina faso,dapoya,1.238.012,-152.187,NA,NA,NA,NA,NA,NA,NA,NA,NA,NA,NA,NA,NA,NA,,point,google maps,,,,na,,,,HRI,NA,cdc-lt,NA,,NA,,NA,0,,no,yes,,4,4,2006,2006,,,,,gambiae_s form,,morph,genetic/molecular
NA,no,yes,no,none,1002167,10.1186/1475-2875-9-78,Fournet,"Diversity in anopheline larval habitats and adult
composition during the dry and wet seasons in
Ouagadougou (Burkina Faso)",Malaria Journal,2010,,NA,,,burkina faso,zongo,1.235.383,-158.617,NA,NA,NA,NA,NA,NA,NA,NA,NA,NA,NA,NA,NA,NA,,point,google maps,,,,na,,,,HRI,NA,cdc-lt,NA,,NA,,NA,2,,yes,no,,4,4,2006,2006,,,,,gambiae_s form,,morph,genetic/molecular
NA,no,yes,no,none,1002167,10.1186/1475-2875-9-78,Fournet,"Diversity in anopheline larval habitats and adult
composition during the dry and wet seasons in
Ouagadougou (Burkina Faso)",Malaria Journal,2010,,NA,,,burkina faso,tanghin,1.234.796,-136.795,NA,NA,NA,NA,NA,NA,NA,NA,NA,NA,NA,NA,NA,NA,,point,google maps,,,,na,,,,HRI,NA,cdc-lt,NA,,NA,,NA,0,,no,yes,,4,4,2006,2006,,,,,gambiae_s form,,morph,genetic/molecular
NA,no,yes,no,none,1002167,10.1186/1475-2875-9-78,Fournet,"Diversity in anopheline larval habitats and adult
composition during the dry and wet seasons in
Ouagadougou (Burkina Faso)",Malaria Journal,2010,,NA,,,burkina faso,yamtenga,1.233.491,-144.973,NA,NA,NA,NA,NA,NA,NA,NA,NA,NA,NA,NA,NA,NA,,point,google maps,,,,na,,,,HRI,NA,cdc-lt,NA,,NA,,NA,0,,no,yes,,4,4,2006,2006,,,,,gambiae_s form,,morph,genetic/molecular
NA,no,yes,no,none,1002167,10.1186/1475-2875-9-78,Fournet,"Diversity in anopheline larval habitats and adult
composition during the dry and wet seasons in
Ouagadougou (Burkina Faso)",Malaria Journal,2010,,NA,,,burkina faso,dapoya,1.238.012,-152.187,NA,NA,NA,NA,NA,NA,NA,NA,NA,NA,NA,NA,NA,NA,,point,google maps,,,,na,,,,HRI,NA,cdc-lt,NA,,NA,,NA,0,,no,yes,,4,4,2006,2006,,,,,coluzzii_gambiae_m form,,morph,genetic/molecular
NA,no,yes,no,none,1002167,10.1186/1475-2875-9-78,Fournet,"Diversity in anopheline larval habitats and adult
composition during the dry and wet seasons in
Ouagadougou (Burkina Faso)",Malaria Journal,2010,,NA,,,burkina faso,zongo,1.235.383,-158.617,NA,NA,NA,NA,NA,NA,NA,NA,NA,NA,NA,NA,NA,NA,,point,google maps,,,,na,,,,HRI,NA,cdc-lt,NA,,NA,,NA,15,,yes,no,,4,4,2006,2006,,,,,coluzzii_gambiae_m form,,morph,genetic/molecular
NA,no,yes,no,none,1002167,10.1186/1475-2875-9-78,Fournet,"Diversity in anopheline larval habitats and adult
composition during the dry and wet seasons in
Ouagadougou (Burkina Faso)",Malaria Journal,2010,,NA,,,burkina faso,tanghin,1.234.796,-136.795,NA,NA,NA,NA,NA,NA,NA,NA,NA,NA,NA,NA,NA,NA,,point,google maps,,,,na,,,,HRI,NA,cdc-lt,NA,,NA,,NA,4,,yes,no,,4,4,2006,2006,,,,,coluzzii_gambiae_m form,,morph,genetic/molecular
NA,no,yes,no,none,1002167,10.1186/1475-2875-9-78,Fournet,"Diversity in anopheline larval habitats and adult
composition during the dry and wet seasons in
Ouagadougou (Burkina Faso)",Malaria Journal,2010,,NA,,,burkina faso,yamtenga,1.233.491,-144.973,NA,NA,NA,NA,NA,NA,NA,NA,NA,NA,NA,NA,NA,NA,,point,google maps,,,,na,,,,HRI,NA,cdc-lt,NA,,NA,,NA,26,,yes,no,,4,4,2006,2006,,,,,coluzzii_gambiae_m form,,morph,genetic/molecular
NA,no,yes,no,none,1002167,10.1186/1475-2875-9-78,Fournet,"Diversity in anopheline larval habitats and adult
composition during the dry and wet seasons in
Ouagadougou (Burkina Faso)",Malaria Journal,2010,,NA,,,burkina faso,dapoya,1.238.012,-152.187,NA,NA,NA,NA,NA,NA,NA,NA,NA,NA,NA,NA,NA,NA,,point,google maps,,,,na,,,,HRI,NA,cdc-lt,NA,,NA,,NA,0,,no,yes,,4,4,2006,2006,,,,,arabiensis,,morph,genetic/molecular
NA,no,yes,no,none,1002167,10.1186/1475-2875-9-78,Fournet,"Diversity in anopheline larval habitats and adult
composition during the dry and wet seasons in
Ouagadougou (Burkina Faso)",Malaria Journal,2010,,NA,,,burkina faso,zongo,1.235.383,-158.617,NA,NA,NA,NA,NA,NA,NA,NA,NA,NA,NA,NA,NA,NA,,point,google maps,,,,na,,,,HRI,NA,cdc-lt,NA,,NA,,NA,50,,yes,no,,4,4,2006,2006,,,,,arabiensis,,morph,genetic/molecular
NA,no,yes,no,none,1002167,10.1186/1475-2875-9-78,Fournet,"Diversity in anopheline larval habitats and adult
composition during the dry and wet seasons in
Ouagadougou (Burkina Faso)",Malaria Journal,2010,,NA,,,burkina faso,tanghin,1.234.796,-136.795,NA,NA,NA,NA,NA,NA,NA,NA,NA,NA,NA,NA,NA,NA,,point,google maps,,,,na,,,,HRI,NA,cdc-lt,NA,,NA,,NA,0,,no,yes,,4,4,2006,2006,,,,,arabiensis,,morph,genetic/molecular
NA,no,yes,no,none,1002167,10.1186/1475-2875-9-78,Fournet,"Diversity in anopheline larval habitats and adult
composition during the dry and wet seasons in
Ouagadougou (Burkina Faso)",Malaria Journal,2010,,NA,,,burkina faso,yamtenga,1.233.491,-144.973,NA,NA,NA,NA,NA,NA,NA,NA,NA,NA,NA,NA,NA,NA,,point,google maps,,,,na,,,,HRI,NA,cdc-lt,NA,,NA,,NA,18,,yes,no,,4,4,2006,2006,,,,,arabiensis,,morph,genetic/molecular
NA,no,yes,no,none,1002167,10.1186/1475-2875-9-78,Fournet,"Diversity in anopheline larval habitats and adult
composition during the dry and wet seasons in
Ouagadougou (Burkina Faso)",Malaria Journal,2010,,NA,,,burkina faso,dapoya,1.238.012,-152.187,NA,NA,NA,NA,NA,NA,NA,NA,NA,NA,NA,NA,NA,NA,,point,google maps,,,,na,,,,HRI,NA,cdc-lt,NA,,NA,,NA,0,,no,yes,,4,4,2006,2006,,,,,funestus,,morph,genetic/molecular
NA,no,yes,no,none,1002167,10.1186/1475-2875-9-78,Fournet,"Diversity in anopheline larval habitats and adult
composition during the dry and wet seasons in
Ouagadougou (Burkina Faso)",Malaria Journal,2010,,NA,,,burkina faso,zongo,1.235.383,-158.617,NA,NA,NA,NA,NA,NA,NA,NA,NA,NA,NA,NA,NA,NA,,point,google maps,,,,na,,,,HRI,NA,cdc-lt,NA,,NA,,NA,0,,no,yes,,4,4,2006,2006,,,,,funestus,,morph,genetic/molecular
NA,no,yes,no,none,1002167,10.1186/1475-2875-9-78,Fournet,"Diversity in anopheline larval habitats and adult
composition during the dry and wet seasons in
Ouagadougou (Burkina Faso)",Malaria Journal,2010,,NA,,,burkina faso,tanghin,1.234.796,-136.795,NA,NA,NA,NA,NA,NA,NA,NA,NA,NA,NA,NA,NA,NA,,point,google maps,,,,na,,,,HRI,NA,cdc-lt,NA,,NA,,NA,0,,no,yes,,4,4,2006,2006,,,,,funestus,,morph,genetic/molecular
NA,no,yes,no,none,1002167,10.1186/1475-2875-9-78,Fournet,"Diversity in anopheline larval habitats and adult
composition during the dry and wet seasons in
Ouagadougou (Burkina Faso)",Malaria Journal,2010,,NA,,,burkina faso,yamtenga,1.233.491,-144.973,NA,NA,NA,NA,NA,NA,NA,NA,NA,NA,NA,NA,NA,NA,,point,google maps,,,,na,,,,HRI,NA,cdc-lt,NA,,NA,,NA,0,,no,yes,,4,4,2006,2006,,,,,funestus,,morph,genetic/molecular
NA,no,yes,no,none,1002167,10.1186/1475-2875-9-78,Fournet,"Diversity in anopheline larval habitats and adult
composition during the dry and wet seasons in
Ouagadougou (Burkina Faso)",Malaria Journal,2010,,NA,,,burkina faso,dapoya,1.238.012,-152.187,NA,NA,NA,NA,NA,NA,NA,NA,NA,NA,NA,NA,NA,NA,,point,google maps,,,,na,,,,HRI,NA,cdc-lt,NA,,NA,,NA,3,,yes,no,,10,10,2006,2006,,,,,gambiae_s form,,morph,genetic/molecular
NA,no,yes,no,none,1002167,10.1186/1475-2875-9-78,Fournet,"Diversity in anopheline larval habitats and adult
composition during the dry and wet seasons in
Ouagadougou (Burkina Faso)",Malaria Journal,2010,,NA,,,burkina faso,zongo,1.235.383,-158.617,NA,NA,NA,NA,NA,NA,NA,NA,NA,NA,NA,NA,NA,NA,,point,google maps,,,,na,,,,HRI,NA,cdc-lt,NA,,NA,,NA,4,,yes,no,,10,10,2006,2006,,,,,gambiae_s form,,morph,genetic/molecular
NA,no,yes,no,none,1002167,10.1186/1475-2875-9-78,Fournet,"Diversity in anopheline larval habitats and adult
composition during the dry and wet seasons in
Ouagadougou (Burkina Faso)",Malaria Journal,2010,,NA,,,burkina faso,tanghin,1.234.796,-136.795,NA,NA,NA,NA,NA,NA,NA,NA,NA,NA,NA,NA,NA,NA,,point,google maps,,,,na,,,,HRI,NA,cdc-lt,NA,,NA,,NA,3,,yes,no,,10,10,2006,2006,,,,,gambiae_s form,,morph,genetic/molecular
NA,no,yes,no,none,1002167,10.1186/1475-2875-9-78,Fournet,"Diversity in anopheline larval habitats and adult
composition during the dry and wet seasons in
Ouagadougou (Burkina Faso)",Malaria Journal,2010,,NA,,,burkina faso,yamtenga,1.233.491,-144.973,NA,NA,NA,NA,NA,NA,NA,NA,NA,NA,NA,NA,NA,NA,,point,google maps,,,,na,,,,HRI,NA,cdc-lt,NA,,NA,,NA,3,,yes,no,,10,10,2006,2006,,,,,gambiae_s form,,morph,genetic/molecular
NA,no,yes,no,none,1002167,10.1186/1475-2875-9-78,Fournet,"Diversity in anopheline larval habitats and adult
composition during the dry and wet seasons in
Ouagadougou (Burkina Faso)",Malaria Journal,2010,,NA,,,burkina faso,dapoya,1.238.012,-152.187,NA,NA,NA,NA,NA,NA,NA,NA,NA,NA,NA,NA,NA,NA,,point,google maps,,,,na,,,,HRI,NA,cdc-lt,NA,,NA,,NA,16,,yes,no,,10,10,2006,2006,,,,,coluzzii_gambiae_m form,,morph,genetic/molecular
NA,no,yes,no,none,1002167,10.1186/1475-2875-9-78,Fournet,"Diversity in anopheline larval habitats and adult
composition during the dry and wet seasons in
Ouagadougou (Burkina Faso)",Malaria Journal,2010,,NA,,,burkina faso,zongo,1.235.383,-158.617,NA,NA,NA,NA,NA,NA,NA,NA,NA,NA,NA,NA,NA,NA,,point,google maps,,,,na,,,,HRI,NA,cdc-lt,NA,,NA,,NA,24,,yes,no,,10,10,2006,2006,,,,,coluzzii_gambiae_m form,,morph,genetic/molecular
NA,no,yes,no,none,1002167,10.1186/1475-2875-9-78,Fournet,"Diversity in anopheline larval habitats and adult
composition during the dry and wet seasons in
Ouagadougou (Burkina Faso)",Malaria Journal,2010,,NA,,,burkina faso,tanghin,1.234.796,-136.795,NA,NA,NA,NA,NA,NA,NA,NA,NA,NA,NA,NA,NA,NA,,point,google maps,,,,na,,,,HRI,NA,cdc-lt,NA,,NA,,NA,38,,yes,no,,10,10,2006,2006,,,,,coluzzii_gambiae_m form,,morph,genetic/molecular
NA,no,yes,no,none,1002167,10.1186/1475-2875-9-78,Fournet,"Diversity in anopheline larval habitats and adult
composition during the dry and wet seasons in
Ouagadougou (Burkina Faso)",Malaria Journal,2010,,NA,,,burkina faso,yamtenga,1.233.491,-144.973,NA,NA,NA,NA,NA,NA,NA,NA,NA,NA,NA,NA,NA,NA,,point,google maps,,,,na,,,,HRI,NA,cdc-lt,NA,,NA,,NA,27,,yes,no,,10,10,2006,2006,,,,,coluzzii_gambiae_m form,,morph,genetic/molecular
NA,no,yes,no,none,1002167,10.1186/1475-2875-9-78,Fournet,"Diversity in anopheline larval habitats and adult
composition during the dry and wet seasons in
Ouagadougou (Burkina Faso)",Malaria Journal,2010,,NA,,,burkina faso,dapoya,1.238.012,-152.187,NA,NA,NA,NA,NA,NA,NA,NA,NA,NA,NA,NA,NA,NA,,point,google maps,,,,na,,,,HRI,NA,cdc-lt,NA,,NA,,NA,17,,yes,no,,10,10,2006,2006,,,,,arabiensis,,morph,genetic/molecular
NA,no,yes,no,none,1002167,10.1186/1475-2875-9-78,Fournet,"Diversity in anopheline larval habitats and adult
composition during the dry and wet seasons in
Ouagadougou (Burkina Faso)",Malaria Journal,2010,,NA,,,burkina faso,zongo,1.235.383,-158.617,NA,NA,NA,NA,NA,NA,NA,NA,NA,NA,NA,NA,NA,NA,,point,google maps,,,,na,,,,HRI,NA,cdc-lt,NA,,NA,,NA,30,,yes,no,,10,10,2006,2006,,,,,arabiensis,,morph,genetic/molecular
NA,no,yes,no,none,1002167,10.1186/1475-2875-9-78,Fournet,"Diversity in anopheline larval habitats and adult
composition during the dry and wet seasons in
Ouagadougou (Burkina Faso)",Malaria Journal,2010,,NA,,,burkina faso,tanghin,1.234.796,-136.795,NA,NA,NA,NA,NA,NA,NA,NA,NA,NA,NA,NA,NA,NA,,point,google maps,,,,na,,,,HRI,NA,cdc-lt,NA,,NA,,NA,29,,yes,no,,10,10,2006,2006,,,,,arabiensis,,morph,genetic/molecular
NA,no,yes,no,none,1002167,10.1186/1475-2875-9-78,Fournet,"Diversity in anopheline larval habitats and adult
composition during the dry and wet seasons in
Ouagadougou (Burkina Faso)",Malaria Journal,2010,,NA,,,burkina faso,yamtenga,1.233.491,-144.973,NA,NA,NA,NA,NA,NA,NA,NA,NA,NA,NA,NA,NA,NA,,point,google maps,,,,na,,,,HRI,NA,cdc-lt,NA,,NA,,NA,11,,yes,no,,10,10,2006,2006,,,,,arabiensis,,morph,genetic/molecular
NA,no,yes,no,none,1002167,10.1186/1475-2875-9-78,Fournet,"Diversity in anopheline larval habitats and adult
composition during the dry and wet seasons in
Ouagadougou (Burkina Faso)",Malaria Journal,2010,,NA,,,burkina faso,dapoya,1.238.012,-152.187,NA,NA,NA,NA,NA,NA,NA,NA,NA,NA,NA,NA,NA,NA,,point,google maps,,,,na,,,,HRI,NA,cdc-lt,NA,,NA,,NA,1,,yes,no,,10,10,2006,2006,,,,,funestus,,morph,genetic/molecular
NA,no,yes,no,none,1002167,10.1186/1475-2875-9-78,Fournet,"Diversity in anopheline larval habitats and adult
composition during the dry and wet seasons in
Ouagadougou (Burkina Faso)",Malaria Journal,2010,,NA,,,burkina faso,zongo,1.235.383,-158.617,NA,NA,NA,NA,NA,NA,NA,NA,NA,NA,NA,NA,NA,NA,,point,google maps,,,,na,,,,HRI,NA,cdc-lt,NA,,NA,,NA,0,,no,yes,,10,10,2006,2006,,,,,funestus,,morph,genetic/molecular
NA,no,yes,no,none,1002167,10.1186/1475-2875-9-78,Fournet,"Diversity in anopheline larval habitats and adult
composition during the dry and wet seasons in
Ouagadougou (Burkina Faso)",Malaria Journal,2010,,NA,,,burkina faso,tanghin,1.234.796,-136.795,NA,NA,NA,NA,NA,NA,NA,NA,NA,NA,NA,NA,NA,NA,,point,google maps,,,,na,,,,HRI,NA,cdc-lt,NA,,NA,,NA,2,,yes,no,,10,10,2006,2006,,,,,funestus,,morph,genetic/molecular
NA,no,yes,no,none,1002167,10.1186/1475-2875-9-78,Fournet,"Diversity in anopheline larval habitats and adult
composition during the dry and wet seasons in
Ouagadougou (Burkina Faso)",Malaria Journal,2010,,NA,,,burkina faso,yamtenga,1.233.491,-144.973,NA,NA,NA,NA,NA,NA,NA,NA,NA,NA,NA,NA,NA,NA,,point,google maps,,,,na,,,,HRI,NA,cdc-lt,NA,,NA,,NA,0,,no,yes,,10,10,2006,2006,,,,,funestus,,morph,genetic/molecular
NA,yes,yes,no,none,1002167,10.1186/1475-2875-9-78,Fournet,"Diversity in anopheline larval habitats and adult
composition during the dry and wet seasons in
Ouagadougou (Burkina Faso)",Malaria Journal,2010,,NA,,,burkina faso,zongo,1.235.383,-158.617,NA,NA,NA,NA,NA,NA,NA,NA,NA,NA,NA,NA,NA,NA,,point,google maps,,,,na,,,,HRI,NA,cdc-lt,NA,,NA,,NA,NA,,yes,no,,10,10,2006,2006,,,,,coluzzii_gambiae_m form,,morph,genetic/molecular
NA,yes,yes,no,none,1002167,10.1186/1475-2875-9-78,Fournet,"Diversity in anopheline larval habitats and adult
composition during the dry and wet seasons in
Ouagadougou (Burkina Faso)",Malaria Journal,2010,,NA,,,burkina faso,zongo,1.235.383,-158.617,NA,NA,NA,NA,NA,NA,NA,NA,NA,NA,NA,NA,NA,NA,,point,google maps,,,,na,,,,HRI,NA,cdc-lt,NA,,NA,,NA,NA,,yes,no,,10,10,2006,2006,,,,,gambiae_s form,,morph,genetic/molecular
NA,yes,yes,no,none,1002167,10.1186/1475-2875-9-78,Fournet,"Diversity in anopheline larval habitats and adult
composition during the dry and wet seasons in
Ouagadougou (Burkina Faso)",Malaria Journal,2010,,NA,,,burkina faso,zongo,1.235.383,-158.617,NA,NA,NA,NA,NA,NA,NA,NA,NA,NA,NA,NA,NA,NA,,point,google maps,,,,na,,,,HRI,NA,cdc-lt,NA,,NA,,NA,NA,,yes,no,,10,10,2006,2006,,,,,arabiensis,,morph,genetic/molecular
NA,yes,yes,no,none,1002167,10.1186/1475-2875-9-78,Fournet,"Diversity in anopheline larval habitats and adult
composition during the dry and wet seasons in
Ouagadougou (Burkina Faso)",Malaria Journal,2010,,NA,,,burkina faso,zongo,1.235.383,-158.617,NA,NA,NA,NA,NA,NA,NA,NA,NA,NA,NA,NA,NA,NA,,point,google maps,,,,na,,,,HRI,NA,cdc-lt,NA,,NA,,NA,NA,,yes,no,,10,10,2006,2006,,,,,funestus,,morph,genetic/molecular
NA,yes,yes,no,none,1002167,10.1186/1475-2875-9-78,Fournet,"Diversity in anopheline larval habitats and adult
composition during the dry and wet seasons in
Ouagadougou (Burkina Faso)",Malaria Journal,2010,,NA,,,burkina faso,yamtenga,1.233.491,-144.973,NA,NA,NA,NA,NA,NA,NA,NA,NA,NA,NA,NA,NA,NA,,point,google maps,,,,na,,,,HRI,NA,cdc-lt,NA,,NA,,NA,NA,,yes,no,,10,10,2006,2006,,,,,coluzzii_gambiae_m form,,morph,genetic/molecular
NA,yes,yes,no,none,1002167,10.1186/1475-2875-9-78,Fournet,"Diversity in anopheline larval habitats and adult
composition during the dry and wet seasons in
Ouagadougou (Burkina Faso)",Malaria Journal,2010,,NA,,,burkina faso,yamtenga,1.233.491,-144.973,NA,NA,NA,NA,NA,NA,NA,NA,NA,NA,NA,NA,NA,NA,,point,google maps,,,,na,,,,HRI,NA,cdc-lt,NA,,NA,,NA,NA,,yes,no,,10,10,2006,2006,,,,,gambiae_s form,,morph,genetic/molecular
NA,yes,yes,no,none,1002167,10.1186/1475-2875-9-78,Fournet,"Diversity in anopheline larval habitats and adult
composition during the dry and wet seasons in
Ouagadougou (Burkina Faso)",Malaria Journal,2010,,NA,,,burkina faso,yamtenga,1.233.491,-144.973,NA,NA,NA,NA,NA,NA,NA,NA,NA,NA,NA,NA,NA,NA,,point,google maps,,,,na,,,,HRI,NA,cdc-lt,NA,,NA,,NA,NA,,yes,no,,10,10,2006,2006,,,,,arabiensis,,morph,genetic/molecular
NA,yes,yes,no,none,1002167,10.1186/1475-2875-9-78,Fournet,"Diversity in anopheline larval habitats and adult
composition during the dry and wet seasons in
Ouagadougou (Burkina Faso)",Malaria Journal,2010,,NA,,,burkina faso,yamtenga,1.233.491,-144.973,NA,NA,NA,NA,NA,NA,NA,NA,NA,NA,NA,NA,NA,NA,,point,google maps,,,,na,,,,HRI,NA,cdc-lt,NA,,NA,,NA,NA,,yes,no,,10,10,2006,2006,,,,,funestus,,morph,genetic/molecular
NA,yes,yes,no,none,1002167,10.1186/1475-2875-9-78,Fournet,"Diversity in anopheline larval habitats and adult
composition during the dry and wet seasons in
Ouagadougou (Burkina Faso)",Malaria Journal,2010,,NA,,,burkina faso,tanghin,1.234.796,-136.795,NA,NA,NA,NA,NA,NA,NA,NA,NA,NA,NA,NA,NA,NA,,point,google maps,,,,na,,,,HRI,NA,cdc-lt,NA,,NA,,NA,NA,,yes,no,,10,10,2006,2006,,,,,coluzzii_gambiae_m form,,morph,genetic/molecular
NA,yes,yes,no,none,1002167,10.1186/1475-2875-9-78,Fournet,"Diversity in anopheline larval habitats and adult
composition during the dry and wet seasons in
Ouagadougou (Burkina Faso)",Malaria Journal,2010,,NA,,,burkina faso,tanghin,1.234.796,-136.795,NA,NA,NA,NA,NA,NA,NA,NA,NA,NA,NA,NA,NA,NA,,point,google maps,,,,na,,,,HRI,NA,cdc-lt,NA,,NA,,NA,NA,,yes,no,,10,10,2006,2006,,,,,gambiae_s form,,morph,genetic/molecular
NA,yes,yes,no,none,1002167,10.1186/1475-2875-9-78,Fournet,"Diversity in anopheline larval habitats and adult
composition during the dry and wet seasons in
Ouagadougou (Burkina Faso)",Malaria Journal,2010,,NA,,,burkina faso,tanghin,1.234.796,-136.795,NA,NA,NA,NA,NA,NA,NA,NA,NA,NA,NA,NA,NA,NA,,point,google maps,,,,na,,,,HRI,NA,cdc-lt,NA,,NA,,NA,NA,,yes,no,,10,10,2006,2006,,,,,arabiensis,,morph,genetic/molecular
NA,yes,yes,no,none,1002167,10.1186/1475-2875-9-78,Fournet,"Diversity in anopheline larval habitats and adult
composition during the dry and wet seasons in
Ouagadougou (Burkina Faso)",Malaria Journal,2010,,NA,,,burkina faso,tanghin,1.234.796,-136.795,NA,NA,NA,NA,NA,NA,NA,NA,NA,NA,NA,NA,NA,NA,,point,google maps,,,,na,,,,HRI,NA,cdc-lt,NA,,NA,,NA,NA,,yes,no,,10,10,2006,2006,,,,,funestus,,morph,genetic/molecular
NA,yes,yes,no,none,1002167,10.1186/1475-2875-9-78,Fournet,"Diversity in anopheline larval habitats and adult
composition during the dry and wet seasons in
Ouagadougou (Burkina Faso)",Malaria Journal,2010,,NA,,,burkina faso,dapoya,1.238.012,-152.187,NA,NA,NA,NA,NA,NA,NA,NA,NA,NA,NA,NA,NA,NA,,point,google maps,,,,na,,,,HRI,NA,cdc-lt,NA,,NA,,NA,NA,,yes,no,,10,10,2006,2006,,,,,coluzzii_gambiae_m form,,morph,genetic/molecular
NA,yes,yes,no,none,1002167,10.1186/1475-2875-9-78,Fournet,"Diversity in anopheline larval habitats and adult
composition during the dry and wet seasons in
Ouagadougou (Burkina Faso)",Malaria Journal,2010,,NA,,,burkina faso,dapoya,1.238.012,-152.187,NA,NA,NA,NA,NA,NA,NA,NA,NA,NA,NA,NA,NA,NA,,point,google maps,,,,na,,,,HRI,NA,cdc-lt,NA,,NA,,NA,NA,,yes,no,,10,10,2006,2006,,,,,gambiae_s form,,morph,genetic/molecular
NA,yes,yes,no,none,1002167,10.1186/1475-2875-9-78,Fournet,"Diversity in anopheline larval habitats and adult
composition during the dry and wet seasons in
Ouagadougou (Burkina Faso)",Malaria Journal,2010,,NA,,,burkina faso,dapoya,1.238.012,-152.187,NA,NA,NA,NA,NA,NA,NA,NA,NA,NA,NA,NA,NA,NA,,point,google maps,,,,na,,,,HRI,NA,cdc-lt,NA,,NA,,NA,NA,,yes,no,,10,10,2006,2006,,,,,arabiensis,,morph,genetic/molecular
NA,yes,yes,no,none,1002167,10.1186/1475-2875-9-78,Fournet,"Diversity in anopheline larval habitats and adult
composition during the dry and wet seasons in
Ouagadougou (Burkina Faso)",Malaria Journal,2010,,NA,,,burkina faso,dapoya,1.238.012,-152.187,NA,NA,NA,NA,NA,NA,NA,NA,NA,NA,NA,NA,NA,NA,,point,google maps,,,,na,,,,HRI,NA,cdc-lt,NA,,NA,,NA,NA,,yes,no,,10,10,2006,2006,,,,,funestus,,morph,genetic/molecular
NA,no,yes,no,none,1002169,10.1186/1475-2875-10-312,Gadiaga,"Conditions of malaria transmission in Dakar from
2007 to 2010",Malaria Journal,2011,,NA,,,senegal,dakar,14.672,-174.227,NA,NA,NA,NA,NA,NA,NA,NA,NA,NA,NA,NA,NA,NA,,point,paper map,,,,na,,,,larvae,NA,hlc - in,NA,hlc - out,NA,,NA,1101,,yes,no,,9,10,2007,2004,,,,,gambiae_s form,,morph,genetic/molecular
NA,yes,yes,no,none,1002169,10.1186/1475-2875-10-312,Gadiaga,"Conditions of malaria transmission in Dakar from
2007 to 2010",Malaria Journal,2011,,NA,,,senegal,Touba Thiaroye,14.766,-173.708,NA,NA,NA,NA,NA,NA,NA,NA,NA,NA,NA,NA,NA,NA,within 5km,point,google maps,,,,na,,,,larvae,NA,hlc - in,NA,hlc - out,NA,,NA,NA,,yes,no,,7,6,2009,2010,,,,,gambiae complex,,morph,
NA,yes,yes,no,none,1002169,10.1186/1475-2875-10-312,Gadiaga,"Conditions of malaria transmission in Dakar from
2007 to 2010",Malaria Journal,2011,,NA,,,senegal,Point E,14.696,-17.461,NA,NA,NA,NA,NA,NA,NA,NA,NA,NA,NA,NA,NA,NA,within 5km,point,google maps,,,,na,,,,larvae,NA,hlc - in,NA,hlc - out,NA,,NA,NA,,yes,no,,7,6,2009,2010,,,,,gambiae complex,,morph,
NA,yes,yes,no,none,1002169,10.1186/1475-2875-10-312,Gadiaga,"Conditions of malaria transmission in Dakar from
2007 to 2010",Malaria Journal,2011,,NA,,,senegal,Thiaroye Mairie,14.768,-17.38,NA,NA,NA,NA,NA,NA,NA,NA,NA,NA,NA,NA,NA,NA,within 5km,point,google maps,,,,na,,,,larvae,NA,hlc - in,NA,hlc - out,NA,,NA,NA,,yes,no,,7,6,2009,2010,,,,,gambiae complex,,morph,
NA,yes,yes,no,none,1002169,10.1186/1475-2875-10-312,Gadiaga,"Conditions of malaria transmission in Dakar from
2007 to 2010",Malaria Journal,2011,,NA,,,senegal,Dalifort,147.408,-174.118,NA,NA,NA,NA,NA,NA,NA,NA,NA,NA,NA,NA,NA,NA,within 5km,point,google maps,,,,na,,,,larvae,NA,hlc - in,NA,hlc - out,NA,,NA,NA,,yes,no,,7,6,2009,2010,,,,,gambiae complex,,morph,
NA,no,yes,no,none,1002170,10.1093/beheco/arq114,Gimonneau,"A behavioral mechanism underlying ecological
divergence in the malaria mosquito Anopheles
gambiae",Behavioral Ecology,2010,,NA,yes,authors to provide information on sampling methodas and period of the anopheles data given,burkina faso,Bama,11.387,-4.411,NA,NA,NA,NA,NA,NA,NA,NA,NA,NA,NA,NA,NA,NA,,point,paper map,,,,na,,,,?,NA,,NA,,NA,,NA,NA,,yes,no,,8,8,2008,2008,,,,,coluzzii_gambiae_m form,,"Trapped mosquitoes were transported
to the laboratory and sorted using morphological criteria",
NA,no,yes,yes,none,1002172,10.1186/1475-2875-13-423,Gordicho,"First report of an exophilic Anopheles arabiensis
population in Bissau City, Guinea-Bissau: recent
introduction or sampling bias?",Malaria Journal,2014,,NA,,,guinea bissau,antula,1.189.676,-1.559.045,NA,NA,NA,NA,NA,NA,NA,NA,NA,NA,NA,NA,NA,NA,,point,paper map,,,,yes,itn,yes,,larvae,NA,HRI,NA,cdc-lt,NA,,NA,NA,,yes,no,,10,10,2010,2010,,,,,arabiensis,,genetic/molecular,
NA,no,yes,yes,none,1002172,10.1186/1475-2875-13-423,Gordicho,"First report of an exophilic Anopheles arabiensis
population in Bissau City, Guinea-Bissau: recent
introduction or sampling bias?",Malaria Journal,2014,,NA,,,guinea bissau,antula,1.189.676,-1.559.045,NA,NA,NA,NA,NA,NA,NA,NA,NA,NA,NA,NA,NA,NA,,point,paper map,,,,yes,itn,yes,,larvae,NA,HRI,NA,cdc-lt,NA,,NA,NA,,yes,no,,10,10,2010,2010,,,,,gambiae_s form,,genetic/molecular,
NA,no,yes,yes,none,1002172,10.1186/1475-2875-13-423,Gordicho,"First report of an exophilic Anopheles arabiensis
population in Bissau City, Guinea-Bissau: recent
introduction or sampling bias?",Malaria Journal,2014,,NA,,,guinea bissau,antula,1.189.676,-1.559.045,NA,NA,NA,NA,NA,NA,NA,NA,NA,NA,NA,NA,NA,NA,,point,paper map,,,,yes,itn,yes,,larvae,NA,HRI,NA,cdc-lt,NA,,NA,NA,,yes,no,,10,10,2010,2010,,,,,coluzzii_gambiae_m form,,genetic/molecular,
NA,no,yes,no,none,1002172,10.1186/1475-2875-13-423,Gordicho,"First report of an exophilic Anopheles arabiensis
population in Bissau City, Guinea-Bissau: recent
introduction or sampling bias?",Malaria Journal,2014,,NA,,,guinea bissau,antula,1.189.676,-1.559.045,NA,NA,NA,NA,NA,NA,NA,NA,NA,NA,NA,NA,NA,NA,,point,paper map,,,,yes,itn,yes,,HRI,NA,cdc-lt,NA,,NA,,NA,NA,,yes,no,,10,10,2010,2010,,,,,melas,,genetic/molecular,
NA,no,yes,no,none,1002174,10.1111/j.1948-7134.2010.00082.x,Gouagna,Patterns of sugar feeding and host plant preferences in adult males of An. gambiae (Diptera: Culicidae),Journal of Vector Ecology,2010,,NA,,,burkina faso,kou valley,11.4,-4.4,NA,NA,NA,NA,NA,NA,NA,NA,NA,NA,NA,NA,NA,NA,,point,paper map,,,,,,,,larvae,NA,HRI,NA,RO,NA,,NA,5879,,yes,no,,2,5,2008,2008,,,,,gambiae complex,,morph,
NA,no,yes,no,none,1002174,10.1111/j.1948-7134.2010.00082.x,Gouagna,Patterns of sugar feeding and host plant preferences in adult males of An. gambiae (Diptera: Culicidae),Journal of Vector Ecology,2010,,NA,,,burkina faso,kou valley,11.4,-4.4,NA,NA,NA,NA,NA,NA,NA,NA,NA,NA,NA,NA,NA,NA,,point,paper map,,,,,,,,larvae,NA,HRI,NA,RO,NA,,NA,NA,,yes,no,,2,5,2008,2008,,,,,gambiae_s form,,genetic/molecular,
NA,no,yes,no,none,1002174,10.1111/j.1948-7134.2010.00082.x,Gouagna,Patterns of sugar feeding and host plant preferences in adult males of An. gambiae (Diptera: Culicidae),Journal of Vector Ecology,2010,,NA,,,burkina faso,kou valley,11.4,-4.4,NA,NA,NA,NA,NA,NA,NA,NA,NA,NA,NA,NA,NA,NA,,point,paper map,,,,,,,,larvae,NA,HRI,NA,RO,NA,,NA,NA,,yes,no,,2,5,2008,2008,,,,,arabiensis,,genetic/molecular,
NA,no,yes,no,none,1002175,10.4269/ajtmh.2010.09-0682,Govella,An Exposure-Free Tool for Monitoring Adult Malaria Mosquito Populations,The American Society of Tropical Medicine and Hygiene,2010,,NA,,,tanzania,lupiro,-83.863,3.667.225,NA,NA,NA,NA,NA,NA,NA,NA,NA,NA,NA,NA,NA,NA,,point,google maps,,,checked and confirmed coordiates using google maps and google earth,yes,itn,yes,,tent trap,355,,NA,,NA,,NA,355,,yes,no,,11,11,2008,2008,,,,,arabiensis,,morph,genetic/molecular
NA,no,yes,no,none,1002175,10.4269/ajtmh.2010.09-0682,Govella,An Exposure-Free Tool for Monitoring Adult Malaria Mosquito Populations,The American Society of Tropical Medicine and Hygiene,2010,,NA,,,tanzania,lupiro,-83.863,3.667.225,NA,NA,NA,NA,NA,NA,NA,NA,NA,NA,NA,NA,NA,NA,,point,google maps,,,checked and confirmed coordiates using google maps and google earth,yes,itn,yes,,tent trap,11,,NA,,NA,,NA,11,,yes,no,,11,11,2008,2008,,,,,gambiae_s form,,morph,genetic/molecular
NA,no,yes,no,phenotypic,1002177,Ã‚Â 10.1186/s13071-015-1239-x,Haji,"Efficacy, persistence and vector susceptibility to pirimiphos-methyl (Actellic (R) 300CS) insecticide for indoor residual spraying in Zanzibar",Parasites Vectors,2015,,NA,,,tanzania,Tumbe,-494.363,3.978.107,NA,NA,NA,NA,NA,NA,NA,NA,NA,NA,NA,NA,NA,NA,within 5km,point,google maps,,,checked and confirmed coordiates using google maps and google earth,yes,combination,yes,IRS  was also used in the study,larvae,NA,,NA,,NA,,NA,NA,,yes,no,,6,2,2013,2014,,,,,gambiae complex,,morph,
NA,no,yes,no,phenotypic,1002177,Ã‚Â 10.1186/s13071-015-1239-x,Haji,"Efficacy, persistence and vector susceptibility to pirimiphos-methyl (Actellic (R) 300CS) insecticide for indoor residual spraying in Zanzibar",Parasites Vectors,2015,,NA,,,tanzania,Pujini,-530.136,3.979.942,NA,NA,NA,NA,NA,NA,NA,NA,NA,NA,NA,NA,NA,NA,within 5km,point,google maps,,,checked and confirmed coordiates using google maps and google earth,yes,combination,yes,IRS  was also used in the study,larvae,NA,,NA,,NA,,NA,NA,,yes,no,,6,2,2013,2014,,,,,gambiae complex,,morph,
NA,no,yes,no,phenotypic,1002177,Ã‚Â 10.1186/s13071-015-1239-x,Haji,"Efficacy, persistence and vector susceptibility to pirimiphos-methyl (Actellic (R) 300CS) insecticide for indoor residual spraying in Zanzibar",Parasites Vectors,2015,,NA,,,tanzania,Minungwini,-514.642,3.981.531,NA,NA,NA,NA,NA,NA,NA,NA,NA,NA,NA,NA,NA,NA,within 5km,point,google maps,,,checked and confirmed coordiates using google maps and google earth,yes,combination,yes,IRS  was also used in the study,larvae,NA,,NA,,NA,,NA,NA,,yes,no,,6,2,2013,2014,,,,,gambiae complex,,morph,
NA,no,yes,no,phenotypic,1002177,Ã‚Â 10.1186/s13071-015-1239-x,Haji,"Efficacy, persistence and vector susceptibility to pirimiphos-methyl (Actellic (R) 300CS) insecticide for indoor residual spraying in Zanzibar",Parasites Vectors,2015,,NA,,,tanzania,Chuini,-608.407,3.922.312,NA,NA,NA,NA,NA,NA,NA,NA,NA,NA,NA,NA,NA,NA,between 5 to 10km,point,google maps,,,checked and confirmed coordiates using google maps and google earth,yes,combination,yes,IRS  was also used in the study,larvae,NA,,NA,,NA,,NA,NA,,yes,no,,6,2,2013,2014,,,,,gambiae complex,,morph,
NA,no,yes,no,phenotypic,1002177,Ã‚Â 10.1186/s13071-015-1239-x,Haji,"Efficacy, persistence and vector susceptibility to pirimiphos-methyl (Actellic (R) 300CS) insecticide for indoor residual spraying in Zanzibar",Parasites Vectors,2015,,NA,,,tanzania,Kiombamvua,-602.652,3.921.022,NA,NA,NA,NA,NA,NA,NA,NA,NA,NA,NA,NA,NA,NA,between 5 to 10km,point,google maps,,,checked and confirmed coordiates using google maps and google earth,yes,combination,yes,IRS  was also used in the study,larvae,NA,,NA,,NA,,NA,NA,,yes,no,,6,2,2013,2014,,,,,gambiae complex,,morph,
NA,no,yes,no,phenotypic,1002177,Ã‚Â 10.1186/s13071-015-1239-x,Haji,"Efficacy, persistence and vector susceptibility to pirimiphos-methyl (Actellic (R) 300CS) insecticide for indoor residual spraying in Zanzibar",Parasites Vectors,2015,,NA,,,tanzania,Mtowapwani,-588.626,3.924.572,NA,NA,NA,NA,NA,NA,NA,NA,NA,NA,NA,NA,NA,NA,between 5 to 10km,point,google maps,,,checked and confirmed coordiates using google maps and google earth,yes,combination,yes,IRS  was also used in the study,larvae,NA,,NA,,NA,,NA,NA,,yes,no,,6,2,2013,2014,,,,,gambiae complex,,morph,
NA,no,yes,no,none,1002177,Ã‚Â 10.1186/s13071-015-1239-x,Haji,"Efficacy, persistence and vector susceptibility to pirimiphos-methyl (Actellic (R) 300CS) insecticide for indoor residual spraying in Zanzibar",Parasites Vectors,2015,,NA,,,tanzania,Tumbe,-494.363,3.978.107,NA,NA,NA,NA,NA,NA,NA,NA,NA,NA,NA,NA,NA,NA,within 5km,point,google maps,,,checked and confirmed coordiates using google maps and google earth,yes,combination,yes,IRS  was also used in the study,larvae,NA,,NA,,NA,,NA,NA,,yes,no,,6,2,2013,2014,,,,,gambiae_s form,,morph,genetic/molecular
NA,no,yes,no,none,1002177,Ã‚Â 10.1186/s13071-015-1239-x,Haji,"Efficacy, persistence and vector susceptibility to pirimiphos-methyl (Actellic (R) 300CS) insecticide for indoor residual spraying in Zanzibar",Parasites Vectors,2015,,NA,,,tanzania,Chuini,-608.407,3.922.312,NA,NA,NA,NA,NA,NA,NA,NA,NA,NA,NA,NA,NA,NA,between 5 to 10km,point,google maps,,,checked and confirmed coordiates using google maps and google earth,yes,combination,yes,IRS  was also used in the study,larvae,NA,,NA,,NA,,NA,NA,,yes,no,,6,2,2013,2014,,,,,gambiae_s form,,morph,genetic/molecular
NA,no,yes,no,none,1002177,Ã‚Â 10.1186/s13071-015-1239-x,Haji,"Efficacy, persistence and vector susceptibility to pirimiphos-methyl (Actellic (R) 300CS) insecticide for indoor residual spraying in Zanzibar",Parasites Vectors,2015,,NA,,,tanzania,Kiombamvua,-602.652,3.921.022,NA,NA,NA,NA,NA,NA,NA,NA,NA,NA,NA,NA,NA,NA,between 5 to 10km,point,google maps,,,checked and confirmed coordiates using google maps and google earth,yes,combination,yes,IRS  was also used in the study,larvae,NA,,NA,,NA,,NA,NA,,yes,no,,6,2,2013,2014,,,,,gambiae_s form,,morph,genetic/molecular
NA,no,yes,no,none,1002177,Ã‚Â 10.1186/s13071-015-1239-x,Haji,"Efficacy, persistence and vector susceptibility to pirimiphos-methyl (Actellic (R) 300CS) insecticide for indoor residual spraying in Zanzibar",Parasites Vectors,2015,,NA,,,tanzania,Tumbe,-494.363,3.978.107,NA,NA,NA,NA,NA,NA,NA,NA,NA,NA,NA,NA,NA,NA,within 5km,point,google maps,,,checked and confirmed coordiates using google maps and google earth,yes,combination,yes,IRS  was also used in the study,larvae,NA,,NA,,NA,,NA,NA,,yes,no,,6,2,2013,2014,,,,,arabiensis,,morph,genetic/molecular
NA,no,yes,no,none,1002177,Ã‚Â 10.1186/s13071-015-1239-x,Haji,"Efficacy, persistence and vector susceptibility to pirimiphos-methyl (Actellic (R) 300CS) insecticide for indoor residual spraying in Zanzibar",Parasites Vectors,2015,,NA,,,tanzania,Pujini,-530.136,3.979.942,NA,NA,NA,NA,NA,NA,NA,NA,NA,NA,NA,NA,NA,NA,within 5km,point,google maps,,,checked and confirmed coordiates using google maps and google earth,yes,combination,yes,IRS  was also used in the study,larvae,NA,,NA,,NA,,NA,NA,,yes,no,,6,2,2013,2014,,,,,arabiensis,,morph,genetic/molecular
NA,no,yes,no,none,1002177,Ã‚Â 10.1186/s13071-015-1239-x,Haji,"Efficacy, persistence and vector susceptibility to pirimiphos-methyl (Actellic (R) 300CS) insecticide for indoor residual spraying in Zanzibar",Parasites Vectors,2015,,NA,,,tanzania,Minungwini,-514.642,3.981.531,NA,NA,NA,NA,NA,NA,NA,NA,NA,NA,NA,NA,NA,NA,within 5km,point,google maps,,,checked and confirmed coordiates using google maps and google earth,yes,combination,yes,IRS  was also used in the study,larvae,NA,,NA,,NA,,NA,NA,,yes,no,,6,2,2013,2014,,,,,arabiensis,,morph,genetic/molecular
NA,no,yes,no,none,1002177,Ã‚Â 10.1186/s13071-015-1239-x,Haji,"Efficacy, persistence and vector susceptibility to pirimiphos-methyl (Actellic (R) 300CS) insecticide for indoor residual spraying in Zanzibar",Parasites Vectors,2015,,NA,,,tanzania,Chuini,-608.407,3.922.312,NA,NA,NA,NA,NA,NA,NA,NA,NA,NA,NA,NA,NA,NA,between 5 to 10km,point,google maps,,,checked and confirmed coordiates using google maps and google earth,yes,combination,yes,IRS  was also used in the study,larvae,NA,,NA,,NA,,NA,NA,,yes,no,,6,2,2013,2014,,,,,arabiensis,,morph,genetic/molecular
NA,no,yes,no,none,1002177,Ã‚Â 10.1186/s13071-015-1239-x,Haji,"Efficacy, persistence and vector susceptibility to pirimiphos-methyl (Actellic (R) 300CS) insecticide for indoor residual spraying in Zanzibar",Parasites Vectors,2015,,NA,,,tanzania,Kiombamvua,-602.652,3.921.022,NA,NA,NA,NA,NA,NA,NA,NA,NA,NA,NA,NA,NA,NA,between 5 to 10km,point,google maps,,,checked and confirmed coordiates using google maps and google earth,yes,combination,yes,IRS  was also used in the study,larvae,NA,,NA,,NA,,NA,NA,,yes,no,,6,2,2013,2014,,,,,arabiensis,,morph,genetic/molecular
NA,no,yes,no,none,1002177,Ã‚Â 10.1186/s13071-015-1239-x,Haji,"Efficacy, persistence and vector susceptibility to pirimiphos-methyl (Actellic (R) 300CS) insecticide for indoor residual spraying in Zanzibar",Parasites Vectors,2015,,NA,,,tanzania,Tumbe,-494.363,3.978.107,NA,NA,NA,NA,NA,NA,NA,NA,NA,NA,NA,NA,NA,NA,between 5 to 10km,point,google maps,,,checked and confirmed coordiates using google maps and google earth,yes,combination,yes,IRS  was also used in the study,larvae,NA,,NA,,NA,,NA,NA,,yes,no,,6,2,2013,2014,,,,,merus,,morph,genetic/molecular
NA,no,yes,no,none,1002177,Ã‚Â 10.1186/s13071-015-1239-x,Haji,"Efficacy, persistence and vector susceptibility to pirimiphos-methyl (Actellic (R) 300CS) insecticide for indoor residual spraying in Zanzibar",Parasites Vectors,2015,,NA,,,tanzania,Minungwini,-514.642,3.981.531,NA,NA,NA,NA,NA,NA,NA,NA,NA,NA,NA,NA,NA,NA,between 5 to 10km,point,google maps,,,checked and confirmed coordiates using google maps and google earth,yes,combination,yes,IRS  was also used in the study,larvae,NA,,NA,,NA,,NA,NA,,yes,no,,6,2,2013,2014,,,,,merus,,morph,genetic/molecular
NA,no,yes,no,none,1002178,10.1016/j.actatropica.2018.02.012,Hakizimana,"Spatio-temporal distribution of mosquitoes and risk of malaria infection in
Rwanda",Acta Tropica,2018,,NA,,,rwanda,bukora,-22.999,30.788,NA,NA,NA,NA,NA,NA,NA,NA,NA,NA,NA,NA,NA,NA,within 5km,point,google maps,,,checked and confirmed coordiates using google maps and google earth,,,,,HLC,1452,,NA,,NA,,NA,1452,,yes,no,yes,NA,NA,2010,2013,,,,,gambiae complex,,morph,
NA,no,yes,no,none,1002178,10.1016/j.actatropica.2018.02.012,Hakizimana,"Spatio-temporal distribution of mosquitoes and risk of malaria infection in
Rwanda",Acta Tropica,2018,,NA,,,rwanda,bukora,-22.999,30.788,NA,NA,NA,NA,NA,NA,NA,NA,NA,NA,NA,NA,NA,NA,within 5km,point,google maps,,,checked and confirmed coordiates using google maps and google earth,,,,,HLC,228,,NA,,NA,,NA,228,,yes,no,yes,NA,NA,2010,2013,,,,,funestus complex,,morph,
NA,no,yes,no,none,1002178,10.1016/j.actatropica.2018.02.012,Hakizimana,"Spatio-temporal distribution of mosquitoes and risk of malaria infection in
Rwanda",Acta Tropica,2018,,NA,,,rwanda,bukora,-22.999,30.788,NA,NA,NA,NA,NA,NA,NA,NA,NA,NA,NA,NA,NA,NA,within 5km,point,google maps,,,checked and confirmed coordiates using google maps and google earth,,,,,HLC,0,,NA,,NA,,NA,0,,no,yes,yes,NA,NA,2010,2013,,,,,ziemanni,,morph,
NA,no,yes,no,none,1002178,10.1016/j.actatropica.2018.02.012,Hakizimana,"Spatio-temporal distribution of mosquitoes and risk of malaria infection in
Rwanda",Acta Tropica,2018,,NA,,,rwanda,bukora,-22.999,30.788,NA,NA,NA,NA,NA,NA,NA,NA,NA,NA,NA,NA,NA,NA,within 5km,point,google maps,,,checked and confirmed coordiates using google maps and google earth,,,,,HLC,762,,NA,,NA,,NA,762,,yes,no,yes,NA,NA,2010,2013,,,,,coustani complex,,morph,
NA,no,yes,no,none,1002178,10.1016/j.actatropica.2018.02.012,Hakizimana,"Spatio-temporal distribution of mosquitoes and risk of malaria infection in
Rwanda",Acta Tropica,2018,,NA,,,rwanda,bukora,-22.999,30.788,NA,NA,NA,NA,NA,NA,NA,NA,NA,NA,NA,NA,NA,NA,within 5km,point,google maps,,,checked and confirmed coordiates using google maps and google earth,,,,,HLC,0,,NA,,NA,,NA,0,,no,yes,yes,NA,NA,2010,2013,,,,,christyi,,morph,
NA,no,yes,no,none,1002178,10.1016/j.actatropica.2018.02.012,Hakizimana,"Spatio-temporal distribution of mosquitoes and risk of malaria infection in
Rwanda",Acta Tropica,2018,,NA,,,rwanda,bukora,-22.999,30.788,NA,NA,NA,NA,NA,NA,NA,NA,NA,NA,NA,NA,NA,NA,within 5km,point,google maps,,,checked and confirmed coordiates using google maps and google earth,,,,,HLC,0,,NA,,NA,,NA,0,,no,yes,yes,NA,NA,2010,2013,,,,,squamosus,,morph,
NA,no,yes,no,none,1002178,10.1016/j.actatropica.2018.02.012,Hakizimana,"Spatio-temporal distribution of mosquitoes and risk of malaria infection in
Rwanda",Acta Tropica,2018,,NA,,,rwanda,bukora,-22.999,30.788,NA,NA,NA,NA,NA,NA,NA,NA,NA,NA,NA,NA,NA,NA,within 5km,point,google maps,,,checked and confirmed coordiates using google maps and google earth,,,,,HLC,1,,NA,,NA,,NA,1,,yes,no,yes,NA,NA,2010,2013,,,,,maculipalpis,,morph,
NA,no,yes,no,none,1002178,10.1016/j.actatropica.2018.02.012,Hakizimana,"Spatio-temporal distribution of mosquitoes and risk of malaria infection in
Rwanda",Acta Tropica,2018,,NA,,,rwanda,bukora,-22.999,30.788,NA,NA,NA,NA,NA,NA,NA,NA,NA,NA,NA,NA,NA,NA,within 5km,point,google maps,,,checked and confirmed coordiates using google maps and google earth,,,,,HLC,0,,NA,,NA,,NA,0,,no,yes,yes,NA,NA,2010,2013,,,,,moucheti,,morph,
NA,no,yes,no,none,1002178,10.1016/j.actatropica.2018.02.012,Hakizimana,"Spatio-temporal distribution of mosquitoes and risk of malaria infection in
Rwanda",Acta Tropica,2018,,NA,,,rwanda,bungwe,-150.079,29.973,NA,NA,NA,NA,NA,NA,NA,NA,NA,NA,NA,NA,NA,NA,within 5km,point,google maps,,,checked and confirmed coordiates using google maps and google earth,,,,,HLC,1,,NA,,NA,,NA,1,,yes,no,yes,NA,NA,2010,2013,,,,,gambiae complex,,morph,
NA,no,yes,no,none,1002178,10.1016/j.actatropica.2018.02.012,Hakizimana,"Spatio-temporal distribution of mosquitoes and risk of malaria infection in
Rwanda",Acta Tropica,2018,,NA,,,rwanda,bungwe,-150.079,29.973,NA,NA,NA,NA,NA,NA,NA,NA,NA,NA,NA,NA,NA,NA,within 5km,point,google maps,,,checked and confirmed coordiates using google maps and google earth,,,,,HLC,4,,NA,,NA,,NA,4,,yes,no,yes,NA,NA,2010,2013,,,,,funestus complex,,morph,
NA,no,yes,no,none,1002178,10.1016/j.actatropica.2018.02.012,Hakizimana,"Spatio-temporal distribution of mosquitoes and risk of malaria infection in
Rwanda",Acta Tropica,2018,,NA,,,rwanda,bungwe,-150.079,29.973,NA,NA,NA,NA,NA,NA,NA,NA,NA,NA,NA,NA,NA,NA,within 5km,point,google maps,,,checked and confirmed coordiates using google maps and google earth,,,,,HLC,14,,NA,,NA,,NA,14,,yes,no,yes,NA,NA,2010,2013,,,,,ziemanni,,morph,
NA,no,yes,no,none,1002178,10.1016/j.actatropica.2018.02.012,Hakizimana,"Spatio-temporal distribution of mosquitoes and risk of malaria infection in
Rwanda",Acta Tropica,2018,,NA,,,rwanda,bungwe,-150.079,29.973,NA,NA,NA,NA,NA,NA,NA,NA,NA,NA,NA,NA,NA,NA,within 5km,point,google maps,,,checked and confirmed coordiates using google maps and google earth,,,,,HLC,109,,NA,,NA,,NA,109,,yes,no,yes,NA,NA,2010,2013,,,,,coustani complex,,morph,
NA,no,yes,no,none,1002178,10.1016/j.actatropica.2018.02.012,Hakizimana,"Spatio-temporal distribution of mosquitoes and risk of malaria infection in
Rwanda",Acta Tropica,2018,,NA,,,rwanda,bungwe,-150.079,29.973,NA,NA,NA,NA,NA,NA,NA,NA,NA,NA,NA,NA,NA,NA,within 5km,point,google maps,,,checked and confirmed coordiates using google maps and google earth,,,,,HLC,231,,NA,,NA,,NA,231,,yes,no,yes,NA,NA,2010,2013,,,,,christyi,,morph,
NA,no,yes,no,none,1002178,10.1016/j.actatropica.2018.02.012,Hakizimana,"Spatio-temporal distribution of mosquitoes and risk of malaria infection in
Rwanda",Acta Tropica,2018,,NA,,,rwanda,bungwe,-150.079,29.973,NA,NA,NA,NA,NA,NA,NA,NA,NA,NA,NA,NA,NA,NA,within 5km,point,google maps,,,checked and confirmed coordiates using google maps and google earth,,,,,HLC,0,,NA,,NA,,NA,0,,no,yes,yes,NA,NA,2010,2013,,,,,squamosus,,morph,
NA,no,yes,no,none,1002178,10.1016/j.actatropica.2018.02.012,Hakizimana,"Spatio-temporal distribution of mosquitoes and risk of malaria infection in
Rwanda",Acta Tropica,2018,,NA,,,rwanda,bungwe,-150.079,29.973,NA,NA,NA,NA,NA,NA,NA,NA,NA,NA,NA,NA,NA,NA,within 5km,point,google maps,,,checked and confirmed coordiates using google maps and google earth,,,,,HLC,0,,NA,,NA,,NA,0,,no,yes,yes,NA,NA,2010,2013,,,,,maculipalpis,,morph,
NA,no,yes,no,none,1002178,10.1016/j.actatropica.2018.02.012,Hakizimana,"Spatio-temporal distribution of mosquitoes and risk of malaria infection in
Rwanda",Acta Tropica,2018,,NA,,,rwanda,bungwe,-150.079,29.973,NA,NA,NA,NA,NA,NA,NA,NA,NA,NA,NA,NA,NA,NA,within 5km,point,google maps,,,checked and confirmed coordiates using google maps and google earth,,,,,HLC,0,,NA,,NA,,NA,0,,no,yes,yes,NA,NA,2010,2013,,,,,moucheti,,morph,
NA,no,yes,no,none,1002178,10.1016/j.actatropica.2018.02.012,Hakizimana,"Spatio-temporal distribution of mosquitoes and risk of malaria infection in
Rwanda",Acta Tropica,2018,,NA,,,rwanda,busoro,-2.284.293,299.516,NA,NA,NA,NA,NA,NA,NA,NA,NA,NA,NA,NA,NA,NA,within 5km,point,google maps,,,checked and confirmed coordiates using google maps and google earth,,,,,HLC,8951,,NA,,NA,,NA,8951,,yes,no,yes,NA,NA,2010,2013,,,,,gambiae complex,,morph,
NA,no,yes,no,none,1002178,10.1016/j.actatropica.2018.02.012,Hakizimana,"Spatio-temporal distribution of mosquitoes and risk of malaria infection in
Rwanda",Acta Tropica,2018,,NA,,,rwanda,busoro,-2.284.293,299.516,NA,NA,NA,NA,NA,NA,NA,NA,NA,NA,NA,NA,NA,NA,within 5km,point,google maps,,,checked and confirmed coordiates using google maps and google earth,,,,,HLC,0,,NA,,NA,,NA,0,,no,yes,yes,NA,NA,2010,2013,,,,,funestus complex,,morph,
NA,no,yes,no,none,1002178,10.1016/j.actatropica.2018.02.012,Hakizimana,"Spatio-temporal distribution of mosquitoes and risk of malaria infection in
Rwanda",Acta Tropica,2018,,NA,,,rwanda,busoro,-2.284.293,299.516,NA,NA,NA,NA,NA,NA,NA,NA,NA,NA,NA,NA,NA,NA,within 5km,point,google maps,,,checked and confirmed coordiates using google maps and google earth,,,,,HLC,223,,NA,,NA,,NA,223,,yes,no,yes,NA,NA,2010,2013,,,,,ziemanni,,morph,
NA,no,yes,no,none,1002178,10.1016/j.actatropica.2018.02.012,Hakizimana,"Spatio-temporal distribution of mosquitoes and risk of malaria infection in
Rwanda",Acta Tropica,2018,,NA,,,rwanda,busoro,-2.284.293,299.516,NA,NA,NA,NA,NA,NA,NA,NA,NA,NA,NA,NA,NA,NA,within 5km,point,google maps,,,checked and confirmed coordiates using google maps and google earth,,,,,HLC,32,,NA,,NA,,NA,32,,yes,no,yes,NA,NA,2010,2013,,,,,coustani complex,,morph,
NA,no,yes,no,none,1002178,10.1016/j.actatropica.2018.02.012,Hakizimana,"Spatio-temporal distribution of mosquitoes and risk of malaria infection in
Rwanda",Acta Tropica,2018,,NA,,,rwanda,busoro,-2.284.293,299.516,NA,NA,NA,NA,NA,NA,NA,NA,NA,NA,NA,NA,NA,NA,within 5km,point,google maps,,,checked and confirmed coordiates using google maps and google earth,,,,,HLC,0,,NA,,NA,,NA,0,,no,yes,yes,NA,NA,2010,2013,,,,,christyi,,morph,
NA,no,yes,no,none,1002178,10.1016/j.actatropica.2018.02.012,Hakizimana,"Spatio-temporal distribution of mosquitoes and risk of malaria infection in
Rwanda",Acta Tropica,2018,,NA,,,rwanda,busoro,-2.284.293,299.516,NA,NA,NA,NA,NA,NA,NA,NA,NA,NA,NA,NA,NA,NA,within 5km,point,google maps,,,checked and confirmed coordiates using google maps and google earth,,,,,HLC,0,,NA,,NA,,NA,0,,no,yes,yes,NA,NA,2010,2013,,,,,squamosus,,morph,
NA,no,yes,no,none,1002178,10.1016/j.actatropica.2018.02.012,Hakizimana,"Spatio-temporal distribution of mosquitoes and risk of malaria infection in
Rwanda",Acta Tropica,2018,,NA,,,rwanda,busoro,-2.284.293,299.516,NA,NA,NA,NA,NA,NA,NA,NA,NA,NA,NA,NA,NA,NA,within 5km,point,google maps,,,checked and confirmed coordiates using google maps and google earth,,,,,HLC,0,,NA,,NA,,NA,0,,no,yes,yes,NA,NA,2010,2013,,,,,maculipalpis,,morph,
NA,no,yes,no,none,1002178,10.1016/j.actatropica.2018.02.012,Hakizimana,"Spatio-temporal distribution of mosquitoes and risk of malaria infection in
Rwanda",Acta Tropica,2018,,NA,,,rwanda,busoro,-2.284.293,299.516,NA,NA,NA,NA,NA,NA,NA,NA,NA,NA,NA,NA,NA,NA,within 5km,point,google maps,,,checked and confirmed coordiates using google maps and google earth,,,,,HLC,0,,NA,,NA,,NA,0,,no,yes,yes,NA,NA,2010,2013,,,,,moucheti,,morph,
NA,no,yes,no,none,1002178,10.1016/j.actatropica.2018.02.012,Hakizimana,"Spatio-temporal distribution of mosquitoes and risk of malaria infection in
Rwanda",Acta Tropica,2018,,NA,,,rwanda,karambi,-233.041,2.922.719,NA,NA,NA,NA,NA,NA,NA,NA,NA,NA,NA,NA,NA,NA,within 5km,point,google maps,,,checked and confirmed coordiates using google maps and google earth,,,,,HLC,952,,NA,,NA,,NA,952,,yes,no,yes,NA,NA,2010,2013,,,,,gambiae complex,,morph,
NA,no,yes,no,none,1002178,10.1016/j.actatropica.2018.02.012,Hakizimana,"Spatio-temporal distribution of mosquitoes and risk of malaria infection in
Rwanda",Acta Tropica,2018,,NA,,,rwanda,karambi,-233.041,2.922.719,NA,NA,NA,NA,NA,NA,NA,NA,NA,NA,NA,NA,NA,NA,within 5km,point,google maps,,,checked and confirmed coordiates using google maps and google earth,,,,,HLC,0,,NA,,NA,,NA,0,,no,yes,yes,NA,NA,2010,2013,,,,,funestus complex,,morph,
NA,no,yes,no,none,1002178,10.1016/j.actatropica.2018.02.012,Hakizimana,"Spatio-temporal distribution of mosquitoes and risk of malaria infection in
Rwanda",Acta Tropica,2018,,NA,,,rwanda,karambi,-233.041,2.922.719,NA,NA,NA,NA,NA,NA,NA,NA,NA,NA,NA,NA,NA,NA,within 5km,point,google maps,,,checked and confirmed coordiates using google maps and google earth,,,,,HLC,478,,NA,,NA,,NA,478,,yes,no,yes,NA,NA,2010,2013,,,,,ziemanni,,morph,
NA,no,yes,no,none,1002178,10.1016/j.actatropica.2018.02.012,Hakizimana,"Spatio-temporal distribution of mosquitoes and risk of malaria infection in
Rwanda",Acta Tropica,2018,,NA,,,rwanda,karambi,-233.041,2.922.719,NA,NA,NA,NA,NA,NA,NA,NA,NA,NA,NA,NA,NA,NA,within 5km,point,google maps,,,checked and confirmed coordiates using google maps and google earth,,,,,HLC,0,,NA,,NA,,NA,0,,no,yes,yes,NA,NA,2010,2013,,,,,coustani complex,,morph,
NA,no,yes,no,none,1002178,10.1016/j.actatropica.2018.02.012,Hakizimana,"Spatio-temporal distribution of mosquitoes and risk of malaria infection in
Rwanda",Acta Tropica,2018,,NA,,,rwanda,karambi,-233.041,2.922.719,NA,NA,NA,NA,NA,NA,NA,NA,NA,NA,NA,NA,NA,NA,within 5km,point,google maps,,,checked and confirmed coordiates using google maps and google earth,,,,,HLC,0,,NA,,NA,,NA,0,,no,yes,yes,NA,NA,2010,2013,,,,,christyi,,morph,
NA,no,yes,no,none,1002178,10.1016/j.actatropica.2018.02.012,Hakizimana,"Spatio-temporal distribution of mosquitoes and risk of malaria infection in
Rwanda",Acta Tropica,2018,,NA,,,rwanda,karambi,-233.041,2.922.719,NA,NA,NA,NA,NA,NA,NA,NA,NA,NA,NA,NA,NA,NA,within 5km,point,google maps,,,checked and confirmed coordiates using google maps and google earth,,,,,HLC,4,,NA,,NA,,NA,4,,yes,no,yes,NA,NA,2010,2013,,,,,squamosus,,morph,
NA,no,yes,no,none,1002178,10.1016/j.actatropica.2018.02.012,Hakizimana,"Spatio-temporal distribution of mosquitoes and risk of malaria infection in
Rwanda",Acta Tropica,2018,,NA,,,rwanda,karambi,-233.041,2.922.719,NA,NA,NA,NA,NA,NA,NA,NA,NA,NA,NA,NA,NA,NA,within 5km,point,google maps,,,checked and confirmed coordiates using google maps and google earth,,,,,HLC,0,,NA,,NA,,NA,0,,no,yes,yes,NA,NA,2010,2013,,,,,maculipalpis,,morph,
NA,no,yes,no,none,1002178,10.1016/j.actatropica.2018.02.012,Hakizimana,"Spatio-temporal distribution of mosquitoes and risk of malaria infection in
Rwanda",Acta Tropica,2018,,NA,,,rwanda,karambi,-233.041,2.922.719,NA,NA,NA,NA,NA,NA,NA,NA,NA,NA,NA,NA,NA,NA,within 5km,point,google maps,,,checked and confirmed coordiates using google maps and google earth,,,,,HLC,7,,NA,,NA,,NA,7,,yes,no,yes,NA,NA,2010,2013,,,,,moucheti,,morph,
NA,no,yes,no,none,1002178,10.1016/j.actatropica.2018.02.012,Hakizimana,"Spatio-temporal distribution of mosquitoes and risk of malaria infection in
Rwanda",Acta Tropica,2018,,NA,,,rwanda,mashesha,-2.596.694,29.008.615,NA,NA,NA,NA,NA,NA,NA,NA,NA,NA,NA,NA,NA,NA,within 5km,point,google maps,,,checked and confirmed coordiates using google maps and google earth,,,,,HLC,62018,,NA,,NA,,NA,62018,,yes,no,yes,NA,NA,2010,2013,,,,,gambiae complex,,morph,
NA,no,yes,no,none,1002178,10.1016/j.actatropica.2018.02.012,Hakizimana,"Spatio-temporal distribution of mosquitoes and risk of malaria infection in
Rwanda",Acta Tropica,2018,,NA,,,rwanda,mashesha,-2.596.694,29.008.615,NA,NA,NA,NA,NA,NA,NA,NA,NA,NA,NA,NA,NA,NA,within 5km,point,google maps,,,checked and confirmed coordiates using google maps and google earth,,,,,HLC,0,,NA,,NA,,NA,0,,no,yes,yes,NA,NA,2010,2013,,,,,funestus complex,,morph,
NA,no,yes,no,none,1002178,10.1016/j.actatropica.2018.02.012,Hakizimana,"Spatio-temporal distribution of mosquitoes and risk of malaria infection in
Rwanda",Acta Tropica,2018,,NA,,,rwanda,mashesha,-2.596.694,29.008.615,NA,NA,NA,NA,NA,NA,NA,NA,NA,NA,NA,NA,NA,NA,within 5km,point,google maps,,,checked and confirmed coordiates using google maps and google earth,,,,,HLC,0,,NA,,NA,,NA,0,,no,yes,yes,NA,NA,2010,2013,,,,,ziemanni,,morph,
NA,no,yes,no,none,1002178,10.1016/j.actatropica.2018.02.012,Hakizimana,"Spatio-temporal distribution of mosquitoes and risk of malaria infection in
Rwanda",Acta Tropica,2018,,NA,,,rwanda,mashesha,-2.596.694,29.008.615,NA,NA,NA,NA,NA,NA,NA,NA,NA,NA,NA,NA,NA,NA,within 5km,point,google maps,,,checked and confirmed coordiates using google maps and google earth,,,,,HLC,139,,NA,,NA,,NA,139,,yes,no,yes,NA,NA,2010,2013,,,,,coustani complex,,morph,
NA,no,yes,no,none,1002178,10.1016/j.actatropica.2018.02.012,Hakizimana,"Spatio-temporal distribution of mosquitoes and risk of malaria infection in
Rwanda",Acta Tropica,2018,,NA,,,rwanda,mashesha,-2.596.694,29.008.615,NA,NA,NA,NA,NA,NA,NA,NA,NA,NA,NA,NA,NA,NA,within 5km,point,google maps,,,checked and confirmed coordiates using google maps and google earth,,,,,HLC,0,,NA,,NA,,NA,0,,no,yes,yes,NA,NA,2010,2013,,,,,christyi,,morph,
NA,no,yes,no,none,1002178,10.1016/j.actatropica.2018.02.012,Hakizimana,"Spatio-temporal distribution of mosquitoes and risk of malaria infection in
Rwanda",Acta Tropica,2018,,NA,,,rwanda,mashesha,-2.596.694,29.008.615,NA,NA,NA,NA,NA,NA,NA,NA,NA,NA,NA,NA,NA,NA,within 5km,point,google maps,,,checked and confirmed coordiates using google maps and google earth,,,,,HLC,0,,NA,,NA,,NA,0,,no,yes,yes,NA,NA,2010,2013,,,,,squamosus,,morph,
NA,no,yes,no,none,1002178,10.1016/j.actatropica.2018.02.012,Hakizimana,"Spatio-temporal distribution of mosquitoes and risk of malaria infection in
Rwanda",Acta Tropica,2018,,NA,,,rwanda,mashesha,-2.596.694,29.008.615,NA,NA,NA,NA,NA,NA,NA,NA,NA,NA,NA,NA,NA,NA,within 5km,point,google maps,,,checked and confirmed coordiates using google maps and google earth,,,,,HLC,18,,NA,,NA,,NA,18,,yes,no,yes,NA,NA,2010,2013,,,,,maculipalpis,,morph,
NA,no,yes,no,none,1002178,10.1016/j.actatropica.2018.02.012,Hakizimana,"Spatio-temporal distribution of mosquitoes and risk of malaria infection in
Rwanda",Acta Tropica,2018,,NA,,,rwanda,mashesha,-2.596.694,29.008.615,NA,NA,NA,NA,NA,NA,NA,NA,NA,NA,NA,NA,NA,NA,within 5km,point,google maps,,,checked and confirmed coordiates using google maps and google earth,,,,,HLC,0,,NA,,NA,,NA,0,,no,yes,yes,NA,NA,2010,2013,,,,,moucheti,,morph,
NA,no,yes,no,none,1002178,10.1016/j.actatropica.2018.02.012,Hakizimana,"Spatio-temporal distribution of mosquitoes and risk of malaria infection in
Rwanda",Acta Tropica,2018,,NA,,,rwanda,rukara,-1.801.306,30.521.142,NA,NA,NA,NA,NA,NA,NA,NA,NA,NA,NA,NA,NA,NA,within 5km,point,google maps,,,checked and confirmed coordiates using google maps and google earth,,,,,HLC,2062,,NA,,NA,,NA,2062,,yes,no,yes,NA,NA,2010,2013,,,,,gambiae complex,,morph,
NA,no,yes,no,none,1002178,10.1016/j.actatropica.2018.02.012,Hakizimana,"Spatio-temporal distribution of mosquitoes and risk of malaria infection in
Rwanda",Acta Tropica,2018,,NA,,,rwanda,rukara,-1.801.306,30.521.142,NA,NA,NA,NA,NA,NA,NA,NA,NA,NA,NA,NA,NA,NA,within 5km,point,google maps,,,checked and confirmed coordiates using google maps and google earth,,,,,HLC,171,,NA,,NA,,NA,171,,yes,no,yes,NA,NA,2010,2013,,,,,funestus complex,,morph,
NA,no,yes,no,none,1002178,10.1016/j.actatropica.2018.02.012,Hakizimana,"Spatio-temporal distribution of mosquitoes and risk of malaria infection in
Rwanda",Acta Tropica,2018,,NA,,,rwanda,rukara,-1.801.306,30.521.142,NA,NA,NA,NA,NA,NA,NA,NA,NA,NA,NA,NA,NA,NA,within 5km,point,google maps,,,checked and confirmed coordiates using google maps and google earth,,,,,HLC,12,,NA,,NA,,NA,12,,yes,no,yes,NA,NA,2010,2013,,,,,ziemanni,,morph,
NA,no,yes,no,none,1002178,10.1016/j.actatropica.2018.02.012,Hakizimana,"Spatio-temporal distribution of mosquitoes and risk of malaria infection in
Rwanda",Acta Tropica,2018,,NA,,,rwanda,rukara,-1.801.306,30.521.142,NA,NA,NA,NA,NA,NA,NA,NA,NA,NA,NA,NA,NA,NA,within 5km,point,google maps,,,checked and confirmed coordiates using google maps and google earth,,,,,HLC,968,,NA,,NA,,NA,968,,yes,no,yes,NA,NA,2010,2013,,,,,coustani complex,,morph,
NA,no,yes,no,none,1002178,10.1016/j.actatropica.2018.02.012,Hakizimana,"Spatio-temporal distribution of mosquitoes and risk of malaria infection in
Rwanda",Acta Tropica,2018,,NA,,,rwanda,rukara,-1.801.306,30.521.142,NA,NA,NA,NA,NA,NA,NA,NA,NA,NA,NA,NA,NA,NA,within 5km,point,google maps,,,checked and confirmed coordiates using google maps and google earth,,,,,HLC,0,,NA,,NA,,NA,0,,no,yes,yes,NA,NA,2010,2013,,,,,christyi,,morph,
NA,no,yes,no,none,1002178,10.1016/j.actatropica.2018.02.012,Hakizimana,"Spatio-temporal distribution of mosquitoes and risk of malaria infection in
Rwanda",Acta Tropica,2018,,NA,,,rwanda,rukara,-1.801.306,30.521.142,NA,NA,NA,NA,NA,NA,NA,NA,NA,NA,NA,NA,NA,NA,within 5km,point,google maps,,,checked and confirmed coordiates using google maps and google earth,,,,,HLC,0,,NA,,NA,,NA,0,,no,yes,yes,NA,NA,2010,2013,,,,,squamosus,,morph,
NA,no,yes,no,none,1002178,10.1016/j.actatropica.2018.02.012,Hakizimana,"Spatio-temporal distribution of mosquitoes and risk of malaria infection in
Rwanda",Acta Tropica,2018,,NA,,,rwanda,rukara,-1.801.306,30.521.142,NA,NA,NA,NA,NA,NA,NA,NA,NA,NA,NA,NA,NA,NA,within 5km,point,google maps,,,checked and confirmed coordiates using google maps and google earth,,,,,HLC,0,,NA,,NA,,NA,0,,no,yes,yes,NA,NA,2010,2013,,,,,maculipalpis,,morph,
NA,no,yes,no,none,1002178,10.1016/j.actatropica.2018.02.012,Hakizimana,"Spatio-temporal distribution of mosquitoes and risk of malaria infection in
Rwanda",Acta Tropica,2018,,NA,,,rwanda,rukara,-1.801.306,30.521.142,NA,NA,NA,NA,NA,NA,NA,NA,NA,NA,NA,NA,NA,NA,within 5km,point,google maps,,,checked and confirmed coordiates using google maps and google earth,,,,,HLC,361,,NA,,NA,,NA,361,,yes,no,yes,NA,NA,2010,2013,,,,,moucheti,,morph,
NA,yes,yes,no,none,1002178,10.1016/j.actatropica.2018.02.012,Hakizimana,"Spatio-temporal distribution of mosquitoes and risk of malaria infection in
Rwanda",Acta Tropica,2018,,NA,,,rwanda,bukora,-22.999,30.788,NA,NA,NA,NA,NA,NA,NA,NA,NA,NA,NA,NA,NA,NA,within 5km,point,google maps,,,checked and confirmed coordiates using google maps and google earth,,,,,,NA,,NA,,NA,,NA,NA,,yes,no,yes,NA,NA,2010,2010,,,,,gambiae complex,,morph,
NA,yes,yes,no,none,1002178,10.1016/j.actatropica.2018.02.012,Hakizimana,"Spatio-temporal distribution of mosquitoes and risk of malaria infection in
Rwanda",Acta Tropica,2018,,NA,,,rwanda,busoro,-2.284.293,299.516,NA,NA,NA,NA,NA,NA,NA,NA,NA,NA,NA,NA,NA,NA,within 5km,point,google maps,,,checked and confirmed coordiates using google maps and google earth,,,,,,NA,,NA,,NA,,NA,NA,,yes,no,yes,NA,NA,2010,2010,,,,,gambiae complex,,morph,
NA,yes,yes,no,none,1002178,10.1016/j.actatropica.2018.02.012,Hakizimana,"Spatio-temporal distribution of mosquitoes and risk of malaria infection in
Rwanda",Acta Tropica,2018,,NA,,,rwanda,karambi,-233.041,2.922.719,NA,NA,NA,NA,NA,NA,NA,NA,NA,NA,NA,NA,NA,NA,within 5km,point,google maps,,,checked and confirmed coordiates using google maps and google earth,,,,,,NA,,NA,,NA,,NA,NA,,yes,no,yes,NA,NA,2010,2010,,,,,gambiae complex,,morph,
NA,yes,yes,no,none,1002178,10.1016/j.actatropica.2018.02.012,Hakizimana,"Spatio-temporal distribution of mosquitoes and risk of malaria infection in
Rwanda",Acta Tropica,2018,,NA,,,rwanda,mashesha,-2.596.694,29.008.615,NA,NA,NA,NA,NA,NA,NA,NA,NA,NA,NA,NA,NA,NA,within 5km,point,google maps,,,checked and confirmed coordiates using google maps and google earth,,,,,,NA,,NA,,NA,,NA,NA,,yes,no,yes,NA,NA,2010,2010,,,,,gambiae complex,,morph,
NA,yes,yes,no,none,1002178,10.1016/j.actatropica.2018.02.012,Hakizimana,"Spatio-temporal distribution of mosquitoes and risk of malaria infection in
Rwanda",Acta Tropica,2018,,NA,,,rwanda,rukara,-1.801.306,30.521.142,NA,NA,NA,NA,NA,NA,NA,NA,NA,NA,NA,NA,NA,NA,within 5km,point,google maps,,,checked and confirmed coordiates using google maps and google earth,,,,,,NA,,NA,,NA,,NA,NA,,yes,no,yes,NA,NA,2010,2010,,,,,gambiae complex,,morph,
NA,yes,yes,no,none,1002178,10.1016/j.actatropica.2018.02.012,Hakizimana,"Spatio-temporal distribution of mosquitoes and risk of malaria infection in
Rwanda",Acta Tropica,2018,,NA,,,rwanda,bukora,-22.999,30.788,NA,NA,NA,NA,NA,NA,NA,NA,NA,NA,NA,NA,NA,NA,within 5km,point,google maps,,,checked and confirmed coordiates using google maps and google earth,,,,,,NA,,NA,,NA,,NA,NA,,yes,no,yes,NA,NA,2011,2011,,,,,gambiae complex,,morph,
NA,yes,yes,no,none,1002178,10.1016/j.actatropica.2018.02.012,Hakizimana,"Spatio-temporal distribution of mosquitoes and risk of malaria infection in
Rwanda",Acta Tropica,2018,,NA,,,rwanda,busoro,-2.284.293,299.516,NA,NA,NA,NA,NA,NA,NA,NA,NA,NA,NA,NA,NA,NA,within 5km,point,google maps,,,checked and confirmed coordiates using google maps and google earth,,,,,,NA,,NA,,NA,,NA,NA,,yes,no,yes,NA,NA,2011,2011,,,,,gambiae complex,,morph,
NA,yes,yes,no,none,1002178,10.1016/j.actatropica.2018.02.012,Hakizimana,"Spatio-temporal distribution of mosquitoes and risk of malaria infection in
Rwanda",Acta Tropica,2018,,NA,,,rwanda,karambi,-233.041,2.922.719,NA,NA,NA,NA,NA,NA,NA,NA,NA,NA,NA,NA,NA,NA,within 5km,point,google maps,,,checked and confirmed coordiates using google maps and google earth,,,,,,NA,,NA,,NA,,NA,NA,,yes,no,yes,NA,NA,2011,2011,,,,,gambiae complex,,morph,
NA,yes,yes,no,none,1002178,10.1016/j.actatropica.2018.02.012,Hakizimana,"Spatio-temporal distribution of mosquitoes and risk of malaria infection in
Rwanda",Acta Tropica,2018,,NA,,,rwanda,mashesha,-2.596.694,29.008.615,NA,NA,NA,NA,NA,NA,NA,NA,NA,NA,NA,NA,NA,NA,within 5km,point,google maps,,,checked and confirmed coordiates using google maps and google earth,,,,,,NA,,NA,,NA,,NA,NA,,yes,no,yes,NA,NA,2011,2011,,,,,gambiae complex,,morph,
NA,yes,yes,no,none,1002178,10.1016/j.actatropica.2018.02.012,Hakizimana,"Spatio-temporal distribution of mosquitoes and risk of malaria infection in
Rwanda",Acta Tropica,2018,,NA,,,rwanda,rukara,-1.801.306,30.521.142,NA,NA,NA,NA,NA,NA,NA,NA,NA,NA,NA,NA,NA,NA,within 5km,point,google maps,,,checked and confirmed coordiates using google maps and google earth,,,,,,NA,,NA,,NA,,NA,NA,,yes,no,yes,NA,NA,2011,2011,,,,,gambiae complex,,morph,
NA,yes,yes,no,none,1002178,10.1016/j.actatropica.2018.02.012,Hakizimana,"Spatio-temporal distribution of mosquitoes and risk of malaria infection in
Rwanda",Acta Tropica,2018,,NA,,,rwanda,bukora,-22.999,30.788,NA,NA,NA,NA,NA,NA,NA,NA,NA,NA,NA,NA,NA,NA,within 5km,point,google maps,,,checked and confirmed coordiates using google maps and google earth,,,,,,NA,,NA,,NA,,NA,NA,,yes,no,yes,NA,NA,2012,2012,,,,,gambiae complex,,morph,
NA,yes,yes,no,none,1002178,10.1016/j.actatropica.2018.02.012,Hakizimana,"Spatio-temporal distribution of mosquitoes and risk of malaria infection in
Rwanda",Acta Tropica,2018,,NA,,,rwanda,busoro,-2.284.293,299.516,NA,NA,NA,NA,NA,NA,NA,NA,NA,NA,NA,NA,NA,NA,within 5km,point,google maps,,,checked and confirmed coordiates using google maps and google earth,,,,,,NA,,NA,,NA,,NA,NA,,yes,no,yes,NA,NA,2012,2012,,,,,gambiae complex,,morph,
NA,yes,yes,no,none,1002178,10.1016/j.actatropica.2018.02.012,Hakizimana,"Spatio-temporal distribution of mosquitoes and risk of malaria infection in
Rwanda",Acta Tropica,2018,,NA,,,rwanda,karambi,-233.041,2.922.719,NA,NA,NA,NA,NA,NA,NA,NA,NA,NA,NA,NA,NA,NA,within 5km,point,google maps,,,checked and confirmed coordiates using google maps and google earth,,,,,,NA,,NA,,NA,,NA,NA,,yes,no,yes,NA,NA,2012,2012,,,,,gambiae complex,,morph,
NA,yes,yes,no,none,1002178,10.1016/j.actatropica.2018.02.012,Hakizimana,"Spatio-temporal distribution of mosquitoes and risk of malaria infection in
Rwanda",Acta Tropica,2018,,NA,,,rwanda,mashesha,-2.596.694,29.008.615,NA,NA,NA,NA,NA,NA,NA,NA,NA,NA,NA,NA,NA,NA,within 5km,point,google maps,,,checked and confirmed coordiates using google maps and google earth,,,,,,NA,,NA,,NA,,NA,NA,,yes,no,yes,NA,NA,2012,2012,,,,,gambiae complex,,morph,
NA,yes,yes,no,none,1002178,10.1016/j.actatropica.2018.02.012,Hakizimana,"Spatio-temporal distribution of mosquitoes and risk of malaria infection in
Rwanda",Acta Tropica,2018,,NA,,,rwanda,rukara,-1.801.306,30.521.142,NA,NA,NA,NA,NA,NA,NA,NA,NA,NA,NA,NA,NA,NA,within 5km,point,google maps,,,checked and confirmed coordiates using google maps and google earth,,,,,,NA,,NA,,NA,,NA,NA,,yes,no,yes,NA,NA,2012,2012,,,,,gambiae complex,,morph,
NA,yes,yes,no,none,1002178,10.1016/j.actatropica.2018.02.012,Hakizimana,"Spatio-temporal distribution of mosquitoes and risk of malaria infection in
Rwanda",Acta Tropica,2018,,NA,,,rwanda,bukora,-22.999,30.788,NA,NA,NA,NA,NA,NA,NA,NA,NA,NA,NA,NA,NA,NA,within 5km,point,google maps,,,checked and confirmed coordiates using google maps and google earth,,,,,,NA,,NA,,NA,,NA,NA,,yes,no,yes,NA,NA,2013,2013,,,,,gambiae complex,,morph,
NA,yes,yes,no,none,1002178,10.1016/j.actatropica.2018.02.012,Hakizimana,"Spatio-temporal distribution of mosquitoes and risk of malaria infection in
Rwanda",Acta Tropica,2018,,NA,,,rwanda,busoro,-2.284.293,299.516,NA,NA,NA,NA,NA,NA,NA,NA,NA,NA,NA,NA,NA,NA,within 5km,point,google maps,,,checked and confirmed coordiates using google maps and google earth,,,,,,NA,,NA,,NA,,NA,NA,,yes,no,yes,NA,NA,2013,2013,,,,,gambiae complex,,morph,
NA,yes,yes,no,none,1002178,10.1016/j.actatropica.2018.02.012,Hakizimana,"Spatio-temporal distribution of mosquitoes and risk of malaria infection in
Rwanda",Acta Tropica,2018,,NA,,,rwanda,karambi,-233.041,2.922.719,NA,NA,NA,NA,NA,NA,NA,NA,NA,NA,NA,NA,NA,NA,within 5km,point,google maps,,,checked and confirmed coordiates using google maps and google earth,,,,,,NA,,NA,,NA,,NA,NA,,yes,no,yes,NA,NA,2013,2013,,,,,gambiae complex,,morph,
NA,yes,yes,no,none,1002178,10.1016/j.actatropica.2018.02.012,Hakizimana,"Spatio-temporal distribution of mosquitoes and risk of malaria infection in
Rwanda",Acta Tropica,2018,,NA,,,rwanda,mashesha,-2.596.694,29.008.615,NA,NA,NA,NA,NA,NA,NA,NA,NA,NA,NA,NA,NA,NA,within 5km,point,google maps,,,checked and confirmed coordiates using google maps and google earth,,,,,,NA,,NA,,NA,,NA,NA,,yes,no,yes,NA,NA,2013,2013,,,,,gambiae complex,,morph,
NA,yes,yes,no,none,1002178,10.1016/j.actatropica.2018.02.012,Hakizimana,"Spatio-temporal distribution of mosquitoes and risk of malaria infection in
Rwanda",Acta Tropica,2018,,NA,,,rwanda,rukara,-1.801.306,30.521.142,NA,NA,NA,NA,NA,NA,NA,NA,NA,NA,NA,NA,NA,NA,within 5km,point,google maps,,,checked and confirmed coordiates using google maps and google earth,,,,,,NA,,NA,,NA,,NA,NA,,yes,no,yes,NA,NA,2013,2013,,,,,gambiae complex,,morph,
NA,no,yes,no,none,1002180,10.1186/s13071-015-1060-6,Helinski,"Entomological surveillance following a
long-lasting insecticidal net universal
coverage campaign in Midwestern Uganda",Parasites & Vectors,2015,,NA,,,uganda,hoima,14.264,31.351,NA,NA,NA,NA,NA,NA,NA,NA,NA,NA,NA,NA,NA,NA,greater than 10km,wide area,google maps,,,,yes,itn,yes,,hlc - in,776,hlc - out,116,cdc-lt,649,,NA,1541,,yes,no,yes,11,2,2009,2013,,,,,gambiae complex,,morph,
NA,no,yes,no,none,1002180,10.1186/s13071-015-1060-6,Helinski,"Entomological surveillance following a
long-lasting insecticidal net universal
coverage campaign in Midwestern Uganda",Parasites & Vectors,2015,,NA,,,uganda,kyankwanzi,1.205,31.818,NA,NA,NA,NA,NA,NA,NA,NA,NA,NA,NA,NA,NA,NA,greater than 10km,wide area,google maps,,,,yes,itn,yes,,hlc - in,9097,hlc - out,705,cdc-lt,2142,,NA,11944,,yes,no,yes,11,2,2009,2013,,,,,gambiae complex,,morph,
NA,no,yes,no,none,1002180,10.1186/s13071-015-1060-6,Helinski,"Entomological surveillance following a
long-lasting insecticidal net universal
coverage campaign in Midwestern Uganda",Parasites & Vectors,2015,,NA,,,uganda,hoima,14.264,31.351,NA,NA,NA,NA,NA,NA,NA,NA,NA,NA,NA,NA,NA,NA,greater than 10km,wide area,google maps,,,,yes,itn,yes,,hlc - in,28,hlc - out,4,cdc-lt,12,,NA,44,,yes,no,yes,11,2,2009,2013,,,,,funestus complex,,morph,
NA,no,yes,no,none,1002180,10.1186/s13071-015-1060-6,Helinski,"Entomological surveillance following a
long-lasting insecticidal net universal
coverage campaign in Midwestern Uganda",Parasites & Vectors,2015,,NA,,,uganda,kyankwanzi,1.205,31.818,NA,NA,NA,NA,NA,NA,NA,NA,NA,NA,NA,NA,NA,NA,greater than 10km,wide area,google maps,,,,yes,itn,yes,,hlc - in,20,hlc - out,5,cdc-lt,1,,NA,26,,yes,no,yes,11,2,2009,2013,,,,,funestus complex,,morph,
NA,no,yes,no,none,1002180,10.1186/s13071-015-1060-6,Helinski,"Entomological surveillance following a
long-lasting insecticidal net universal
coverage campaign in Midwestern Uganda",Parasites & Vectors,2015,,NA,,,uganda,hoima,14.264,31.351,NA,NA,NA,NA,NA,NA,NA,NA,NA,NA,NA,NA,NA,NA,greater than 10km,wide area,google maps,,,,yes,itn,yes,,hlc - in,NA,hlc - out,NA,cdc-lt,NA,,NA,NA,,yes,no,yes,11,2,2009,2013,,,,,gambiae_s form,,morph,genetic/molecular
NA,no,yes,no,none,1002180,10.1186/s13071-015-1060-6,Helinski,"Entomological surveillance following a
long-lasting insecticidal net universal
coverage campaign in Midwestern Uganda",Parasites & Vectors,2015,,NA,,,uganda,kyankwanzi,1.205,31.818,NA,NA,NA,NA,NA,NA,NA,NA,NA,NA,NA,NA,NA,NA,greater than 10km,wide area,google maps,,,,yes,itn,yes,,hlc - in,NA,hlc - out,NA,cdc-lt,NA,,NA,NA,,yes,no,yes,11,2,2009,2013,,,,,gambiae_s form,,morph,genetic/molecular
NA,no,yes,no,none,1002180,10.1186/s13071-015-1060-6,Helinski,"Entomological surveillance following a
long-lasting insecticidal net universal
coverage campaign in Midwestern Uganda",Parasites & Vectors,2015,,NA,,,uganda,hoima,14.264,31.351,NA,NA,NA,NA,NA,NA,NA,NA,NA,NA,NA,NA,NA,NA,greater than 10km,wide area,google maps,,,,yes,itn,yes,,hlc - in,NA,hlc - out,NA,cdc-lt,NA,,NA,NA,,yes,no,yes,11,2,2009,2013,,,,,arabiensis,,morph,genetic/molecular
NA,no,yes,no,none,1002180,10.1186/s13071-015-1060-6,Helinski,"Entomological surveillance following a
long-lasting insecticidal net universal
coverage campaign in Midwestern Uganda",Parasites & Vectors,2015,,NA,,,uganda,kyankwanzi,1.205,31.818,NA,NA,NA,NA,NA,NA,NA,NA,NA,NA,NA,NA,NA,NA,greater than 10km,wide area,google maps,,,,yes,itn,yes,,hlc - in,NA,hlc - out,NA,cdc-lt,NA,,NA,NA,,yes,no,yes,11,2,2009,2013,,,,,arabiensis,,morph,genetic/molecular
NA,yes,yes,no,none,1002180,10.1186/s13071-015-1060-6,Helinski,"Entomological surveillance following a
long-lasting insecticidal net universal
coverage campaign in Midwestern Uganda",Parasites & Vectors,2015,,NA,,,uganda,hoima,14.264,31.351,NA,NA,NA,NA,NA,NA,NA,NA,NA,NA,NA,NA,NA,NA,greater than 10km,wide area,google maps,,,,yes,itn,yes,,,NA,,NA,,NA,,NA,NA,,yes,no,yes,11,11,2009,2009,,,,,gambiae complex,,morph,
NA,yes,yes,no,none,1002180,10.1186/s13071-015-1060-6,Helinski,"Entomological surveillance following a
long-lasting insecticidal net universal
coverage campaign in Midwestern Uganda",Parasites & Vectors,2015,,NA,,,uganda,hoima,14.264,31.351,NA,NA,NA,NA,NA,NA,NA,NA,NA,NA,NA,NA,NA,NA,greater than 10km,wide area,google maps,,,,yes,itn,yes,,,NA,,NA,,NA,,NA,NA,,yes,no,yes,5,11,2010,2011,,,,,gambiae complex,,morph,
NA,yes,yes,no,none,1002180,10.1186/s13071-015-1060-6,Helinski,"Entomological surveillance following a
long-lasting insecticidal net universal
coverage campaign in Midwestern Uganda",Parasites & Vectors,2015,,NA,,,uganda,hoima,14.264,31.351,NA,NA,NA,NA,NA,NA,NA,NA,NA,NA,NA,NA,NA,NA,greater than 10km,wide area,google maps,,,,yes,itn,yes,,,NA,,NA,,NA,,NA,NA,,yes,no,yes,11,11,2010,2011,,,,,gambiae complex,,morph,
NA,yes,yes,no,none,1002180,10.1186/s13071-015-1060-6,Helinski,"Entomological surveillance following a
long-lasting insecticidal net universal
coverage campaign in Midwestern Uganda",Parasites & Vectors,2015,,NA,,,uganda,hoima,14.264,31.351,NA,NA,NA,NA,NA,NA,NA,NA,NA,NA,NA,NA,NA,NA,greater than 10km,wide area,google maps,,,,yes,itn,yes,,,NA,,NA,,NA,,NA,NA,,yes,no,yes,5,11,2011,2011,,,,,gambiae complex,,morph,
NA,yes,yes,no,none,1002180,10.1186/s13071-015-1060-6,Helinski,"Entomological surveillance following a
long-lasting insecticidal net universal
coverage campaign in Midwestern Uganda",Parasites & Vectors,2015,,NA,,,uganda,hoima,14.264,31.351,NA,NA,NA,NA,NA,NA,NA,NA,NA,NA,NA,NA,NA,NA,greater than 10km,wide area,google maps,,,,yes,itn,yes,,,NA,,NA,,NA,,NA,NA,,yes,no,yes,11,11,2011,2011,,,,,gambiae complex,,morph,
NA,yes,yes,no,none,1002180,10.1186/s13071-015-1060-6,Helinski,"Entomological surveillance following a
long-lasting insecticidal net universal
coverage campaign in Midwestern Uganda",Parasites & Vectors,2015,,NA,,,uganda,hoima,14.264,31.351,NA,NA,NA,NA,NA,NA,NA,NA,NA,NA,NA,NA,NA,NA,greater than 10km,wide area,google maps,,,,yes,itn,yes,,,NA,,NA,,NA,,NA,NA,,yes,no,yes,5,11,2012,2012,,,,,gambiae complex,,morph,
NA,yes,yes,no,none,1002180,10.1186/s13071-015-1060-6,Helinski,"Entomological surveillance following a
long-lasting insecticidal net universal
coverage campaign in Midwestern Uganda",Parasites & Vectors,2015,,NA,,,uganda,hoima,14.264,31.351,NA,NA,NA,NA,NA,NA,NA,NA,NA,NA,NA,NA,NA,NA,greater than 10km,wide area,google maps,,,,yes,itn,yes,,,NA,,NA,,NA,,NA,NA,,yes,no,yes,11,11,2012,2012,,,,,gambiae complex,,morph,
NA,yes,yes,no,none,1002180,10.1186/s13071-015-1060-6,Helinski,"Entomological surveillance following a
long-lasting insecticidal net universal
coverage campaign in Midwestern Uganda",Parasites & Vectors,2015,,NA,,,uganda,kyankwanzi,1.205,31.818,NA,NA,NA,NA,NA,NA,NA,NA,NA,NA,NA,NA,NA,NA,greater than 10km,wide area,google maps,,,,yes,itn,yes,,,NA,,NA,,NA,,NA,NA,,yes,no,yes,11,11,2009,2009,,,,,gambiae complex,,morph,
NA,yes,yes,no,none,1002180,10.1186/s13071-015-1060-6,Helinski,"Entomological surveillance following a
long-lasting insecticidal net universal
coverage campaign in Midwestern Uganda",Parasites & Vectors,2015,,NA,,,uganda,kyankwanzi,1.205,31.818,NA,NA,NA,NA,NA,NA,NA,NA,NA,NA,NA,NA,NA,NA,greater than 10km,wide area,google maps,,,,yes,itn,yes,,,NA,,NA,,NA,,NA,NA,,yes,no,yes,5,11,2010,2011,,,,,gambiae complex,,morph,
NA,yes,yes,no,none,1002180,10.1186/s13071-015-1060-6,Helinski,"Entomological surveillance following a
long-lasting insecticidal net universal
coverage campaign in Midwestern Uganda",Parasites & Vectors,2015,,NA,,,uganda,kyankwanzi,1.205,31.818,NA,NA,NA,NA,NA,NA,NA,NA,NA,NA,NA,NA,NA,NA,greater than 10km,wide area,google maps,,,,yes,itn,yes,,,NA,,NA,,NA,,NA,NA,,yes,no,yes,11,11,2010,2011,,,,,gambiae complex,,morph,
NA,yes,yes,no,none,1002180,10.1186/s13071-015-1060-6,Helinski,"Entomological surveillance following a
long-lasting insecticidal net universal
coverage campaign in Midwestern Uganda",Parasites & Vectors,2015,,NA,,,uganda,kyankwanzi,1.205,31.818,NA,NA,NA,NA,NA,NA,NA,NA,NA,NA,NA,NA,NA,NA,greater than 10km,wide area,google maps,,,,yes,itn,yes,,,NA,,NA,,NA,,NA,NA,,yes,no,yes,5,11,2011,2011,,,,,gambiae complex,,morph,
NA,yes,yes,no,none,1002180,10.1186/s13071-015-1060-6,Helinski,"Entomological surveillance following a
long-lasting insecticidal net universal
coverage campaign in Midwestern Uganda",Parasites & Vectors,2015,,NA,,,uganda,kyankwanzi,1.205,31.818,NA,NA,NA,NA,NA,NA,NA,NA,NA,NA,NA,NA,NA,NA,greater than 10km,wide area,google maps,,,,yes,itn,yes,,,NA,,NA,,NA,,NA,NA,,yes,no,yes,11,11,2011,2011,,,,,gambiae complex,,morph,
NA,yes,yes,no,none,1002180,10.1186/s13071-015-1060-6,Helinski,"Entomological surveillance following a
long-lasting insecticidal net universal
coverage campaign in Midwestern Uganda",Parasites & Vectors,2015,,NA,,,uganda,kyankwanzi,1.205,31.818,NA,NA,NA,NA,NA,NA,NA,NA,NA,NA,NA,NA,NA,NA,greater than 10km,wide area,google maps,,,,yes,itn,yes,,,NA,,NA,,NA,,NA,NA,,yes,no,yes,5,11,2012,2012,,,,,gambiae complex,,morph,
NA,yes,yes,no,none,1002180,10.1186/s13071-015-1060-6,Helinski,"Entomological surveillance following a
long-lasting insecticidal net universal
coverage campaign in Midwestern Uganda",Parasites & Vectors,2015,,NA,,,uganda,kyankwanzi,1.205,31.818,NA,NA,NA,NA,NA,NA,NA,NA,NA,NA,NA,NA,NA,NA,greater than 10km,wide area,google maps,,,,yes,itn,yes,,,NA,,NA,,NA,,NA,NA,,yes,no,yes,11,11,2012,2012,,,,,gambiae complex,,morph,
NA,yes,yes,no,none,1002180,10.1186/s13071-015-1060-6,Helinski,"Entomological surveillance following a
long-lasting insecticidal net universal
coverage campaign in Midwestern Uganda",Parasites & Vectors,2015,,NA,,,uganda,hoima,14.264,31.351,NA,NA,NA,NA,NA,NA,NA,NA,NA,NA,NA,NA,NA,NA,greater than 10km,wide area,google maps,,,,yes,itn,yes,,,NA,,NA,,NA,,NA,NA,,yes,no,yes,NA,NA,2009,2009,,,,,gambiae complex,,morph,
NA,yes,yes,no,none,1002180,10.1186/s13071-015-1060-6,Helinski,"Entomological surveillance following a
long-lasting insecticidal net universal
coverage campaign in Midwestern Uganda",Parasites & Vectors,2015,,NA,,,uganda,hoima,14.264,31.351,NA,NA,NA,NA,NA,NA,NA,NA,NA,NA,NA,NA,NA,NA,greater than 10km,wide area,google maps,,,,yes,itn,yes,,,NA,,NA,,NA,,NA,NA,,yes,no,yes,NA,NA,2010,2010,,,,,gambiae complex,,morph,
NA,yes,yes,no,none,1002180,10.1186/s13071-015-1060-6,Helinski,"Entomological surveillance following a
long-lasting insecticidal net universal
coverage campaign in Midwestern Uganda",Parasites & Vectors,2015,,NA,,,uganda,hoima,14.264,31.351,NA,NA,NA,NA,NA,NA,NA,NA,NA,NA,NA,NA,NA,NA,greater than 10km,wide area,google maps,,,,yes,itn,yes,,,NA,,NA,,NA,,NA,NA,,yes,no,yes,NA,NA,2011,2011,,,,,gambiae complex,,morph,
NA,yes,yes,no,none,1002180,10.1186/s13071-015-1060-6,Helinski,"Entomological surveillance following a
long-lasting insecticidal net universal
coverage campaign in Midwestern Uganda",Parasites & Vectors,2015,,NA,,,uganda,hoima,14.264,31.351,NA,NA,NA,NA,NA,NA,NA,NA,NA,NA,NA,NA,NA,NA,greater than 10km,wide area,google maps,,,,yes,itn,yes,,,NA,,NA,,NA,,NA,NA,,yes,no,yes,NA,NA,2012,2012,,,,,gambiae complex,,morph,
NA,yes,yes,no,none,1002180,10.1186/s13071-015-1060-6,Helinski,"Entomological surveillance following a
long-lasting insecticidal net universal
coverage campaign in Midwestern Uganda",Parasites & Vectors,2015,,NA,,,uganda,kyankwanzi,1.205,31.818,NA,NA,NA,NA,NA,NA,NA,NA,NA,NA,NA,NA,NA,NA,greater than 10km,wide area,google maps,,,,yes,itn,yes,,,NA,,NA,,NA,,NA,NA,,yes,no,yes,NA,NA,2009,2009,,,,,gambiae complex,,morph,
NA,yes,yes,no,none,1002180,10.1186/s13071-015-1060-6,Helinski,"Entomological surveillance following a
long-lasting insecticidal net universal
coverage campaign in Midwestern Uganda",Parasites & Vectors,2015,,NA,,,uganda,kyankwanzi,1.205,31.818,NA,NA,NA,NA,NA,NA,NA,NA,NA,NA,NA,NA,NA,NA,greater than 10km,wide area,google maps,,,,yes,itn,yes,,,NA,,NA,,NA,,NA,NA,,yes,no,yes,NA,NA,2010,2010,,,,,gambiae complex,,morph,
NA,yes,yes,no,none,1002180,10.1186/s13071-015-1060-6,Helinski,"Entomological surveillance following a
long-lasting insecticidal net universal
coverage campaign in Midwestern Uganda",Parasites & Vectors,2015,,NA,,,uganda,kyankwanzi,1.205,31.818,NA,NA,NA,NA,NA,NA,NA,NA,NA,NA,NA,NA,NA,NA,greater than 10km,wide area,google maps,,,,yes,itn,yes,,,NA,,NA,,NA,,NA,NA,,yes,no,yes,NA,NA,2011,2011,,,,,gambiae complex,,morph,
NA,yes,yes,no,none,1002180,10.1186/s13071-015-1060-6,Helinski,"Entomological surveillance following a
long-lasting insecticidal net universal
coverage campaign in Midwestern Uganda",Parasites & Vectors,2015,,NA,,,uganda,kyankwanzi,1.205,31.818,NA,NA,NA,NA,NA,NA,NA,NA,NA,NA,NA,NA,NA,NA,greater than 10km,wide area,google maps,,,,yes,itn,yes,,,NA,,NA,,NA,,NA,NA,,yes,no,yes,NA,NA,2012,2012,,,,,gambiae complex,,morph,
NA,no,yes,no,genotypic,1002180,10.1186/s13071-015-1060-6,Helinski,"Entomological surveillance following a
long-lasting insecticidal net universal
coverage campaign in Midwestern Uganda",Parasites & Vectors,2015,,NA,,,uganda,hoima,14.264,31.351,NA,NA,NA,NA,NA,NA,NA,NA,NA,NA,NA,NA,NA,NA,greater than 10km,wide area,google maps,,,,yes,itn,yes,,,NA,,NA,,NA,,NA,NA,,yes,no,yes,NA,NA,2009,2009,,,,,gambiae_s form,,morph,genetic/molecular
NA,no,yes,no,genotypic,1002180,10.1186/s13071-015-1060-6,Helinski,"Entomological surveillance following a
long-lasting insecticidal net universal
coverage campaign in Midwestern Uganda",Parasites & Vectors,2015,,NA,,,uganda,hoima,14.264,31.351,NA,NA,NA,NA,NA,NA,NA,NA,NA,NA,NA,NA,NA,NA,greater than 10km,wide area,google maps,,,,yes,itn,yes,,,NA,,NA,,NA,,NA,NA,,yes,no,yes,NA,NA,2010,2010,,,,,gambiae_s form,,morph,genetic/molecular
NA,no,yes,no,genotypic,1002180,10.1186/s13071-015-1060-6,Helinski,"Entomological surveillance following a
long-lasting insecticidal net universal
coverage campaign in Midwestern Uganda",Parasites & Vectors,2015,,NA,,,uganda,hoima,14.264,31.351,NA,NA,NA,NA,NA,NA,NA,NA,NA,NA,NA,NA,NA,NA,greater than 10km,wide area,google maps,,,,yes,itn,yes,,,NA,,NA,,NA,,NA,NA,,yes,no,yes,NA,NA,2011,2011,,,,,gambiae_s form,,morph,genetic/molecular
NA,no,yes,no,genotypic,1002180,10.1186/s13071-015-1060-6,Helinski,"Entomological surveillance following a
long-lasting insecticidal net universal
coverage campaign in Midwestern Uganda",Parasites & Vectors,2015,,NA,,,uganda,hoima,14.264,31.351,NA,NA,NA,NA,NA,NA,NA,NA,NA,NA,NA,NA,NA,NA,greater than 10km,wide area,google maps,,,,yes,itn,yes,,,NA,,NA,,NA,,NA,NA,,yes,no,yes,NA,NA,2011,2011,,,,,arabiensis,,morph,genetic/molecular
NA,no,yes,no,genotypic,1002180,10.1186/s13071-015-1060-6,Helinski,"Entomological surveillance following a
long-lasting insecticidal net universal
coverage campaign in Midwestern Uganda",Parasites & Vectors,2015,,NA,,,uganda,hoima,14.264,31.351,NA,NA,NA,NA,NA,NA,NA,NA,NA,NA,NA,NA,NA,NA,greater than 10km,wide area,google maps,,,,yes,itn,yes,,,NA,,NA,,NA,,NA,NA,,yes,no,yes,NA,NA,2012,2012,,,,,gambiae_s form,,morph,genetic/molecular
NA,no,yes,no,genotypic,1002180,10.1186/s13071-015-1060-6,Helinski,"Entomological surveillance following a
long-lasting insecticidal net universal
coverage campaign in Midwestern Uganda",Parasites & Vectors,2015,,NA,,,uganda,kyankwanzi,1.205,31.818,NA,NA,NA,NA,NA,NA,NA,NA,NA,NA,NA,NA,NA,NA,greater than 10km,wide area,google maps,,,,yes,itn,yes,,,NA,,NA,,NA,,NA,NA,,yes,no,yes,NA,NA,2009,2009,,,,,gambiae_s form,,morph,genetic/molecular
NA,no,yes,no,genotypic,1002180,10.1186/s13071-015-1060-6,Helinski,"Entomological surveillance following a
long-lasting insecticidal net universal
coverage campaign in Midwestern Uganda",Parasites & Vectors,2015,,NA,,,uganda,kyankwanzi,1.205,31.818,NA,NA,NA,NA,NA,NA,NA,NA,NA,NA,NA,NA,NA,NA,greater than 10km,wide area,google maps,,,,yes,itn,yes,,,NA,,NA,,NA,,NA,NA,,yes,no,yes,NA,NA,2009,2009,,,,,arabiensis,,morph,genetic/molecular
NA,no,yes,no,genotypic,1002180,10.1186/s13071-015-1060-6,Helinski,"Entomological surveillance following a
long-lasting insecticidal net universal
coverage campaign in Midwestern Uganda",Parasites & Vectors,2015,,NA,,,uganda,kyankwanzi,1.205,31.818,NA,NA,NA,NA,NA,NA,NA,NA,NA,NA,NA,NA,NA,NA,greater than 10km,wide area,google maps,,,,yes,itn,yes,,,NA,,NA,,NA,,NA,NA,,yes,no,yes,NA,NA,2010,2010,,,,,gambiae_s form,,morph,genetic/molecular
NA,no,yes,no,genotypic,1002180,10.1186/s13071-015-1060-6,Helinski,"Entomological surveillance following a
long-lasting insecticidal net universal
coverage campaign in Midwestern Uganda",Parasites & Vectors,2015,,NA,,,uganda,kyankwanzi,1.205,31.818,NA,NA,NA,NA,NA,NA,NA,NA,NA,NA,NA,NA,NA,NA,greater than 10km,wide area,google maps,,,,yes,itn,yes,,,NA,,NA,,NA,,NA,NA,,yes,no,yes,NA,NA,2011,2011,,,,,gambiae_s form,,morph,genetic/molecular
NA,no,yes,no,genotypic,1002180,10.1186/s13071-015-1060-6,Helinski,"Entomological surveillance following a
long-lasting insecticidal net universal
coverage campaign in Midwestern Uganda",Parasites & Vectors,2015,,NA,,,uganda,kyankwanzi,1.205,31.818,NA,NA,NA,NA,NA,NA,NA,NA,NA,NA,NA,NA,NA,NA,greater than 10km,wide area,google maps,,,,yes,itn,yes,,,NA,,NA,,NA,,NA,NA,,yes,no,yes,NA,NA,2012,2012,,,,,gambiae_s form,,morph,genetic/molecular
NA,no,yes,no,genotypic,1002180,10.1186/s13071-015-1060-6,Helinski,"Entomological surveillance following a
long-lasting insecticidal net universal
coverage campaign in Midwestern Uganda",Parasites & Vectors,2015,,NA,,,uganda,kyankwanzi,1.205,31.818,NA,NA,NA,NA,NA,NA,NA,NA,NA,NA,NA,NA,NA,NA,greater than 10km,wide area,google maps,,,,yes,itn,yes,,,NA,,NA,,NA,,NA,NA,,yes,no,yes,NA,NA,2011,2011,,,,,arabiensis,,morph,genetic/molecular
NA,no,yes,no,genotypic,1002180,10.1186/s13071-015-1060-6,Helinski,"Entomological surveillance following a
long-lasting insecticidal net universal
coverage campaign in Midwestern Uganda",Parasites & Vectors,2015,,NA,,,uganda,kyankwanzi,1.205,31.818,NA,NA,NA,NA,NA,NA,NA,NA,NA,NA,NA,NA,NA,NA,greater than 10km,wide area,google maps,,,,yes,itn,yes,,,NA,,NA,,NA,,NA,NA,,yes,no,yes,NA,NA,2012,2012,,,,,arabiensis,,morph,genetic/molecular
NA,yes,yes,no,none,1002181,10.1186/1475-2875-9-160,Horton,"Identification of three single nucleotide
polymorphisms in Anopheles gambiae immune
signaling genes that are associated with natural
Plasmodium falciparum infection",Malaria Journal,2010,,NA,,,mali,Bancoumana,12.2,-8.266.667,NA,NA,NA,NA,NA,NA,NA,NA,NA,NA,NA,NA,NA,NA,,point,paper map,,,checked and confirmed coordiates using google maps and google earth,na,,,,?,NA,,NA,,NA,,NA,NA,,yes,no,,7,9,2006,2007,,,,,gambiae complex,,morph,
NA,yes,yes,no,none,1002181,10.1186/1475-2875-9-160,Horton,"Identification of three single nucleotide
polymorphisms in Anopheles gambiae immune
signaling genes that are associated with natural
Plasmodium falciparum infection",Malaria Journal,2010,,NA,,,mali,Doneguebougou,1.280.683,-798.476,NA,NA,NA,NA,NA,NA,NA,NA,NA,NA,NA,NA,NA,NA,,point,paper map,,,checked and confirmed coordiates using google maps and google earth,na,,,,?,NA,,NA,,NA,,NA,NA,,yes,no,,7,9,2006,2007,,,,,gambiae complex,,morph,
NA,yes,yes,no,none,1002181,10.1186/1475-2875-9-160,Horton,"Identification of three single nucleotide
polymorphisms in Anopheles gambiae immune
signaling genes that are associated with natural
Plasmodium falciparum infection",Malaria Journal,2010,,NA,,,mali,Selinkenyi,11.7,-828.333,NA,NA,NA,NA,NA,NA,NA,NA,NA,NA,NA,NA,NA,NA,,point,paper map,,,checked and confirmed coordiates using google maps and google earth,na,,,,?,NA,,NA,,NA,,NA,NA,,yes,no,,7,9,2006,2007,,,,,gambiae complex,,morph,
NA,yes,yes,no,none,1002181,10.1186/1475-2875-9-160,Horton,"Identification of three single nucleotide
polymorphisms in Anopheles gambiae immune
signaling genes that are associated with natural
Plasmodium falciparum infection",Malaria Journal,2010,,NA,,,mali,Sidaribougou,11.466.427,-5.743.043,NA,NA,NA,NA,NA,NA,NA,NA,NA,NA,NA,NA,NA,NA,,point,paper map,,,checked and confirmed coordiates using google maps and google earth,na,,,,?,NA,,NA,,NA,,NA,NA,,yes,no,,7,9,2006,2007,,,,,gambiae complex,,morph,
NA,yes,yes,no,none,1002181,10.1186/1475-2875-9-160,Horton,"Identification of three single nucleotide
polymorphisms in Anopheles gambiae immune
signaling genes that are associated with natural
Plasmodium falciparum infection",Malaria Journal,2010,,NA,,,mali,Pimperena,1.146.667,-5.7,NA,NA,NA,NA,NA,NA,NA,NA,NA,NA,NA,NA,NA,NA,,point,paper map,,,checked and confirmed coordiates using google maps and google earth,na,,,,?,NA,,NA,,NA,,NA,NA,,yes,no,,7,9,2006,2007,,,,,gambiae complex,,morph,
NA,yes,yes,no,none,1002185,10.1603/ME09102,Edith,"Temporal Dynamics of Malaria Transmission in Two Rural Areas of
Burkina Faso With Two Ecological Differences",Entomological Society of America,2010,,NA,yes,request authors for species specific EIR and biting rate data-data provided in text is a combination of funestus and gambiae complex,burkina faso,Tensobtenga,12.002.452,-0.264522,NA,NA,NA,NA,NA,NA,NA,NA,NA,NA,NA,NA,NA,NA,within 5km,point,google maps,,,searched and confirmed coordinates in googl maps and google earth,,,,,cdc-lt,NA,,NA,,NA,,NA,30143,,yes,no,yes,12,11,2000,2001,,,,,gambiae complex,,morph,
NA,yes,yes,no,none,1002185,10.1603/ME09102,Edith,"Temporal Dynamics of Malaria Transmission in Two Rural Areas of
Burkina Faso With Two Ecological Differences",Entomological Society of America,2010,,NA,yes,request authors for species specific EIR and biting rate data-data provided in text is a combination of funestus and gambiae complex,burkina faso,Balonguen,12.049.699,-1.499.878,NA,NA,NA,NA,NA,NA,NA,NA,NA,NA,NA,NA,NA,NA,within 5km,point,google maps,,,searched and confirmed coordinates in googl maps and google earth,,,,,cdc-lt,NA,,NA,,NA,,NA,15451,,yes,no,yes,12,11,2000,2001,,,,,gambiae complex,,morph,
NA,yes,yes,no,none,1002185,10.1603/ME09102,Edith,"Temporal Dynamics of Malaria Transmission in Two Rural Areas of
Burkina Faso With Two Ecological Differences",Entomological Society of America,2010,,NA,yes,request authors for species specific EIR and biting rate data-data provided in text is a combination of funestus and gambiae complex,burkina faso,Tensobtenga,12.002.452,-0.264522,NA,NA,NA,NA,NA,NA,NA,NA,NA,NA,NA,NA,NA,NA,within 5km,point,google maps,,,searched and confirmed coordinates in googl maps and google earth,,,,,cdc-lt,NA,,NA,,NA,,NA,6448,,yes,no,yes,12,11,2000,2001,,,,,funestus complex,,morph,
NA,yes,yes,no,none,1002185,10.1603/ME09102,Edith,"Temporal Dynamics of Malaria Transmission in Two Rural Areas of
Burkina Faso With Two Ecological Differences",Entomological Society of America,2010,,NA,yes,request authors for species specific EIR and biting rate data-data provided in text is a combination of funestus and gambiae complex,burkina faso,Balonguen,12.049.699,-1.499.878,NA,NA,NA,NA,NA,NA,NA,NA,NA,NA,NA,NA,NA,NA,within 5km,point,google maps,,,searched and confirmed coordinates in googl maps and google earth,,,,,cdc-lt,NA,,NA,,NA,,NA,1837,,yes,no,yes,12,11,2000,2001,,,,,funestus complex,,morph,
NA,no,yes,no,none,1002185,10.1603/ME09102,Edith,"Temporal Dynamics of Malaria Transmission in Two Rural Areas of
Burkina Faso With Two Ecological Differences",Entomological Society of America,2010,,NA,,,burkina faso,Tensobtenga,12.002.452,-0.264522,NA,NA,NA,NA,NA,NA,NA,NA,NA,NA,NA,NA,NA,NA,within 5km,point,google maps,,,searched and confirmed coordinates in googl maps and google earth,,,,,cdc-lt,NA,,NA,,NA,,NA,NA,other anophelines 424 were caught in tensobtenga 89 in balonguen,yes,no,yes,12,11,2000,2001,,,,,nili complex,,morph,
NA,no,yes,no,none,1002185,10.1603/ME09102,Edith,"Temporal Dynamics of Malaria Transmission in Two Rural Areas of
Burkina Faso With Two Ecological Differences",Entomological Society of America,2010,,NA,,,burkina faso,Balonguen,12.049.699,-1.499.878,NA,NA,NA,NA,NA,NA,NA,NA,NA,NA,NA,NA,NA,NA,within 5km,point,google maps,,,searched and confirmed coordinates in googl maps and google earth,,,,,cdc-lt,NA,,NA,,NA,,NA,NA,other anophelines 424 were caught in tensobtenga 89 in balonguen,yes,no,yes,12,11,2000,2001,,,,,nili complex,,morph,
NA,no,yes,no,none,1002185,10.1603/ME09102,Edith,"Temporal Dynamics of Malaria Transmission in Two Rural Areas of
Burkina Faso With Two Ecological Differences",Entomological Society of America,2010,,NA,,,burkina faso,Tensobtenga,12.002.452,-0.264522,NA,NA,NA,NA,NA,NA,NA,NA,NA,NA,NA,NA,NA,NA,within 5km,point,google maps,,,searched and confirmed coordinates in googl maps and google earth,,,,,cdc-lt,NA,,NA,,NA,,NA,NA,other anophelines 424 were caught in tensobtenga 89 in balonguen,yes,no,yes,12,11,2000,2001,,,,,rufipes,,morph,
NA,no,yes,no,none,1002185,10.1603/ME09102,Edith,"Temporal Dynamics of Malaria Transmission in Two Rural Areas of
Burkina Faso With Two Ecological Differences",Entomological Society of America,2010,,NA,,,burkina faso,Balonguen,12.049.699,-1.499.878,NA,NA,NA,NA,NA,NA,NA,NA,NA,NA,NA,NA,NA,NA,within 5km,point,google maps,,,searched and confirmed coordinates in googl maps and google earth,,,,,cdc-lt,NA,,NA,,NA,,NA,NA,other anophelines 424 were caught in tensobtenga 89 in balonguen,yes,no,yes,12,11,2000,2001,,,,,rufipes,,morph,
NA,no,yes,no,none,1002185,10.1603/ME09102,Edith,"Temporal Dynamics of Malaria Transmission in Two Rural Areas of
Burkina Faso With Two Ecological Differences",Entomological Society of America,2010,,NA,,,burkina faso,Tensobtenga,12.002.452,-0.264522,NA,NA,NA,NA,NA,NA,NA,NA,NA,NA,NA,NA,NA,NA,within 5km,point,google maps,,,searched and confirmed coordinates in googl maps and google earth,,,,,cdc-lt,NA,,NA,,NA,,NA,NA,other anophelines 424 were caught in tensobtenga 89 in balonguen,yes,no,yes,12,11,2000,2001,,,,,pharoensis,,morph,
NA,no,yes,no,none,1002185,10.1603/ME09102,Edith,"Temporal Dynamics of Malaria Transmission in Two Rural Areas of
Burkina Faso With Two Ecological Differences",Entomological Society of America,2010,,NA,,,burkina faso,Balonguen,12.049.699,-1.499.878,NA,NA,NA,NA,NA,NA,NA,NA,NA,NA,NA,NA,NA,NA,within 5km,point,google maps,,,searched and confirmed coordinates in googl maps and google earth,,,,,cdc-lt,NA,,NA,,NA,,NA,NA,other anophelines 424 were caught in tensobtenga 89 in balonguen,yes,no,yes,12,11,2000,2001,,,,,pharoensis,,morph,
NA,yes,yes,no,none,1002186,10.1186/1475-2875-12-350,Jaleta,"Agro-ecosystems impact malaria prevalence:
large-scale irrigation drives vector population
in western Ethiopia",Malaria Journal,2013,,NA,,,ethiopia,Wama Kusaye,897.825,368.093,NA,NA,NA,NA,NA,NA,NA,NA,NA,NA,NA,NA,NA,NA,,point,paper map,,,,,,,,cdc-lt,NA,HRI,NA,,NA,,NA,NA,,yes,no,yes,2,1,2010,2011,,,,,arabiensis,,morph,genetic/molecular
NA,yes,yes,no,none,1002186,10.1186/1475-2875-12-350,Jaleta,"Agro-ecosystems impact malaria prevalence:
large-scale irrigation drives vector population
in western Ethiopia",Malaria Journal,2013,,NA,,,ethiopia,baka boro,89.619.167,3.686.763,NA,NA,NA,NA,NA,NA,NA,NA,NA,NA,NA,NA,NA,NA,,point,paper map,,,,,,,,cdc-lt,NA,HRI,NA,,NA,,NA,NA,,yes,no,yes,2,1,2010,2011,,,,,arabiensis,,morph,genetic/molecular
NA,yes,yes,no,none,1002186,10.1186/1475-2875-12-350,Jaleta,"Agro-ecosystems impact malaria prevalence:
large-scale irrigation drives vector population
in western Ethiopia",Malaria Journal,2013,,NA,,,ethiopia,machara,896.713,3.671.656,NA,NA,NA,NA,NA,NA,NA,NA,NA,NA,NA,NA,NA,NA,,point,paper map,,,,,,,,cdc-lt,NA,HRI,NA,,NA,,NA,NA,,yes,no,yes,2,1,2010,2011,,,,,arabiensis,,morph,genetic/molecular
NA,yes,yes,no,none,1002186,10.1186/1475-2875-12-350,Jaleta,"Agro-ecosystems impact malaria prevalence:
large-scale irrigation drives vector population
in western Ethiopia",Malaria Journal,2013,,NA,yes,request authors for percentage of parous females,ethiopia,Wama Kusaye,897.825,368.093,NA,NA,NA,NA,NA,NA,NA,NA,NA,NA,NA,NA,NA,NA,,point,paper map,,,,,,,,,NA,,NA,,NA,,NA,NA,,yes,no,yes,2,1,2010,2011,,,,,arabiensis,,morph,genetic/molecular
NA,yes,yes,no,none,1002186,10.1186/1475-2875-12-350,Jaleta,"Agro-ecosystems impact malaria prevalence:
large-scale irrigation drives vector population
in western Ethiopia",Malaria Journal,2013,,NA,yes,request authors for percentage of parous females,ethiopia,baka boro,89.619.167,3.686.763,NA,NA,NA,NA,NA,NA,NA,NA,NA,NA,NA,NA,NA,NA,,point,paper map,,,,,,,,,NA,,NA,,NA,,NA,NA,,yes,no,yes,2,1,2010,2011,,,,,arabiensis,,morph,genetic/molecular
NA,yes,yes,no,none,1002186,10.1186/1475-2875-12-350,Jaleta,"Agro-ecosystems impact malaria prevalence:
large-scale irrigation drives vector population
in western Ethiopia",Malaria Journal,2013,,NA,yes,request authors for percentage of parous females,ethiopia,machara,896.713,3.671.656,NA,NA,NA,NA,NA,NA,NA,NA,NA,NA,NA,NA,NA,NA,,point,paper map,,,,,,,,,NA,,NA,,NA,,NA,NA,,yes,no,yes,2,1,2010,2011,,,,,arabiensis,,morph,genetic/molecular
NA,yes,yes,no,none,1002186,10.1186/1475-2875-12-350,Jaleta,"Agro-ecosystems impact malaria prevalence:
large-scale irrigation drives vector population
in western Ethiopia",Malaria Journal,2013,,NA,,,ethiopia,Wama Kusaye,897.825,368.093,NA,NA,NA,NA,NA,NA,NA,NA,NA,NA,NA,NA,NA,NA,,point,paper map,,,,,,,,,NA,,NA,,NA,,NA,NA,,yes,no,yes,2,1,2010,2011,,,,,arabiensis,,morph,genetic/molecular
NA,yes,yes,no,none,1002186,10.1186/1475-2875-12-350,Jaleta,"Agro-ecosystems impact malaria prevalence:
large-scale irrigation drives vector population
in western Ethiopia",Malaria Journal,2013,,NA,,,ethiopia,baka boro,89.619.167,3.686.763,NA,NA,NA,NA,NA,NA,NA,NA,NA,NA,NA,NA,NA,NA,,point,paper map,,,,,,,,,NA,,NA,,NA,,NA,NA,,yes,no,yes,2,1,2010,2011,,,,,arabiensis,,morph,genetic/molecular
NA,no,yes,no,phenotypic,1002187,Ã‚Â 10.1073/pnas.1201475109,Jones,Footprints of positive selection associated with a mutation (N1575Y) in the voltage-gated sodium channel of Anopheles gambiae,Proc Natl Acad Sci USA,2012,,NA,,,burkina faso,Goundry,12.5,-14.437,NA,NA,NA,NA,NA,NA,NA,NA,NA,NA,NA,NA,NA,NA,,point,google maps,,,checked and confirmed coordiates using google maps and google earth,na,,,,larvae,NA,,NA,,NA,,NA,NA,,yes,no,,7,10,2008,2010,,,,,gambiae complex,,morph,
NA,no,yes,no,phenotypic,1002187,Ã‚Â 10.1073/pnas.1201475109,Jones,Footprints of positive selection associated with a mutation (N1575Y) in the voltage-gated sodium channel of Anopheles gambiae,Proc Natl Acad Sci USA,2012,,NA,,,burkina faso,Koupela,12.18,-0.353,NA,NA,NA,NA,NA,NA,NA,NA,NA,NA,NA,NA,NA,NA,,wide area,google maps,,,checked and confirmed coordiates using google maps and google earth,na,,,,larvae,NA,,NA,,NA,,NA,NA,,yes,no,,7,10,2008,2010,,,,,gambiae complex,,morph,
NA,no,yes,no,phenotypic,1002187,Ã‚Â 10.1073/pnas.1201475109,Jones,Footprints of positive selection associated with a mutation (N1575Y) in the voltage-gated sodium channel of Anopheles gambiae,Proc Natl Acad Sci USA,2012,,NA,,,burkina faso,Kuinima,11.15,-4.283.333,NA,NA,NA,NA,NA,NA,NA,NA,NA,NA,NA,NA,NA,NA,,point,google maps,,,checked and confirmed coordiates using google maps and google earth,na,,,,larvae,NA,,NA,,NA,,NA,NA,,yes,no,,7,10,2008,2010,,,,,gambiae complex,,morph,
NA,no,yes,no,phenotypic,1002187,Ã‚Â 10.1073/pnas.1201475109,Jones,Footprints of positive selection associated with a mutation (N1575Y) in the voltage-gated sodium channel of Anopheles gambiae,Proc Natl Acad Sci USA,2012,,NA,,,burkina faso,Soumousso,11,-4.05,NA,NA,NA,NA,NA,NA,NA,NA,NA,NA,NA,NA,NA,NA,,point,google maps,,,checked and confirmed coordiates using google maps and google earth,na,,,,larvae,NA,,NA,,NA,,NA,NA,,yes,no,,7,10,2008,2010,,,,,gambiae complex,,morph,
NA,no,yes,no,phenotypic,1002187,Ã‚Â 10.1073/pnas.1201475109,Jones,Footprints of positive selection associated with a mutation (N1575Y) in the voltage-gated sodium channel of Anopheles gambiae,Proc Natl Acad Sci USA,2012,,NA,,,burkina faso,Goundry,12.5,-14.437,NA,NA,NA,NA,NA,NA,NA,NA,NA,NA,NA,NA,NA,NA,,point,google maps,,,checked and confirmed coordiates using google maps and google earth,na,,,,larvae,NA,,NA,,NA,,NA,NA,,yes,no,,7,10,2008,2010,,,,,gambiae complex,,morph,
NA,no,yes,no,phenotypic,1002187,Ã‚Â 10.1073/pnas.1201475109,Jones,Footprints of positive selection associated with a mutation (N1575Y) in the voltage-gated sodium channel of Anopheles gambiae,Proc Natl Acad Sci USA,2012,,NA,,,burkina faso,Kuinima,11.15,-4.283.333,NA,NA,NA,NA,NA,NA,NA,NA,NA,NA,NA,NA,NA,NA,,point,google maps,,,checked and confirmed coordiates using google maps and google earth,na,,,,larvae,NA,,NA,,NA,,NA,NA,,yes,no,,7,10,2008,2010,,,,,gambiae complex,,morph,
NA,no,yes,no,phenotypic,1002187,Ã‚Â 10.1073/pnas.1201475109,Jones,Footprints of positive selection associated with a mutation (N1575Y) in the voltage-gated sodium channel of Anopheles gambiae,Proc Natl Acad Sci USA,2012,,NA,,,burkina faso,Soumousso,11,-4.05,NA,NA,NA,NA,NA,NA,NA,NA,NA,NA,NA,NA,NA,NA,,point,google maps,,,checked and confirmed coordiates using google maps and google earth,na,,,,larvae,NA,,NA,,NA,,NA,NA,,yes,no,,7,10,2008,2010,,,,,gambiae complex,,morph,
NA,no,yes,no,phenotypic,1002187,Ã‚Â 10.1073/pnas.1201475109,Jones,Footprints of positive selection associated with a mutation (N1575Y) in the voltage-gated sodium channel of Anopheles gambiae,Proc Natl Acad Sci USA,2012,,NA,,,burkina faso,Goundry,12.5,-14.437,NA,NA,NA,NA,NA,NA,NA,NA,NA,NA,NA,NA,NA,NA,,point,google maps,,,checked and confirmed coordiates using google maps and google earth,na,,,,larvae,NA,,NA,,NA,,NA,NA,,yes,no,,7,10,2008,2010,,,,,gambiae complex,,morph,
NA,no,yes,no,phenotypic,1002187,Ã‚Â 10.1073/pnas.1201475109,Jones,Footprints of positive selection associated with a mutation (N1575Y) in the voltage-gated sodium channel of Anopheles gambiae,Proc Natl Acad Sci USA,2012,,NA,,,burkina faso,Kuinima,11.15,-4.283.333,NA,NA,NA,NA,NA,NA,NA,NA,NA,NA,NA,NA,NA,NA,,point,google maps,,,checked and confirmed coordiates using google maps and google earth,na,,,,larvae,NA,,NA,,NA,,NA,NA,,yes,no,,7,10,2008,2010,,,,,gambiae complex,,morph,
NA,no,yes,no,phenotypic,1002187,Ã‚Â 10.1073/pnas.1201475109,Jones,Footprints of positive selection associated with a mutation (N1575Y) in the voltage-gated sodium channel of Anopheles gambiae,Proc Natl Acad Sci USA,2012,,NA,,,burkina faso,Soumousso,11,-4.05,NA,NA,NA,NA,NA,NA,NA,NA,NA,NA,NA,NA,NA,NA,,point,google maps,,,checked and confirmed coordiates using google maps and google earth,na,,,,larvae,NA,,NA,,NA,,NA,NA,,yes,no,,7,10,2008,2010,,,,,gambiae complex,,morph,
NA,no,yes,no,phenotypic,1002187,Ã‚Â 10.1073/pnas.1201475109,Jones,Footprints of positive selection associated with a mutation (N1575Y) in the voltage-gated sodium channel of Anopheles gambiae,Proc Natl Acad Sci USA,2012,,NA,,,cameroon,Yaounde,385.169,115.026,NA,NA,NA,NA,NA,NA,NA,NA,NA,NA,NA,NA,NA,NA,,point,google maps,,,checked and confirmed coordiates using google maps and google earth,na,,,,larvae,NA,,NA,,NA,,NA,NA,,yes,no,,7,8,2006,2006,,,,,gambiae complex,,morph,
NA,no,yes,no,phenotypic,1002187,Ã‚Â 10.1073/pnas.1201475109,Jones,Footprints of positive selection associated with a mutation (N1575Y) in the voltage-gated sodium channel of Anopheles gambiae,Proc Natl Acad Sci USA,2012,,NA,,,ghana,Dodowa,5.883.333,-0.1018,NA,NA,NA,NA,NA,NA,NA,NA,NA,NA,NA,NA,NA,NA,,point,google maps,,,checked and confirmed coordiates using google maps and google earth,na,,,,larvae,NA,,NA,,NA,,NA,NA,,yes,no,,10,11,2006,2006,,,,,gambiae complex,,morph,
NA,no,yes,no,none,1002191,10.1186/1475-2875-9-360,Kaiser,"Staggered larval time-to-hatch and insecticide
resistance in the major malaria vector Anopheles
gambiae S form",Malaria Journal,2010,,NA,yes,authors to provide bioassay data presented in bar graph,ghana,ahafo,706.093,-240.316,NA,NA,NA,NA,NA,NA,NA,NA,NA,NA,NA,NA,NA,NA,,point,paper map,,,,na,,,,HRI,NA,,NA,,NA,,NA,NA,,yes,no,,6,6,2008,2008,,,,,gambiae_s form,,genetic/molecular,
NA,no,yes,no,none,1002191,10.1186/1475-2875-9-360,Kaiser,"Staggered larval time-to-hatch and insecticide
resistance in the major malaria vector Anopheles
gambiae S form",Malaria Journal,2010,,NA,yes,authors to provide bioassay data presented in bar graph,ghana,ahafo,706.093,-240.316,NA,NA,NA,NA,NA,NA,NA,NA,NA,NA,NA,NA,NA,NA,,point,paper map,,,,na,,,,HRI,NA,,NA,,NA,,NA,NA,,yes,no,,6,6,2008,2008,,,,,coluzzii_gambiae_m form,,genetic/molecular,
NA,no,yes,no,none,1002191,10.1186/1475-2875-9-360,Kaiser,"Staggered larval time-to-hatch and insecticide
resistance in the major malaria vector Anopheles
gambiae S form",Malaria Journal,2010,,NA,yes,authors to provide bioassay data presented in bar graph,ghana,damang,551.653,-186.703,NA,NA,NA,NA,NA,NA,NA,NA,NA,NA,NA,NA,NA,NA,,point,paper map,,,,na,,,,HRI,NA,,NA,,NA,,NA,NA,,yes,no,,1,1,2009,2009,,,,,gambiae_s form,,genetic/molecular,
NA,no,yes,no,none,1002191,10.1186/1475-2875-9-360,Kaiser,"Staggered larval time-to-hatch and insecticide
resistance in the major malaria vector Anopheles
gambiae S form",Malaria Journal,2010,,NA,yes,authors to provide bioassay data presented in bar graph,ghana,tarkwa,537.305,-201.695,NA,NA,NA,NA,NA,NA,NA,NA,NA,NA,NA,NA,NA,NA,,point,paper map,,,,na,,,,HRI,NA,,NA,,NA,,NA,NA,,yes,no,,1,1,2009,2009,,,,,gambiae_s form,,genetic/molecular,
NA,no,yes,no,none,1002191,10.1186/1475-2875-9-360,Kaiser,"Staggered larval time-to-hatch and insecticide
resistance in the major malaria vector Anopheles
gambiae S form",Malaria Journal,2010,,NA,yes,authors to provide bioassay data presented in bar graph,congo,pointe noiro,-46.752.778,119.705,NA,NA,NA,NA,NA,NA,NA,NA,NA,NA,NA,NA,NA,NA,,point,paper map,,,,na,,,,HRI,NA,,NA,,NA,,NA,NA,,yes,no,,3,3,2009,2009,,,,,gambiae_s form,,genetic/molecular,
NA,no,yes,no,none,1002192,10.1186/1475-2875-12-99,Kampango,"Netting barriers to prevent mosquito entry into
houses in southern Mozambique: a pilot study",Malaria Journal,2013,preferential,NA,,,mozambique,furvela,-23.710.649,3.530.712,NA,NA,NA,NA,NA,NA,NA,NA,NA,NA,NA,NA,NA,NA,within 5km,point,google earth,Inhambane Province,Morrumbene District,source provides coordinates but fall in the ocean.I checked for correct coordinates using google earth and google map,yes,itn,yes,,cdc-lt,NA,,NA,,NA,,NA,9692,,yes,no,,3,8,2010,2010,,,,,funestus complex,,"Trapped mosquitoes were transported
to the laboratory and sorted using morphological criteria",
NA,no,yes,no,none,1002192,10.1186/1475-2875-12-99,Kampango,"Netting barriers to prevent mosquito entry into
houses in southern Mozambique: a pilot study",Malaria Journal,2013,preferential,NA,,,mozambique,furvela,-23.710.649,3.530.712,NA,NA,NA,NA,NA,NA,NA,NA,NA,NA,NA,NA,NA,NA,within 5km,point,google earth,Inhambane Province,Morrumbene District,source provides coordinates but fall in the ocean.I checked for correct coordinates using google earth and google map,yes,itn,yes,,cdc-lt,NA,,NA,,NA,,NA,1670,,yes,no,,3,8,2010,2010,,,,,gambiae complex,,"Trapped mosquitoes were transported
to the laboratory and sorted using morphological criteria",
NA,no,yes,no,none,1002192,10.1186/1475-2875-12-99,Kampango,"Netting barriers to prevent mosquito entry into
houses in southern Mozambique: a pilot study",Malaria Journal,2013,preferential,NA,,,mozambique,furvela,-23.710.649,3.530.712,NA,NA,NA,NA,NA,NA,NA,NA,NA,NA,NA,NA,NA,NA,within 5km,point,google earth,Inhambane Province,Morrumbene District,source provides coordinates but fall in the ocean.I checked for correct coordinates using google earth and google map,yes,itn,yes,,cdc-lt,NA,,NA,,NA,,NA,NA,,yes,no,,3,8,2010,2010,,,,,tenebrosus,,"Trapped mosquitoes were transported
to the laboratory and sorted using morphological criteria",
NA,no,yes,no,none,1002193,10.1111/j.1365-2915.2010.00917.x,Kampango,"Does moonlight influence the biting behaviour
of Anopheles funestus?",Medical and Veterinary Entomology,2011,preferential,NA,,,mozambique,furvela,-23.710.649,3.530.712,NA,NA,NA,NA,NA,NA,NA,NA,NA,NA,NA,NA,NA,NA,within 5km,point,google earth,Inhambane Province,Morrumbene District,source provides coordinates but fall in the ocean.I checked for correct coordinates using google earth and google map,na,,,,cdc-lt - indoor,4611,cdc-lt - outdoor,3157,,NA,,NA,7768,,yes,no,,9,10,2008,2008,,,,,funestus complex,,morph,
NA,no,yes,no,none,1002193,10.1111/j.1365-2915.2010.00917.x,Kampango,"Does moonlight influence the biting behaviour
of Anopheles funestus?",Medical and Veterinary Entomology,2011,preferential,NA,,,mozambique,furvela,-23.710.649,3.530.712,NA,NA,NA,NA,NA,NA,NA,NA,NA,NA,NA,NA,NA,NA,within 5km,point,google earth,Inhambane Province,Morrumbene District,source provides coordinates but fall in the ocean.I checked for correct coordinates using google earth and google map,na,,,,cdc-lt - indoor,514,cdc-lt - outdoor,104,,NA,,NA,618,,yes,no,,9,10,2008,2008,,,,,letabensis,,morph,
NA,no,yes,no,none,1002193,10.1111/j.1365-2915.2010.00917.x,Kampango,"Does moonlight influence the biting behaviour
of Anopheles funestus?",Medical and Veterinary Entomology,2011,preferential,NA,,,mozambique,furvela,-23.710.649,3.530.712,NA,NA,NA,NA,NA,NA,NA,NA,NA,NA,NA,NA,NA,NA,within 5km,point,google earth,Inhambane Province,Morrumbene District,source provides coordinates but fall in the ocean.I checked for correct coordinates using google earth and google map,na,,,,cdc-lt - indoor,205,cdc-lt - outdoor,328,,NA,,NA,533,,yes,no,,9,10,2008,2008,,,,,tenebrosus,,morph,
NA,no,yes,no,none,1002193,10.1111/j.1365-2915.2010.00917.x,Kampango,"Does moonlight influence the biting behaviour
of Anopheles funestus?",Medical and Veterinary Entomology,2011,preferential,NA,,,mozambique,furvela,-23.710.649,3.530.712,NA,NA,NA,NA,NA,NA,NA,NA,NA,NA,NA,NA,NA,NA,within 5km,point,google earth,Inhambane Province,Morrumbene District,source provides coordinates but fall in the ocean.I checked for correct coordinates using google earth and google map,na,,,,cdc-lt - indoor,4,cdc-lt - outdoor,14,,NA,,NA,18,,yes,no,,9,10,2008,2008,,,,,gambiae complex,,morph,
NA,no,yes,no,none,1002193,10.1111/j.1365-2915.2010.00917.x,Kampango,"Does moonlight influence the biting behaviour
of Anopheles funestus?",Medical and Veterinary Entomology,2011,preferential,NA,,,mozambique,furvela,-23.710.649,3.530.712,NA,NA,NA,NA,NA,NA,NA,NA,NA,NA,NA,NA,NA,NA,within 5km,point,google earth,Inhambane Province,Morrumbene District,source provides coordinates but fall in the ocean.I checked for correct coordinates using google earth and google map,na,,,,cdc-lt - indoor,6,cdc-lt - outdoor,1,,NA,,NA,7,,yes,no,,9,10,2008,2008,,,,,rufipes,,morph,
NA,no,yes,no,genotypic,1002195,10.3390/pathogens11020253,Etang,"Patterns of Kdr-L995F Allele Emergence Alongside Detoxifying
Enzymes Associated with Deltamethrin Resistance in
Anopheles gambiae s.l. from North Cameroon",pathogens,2022,,NA,,,cameroon,bala,1.000.207,134.839,NA,NA,NA,NA,NA,NA,NA,NA,NA,NA,NA,NA,NA,NA,within 5km,point,google maps,,,,yes,itn,yes,,larvae,NA,,NA,,NA,,NA,NA,,yes,no,yes,NA,NA,2011,2011,,,,,arabiensis,,morph,genetic/molecular
NA,no,yes,no,genotypic,1002195,10.3390/pathogens11020253,Etang,"Patterns of Kdr-L995F Allele Emergence Alongside Detoxifying
Enzymes Associated with Deltamethrin Resistance in
Anopheles gambiae s.l. from North Cameroon",pathogens,2022,,NA,,,cameroon,bala,1.000.207,134.839,NA,NA,NA,NA,NA,NA,NA,NA,NA,NA,NA,NA,NA,NA,within 5km,point,google maps,,,,yes,itn,yes,,larvae,NA,,NA,,NA,,NA,NA,,yes,no,yes,NA,NA,2015,2015,,,,,gambiae_s form,,morph,genetic/molecular
NA,no,yes,no,genotypic,1002195,10.3390/pathogens11020253,Etang,"Patterns of Kdr-L995F Allele Emergence Alongside Detoxifying
Enzymes Associated with Deltamethrin Resistance in
Anopheles gambiae s.l. from North Cameroon",pathogens,2022,,NA,,,cameroon,bala,1.000.207,134.839,NA,NA,NA,NA,NA,NA,NA,NA,NA,NA,NA,NA,NA,NA,within 5km,point,google maps,,,,yes,itn,yes,,larvae,NA,,NA,,NA,,NA,NA,,yes,no,yes,NA,NA,2015,2015,,,,,arabiensis,,morph,genetic/molecular
NA,no,yes,no,genotypic,1002195,10.3390/pathogens11020253,Etang,"Patterns of Kdr-L995F Allele Emergence Alongside Detoxifying
Enzymes Associated with Deltamethrin Resistance in
Anopheles gambiae s.l. from North Cameroon",pathogens,2022,,NA,,,cameroon,bala,1.000.207,134.839,NA,NA,NA,NA,NA,NA,NA,NA,NA,NA,NA,NA,NA,NA,within 5km,point,google maps,,,,yes,itn,yes,,larvae,NA,,NA,,NA,,NA,NA,,yes,no,yes,NA,NA,2015,2015,,,,,coluzzii_gambiae_m form,,morph,genetic/molecular
NA,no,yes,no,phenotypic,1002195,10.3390/pathogens11020253,Etang,"Patterns of Kdr-L995F Allele Emergence Alongside Detoxifying
Enzymes Associated with Deltamethrin Resistance in
Anopheles gambiae s.l. from North Cameroon",pathogens,2022,,NA,,,cameroon,bala,1.000.207,134.839,NA,NA,NA,NA,NA,NA,NA,NA,NA,NA,NA,NA,NA,NA,within 5km,point,google maps,,,,yes,itn,yes,,larvae,NA,,NA,,NA,,NA,NA,,yes,no,,NA,NA,2011,2011,,,,,gambiae complex,,morph,
NA,no,yes,no,phenotypic,1002195,10.3390/pathogens11020253,Etang,"Patterns of Kdr-L995F Allele Emergence Alongside Detoxifying
Enzymes Associated with Deltamethrin Resistance in
Anopheles gambiae s.l. from North Cameroon",pathogens,2022,,NA,,,cameroon,bala,1.000.207,134.839,NA,NA,NA,NA,NA,NA,NA,NA,NA,NA,NA,NA,NA,NA,within 5km,point,google maps,,,,yes,itn,yes,,larvae,NA,,NA,,NA,,NA,NA,,yes,no,,NA,NA,2011,2011,,,,,gambiae complex,,morph,
NA,no,yes,no,phenotypic,1002195,10.3390/pathogens11020253,Etang,"Patterns of Kdr-L995F Allele Emergence Alongside Detoxifying
Enzymes Associated with Deltamethrin Resistance in
Anopheles gambiae s.l. from North Cameroon",pathogens,2022,,NA,,,cameroon,bala,1.000.207,134.839,NA,NA,NA,NA,NA,NA,NA,NA,NA,NA,NA,NA,NA,NA,within 5km,point,google maps,,,,yes,itn,yes,,larvae,NA,,NA,,NA,,NA,NA,,yes,no,,NA,NA,2015,2015,,,,,gambiae complex,,morph,
NA,no,yes,no,phenotypic,1002195,10.3390/pathogens11020253,Etang,"Patterns of Kdr-L995F Allele Emergence Alongside Detoxifying
Enzymes Associated with Deltamethrin Resistance in
Anopheles gambiae s.l. from North Cameroon",pathogens,2022,,NA,,,cameroon,bala,1.000.207,134.839,NA,NA,NA,NA,NA,NA,NA,NA,NA,NA,NA,NA,NA,NA,within 5km,point,google maps,,,,yes,itn,yes,,larvae,NA,,NA,,NA,,NA,NA,,yes,no,,NA,NA,2015,2015,,,,,gambiae complex,,morph,
NA,no,yes,no,phenotypic,1002196,10.1186/s13071-018-2732-9,Ismail,"Temporal and spatial trends in insecticide
resistance in Anopheles arabiensis in Sudan:
outcomes from an evaluation of
implications of insecticide resistance for
malaria vector control",Parasites & Vectors,2018,,NA,yes,"authors to provide bioassay data (supplementary files provides data in clusters,but they say data is available)",sudan,el hoosh,14.085.211,334.917,NA,NA,NA,NA,NA,NA,NA,NA,NA,NA,NA,NA,NA,NA,within 5km,point,google maps,,,,yes,combination,yes,IRS,larvae,NA,,NA,,NA,,NA,NA,,yes,no,,9,12,2011,2011,,,,,gambiae complex,,morph,
NA,no,yes,no,phenotypic,1002196,10.1186/s13071-018-2732-9,Ismail,"Temporal and spatial trends in insecticide
resistance in Anopheles arabiensis in Sudan:
outcomes from an evaluation of
implications of insecticide resistance for
malaria vector control",Parasites & Vectors,2018,,NA,yes,"authors to provide bioassay data (supplementary files provides data in clusters,but they say data is available)",sudan,el hoosh,14.085.211,334.917,NA,NA,NA,NA,NA,NA,NA,NA,NA,NA,NA,NA,NA,NA,within 5km,point,google maps,,,,yes,combination,yes,IRS,larvae,NA,,NA,,NA,,NA,NA,,yes,no,,9,12,2012,2012,,,,,gambiae complex,,morph,
NA,no,yes,no,phenotypic,1002196,10.1186/s13071-018-2732-9,Ismail,"Temporal and spatial trends in insecticide
resistance in Anopheles arabiensis in Sudan:
outcomes from an evaluation of
implications of insecticide resistance for
malaria vector control",Parasites & Vectors,2018,,NA,yes,"authors to provide bioassay data (supplementary files provides data in clusters,but they say data is available)",sudan,el hoosh,14.085.211,334.917,NA,NA,NA,NA,NA,NA,NA,NA,NA,NA,NA,NA,NA,NA,within 5km,point,google maps,,,,yes,combination,yes,IRS,larvae,NA,,NA,,NA,,NA,NA,,yes,no,,9,12,2013,2013,,,,,gambiae complex,,morph,
NA,no,yes,no,phenotypic,1002196,10.1186/s13071-018-2732-9,Ismail,"Temporal and spatial trends in insecticide
resistance in Anopheles arabiensis in Sudan:
outcomes from an evaluation of
implications of insecticide resistance for
malaria vector control",Parasites & Vectors,2018,,NA,yes,"authors to provide bioassay data (supplementary files provides data in clusters,but they say data is available)",sudan,el hoosh,14.085.211,334.917,NA,NA,NA,NA,NA,NA,NA,NA,NA,NA,NA,NA,NA,NA,within 5km,point,google maps,,,,yes,combination,yes,IRS,larvae,NA,,NA,,NA,,NA,NA,,yes,no,,9,12,2014,2014,,,,,gambiae complex,,morph,
NA,no,yes,no,phenotypic,1002196,10.1186/s13071-018-2732-9,Ismail,"Temporal and spatial trends in insecticide
resistance in Anopheles arabiensis in Sudan:
outcomes from an evaluation of
implications of insecticide resistance for
malaria vector control",Parasites & Vectors,2018,,NA,yes,"authors to provide bioassay data (supplementary files provides data in clusters,but they say data is available)",sudan,hag abdalla,1.397.669,3.353.975,NA,NA,NA,NA,NA,NA,NA,NA,NA,NA,NA,NA,NA,NA,within 5km,point,google maps,,,,yes,combination,yes,IRS,larvae,NA,,NA,,NA,,NA,NA,,yes,no,,9,12,2011,2011,,,,,gambiae complex,,morph,
NA,no,yes,no,phenotypic,1002196,10.1186/s13071-018-2732-9,Ismail,"Temporal and spatial trends in insecticide
resistance in Anopheles arabiensis in Sudan:
outcomes from an evaluation of
implications of insecticide resistance for
malaria vector control",Parasites & Vectors,2018,,NA,yes,"authors to provide bioassay data (supplementary files provides data in clusters,but they say data is available)",sudan,hag abdalla,1.397.669,3.353.975,NA,NA,NA,NA,NA,NA,NA,NA,NA,NA,NA,NA,NA,NA,within 5km,point,google maps,,,,yes,combination,yes,IRS,larvae,NA,,NA,,NA,,NA,NA,,yes,no,,9,12,2012,2012,,,,,gambiae complex,,morph,
NA,no,yes,no,phenotypic,1002196,10.1186/s13071-018-2732-9,Ismail,"Temporal and spatial trends in insecticide
resistance in Anopheles arabiensis in Sudan:
outcomes from an evaluation of
implications of insecticide resistance for
malaria vector control",Parasites & Vectors,2018,,NA,yes,"authors to provide bioassay data (supplementary files provides data in clusters,but they say data is available)",sudan,hag abdalla,1.397.669,3.353.975,NA,NA,NA,NA,NA,NA,NA,NA,NA,NA,NA,NA,NA,NA,within 5km,point,google maps,,,,yes,combination,yes,IRS,larvae,NA,,NA,,NA,,NA,NA,,yes,no,,9,12,2013,2013,,,,,gambiae complex,,morph,
NA,no,yes,no,phenotypic,1002196,10.1186/s13071-018-2732-9,Ismail,"Temporal and spatial trends in insecticide
resistance in Anopheles arabiensis in Sudan:
outcomes from an evaluation of
implications of insecticide resistance for
malaria vector control",Parasites & Vectors,2018,,NA,yes,"authors to provide bioassay data (supplementary files provides data in clusters,but they say data is available)",sudan,hag abdalla,1.397.669,3.353.975,NA,NA,NA,NA,NA,NA,NA,NA,NA,NA,NA,NA,NA,NA,within 5km,point,google maps,,,,yes,combination,yes,IRS,larvae,NA,,NA,,NA,,NA,NA,,yes,no,,9,12,2014,2014,,,,,gambiae complex,,morph,
NA,no,yes,no,phenotypic,1002196,10.1186/s13071-018-2732-9,Ismail,"Temporal and spatial trends in insecticide
resistance in Anopheles arabiensis in Sudan:
outcomes from an evaluation of
implications of insecticide resistance for
malaria vector control",Parasites & Vectors,2018,,NA,yes,"authors to provide bioassay data (supplementary files provides data in clusters,but they say data is available)",sudan,galabat,1.296.292,3.614.899,NA,NA,NA,NA,NA,NA,NA,NA,NA,NA,NA,NA,NA,NA,within 5km,point,google maps,,,,yes,combination,yes,IRS,larvae,NA,,NA,,NA,,NA,NA,,yes,no,,9,12,2011,2011,,,,,gambiae complex,,morph,
NA,no,yes,no,phenotypic,1002196,10.1186/s13071-018-2732-9,Ismail,"Temporal and spatial trends in insecticide
resistance in Anopheles arabiensis in Sudan:
outcomes from an evaluation of
implications of insecticide resistance for
malaria vector control",Parasites & Vectors,2018,,NA,yes,"authors to provide bioassay data (supplementary files provides data in clusters,but they say data is available)",sudan,galabat,1.296.292,3.614.899,NA,NA,NA,NA,NA,NA,NA,NA,NA,NA,NA,NA,NA,NA,within 5km,point,google maps,,,,yes,combination,yes,IRS,larvae,NA,,NA,,NA,,NA,NA,,yes,no,,9,12,2012,2012,,,,,gambiae complex,,morph,
NA,no,yes,no,phenotypic,1002196,10.1186/s13071-018-2732-9,Ismail,"Temporal and spatial trends in insecticide
resistance in Anopheles arabiensis in Sudan:
outcomes from an evaluation of
implications of insecticide resistance for
malaria vector control",Parasites & Vectors,2018,,NA,yes,"authors to provide bioassay data (supplementary files provides data in clusters,but they say data is available)",sudan,galabat,1.296.292,3.614.899,NA,NA,NA,NA,NA,NA,NA,NA,NA,NA,NA,NA,NA,NA,within 5km,point,google maps,,,,yes,combination,yes,IRS,larvae,NA,,NA,,NA,,NA,NA,,yes,no,,9,12,2013,2013,,,,,gambiae complex,,morph,
NA,no,yes,no,phenotypic,1002196,10.1186/s13071-018-2732-9,Ismail,"Temporal and spatial trends in insecticide
resistance in Anopheles arabiensis in Sudan:
outcomes from an evaluation of
implications of insecticide resistance for
malaria vector control",Parasites & Vectors,2018,,NA,yes,"authors to provide bioassay data (supplementary files provides data in clusters,but they say data is available)",sudan,galabat,1.296.292,3.614.899,NA,NA,NA,NA,NA,NA,NA,NA,NA,NA,NA,NA,NA,NA,within 5km,point,google maps,,,,yes,combination,yes,IRS,larvae,NA,,NA,,NA,,NA,NA,,yes,no,,9,12,2014,2014,,,,,gambiae complex,,morph,
NA,no,yes,no,phenotypic,1002196,10.1186/s13071-018-2732-9,Ismail,"Temporal and spatial trends in insecticide
resistance in Anopheles arabiensis in Sudan:
outcomes from an evaluation of
implications of insecticide resistance for
malaria vector control",Parasites & Vectors,2018,,NA,yes,"authors to provide bioassay data (supplementary files provides data in clusters,but they say data is available)",sudan,new halfa,15.331,356.073,NA,NA,NA,NA,NA,NA,NA,NA,NA,NA,NA,NA,NA,NA,greater than 10km,wide area,google maps,,,,yes,combination,yes,IRS,larvae,NA,,NA,,NA,,NA,NA,,yes,no,,9,12,2011,2011,,,,,gambiae complex,,morph,
NA,no,yes,no,phenotypic,1002196,10.1186/s13071-018-2732-9,Ismail,"Temporal and spatial trends in insecticide
resistance in Anopheles arabiensis in Sudan:
outcomes from an evaluation of
implications of insecticide resistance for
malaria vector control",Parasites & Vectors,2018,,NA,yes,"authors to provide bioassay data (supplementary files provides data in clusters,but they say data is available)",sudan,new halfa,15.331,356.073,NA,NA,NA,NA,NA,NA,NA,NA,NA,NA,NA,NA,NA,NA,greater than 10km,wide area,google maps,,,,yes,combination,yes,IRS,larvae,NA,,NA,,NA,,NA,NA,,yes,no,,9,12,2012,2012,,,,,gambiae complex,,morph,
NA,no,yes,no,phenotypic,1002196,10.1186/s13071-018-2732-9,Ismail,"Temporal and spatial trends in insecticide
resistance in Anopheles arabiensis in Sudan:
outcomes from an evaluation of
implications of insecticide resistance for
malaria vector control",Parasites & Vectors,2018,,NA,yes,"authors to provide bioassay data (supplementary files provides data in clusters,but they say data is available)",sudan,new halfa,15.331,356.073,NA,NA,NA,NA,NA,NA,NA,NA,NA,NA,NA,NA,NA,NA,greater than 10km,wide area,google maps,,,,yes,combination,yes,IRS,larvae,NA,,NA,,NA,,NA,NA,,yes,no,,9,12,2013,2013,,,,,gambiae complex,,morph,
NA,no,yes,no,phenotypic,1002196,10.1186/s13071-018-2732-9,Ismail,"Temporal and spatial trends in insecticide
resistance in Anopheles arabiensis in Sudan:
outcomes from an evaluation of
implications of insecticide resistance for
malaria vector control",Parasites & Vectors,2018,,NA,yes,"authors to provide bioassay data (supplementary files provides data in clusters,but they say data is available)",sudan,new halfa,15.331,356.073,NA,NA,NA,NA,NA,NA,NA,NA,NA,NA,NA,NA,NA,NA,greater than 10km,wide area,google maps,,,,yes,combination,yes,IRS,larvae,NA,,NA,,NA,,NA,NA,,yes,no,,9,12,2014,2014,,,,,gambiae complex,,morph,
NA,no,yes,no,phenotypic,1002196,10.1186/s13071-018-2732-9,Ismail,"Temporal and spatial trends in insecticide
resistance in Anopheles arabiensis in Sudan:
outcomes from an evaluation of
implications of insecticide resistance for
malaria vector control",Parasites & Vectors,2018,,NA,yes,"authors to provide bioassay data (supplementary files provides data in clusters,but they say data is available)",sudan,el hoosh,15.331,356.073,NA,NA,NA,NA,NA,NA,NA,NA,NA,NA,NA,NA,NA,NA,within 5km,point,google maps,,,,yes,combination,yes,IRS,larvae,NA,,NA,,NA,,NA,NA,,yes,no,,9,12,2011,2011,,,,,gambiae complex,,morph,
NA,no,yes,no,phenotypic,1002196,10.1186/s13071-018-2732-9,Ismail,"Temporal and spatial trends in insecticide
resistance in Anopheles arabiensis in Sudan:
outcomes from an evaluation of
implications of insecticide resistance for
malaria vector control",Parasites & Vectors,2018,,NA,yes,"authors to provide bioassay data (supplementary files provides data in clusters,but they say data is available)",sudan,el hoosh,15.331,356.073,NA,NA,NA,NA,NA,NA,NA,NA,NA,NA,NA,NA,NA,NA,within 5km,point,google maps,,,,yes,combination,yes,IRS,larvae,NA,,NA,,NA,,NA,NA,,yes,no,,9,12,2012,2012,,,,,gambiae complex,,morph,
NA,no,yes,no,phenotypic,1002196,10.1186/s13071-018-2732-9,Ismail,"Temporal and spatial trends in insecticide
resistance in Anopheles arabiensis in Sudan:
outcomes from an evaluation of
implications of insecticide resistance for
malaria vector control",Parasites & Vectors,2018,,NA,yes,"authors to provide bioassay data (supplementary files provides data in clusters,but they say data is available)",sudan,el hoosh,15.331,356.073,NA,NA,NA,NA,NA,NA,NA,NA,NA,NA,NA,NA,NA,NA,within 5km,point,google maps,,,,yes,combination,yes,IRS,larvae,NA,,NA,,NA,,NA,NA,,yes,no,,9,12,2013,2013,,,,,gambiae complex,,morph,
NA,no,yes,no,phenotypic,1002196,10.1186/s13071-018-2732-9,Ismail,"Temporal and spatial trends in insecticide
resistance in Anopheles arabiensis in Sudan:
outcomes from an evaluation of
implications of insecticide resistance for
malaria vector control",Parasites & Vectors,2018,,NA,yes,"authors to provide bioassay data (supplementary files provides data in clusters,but they say data is available)",sudan,el hoosh,15.331,356.073,NA,NA,NA,NA,NA,NA,NA,NA,NA,NA,NA,NA,NA,NA,within 5km,point,google maps,,,,yes,combination,yes,IRS,larvae,NA,,NA,,NA,,NA,NA,,yes,no,,9,12,2014,2014,,,,,gambiae complex,,morph,
NA,no,yes,no,phenotypic,1002196,10.1186/s13071-018-2732-9,Ismail,"Temporal and spatial trends in insecticide
resistance in Anopheles arabiensis in Sudan:
outcomes from an evaluation of
implications of insecticide resistance for
malaria vector control",Parasites & Vectors,2018,,NA,yes,"authors to provide bioassay data (supplementary files provides data in clusters,but they say data is available)",sudan,hag abdalla,15.331,356.073,NA,NA,NA,NA,NA,NA,NA,NA,NA,NA,NA,NA,NA,NA,within 5km,point,google maps,,,,yes,combination,yes,IRS,larvae,NA,,NA,,NA,,NA,NA,,yes,no,,9,12,2011,2011,,,,,gambiae complex,,morph,
NA,no,yes,no,phenotypic,1002196,10.1186/s13071-018-2732-9,Ismail,"Temporal and spatial trends in insecticide
resistance in Anopheles arabiensis in Sudan:
outcomes from an evaluation of
implications of insecticide resistance for
malaria vector control",Parasites & Vectors,2018,,NA,yes,"authors to provide bioassay data (supplementary files provides data in clusters,but they say data is available)",sudan,hag abdalla,15.331,356.073,NA,NA,NA,NA,NA,NA,NA,NA,NA,NA,NA,NA,NA,NA,within 5km,point,google maps,,,,yes,combination,yes,IRS,larvae,NA,,NA,,NA,,NA,NA,,yes,no,,9,12,2012,2012,,,,,gambiae complex,,morph,
NA,no,yes,no,phenotypic,1002196,10.1186/s13071-018-2732-9,Ismail,"Temporal and spatial trends in insecticide
resistance in Anopheles arabiensis in Sudan:
outcomes from an evaluation of
implications of insecticide resistance for
malaria vector control",Parasites & Vectors,2018,,NA,yes,"authors to provide bioassay data (supplementary files provides data in clusters,but they say data is available)",sudan,hag abdalla,15.331,356.073,NA,NA,NA,NA,NA,NA,NA,NA,NA,NA,NA,NA,NA,NA,within 5km,point,google maps,,,,yes,combination,yes,IRS,larvae,NA,,NA,,NA,,NA,NA,,yes,no,,9,12,2013,2013,,,,,gambiae complex,,morph,
NA,no,yes,no,phenotypic,1002196,10.1186/s13071-018-2732-9,Ismail,"Temporal and spatial trends in insecticide
resistance in Anopheles arabiensis in Sudan:
outcomes from an evaluation of
implications of insecticide resistance for
malaria vector control",Parasites & Vectors,2018,,NA,yes,"authors to provide bioassay data (supplementary files provides data in clusters,but they say data is available)",sudan,hag abdalla,15.331,356.073,NA,NA,NA,NA,NA,NA,NA,NA,NA,NA,NA,NA,NA,NA,within 5km,point,google maps,,,,yes,combination,yes,IRS,larvae,NA,,NA,,NA,,NA,NA,,yes,no,,9,12,2014,2014,,,,,gambiae complex,,morph,
NA,no,yes,no,phenotypic,1002196,10.1186/s13071-018-2732-9,Ismail,"Temporal and spatial trends in insecticide
resistance in Anopheles arabiensis in Sudan:
outcomes from an evaluation of
implications of insecticide resistance for
malaria vector control",Parasites & Vectors,2018,,NA,yes,"authors to provide bioassay data (supplementary files provides data in clusters,but they say data is available)",sudan,galabat,15.331,356.073,NA,NA,NA,NA,NA,NA,NA,NA,NA,NA,NA,NA,NA,NA,within 5km,point,google maps,,,,yes,combination,yes,IRS,larvae,NA,,NA,,NA,,NA,NA,,yes,no,,9,12,2011,2011,,,,,gambiae complex,,morph,
NA,no,yes,no,phenotypic,1002196,10.1186/s13071-018-2732-9,Ismail,"Temporal and spatial trends in insecticide
resistance in Anopheles arabiensis in Sudan:
outcomes from an evaluation of
implications of insecticide resistance for
malaria vector control",Parasites & Vectors,2018,,NA,yes,"authors to provide bioassay data (supplementary files provides data in clusters,but they say data is available)",sudan,galabat,15.331,356.073,NA,NA,NA,NA,NA,NA,NA,NA,NA,NA,NA,NA,NA,NA,within 5km,point,google maps,,,,yes,combination,yes,IRS,larvae,NA,,NA,,NA,,NA,NA,,yes,no,,9,12,2012,2012,,,,,gambiae complex,,morph,
NA,no,yes,no,phenotypic,1002196,10.1186/s13071-018-2732-9,Ismail,"Temporal and spatial trends in insecticide
resistance in Anopheles arabiensis in Sudan:
outcomes from an evaluation of
implications of insecticide resistance for
malaria vector control",Parasites & Vectors,2018,,NA,yes,"authors to provide bioassay data (supplementary files provides data in clusters,but they say data is available)",sudan,galabat,15.331,356.073,NA,NA,NA,NA,NA,NA,NA,NA,NA,NA,NA,NA,NA,NA,within 5km,point,google maps,,,,yes,combination,yes,IRS,larvae,NA,,NA,,NA,,NA,NA,,yes,no,,9,12,2013,2013,,,,,gambiae complex,,morph,
NA,no,yes,no,phenotypic,1002196,10.1186/s13071-018-2732-9,Ismail,"Temporal and spatial trends in insecticide
resistance in Anopheles arabiensis in Sudan:
outcomes from an evaluation of
implications of insecticide resistance for
malaria vector control",Parasites & Vectors,2018,,NA,yes,"authors to provide bioassay data (supplementary files provides data in clusters,but they say data is available)",sudan,galabat,15.331,356.073,NA,NA,NA,NA,NA,NA,NA,NA,NA,NA,NA,NA,NA,NA,within 5km,point,google maps,,,,yes,combination,yes,IRS,larvae,NA,,NA,,NA,,NA,NA,,yes,no,,9,12,2014,2014,,,,,gambiae complex,,morph,
NA,no,yes,no,phenotypic,1002196,10.1186/s13071-018-2732-9,Ismail,"Temporal and spatial trends in insecticide
resistance in Anopheles arabiensis in Sudan:
outcomes from an evaluation of
implications of insecticide resistance for
malaria vector control",Parasites & Vectors,2018,,NA,yes,"authors to provide bioassay data (supplementary files provides data in clusters,but they say data is available)",sudan,new halfa,15.331,356.073,NA,NA,NA,NA,NA,NA,NA,NA,NA,NA,NA,NA,NA,NA,greater than 10km,wide area,google maps,,,,yes,combination,yes,IRS,larvae,NA,,NA,,NA,,NA,NA,,yes,no,,9,12,2011,2011,,,,,gambiae complex,,morph,
NA,no,yes,no,phenotypic,1002196,10.1186/s13071-018-2732-9,Ismail,"Temporal and spatial trends in insecticide
resistance in Anopheles arabiensis in Sudan:
outcomes from an evaluation of
implications of insecticide resistance for
malaria vector control",Parasites & Vectors,2018,,NA,yes,"authors to provide bioassay data (supplementary files provides data in clusters,but they say data is available)",sudan,new halfa,15.331,356.073,NA,NA,NA,NA,NA,NA,NA,NA,NA,NA,NA,NA,NA,NA,greater than 10km,wide area,google maps,,,,yes,combination,yes,IRS,larvae,NA,,NA,,NA,,NA,NA,,yes,no,,9,12,2012,2012,,,,,gambiae complex,,morph,
NA,no,yes,no,phenotypic,1002196,10.1186/s13071-018-2732-9,Ismail,"Temporal and spatial trends in insecticide
resistance in Anopheles arabiensis in Sudan:
outcomes from an evaluation of
implications of insecticide resistance for
malaria vector control",Parasites & Vectors,2018,,NA,yes,"authors to provide bioassay data (supplementary files provides data in clusters,but they say data is available)",sudan,new halfa,15.331,356.073,NA,NA,NA,NA,NA,NA,NA,NA,NA,NA,NA,NA,NA,NA,greater than 10km,wide area,google maps,,,,yes,combination,yes,IRS,larvae,NA,,NA,,NA,,NA,NA,,yes,no,,9,12,2013,2013,,,,,gambiae complex,,morph,
NA,no,yes,no,phenotypic,1002196,10.1186/s13071-018-2732-9,Ismail,"Temporal and spatial trends in insecticide
resistance in Anopheles arabiensis in Sudan:
outcomes from an evaluation of
implications of insecticide resistance for
malaria vector control",Parasites & Vectors,2018,,NA,yes,"authors to provide bioassay data (supplementary files provides data in clusters,but they say data is available)",sudan,new halfa,15.331,356.073,NA,NA,NA,NA,NA,NA,NA,NA,NA,NA,NA,NA,NA,NA,greater than 10km,wide area,google maps,,,,yes,combination,yes,IRS,larvae,NA,,NA,,NA,,NA,NA,,yes,no,,9,12,2014,2014,,,,,gambiae complex,,morph,
NA,no,yes,no,phenotypic,1002196,10.1186/s13071-018-2732-9,Ismail,"Temporal and spatial trends in insecticide
resistance in Anopheles arabiensis in Sudan:
outcomes from an evaluation of
implications of insecticide resistance for
malaria vector control",Parasites & Vectors,2018,,NA,yes,"authors to provide bioassay data (supplementary files provides data in clusters,but they say data is available)",sudan,el hoosh,15.331,356.073,NA,NA,NA,NA,NA,NA,NA,NA,NA,NA,NA,NA,NA,NA,within 5km,point,google maps,,,,yes,combination,yes,IRS,larvae,NA,,NA,,NA,,NA,NA,,yes,no,,9,12,2011,2011,,,,,gambiae complex,,morph,
NA,no,yes,no,phenotypic,1002196,10.1186/s13071-018-2732-9,Ismail,"Temporal and spatial trends in insecticide
resistance in Anopheles arabiensis in Sudan:
outcomes from an evaluation of
implications of insecticide resistance for
malaria vector control",Parasites & Vectors,2018,,NA,yes,"authors to provide bioassay data (supplementary files provides data in clusters,but they say data is available)",sudan,el hoosh,15.331,356.073,NA,NA,NA,NA,NA,NA,NA,NA,NA,NA,NA,NA,NA,NA,within 5km,point,google maps,,,,yes,combination,yes,IRS,larvae,NA,,NA,,NA,,NA,NA,,yes,no,,9,12,2012,2012,,,,,gambiae complex,,morph,
NA,no,yes,no,phenotypic,1002196,10.1186/s13071-018-2732-9,Ismail,"Temporal and spatial trends in insecticide
resistance in Anopheles arabiensis in Sudan:
outcomes from an evaluation of
implications of insecticide resistance for
malaria vector control",Parasites & Vectors,2018,,NA,yes,"authors to provide bioassay data (supplementary files provides data in clusters,but they say data is available)",sudan,el hoosh,15.331,356.073,NA,NA,NA,NA,NA,NA,NA,NA,NA,NA,NA,NA,NA,NA,within 5km,point,google maps,,,,yes,combination,yes,IRS,larvae,NA,,NA,,NA,,NA,NA,,yes,no,,9,12,2013,2013,,,,,gambiae complex,,morph,
NA,no,yes,no,phenotypic,1002196,10.1186/s13071-018-2732-9,Ismail,"Temporal and spatial trends in insecticide
resistance in Anopheles arabiensis in Sudan:
outcomes from an evaluation of
implications of insecticide resistance for
malaria vector control",Parasites & Vectors,2018,,NA,yes,"authors to provide bioassay data (supplementary files provides data in clusters,but they say data is available)",sudan,el hoosh,15.331,356.073,NA,NA,NA,NA,NA,NA,NA,NA,NA,NA,NA,NA,NA,NA,within 5km,point,google maps,,,,yes,combination,yes,IRS,larvae,NA,,NA,,NA,,NA,NA,,yes,no,,9,12,2014,2014,,,,,gambiae complex,,morph,
NA,no,yes,no,phenotypic,1002196,10.1186/s13071-018-2732-9,Ismail,"Temporal and spatial trends in insecticide
resistance in Anopheles arabiensis in Sudan:
outcomes from an evaluation of
implications of insecticide resistance for
malaria vector control",Parasites & Vectors,2018,,NA,yes,"authors to provide bioassay data (supplementary files provides data in clusters,but they say data is available)",sudan,hag abdalla,15.331,356.073,NA,NA,NA,NA,NA,NA,NA,NA,NA,NA,NA,NA,NA,NA,within 5km,point,google maps,,,,yes,combination,yes,IRS,larvae,NA,,NA,,NA,,NA,NA,,yes,no,,9,12,2011,2011,,,,,gambiae complex,,morph,
NA,no,yes,no,phenotypic,1002196,10.1186/s13071-018-2732-9,Ismail,"Temporal and spatial trends in insecticide
resistance in Anopheles arabiensis in Sudan:
outcomes from an evaluation of
implications of insecticide resistance for
malaria vector control",Parasites & Vectors,2018,,NA,yes,"authors to provide bioassay data (supplementary files provides data in clusters,but they say data is available)",sudan,hag abdalla,15.331,356.073,NA,NA,NA,NA,NA,NA,NA,NA,NA,NA,NA,NA,NA,NA,within 5km,point,google maps,,,,yes,combination,yes,IRS,larvae,NA,,NA,,NA,,NA,NA,,yes,no,,9,12,2012,2012,,,,,gambiae complex,,morph,
NA,no,yes,no,phenotypic,1002196,10.1186/s13071-018-2732-9,Ismail,"Temporal and spatial trends in insecticide
resistance in Anopheles arabiensis in Sudan:
outcomes from an evaluation of
implications of insecticide resistance for
malaria vector control",Parasites & Vectors,2018,,NA,yes,"authors to provide bioassay data (supplementary files provides data in clusters,but they say data is available)",sudan,hag abdalla,15.331,356.073,NA,NA,NA,NA,NA,NA,NA,NA,NA,NA,NA,NA,NA,NA,within 5km,point,google maps,,,,yes,combination,yes,IRS,larvae,NA,,NA,,NA,,NA,NA,,yes,no,,9,12,2013,2013,,,,,gambiae complex,,morph,
NA,no,yes,no,phenotypic,1002196,10.1186/s13071-018-2732-9,Ismail,"Temporal and spatial trends in insecticide
resistance in Anopheles arabiensis in Sudan:
outcomes from an evaluation of
implications of insecticide resistance for
malaria vector control",Parasites & Vectors,2018,,NA,yes,"authors to provide bioassay data (supplementary files provides data in clusters,but they say data is available)",sudan,hag abdalla,15.331,356.073,NA,NA,NA,NA,NA,NA,NA,NA,NA,NA,NA,NA,NA,NA,within 5km,point,google maps,,,,yes,combination,yes,IRS,larvae,NA,,NA,,NA,,NA,NA,,yes,no,,9,12,2014,2014,,,,,gambiae complex,,morph,
NA,no,yes,no,phenotypic,1002196,10.1186/s13071-018-2732-9,Ismail,"Temporal and spatial trends in insecticide
resistance in Anopheles arabiensis in Sudan:
outcomes from an evaluation of
implications of insecticide resistance for
malaria vector control",Parasites & Vectors,2018,,NA,yes,"authors to provide bioassay data (supplementary files provides data in clusters,but they say data is available)",sudan,galabat,15.331,356.073,NA,NA,NA,NA,NA,NA,NA,NA,NA,NA,NA,NA,NA,NA,within 5km,point,google maps,,,,yes,combination,yes,IRS,larvae,NA,,NA,,NA,,NA,NA,,yes,no,,9,12,2011,2011,,,,,gambiae complex,,morph,
NA,no,yes,no,phenotypic,1002196,10.1186/s13071-018-2732-9,Ismail,"Temporal and spatial trends in insecticide
resistance in Anopheles arabiensis in Sudan:
outcomes from an evaluation of
implications of insecticide resistance for
malaria vector control",Parasites & Vectors,2018,,NA,yes,"authors to provide bioassay data (supplementary files provides data in clusters,but they say data is available)",sudan,galabat,15.331,356.073,NA,NA,NA,NA,NA,NA,NA,NA,NA,NA,NA,NA,NA,NA,within 5km,point,google maps,,,,yes,combination,yes,IRS,larvae,NA,,NA,,NA,,NA,NA,,yes,no,,9,12,2012,2012,,,,,gambiae complex,,morph,
NA,no,yes,no,phenotypic,1002196,10.1186/s13071-018-2732-9,Ismail,"Temporal and spatial trends in insecticide
resistance in Anopheles arabiensis in Sudan:
outcomes from an evaluation of
implications of insecticide resistance for
malaria vector control",Parasites & Vectors,2018,,NA,yes,"authors to provide bioassay data (supplementary files provides data in clusters,but they say data is available)",sudan,galabat,15.331,356.073,NA,NA,NA,NA,NA,NA,NA,NA,NA,NA,NA,NA,NA,NA,within 5km,point,google maps,,,,yes,combination,yes,IRS,larvae,NA,,NA,,NA,,NA,NA,,yes,no,,9,12,2013,2013,,,,,gambiae complex,,morph,
NA,no,yes,no,phenotypic,1002196,10.1186/s13071-018-2732-9,Ismail,"Temporal and spatial trends in insecticide
resistance in Anopheles arabiensis in Sudan:
outcomes from an evaluation of
implications of insecticide resistance for
malaria vector control",Parasites & Vectors,2018,,NA,yes,"authors to provide bioassay data (supplementary files provides data in clusters,but they say data is available)",sudan,galabat,15.331,356.073,NA,NA,NA,NA,NA,NA,NA,NA,NA,NA,NA,NA,NA,NA,within 5km,point,google maps,,,,yes,combination,yes,IRS,larvae,NA,,NA,,NA,,NA,NA,,yes,no,,9,12,2014,2014,,,,,gambiae complex,,morph,
NA,no,yes,no,phenotypic,1002196,10.1186/s13071-018-2732-9,Ismail,"Temporal and spatial trends in insecticide
resistance in Anopheles arabiensis in Sudan:
outcomes from an evaluation of
implications of insecticide resistance for
malaria vector control",Parasites & Vectors,2018,,NA,yes,"authors to provide bioassay data (supplementary files provides data in clusters,but they say data is available)",sudan,new halfa,15.331,356.073,NA,NA,NA,NA,NA,NA,NA,NA,NA,NA,NA,NA,NA,NA,greater than 10km,wide area,google maps,,,,yes,combination,yes,IRS,larvae,NA,,NA,,NA,,NA,NA,,yes,no,,9,12,2011,2011,,,,,gambiae complex,,morph,
NA,no,yes,no,phenotypic,1002196,10.1186/s13071-018-2732-9,Ismail,"Temporal and spatial trends in insecticide
resistance in Anopheles arabiensis in Sudan:
outcomes from an evaluation of
implications of insecticide resistance for
malaria vector control",Parasites & Vectors,2018,,NA,yes,"authors to provide bioassay data (supplementary files provides data in clusters,but they say data is available)",sudan,new halfa,15.331,356.073,NA,NA,NA,NA,NA,NA,NA,NA,NA,NA,NA,NA,NA,NA,greater than 10km,wide area,google maps,,,,yes,combination,yes,IRS,larvae,NA,,NA,,NA,,NA,NA,,yes,no,,9,12,2012,2012,,,,,gambiae complex,,morph,
NA,no,yes,no,phenotypic,1002196,10.1186/s13071-018-2732-9,Ismail,"Temporal and spatial trends in insecticide
resistance in Anopheles arabiensis in Sudan:
outcomes from an evaluation of
implications of insecticide resistance for
malaria vector control",Parasites & Vectors,2018,,NA,yes,"authors to provide bioassay data (supplementary files provides data in clusters,but they say data is available)",sudan,new halfa,15.331,356.073,NA,NA,NA,NA,NA,NA,NA,NA,NA,NA,NA,NA,NA,NA,greater than 10km,wide area,google maps,,,,yes,combination,yes,IRS,larvae,NA,,NA,,NA,,NA,NA,,yes,no,,9,12,2013,2013,,,,,gambiae complex,,morph,
NA,no,yes,no,phenotypic,1002196,10.1186/s13071-018-2732-9,Ismail,"Temporal and spatial trends in insecticide
resistance in Anopheles arabiensis in Sudan:
outcomes from an evaluation of
implications of insecticide resistance for
malaria vector control",Parasites & Vectors,2018,,NA,yes,"authors to provide bioassay data (supplementary files provides data in clusters,but they say data is available)",sudan,new halfa,15.331,356.073,NA,NA,NA,NA,NA,NA,NA,NA,NA,NA,NA,NA,NA,NA,greater than 10km,wide area,google maps,,,,yes,combination,yes,IRS,larvae,NA,,NA,,NA,,NA,NA,,yes,no,,9,12,2014,2014,,,,,gambiae complex,,morph,
NA,no,yes,no,none,1002196,10.1186/s13071-018-2732-9,Ismail,"Temporal and spatial trends in insecticide
resistance in Anopheles arabiensis in Sudan:
outcomes from an evaluation of
implications of insecticide resistance for
malaria vector control",Parasites & Vectors,2018,,NA,yes,"authors to provide bioassay data (supplementary files provides data in clusters,but they say data is available)",sudan,hag abdalla,15.331,356.073,NA,NA,NA,NA,NA,NA,NA,NA,NA,NA,NA,NA,NA,NA,within 5km,point,google maps,,,,yes,combination,yes,IRS,larvae,NA,,NA,,NA,,NA,NA,,yes,no,yes,NA,NA,2010,2014,,,,,gambiae_s form,,genetic/molecular,
NA,no,yes,no,genotypic,1002196,10.1186/s13071-018-2732-9,Ismail,"Temporal and spatial trends in insecticide
resistance in Anopheles arabiensis in Sudan:
outcomes from an evaluation of
implications of insecticide resistance for
malaria vector control",Parasites & Vectors,2018,,NA,yes,"authors to provide bioassay data (supplementary files provides data in clusters,but they say data is available)",sudan,el hoosh,15.331,356.073,NA,NA,NA,NA,NA,NA,NA,NA,NA,NA,NA,NA,NA,NA,within 5km,point,google maps,,,,yes,combination,yes,IRS,larvae,NA,,NA,,NA,,NA,NA,,yes,no,,9,12,2010,2010,,,,,arabiensis,,genetic/molecular,
NA,no,yes,no,genotypic,1002196,10.1186/s13071-018-2732-9,Ismail,"Temporal and spatial trends in insecticide
resistance in Anopheles arabiensis in Sudan:
outcomes from an evaluation of
implications of insecticide resistance for
malaria vector control",Parasites & Vectors,2018,,NA,yes,"authors to provide bioassay data (supplementary files provides data in clusters,but they say data is available)",sudan,el hoosh,15.331,356.073,NA,NA,NA,NA,NA,NA,NA,NA,NA,NA,NA,NA,NA,NA,within 5km,point,google maps,,,,yes,combination,yes,IRS,larvae,NA,,NA,,NA,,NA,NA,,yes,no,,9,12,2011,2011,,,,,arabiensis,,genetic/molecular,
NA,no,yes,no,genotypic,1002196,10.1186/s13071-018-2732-9,Ismail,"Temporal and spatial trends in insecticide
resistance in Anopheles arabiensis in Sudan:
outcomes from an evaluation of
implications of insecticide resistance for
malaria vector control",Parasites & Vectors,2018,,NA,yes,"authors to provide bioassay data (supplementary files provides data in clusters,but they say data is available)",sudan,el hoosh,15.331,356.073,NA,NA,NA,NA,NA,NA,NA,NA,NA,NA,NA,NA,NA,NA,within 5km,point,google maps,,,,yes,combination,yes,IRS,larvae,NA,,NA,,NA,,NA,NA,,yes,no,,9,12,2012,2012,,,,,arabiensis,,genetic/molecular,
NA,no,yes,no,genotypic,1002196,10.1186/s13071-018-2732-9,Ismail,"Temporal and spatial trends in insecticide
resistance in Anopheles arabiensis in Sudan:
outcomes from an evaluation of
implications of insecticide resistance for
malaria vector control",Parasites & Vectors,2018,,NA,yes,"authors to provide bioassay data (supplementary files provides data in clusters,but they say data is available)",sudan,el hoosh,15.331,356.073,NA,NA,NA,NA,NA,NA,NA,NA,NA,NA,NA,NA,NA,NA,within 5km,point,google maps,,,,yes,combination,yes,IRS,larvae,NA,,NA,,NA,,NA,NA,,yes,no,,9,12,2013,2013,,,,,arabiensis,,genetic/molecular,
NA,no,yes,no,genotypic,1002196,10.1186/s13071-018-2732-9,Ismail,"Temporal and spatial trends in insecticide
resistance in Anopheles arabiensis in Sudan:
outcomes from an evaluation of
implications of insecticide resistance for
malaria vector control",Parasites & Vectors,2018,,NA,yes,"authors to provide bioassay data (supplementary files provides data in clusters,but they say data is available)",sudan,el hoosh,15.331,356.073,NA,NA,NA,NA,NA,NA,NA,NA,NA,NA,NA,NA,NA,NA,within 5km,point,google maps,,,,yes,combination,yes,IRS,larvae,NA,,NA,,NA,,NA,NA,,yes,no,,9,12,2014,2014,,,,,arabiensis,,genetic/molecular,
NA,no,yes,no,genotypic,1002196,10.1186/s13071-018-2732-9,Ismail,"Temporal and spatial trends in insecticide
resistance in Anopheles arabiensis in Sudan:
outcomes from an evaluation of
implications of insecticide resistance for
malaria vector control",Parasites & Vectors,2018,,NA,yes,"authors to provide bioassay data (supplementary files provides data in clusters,but they say data is available)",sudan,hag abdalla,15.331,356.073,NA,NA,NA,NA,NA,NA,NA,NA,NA,NA,NA,NA,NA,NA,within 5km,point,google maps,,,,yes,combination,yes,IRS,larvae,NA,,NA,,NA,,NA,NA,,yes,no,,9,12,2010,2010,,,,,arabiensis,,genetic/molecular,
NA,no,yes,no,genotypic,1002196,10.1186/s13071-018-2732-9,Ismail,"Temporal and spatial trends in insecticide
resistance in Anopheles arabiensis in Sudan:
outcomes from an evaluation of
implications of insecticide resistance for
malaria vector control",Parasites & Vectors,2018,,NA,yes,"authors to provide bioassay data (supplementary files provides data in clusters,but they say data is available)",sudan,hag abdalla,15.331,356.073,NA,NA,NA,NA,NA,NA,NA,NA,NA,NA,NA,NA,NA,NA,within 5km,point,google maps,,,,yes,combination,yes,IRS,larvae,NA,,NA,,NA,,NA,NA,,yes,no,,9,12,2011,2011,,,,,arabiensis,,genetic/molecular,
NA,no,yes,no,genotypic,1002196,10.1186/s13071-018-2732-9,Ismail,"Temporal and spatial trends in insecticide
resistance in Anopheles arabiensis in Sudan:
outcomes from an evaluation of
implications of insecticide resistance for
malaria vector control",Parasites & Vectors,2018,,NA,yes,"authors to provide bioassay data (supplementary files provides data in clusters,but they say data is available)",sudan,hag abdalla,15.331,356.073,NA,NA,NA,NA,NA,NA,NA,NA,NA,NA,NA,NA,NA,NA,within 5km,point,google maps,,,,yes,combination,yes,IRS,larvae,NA,,NA,,NA,,NA,NA,,yes,no,,9,12,2012,2012,,,,,arabiensis,,genetic/molecular,
NA,no,yes,no,genotypic,1002196,10.1186/s13071-018-2732-9,Ismail,"Temporal and spatial trends in insecticide
resistance in Anopheles arabiensis in Sudan:
outcomes from an evaluation of
implications of insecticide resistance for
malaria vector control",Parasites & Vectors,2018,,NA,yes,"authors to provide bioassay data (supplementary files provides data in clusters,but they say data is available)",sudan,hag abdalla,15.331,356.073,NA,NA,NA,NA,NA,NA,NA,NA,NA,NA,NA,NA,NA,NA,within 5km,point,google maps,,,,yes,combination,yes,IRS,larvae,NA,,NA,,NA,,NA,NA,,yes,no,,9,12,2013,2013,,,,,arabiensis,,genetic/molecular,
NA,no,yes,no,genotypic,1002196,10.1186/s13071-018-2732-9,Ismail,"Temporal and spatial trends in insecticide
resistance in Anopheles arabiensis in Sudan:
outcomes from an evaluation of
implications of insecticide resistance for
malaria vector control",Parasites & Vectors,2018,,NA,yes,"authors to provide bioassay data (supplementary files provides data in clusters,but they say data is available)",sudan,hag abdalla,15.331,356.073,NA,NA,NA,NA,NA,NA,NA,NA,NA,NA,NA,NA,NA,NA,within 5km,point,google maps,,,,yes,combination,yes,IRS,larvae,NA,,NA,,NA,,NA,NA,,yes,no,,9,12,2014,2014,,,,,arabiensis,,genetic/molecular,
NA,no,yes,no,genotypic,1002196,10.1186/s13071-018-2732-9,Ismail,"Temporal and spatial trends in insecticide
resistance in Anopheles arabiensis in Sudan:
outcomes from an evaluation of
implications of insecticide resistance for
malaria vector control",Parasites & Vectors,2018,,NA,yes,"authors to provide bioassay data (supplementary files provides data in clusters,but they say data is available)",sudan,galabat,15.331,356.073,NA,NA,NA,NA,NA,NA,NA,NA,NA,NA,NA,NA,NA,NA,within 5km,point,google maps,,,,yes,combination,yes,IRS,larvae,NA,,NA,,NA,,NA,NA,,yes,no,,9,12,2010,2010,,,,,arabiensis,,genetic/molecular,
NA,no,yes,no,genotypic,1002196,10.1186/s13071-018-2732-9,Ismail,"Temporal and spatial trends in insecticide
resistance in Anopheles arabiensis in Sudan:
outcomes from an evaluation of
implications of insecticide resistance for
malaria vector control",Parasites & Vectors,2018,,NA,yes,"authors to provide bioassay data (supplementary files provides data in clusters,but they say data is available)",sudan,galabat,15.331,356.073,NA,NA,NA,NA,NA,NA,NA,NA,NA,NA,NA,NA,NA,NA,within 5km,point,google maps,,,,yes,combination,yes,IRS,larvae,NA,,NA,,NA,,NA,NA,,yes,no,,9,12,2011,2011,,,,,arabiensis,,genetic/molecular,
NA,no,yes,no,genotypic,1002196,10.1186/s13071-018-2732-9,Ismail,"Temporal and spatial trends in insecticide
resistance in Anopheles arabiensis in Sudan:
outcomes from an evaluation of
implications of insecticide resistance for
malaria vector control",Parasites & Vectors,2018,,NA,yes,"authors to provide bioassay data (supplementary files provides data in clusters,but they say data is available)",sudan,galabat,15.331,356.073,NA,NA,NA,NA,NA,NA,NA,NA,NA,NA,NA,NA,NA,NA,within 5km,point,google maps,,,,yes,combination,yes,IRS,larvae,NA,,NA,,NA,,NA,NA,,yes,no,,9,12,2012,2012,,,,,arabiensis,,genetic/molecular,
NA,no,yes,no,genotypic,1002196,10.1186/s13071-018-2732-9,Ismail,"Temporal and spatial trends in insecticide
resistance in Anopheles arabiensis in Sudan:
outcomes from an evaluation of
implications of insecticide resistance for
malaria vector control",Parasites & Vectors,2018,,NA,yes,"authors to provide bioassay data (supplementary files provides data in clusters,but they say data is available)",sudan,galabat,15.331,356.073,NA,NA,NA,NA,NA,NA,NA,NA,NA,NA,NA,NA,NA,NA,within 5km,point,google maps,,,,yes,combination,yes,IRS,larvae,NA,,NA,,NA,,NA,NA,,yes,no,,9,12,2013,2013,,,,,arabiensis,,genetic/molecular,
NA,no,yes,no,genotypic,1002196,10.1186/s13071-018-2732-9,Ismail,"Temporal and spatial trends in insecticide
resistance in Anopheles arabiensis in Sudan:
outcomes from an evaluation of
implications of insecticide resistance for
malaria vector control",Parasites & Vectors,2018,,NA,yes,"authors to provide bioassay data (supplementary files provides data in clusters,but they say data is available)",sudan,galabat,15.331,356.073,NA,NA,NA,NA,NA,NA,NA,NA,NA,NA,NA,NA,NA,NA,within 5km,point,google maps,,,,yes,combination,yes,IRS,larvae,NA,,NA,,NA,,NA,NA,,yes,no,,9,12,2014,2014,,,,,arabiensis,,genetic/molecular,
NA,no,yes,no,genotypic,1002196,10.1186/s13071-018-2732-9,Ismail,"Temporal and spatial trends in insecticide
resistance in Anopheles arabiensis in Sudan:
outcomes from an evaluation of
implications of insecticide resistance for
malaria vector control",Parasites & Vectors,2018,,NA,yes,"authors to provide bioassay data (supplementary files provides data in clusters,but they say data is available)",sudan,new halfa,15.331,356.073,NA,NA,NA,NA,NA,NA,NA,NA,NA,NA,NA,NA,NA,NA,greater than 10km,wide area,google maps,,,,yes,combination,yes,IRS,larvae,NA,,NA,,NA,,NA,NA,,yes,no,,9,12,2010,2010,,,,,arabiensis,,genetic/molecular,
NA,no,yes,no,genotypic,1002196,10.1186/s13071-018-2732-9,Ismail,"Temporal and spatial trends in insecticide
resistance in Anopheles arabiensis in Sudan:
outcomes from an evaluation of
implications of insecticide resistance for
malaria vector control",Parasites & Vectors,2018,,NA,yes,"authors to provide bioassay data (supplementary files provides data in clusters,but they say data is available)",sudan,new halfa,15.331,356.073,NA,NA,NA,NA,NA,NA,NA,NA,NA,NA,NA,NA,NA,NA,greater than 10km,wide area,google maps,,,,yes,combination,yes,IRS,larvae,NA,,NA,,NA,,NA,NA,,yes,no,,9,12,2011,2011,,,,,arabiensis,,genetic/molecular,
NA,no,yes,no,genotypic,1002196,10.1186/s13071-018-2732-9,Ismail,"Temporal and spatial trends in insecticide
resistance in Anopheles arabiensis in Sudan:
outcomes from an evaluation of
implications of insecticide resistance for
malaria vector control",Parasites & Vectors,2018,,NA,yes,"authors to provide bioassay data (supplementary files provides data in clusters,but they say data is available)",sudan,new halfa,15.331,356.073,NA,NA,NA,NA,NA,NA,NA,NA,NA,NA,NA,NA,NA,NA,greater than 10km,wide area,google maps,,,,yes,combination,yes,IRS,larvae,NA,,NA,,NA,,NA,NA,,yes,no,,9,12,2012,2012,,,,,arabiensis,,genetic/molecular,
NA,no,yes,no,genotypic,1002196,10.1186/s13071-018-2732-9,Ismail,"Temporal and spatial trends in insecticide
resistance in Anopheles arabiensis in Sudan:
outcomes from an evaluation of
implications of insecticide resistance for
malaria vector control",Parasites & Vectors,2018,,NA,yes,"authors to provide bioassay data (supplementary files provides data in clusters,but they say data is available)",sudan,new halfa,15.331,356.073,NA,NA,NA,NA,NA,NA,NA,NA,NA,NA,NA,NA,NA,NA,greater than 10km,wide area,google maps,,,,yes,combination,yes,IRS,larvae,NA,,NA,,NA,,NA,NA,,yes,no,,9,12,2013,2013,,,,,arabiensis,,genetic/molecular,
NA,no,yes,no,genotypic,1002196,10.1186/s13071-018-2732-9,Ismail,"Temporal and spatial trends in insecticide
resistance in Anopheles arabiensis in Sudan:
outcomes from an evaluation of
implications of insecticide resistance for
malaria vector control",Parasites & Vectors,2018,,NA,yes,"authors to provide bioassay data (supplementary files provides data in clusters,but they say data is available)",sudan,new halfa,15.331,356.073,NA,NA,NA,NA,NA,NA,NA,NA,NA,NA,NA,NA,NA,NA,greater than 10km,wide area,google maps,,,,yes,combination,yes,IRS,larvae,NA,,NA,,NA,,NA,NA,,yes,no,,9,12,2014,2014,,,,,arabiensis,,genetic/molecular,
NA,no,yes,no,phenotypic,1002198,10.1186/s12936-016-1618-6,Hakizimana,Susceptibility of Anopheles gambiae to insecticides used for malaria vector control in Rwanda,Malaria Journal,2016,preferential,NA,,,rwanda,Bukora,-2.3,30.79,NA,NA,NA,NA,NA,NA,NA,NA,NA,NA,NA,NA,NA,NA,,point,other,,,historic IR data,yes,combination,yes,,larvae,NA,,NA,,NA,,NA,NA,,yes,no,,NA,NA,2011,2011,,,,,gambiae complex,,morph,
NA,no,yes,no,phenotypic,1002198,10.1186/s12936-016-1618-6,Hakizimana,Susceptibility of Anopheles gambiae to insecticides used for malaria vector control in Rwanda,Malaria Journal,2016,preferential,NA,,,rwanda,Busoro,-2.285,29.95,NA,NA,NA,NA,NA,NA,NA,NA,NA,NA,NA,NA,NA,NA,,point,other,,,historic IR data,yes,combination,yes,,larvae,NA,,NA,,NA,,NA,NA,,yes,no,,NA,NA,2011,2011,,,,,gambiae complex,,morph,
NA,no,yes,no,phenotypic,1002198,10.1186/s12936-016-1618-6,Hakizimana,Susceptibility of Anopheles gambiae to insecticides used for malaria vector control in Rwanda,Malaria Journal,2016,preferential,NA,,,rwanda,Karambi,-2.327,29.23,NA,NA,NA,NA,NA,NA,NA,NA,NA,NA,NA,NA,NA,NA,,point,other,,,historic IR data,yes,combination,yes,,larvae,NA,,NA,,NA,,NA,NA,,yes,no,,NA,NA,2011,2011,,,,,gambiae complex,,morph,
NA,no,yes,no,phenotypic,1002198,10.1186/s12936-016-1618-6,Hakizimana,Susceptibility of Anopheles gambiae to insecticides used for malaria vector control in Rwanda,Malaria Journal,2016,preferential,NA,,,rwanda,Kibogora,-2.324,29.134,NA,NA,NA,NA,NA,NA,NA,NA,NA,NA,NA,NA,NA,NA,,point,other,,,historic IR data,yes,combination,yes,,larvae,NA,,NA,,NA,,NA,NA,,yes,no,,NA,NA,2011,2011,,,,,gambiae complex,,morph,
NA,no,yes,no,phenotypic,1002198,10.1186/s12936-016-1618-6,Hakizimana,Susceptibility of Anopheles gambiae to insecticides used for malaria vector control in Rwanda,Malaria Journal,2016,preferential,NA,,,rwanda,Kivumu,-205.467,29.605,NA,NA,NA,NA,NA,NA,NA,NA,NA,NA,NA,NA,NA,NA,,point,other,,,historic IR data,yes,combination,yes,,larvae,NA,,NA,,NA,,NA,NA,,yes,no,,NA,NA,2011,2011,,,,,gambiae complex,,morph,
NA,no,yes,no,phenotypic,1002198,10.1186/s12936-016-1618-6,Hakizimana,Susceptibility of Anopheles gambiae to insecticides used for malaria vector control in Rwanda,Malaria Journal,2016,preferential,NA,,,rwanda,Mareba,-2.245,30,NA,NA,NA,NA,NA,NA,NA,NA,NA,NA,NA,NA,NA,NA,,point,other,,,historic IR data,yes,combination,yes,,larvae,NA,,NA,,NA,,NA,NA,,yes,no,,NA,NA,2011,2011,,,,,gambiae complex,,morph,
NA,no,yes,no,phenotypic,1002198,10.1186/s12936-016-1618-6,Hakizimana,Susceptibility of Anopheles gambiae to insecticides used for malaria vector control in Rwanda,Malaria Journal,2016,preferential,NA,,,rwanda,Mashesha,-2.595,29.011,NA,NA,NA,NA,NA,NA,NA,NA,NA,NA,NA,NA,NA,NA,,point,other,,,historic IR data,yes,combination,yes,,larvae,NA,,NA,,NA,,NA,NA,,yes,no,,NA,NA,2011,2011,,,,,gambiae complex,,morph,
NA,no,yes,no,phenotypic,1002198,10.1186/s12936-016-1618-6,Hakizimana,Susceptibility of Anopheles gambiae to insecticides used for malaria vector control in Rwanda,Malaria Journal,2016,preferential,NA,,,rwanda,Mbuga,-1.429,30.095,NA,NA,NA,NA,NA,NA,NA,NA,NA,NA,NA,NA,NA,NA,,point,other,,,historic IR data,yes,combination,yes,,larvae,NA,,NA,,NA,,NA,NA,,yes,no,,NA,NA,2011,2011,,,,,gambiae complex,,morph,
NA,no,yes,no,phenotypic,1002198,10.1186/s12936-016-1618-6,Hakizimana,Susceptibility of Anopheles gambiae to insecticides used for malaria vector control in Rwanda,Malaria Journal,2016,preferential,NA,,,rwanda,Mimuli,-1.445,30.255,NA,NA,NA,NA,NA,NA,NA,NA,NA,NA,NA,NA,NA,NA,,point,other,,,historic IR data,yes,combination,yes,,larvae,NA,,NA,,NA,,NA,NA,,yes,no,,NA,NA,2011,2011,,,,,gambiae complex,,morph,
NA,no,yes,no,phenotypic,1002198,10.1186/s12936-016-1618-6,Hakizimana,Susceptibility of Anopheles gambiae to insecticides used for malaria vector control in Rwanda,Malaria Journal,2016,preferential,NA,,,rwanda,Mubuga,-1.939,30.147,NA,NA,NA,NA,NA,NA,NA,NA,NA,NA,NA,NA,NA,NA,,point,other,,,historic IR data,yes,combination,yes,,larvae,NA,,NA,,NA,,NA,NA,,yes,no,,NA,NA,2011,2011,,,,,gambiae complex,,morph,
NA,no,yes,no,phenotypic,1002198,10.1186/s12936-016-1618-6,Hakizimana,Susceptibility of Anopheles gambiae to insecticides used for malaria vector control in Rwanda,Malaria Journal,2016,preferential,NA,,,rwanda,Rukara,-205.467,29.605,NA,NA,NA,NA,NA,NA,NA,NA,NA,NA,NA,NA,NA,NA,,point,other,,,historic IR data,yes,combination,yes,,larvae,NA,,NA,,NA,,NA,NA,,yes,no,,NA,NA,2011,2011,,,,,gambiae complex,,morph,
NA,no,yes,no,phenotypic,1002198,10.1186/s12936-016-1618-6,Hakizimana,Susceptibility of Anopheles gambiae to insecticides used for malaria vector control in Rwanda,Malaria Journal,2016,preferential,NA,,,rwanda,Bukora,-2.3,30.79,NA,NA,NA,NA,NA,NA,NA,NA,NA,NA,NA,NA,NA,NA,,point,other,,,historic IR data,yes,combination,yes,,larvae,NA,,NA,,NA,,NA,NA,,yes,no,,NA,NA,2013,2013,,,,,gambiae complex,,morph,
NA,no,yes,no,phenotypic,1002198,10.1186/s12936-016-1618-6,Hakizimana,Susceptibility of Anopheles gambiae to insecticides used for malaria vector control in Rwanda,Malaria Journal,2016,preferential,NA,,,rwanda,Busoro,-2.285,29.95,NA,NA,NA,NA,NA,NA,NA,NA,NA,NA,NA,NA,NA,NA,,point,other,,,historic IR data,yes,combination,yes,,larvae,NA,,NA,,NA,,NA,NA,,yes,no,,NA,NA,2013,2013,,,,,gambiae complex,,morph,
NA,no,yes,no,phenotypic,1002198,10.1186/s12936-016-1618-6,Hakizimana,Susceptibility of Anopheles gambiae to insecticides used for malaria vector control in Rwanda,Malaria Journal,2016,preferential,NA,,,rwanda,Karambi,-2.327,29.23,NA,NA,NA,NA,NA,NA,NA,NA,NA,NA,NA,NA,NA,NA,,point,other,,,historic IR data,yes,combination,yes,,larvae,NA,,NA,,NA,,NA,NA,,yes,no,,NA,NA,2013,2013,,,,,gambiae complex,,morph,
NA,no,yes,no,phenotypic,1002198,10.1186/s12936-016-1618-6,Hakizimana,Susceptibility of Anopheles gambiae to insecticides used for malaria vector control in Rwanda,Malaria Journal,2016,preferential,NA,,,rwanda,Kibogora,-2.324,29.134,NA,NA,NA,NA,NA,NA,NA,NA,NA,NA,NA,NA,NA,NA,,point,other,,,historic IR data,yes,combination,yes,,larvae,NA,,NA,,NA,,NA,NA,,yes,no,,NA,NA,2013,2013,,,,,gambiae complex,,morph,
NA,no,yes,no,phenotypic,1002198,10.1186/s12936-016-1618-6,Hakizimana,Susceptibility of Anopheles gambiae to insecticides used for malaria vector control in Rwanda,Malaria Journal,2016,preferential,NA,,,rwanda,Kivumu,-205.467,29.605,NA,NA,NA,NA,NA,NA,NA,NA,NA,NA,NA,NA,NA,NA,,point,other,,,historic IR data,yes,combination,yes,,larvae,NA,,NA,,NA,,NA,NA,,yes,no,,NA,NA,2013,2013,,,,,gambiae complex,,morph,
NA,no,yes,no,phenotypic,1002198,10.1186/s12936-016-1618-6,Hakizimana,Susceptibility of Anopheles gambiae to insecticides used for malaria vector control in Rwanda,Malaria Journal,2016,preferential,NA,,,rwanda,Mareba,-2.245,30,NA,NA,NA,NA,NA,NA,NA,NA,NA,NA,NA,NA,NA,NA,,point,other,,,historic IR data,yes,combination,yes,,larvae,NA,,NA,,NA,,NA,NA,,yes,no,,NA,NA,2013,2013,,,,,gambiae complex,,morph,
NA,no,yes,no,phenotypic,1002198,10.1186/s12936-016-1618-6,Hakizimana,Susceptibility of Anopheles gambiae to insecticides used for malaria vector control in Rwanda,Malaria Journal,2016,preferential,NA,,,rwanda,Mashesha,-2.595,29.011,NA,NA,NA,NA,NA,NA,NA,NA,NA,NA,NA,NA,NA,NA,,point,other,,,historic IR data,yes,combination,yes,,larvae,NA,,NA,,NA,,NA,NA,,yes,no,,NA,NA,2013,2013,,,,,gambiae complex,,morph,
NA,no,yes,no,phenotypic,1002198,10.1186/s12936-016-1618-6,Hakizimana,Susceptibility of Anopheles gambiae to insecticides used for malaria vector control in Rwanda,Malaria Journal,2016,preferential,NA,,,rwanda,Mbuga,-1.429,30.095,NA,NA,NA,NA,NA,NA,NA,NA,NA,NA,NA,NA,NA,NA,,point,other,,,historic IR data,yes,combination,yes,,larvae,NA,,NA,,NA,,NA,NA,,yes,no,,NA,NA,2013,2013,,,,,gambiae complex,,morph,
NA,no,yes,no,phenotypic,1002198,10.1186/s12936-016-1618-6,Hakizimana,Susceptibility of Anopheles gambiae to insecticides used for malaria vector control in Rwanda,Malaria Journal,2016,preferential,NA,,,rwanda,Mimuli,-1.445,30.255,NA,NA,NA,NA,NA,NA,NA,NA,NA,NA,NA,NA,NA,NA,,point,other,,,historic IR data,yes,combination,yes,,larvae,NA,,NA,,NA,,NA,NA,,yes,no,,NA,NA,2013,2013,,,,,gambiae complex,,morph,
NA,no,yes,no,phenotypic,1002198,10.1186/s12936-016-1618-6,Hakizimana,Susceptibility of Anopheles gambiae to insecticides used for malaria vector control in Rwanda,Malaria Journal,2016,preferential,NA,,,rwanda,Mubuga,-1.939,30.147,NA,NA,NA,NA,NA,NA,NA,NA,NA,NA,NA,NA,NA,NA,,point,other,,,historic IR data,yes,combination,yes,,larvae,NA,,NA,,NA,,NA,NA,,yes,no,,NA,NA,2013,2013,,,,,gambiae complex,,morph,
NA,no,yes,no,phenotypic,1002198,10.1186/s12936-016-1618-6,Hakizimana,Susceptibility of Anopheles gambiae to insecticides used for malaria vector control in Rwanda,Malaria Journal,2016,preferential,NA,,,rwanda,Rukara,-205.467,29.605,NA,NA,NA,NA,NA,NA,NA,NA,NA,NA,NA,NA,NA,NA,,point,other,,,historic IR data,yes,combination,yes,,larvae,NA,,NA,,NA,,NA,NA,,yes,no,,NA,NA,2013,2013,,,,,gambiae complex,,morph,
NA,no,yes,no,phenotypic,1002198,10.1186/s12936-016-1618-6,Hakizimana,Susceptibility of Anopheles gambiae to insecticides used for malaria vector control in Rwanda,Malaria Journal,2016,preferential,NA,,,rwanda,Bukora,-2.3,30.79,NA,NA,NA,NA,NA,NA,NA,NA,NA,NA,NA,NA,NA,NA,,point,other,,,historic IR data,yes,combination,yes,,larvae,NA,,NA,,NA,,NA,NA,,yes,no,,NA,NA,2011,2011,,,,,gambiae complex,,morph,
NA,no,yes,no,phenotypic,1002198,10.1186/s12936-016-1618-6,Hakizimana,Susceptibility of Anopheles gambiae to insecticides used for malaria vector control in Rwanda,Malaria Journal,2016,preferential,NA,,,rwanda,Busoro,-2.285,29.95,NA,NA,NA,NA,NA,NA,NA,NA,NA,NA,NA,NA,NA,NA,,point,other,,,historic IR data,yes,combination,yes,,larvae,NA,,NA,,NA,,NA,NA,,yes,no,,NA,NA,2011,2011,,,,,gambiae complex,,morph,
NA,no,yes,no,phenotypic,1002198,10.1186/s12936-016-1618-6,Hakizimana,Susceptibility of Anopheles gambiae to insecticides used for malaria vector control in Rwanda,Malaria Journal,2016,preferential,NA,,,rwanda,Karambi,-2.327,29.23,NA,NA,NA,NA,NA,NA,NA,NA,NA,NA,NA,NA,NA,NA,,point,other,,,historic IR data,yes,combination,yes,,larvae,NA,,NA,,NA,,NA,NA,,yes,no,,NA,NA,2011,2011,,,,,gambiae complex,,morph,
NA,no,yes,no,phenotypic,1002198,10.1186/s12936-016-1618-6,Hakizimana,Susceptibility of Anopheles gambiae to insecticides used for malaria vector control in Rwanda,Malaria Journal,2016,preferential,NA,,,rwanda,Kibogora,-2.324,29.134,NA,NA,NA,NA,NA,NA,NA,NA,NA,NA,NA,NA,NA,NA,,point,other,,,historic IR data,yes,combination,yes,,larvae,NA,,NA,,NA,,NA,NA,,yes,no,,NA,NA,2011,2011,,,,,gambiae complex,,morph,
NA,no,yes,no,phenotypic,1002198,10.1186/s12936-016-1618-6,Hakizimana,Susceptibility of Anopheles gambiae to insecticides used for malaria vector control in Rwanda,Malaria Journal,2016,preferential,NA,,,rwanda,Kivumu,-205.467,29.605,NA,NA,NA,NA,NA,NA,NA,NA,NA,NA,NA,NA,NA,NA,,point,other,,,historic IR data,yes,combination,yes,,larvae,NA,,NA,,NA,,NA,NA,,yes,no,,NA,NA,2011,2011,,,,,gambiae complex,,morph,
NA,no,yes,no,phenotypic,1002198,10.1186/s12936-016-1618-6,Hakizimana,Susceptibility of Anopheles gambiae to insecticides used for malaria vector control in Rwanda,Malaria Journal,2016,preferential,NA,,,rwanda,Mareba,-2.245,30,NA,NA,NA,NA,NA,NA,NA,NA,NA,NA,NA,NA,NA,NA,,point,other,,,historic IR data,yes,combination,yes,,larvae,NA,,NA,,NA,,NA,NA,,yes,no,,NA,NA,2011,2011,,,,,gambiae complex,,morph,
NA,no,yes,no,phenotypic,1002198,10.1186/s12936-016-1618-6,Hakizimana,Susceptibility of Anopheles gambiae to insecticides used for malaria vector control in Rwanda,Malaria Journal,2016,preferential,NA,,,rwanda,Mashesha,-2.595,29.011,NA,NA,NA,NA,NA,NA,NA,NA,NA,NA,NA,NA,NA,NA,,point,other,,,historic IR data,yes,combination,yes,,larvae,NA,,NA,,NA,,NA,NA,,yes,no,,NA,NA,2011,2011,,,,,gambiae complex,,morph,
NA,no,yes,no,phenotypic,1002198,10.1186/s12936-016-1618-6,Hakizimana,Susceptibility of Anopheles gambiae to insecticides used for malaria vector control in Rwanda,Malaria Journal,2016,preferential,NA,,,rwanda,Mbuga,-1.429,30.095,NA,NA,NA,NA,NA,NA,NA,NA,NA,NA,NA,NA,NA,NA,,point,other,,,historic IR data,yes,combination,yes,,larvae,NA,,NA,,NA,,NA,NA,,yes,no,,NA,NA,2011,2011,,,,,gambiae complex,,morph,
NA,no,yes,no,phenotypic,1002198,10.1186/s12936-016-1618-6,Hakizimana,Susceptibility of Anopheles gambiae to insecticides used for malaria vector control in Rwanda,Malaria Journal,2016,preferential,NA,,,rwanda,Mimuli,-1.445,30.255,NA,NA,NA,NA,NA,NA,NA,NA,NA,NA,NA,NA,NA,NA,,point,other,,,historic IR data,yes,combination,yes,,larvae,NA,,NA,,NA,,NA,NA,,yes,no,,NA,NA,2011,2011,,,,,gambiae complex,,morph,
NA,no,yes,no,phenotypic,1002198,10.1186/s12936-016-1618-6,Hakizimana,Susceptibility of Anopheles gambiae to insecticides used for malaria vector control in Rwanda,Malaria Journal,2016,preferential,NA,,,rwanda,Mubuga,-1.939,30.147,NA,NA,NA,NA,NA,NA,NA,NA,NA,NA,NA,NA,NA,NA,,point,other,,,historic IR data,yes,combination,yes,,larvae,NA,,NA,,NA,,NA,NA,,yes,no,,NA,NA,2011,2011,,,,,gambiae complex,,morph,
NA,no,yes,no,phenotypic,1002198,10.1186/s12936-016-1618-6,Hakizimana,Susceptibility of Anopheles gambiae to insecticides used for malaria vector control in Rwanda,Malaria Journal,2016,preferential,NA,,,rwanda,Rukara,-205.467,29.605,NA,NA,NA,NA,NA,NA,NA,NA,NA,NA,NA,NA,NA,NA,,point,other,,,historic IR data,yes,combination,yes,,larvae,NA,,NA,,NA,,NA,NA,,yes,no,,NA,NA,2011,2011,,,,,gambiae complex,,morph,
NA,no,yes,no,phenotypic,1002198,10.1186/s12936-016-1618-6,Hakizimana,Susceptibility of Anopheles gambiae to insecticides used for malaria vector control in Rwanda,Malaria Journal,2016,preferential,NA,,,rwanda,Bukora,-2.3,30.79,NA,NA,NA,NA,NA,NA,NA,NA,NA,NA,NA,NA,NA,NA,,point,other,,,historic IR data,yes,combination,yes,,larvae,NA,,NA,,NA,,NA,NA,,yes,no,,NA,NA,2013,2013,,,,,gambiae complex,,morph,
NA,no,yes,no,phenotypic,1002198,10.1186/s12936-016-1618-6,Hakizimana,Susceptibility of Anopheles gambiae to insecticides used for malaria vector control in Rwanda,Malaria Journal,2016,preferential,NA,,,rwanda,Busoro,-2.285,29.95,NA,NA,NA,NA,NA,NA,NA,NA,NA,NA,NA,NA,NA,NA,,point,other,,,historic IR data,yes,combination,yes,,larvae,NA,,NA,,NA,,NA,NA,,yes,no,,NA,NA,2013,2013,,,,,gambiae complex,,morph,
NA,no,yes,no,phenotypic,1002198,10.1186/s12936-016-1618-6,Hakizimana,Susceptibility of Anopheles gambiae to insecticides used for malaria vector control in Rwanda,Malaria Journal,2016,preferential,NA,,,rwanda,Karambi,-2.327,29.23,NA,NA,NA,NA,NA,NA,NA,NA,NA,NA,NA,NA,NA,NA,,point,other,,,historic IR data,yes,combination,yes,,larvae,NA,,NA,,NA,,NA,NA,,yes,no,,NA,NA,2013,2013,,,,,gambiae complex,,morph,
NA,no,yes,no,phenotypic,1002198,10.1186/s12936-016-1618-6,Hakizimana,Susceptibility of Anopheles gambiae to insecticides used for malaria vector control in Rwanda,Malaria Journal,2016,preferential,NA,,,rwanda,Kibogora,-2.324,29.134,NA,NA,NA,NA,NA,NA,NA,NA,NA,NA,NA,NA,NA,NA,,point,other,,,historic IR data,yes,combination,yes,,larvae,NA,,NA,,NA,,NA,NA,,yes,no,,NA,NA,2013,2013,,,,,gambiae complex,,morph,
NA,no,yes,no,phenotypic,1002198,10.1186/s12936-016-1618-6,Hakizimana,Susceptibility of Anopheles gambiae to insecticides used for malaria vector control in Rwanda,Malaria Journal,2016,preferential,NA,,,rwanda,Kivumu,-205.467,29.605,NA,NA,NA,NA,NA,NA,NA,NA,NA,NA,NA,NA,NA,NA,,point,other,,,historic IR data,yes,combination,yes,,larvae,NA,,NA,,NA,,NA,NA,,yes,no,,NA,NA,2013,2013,,,,,gambiae complex,,morph,
NA,no,yes,no,phenotypic,1002198,10.1186/s12936-016-1618-6,Hakizimana,Susceptibility of Anopheles gambiae to insecticides used for malaria vector control in Rwanda,Malaria Journal,2016,preferential,NA,,,rwanda,Mareba,-2.245,30,NA,NA,NA,NA,NA,NA,NA,NA,NA,NA,NA,NA,NA,NA,,point,other,,,historic IR data,yes,combination,yes,,larvae,NA,,NA,,NA,,NA,NA,,yes,no,,NA,NA,2013,2013,,,,,gambiae complex,,morph,
NA,no,yes,no,phenotypic,1002198,10.1186/s12936-016-1618-6,Hakizimana,Susceptibility of Anopheles gambiae to insecticides used for malaria vector control in Rwanda,Malaria Journal,2016,preferential,NA,,,rwanda,Mashesha,-2.595,29.011,NA,NA,NA,NA,NA,NA,NA,NA,NA,NA,NA,NA,NA,NA,,point,other,,,historic IR data,yes,combination,yes,,larvae,NA,,NA,,NA,,NA,NA,,yes,no,,NA,NA,2013,2013,,,,,gambiae complex,,morph,
NA,no,yes,no,phenotypic,1002198,10.1186/s12936-016-1618-6,Hakizimana,Susceptibility of Anopheles gambiae to insecticides used for malaria vector control in Rwanda,Malaria Journal,2016,preferential,NA,,,rwanda,Mbuga,-1.429,30.095,NA,NA,NA,NA,NA,NA,NA,NA,NA,NA,NA,NA,NA,NA,,point,other,,,historic IR data,yes,combination,yes,,larvae,NA,,NA,,NA,,NA,NA,,yes,no,,NA,NA,2013,2013,,,,,gambiae complex,,morph,
NA,no,yes,no,phenotypic,1002198,10.1186/s12936-016-1618-6,Hakizimana,Susceptibility of Anopheles gambiae to insecticides used for malaria vector control in Rwanda,Malaria Journal,2016,preferential,NA,,,rwanda,Mimuli,-1.445,30.255,NA,NA,NA,NA,NA,NA,NA,NA,NA,NA,NA,NA,NA,NA,,point,other,,,historic IR data,yes,combination,yes,,larvae,NA,,NA,,NA,,NA,NA,,yes,no,,NA,NA,2013,2013,,,,,gambiae complex,,morph,
NA,no,yes,no,phenotypic,1002198,10.1186/s12936-016-1618-6,Hakizimana,Susceptibility of Anopheles gambiae to insecticides used for malaria vector control in Rwanda,Malaria Journal,2016,preferential,NA,,,rwanda,Mubuga,-1.939,30.147,NA,NA,NA,NA,NA,NA,NA,NA,NA,NA,NA,NA,NA,NA,,point,other,,,historic IR data,yes,combination,yes,,larvae,NA,,NA,,NA,,NA,NA,,yes,no,,NA,NA,2013,2013,,,,,gambiae complex,,morph,
NA,no,yes,no,phenotypic,1002198,10.1186/s12936-016-1618-6,Hakizimana,Susceptibility of Anopheles gambiae to insecticides used for malaria vector control in Rwanda,Malaria Journal,2016,preferential,NA,,,rwanda,Rukara,-205.467,29.605,NA,NA,NA,NA,NA,NA,NA,NA,NA,NA,NA,NA,NA,NA,,point,other,,,historic IR data,yes,combination,yes,,larvae,NA,,NA,,NA,,NA,NA,,yes,no,,NA,NA,2013,2013,,,,,gambiae complex,,morph,
NA,no,yes,no,phenotypic,1002198,10.1186/s12936-016-1618-6,Hakizimana,Susceptibility of Anopheles gambiae to insecticides used for malaria vector control in Rwanda,Malaria Journal,2016,preferential,NA,,,rwanda,Bukora,-2.3,30.79,NA,NA,NA,NA,NA,NA,NA,NA,NA,NA,NA,NA,NA,NA,,point,other,,,historic IR data,yes,combination,yes,,larvae,NA,,NA,,NA,,NA,NA,,yes,no,,NA,NA,2011,2011,,,,,gambiae complex,,morph,
NA,no,yes,no,phenotypic,1002198,10.1186/s12936-016-1618-6,Hakizimana,Susceptibility of Anopheles gambiae to insecticides used for malaria vector control in Rwanda,Malaria Journal,2016,preferential,NA,,,rwanda,Busoro,-2.285,29.95,NA,NA,NA,NA,NA,NA,NA,NA,NA,NA,NA,NA,NA,NA,,point,other,,,historic IR data,yes,combination,yes,,larvae,NA,,NA,,NA,,NA,NA,,yes,no,,NA,NA,2011,2011,,,,,gambiae complex,,morph,
NA,no,yes,no,phenotypic,1002198,10.1186/s12936-016-1618-6,Hakizimana,Susceptibility of Anopheles gambiae to insecticides used for malaria vector control in Rwanda,Malaria Journal,2016,preferential,NA,,,rwanda,Karambi,-2.327,29.23,NA,NA,NA,NA,NA,NA,NA,NA,NA,NA,NA,NA,NA,NA,,point,other,,,historic IR data,yes,combination,yes,,larvae,NA,,NA,,NA,,NA,NA,,yes,no,,NA,NA,2011,2011,,,,,gambiae complex,,morph,
NA,no,yes,no,phenotypic,1002198,10.1186/s12936-016-1618-6,Hakizimana,Susceptibility of Anopheles gambiae to insecticides used for malaria vector control in Rwanda,Malaria Journal,2016,preferential,NA,,,rwanda,Kibogora,-2.324,29.134,NA,NA,NA,NA,NA,NA,NA,NA,NA,NA,NA,NA,NA,NA,,point,other,,,historic IR data,yes,combination,yes,,larvae,NA,,NA,,NA,,NA,NA,,yes,no,,NA,NA,2011,2011,,,,,gambiae complex,,morph,
NA,no,yes,no,phenotypic,1002198,10.1186/s12936-016-1618-6,Hakizimana,Susceptibility of Anopheles gambiae to insecticides used for malaria vector control in Rwanda,Malaria Journal,2016,preferential,NA,,,rwanda,Kivumu,-205.467,29.605,NA,NA,NA,NA,NA,NA,NA,NA,NA,NA,NA,NA,NA,NA,,point,other,,,historic IR data,yes,combination,yes,,larvae,NA,,NA,,NA,,NA,NA,,yes,no,,NA,NA,2011,2011,,,,,gambiae complex,,morph,
NA,no,yes,no,phenotypic,1002198,10.1186/s12936-016-1618-6,Hakizimana,Susceptibility of Anopheles gambiae to insecticides used for malaria vector control in Rwanda,Malaria Journal,2016,preferential,NA,,,rwanda,Mareba,-2.245,30,NA,NA,NA,NA,NA,NA,NA,NA,NA,NA,NA,NA,NA,NA,,point,other,,,historic IR data,yes,combination,yes,,larvae,NA,,NA,,NA,,NA,NA,,yes,no,,NA,NA,2011,2011,,,,,gambiae complex,,morph,
NA,no,yes,no,phenotypic,1002198,10.1186/s12936-016-1618-6,Hakizimana,Susceptibility of Anopheles gambiae to insecticides used for malaria vector control in Rwanda,Malaria Journal,2016,preferential,NA,,,rwanda,Mashesha,-2.595,29.011,NA,NA,NA,NA,NA,NA,NA,NA,NA,NA,NA,NA,NA,NA,,point,other,,,historic IR data,yes,combination,yes,,larvae,NA,,NA,,NA,,NA,NA,,yes,no,,NA,NA,2011,2011,,,,,gambiae complex,,morph,
NA,no,yes,no,phenotypic,1002198,10.1186/s12936-016-1618-6,Hakizimana,Susceptibility of Anopheles gambiae to insecticides used for malaria vector control in Rwanda,Malaria Journal,2016,preferential,NA,,,rwanda,Mbuga,-1.429,30.095,NA,NA,NA,NA,NA,NA,NA,NA,NA,NA,NA,NA,NA,NA,,point,other,,,historic IR data,yes,combination,yes,,larvae,NA,,NA,,NA,,NA,NA,,yes,no,,NA,NA,2011,2011,,,,,gambiae complex,,morph,
NA,no,yes,no,phenotypic,1002198,10.1186/s12936-016-1618-6,Hakizimana,Susceptibility of Anopheles gambiae to insecticides used for malaria vector control in Rwanda,Malaria Journal,2016,preferential,NA,,,rwanda,Mimuli,-1.445,30.255,NA,NA,NA,NA,NA,NA,NA,NA,NA,NA,NA,NA,NA,NA,,point,other,,,historic IR data,yes,combination,yes,,larvae,NA,,NA,,NA,,NA,NA,,yes,no,,NA,NA,2011,2011,,,,,gambiae complex,,morph,
NA,no,yes,no,phenotypic,1002198,10.1186/s12936-016-1618-6,Hakizimana,Susceptibility of Anopheles gambiae to insecticides used for malaria vector control in Rwanda,Malaria Journal,2016,preferential,NA,,,rwanda,Mubuga,-1.939,30.147,NA,NA,NA,NA,NA,NA,NA,NA,NA,NA,NA,NA,NA,NA,,point,other,,,historic IR data,yes,combination,yes,,larvae,NA,,NA,,NA,,NA,NA,,yes,no,,NA,NA,2011,2011,,,,,gambiae complex,,morph,
NA,no,yes,no,phenotypic,1002198,10.1186/s12936-016-1618-6,Hakizimana,Susceptibility of Anopheles gambiae to insecticides used for malaria vector control in Rwanda,Malaria Journal,2016,preferential,NA,,,rwanda,Rukara,-205.467,29.605,NA,NA,NA,NA,NA,NA,NA,NA,NA,NA,NA,NA,NA,NA,,point,other,,,historic IR data,yes,combination,yes,,larvae,NA,,NA,,NA,,NA,NA,,yes,no,,NA,NA,2011,2011,,,,,gambiae complex,,morph,
NA,no,yes,no,phenotypic,1002198,10.1186/s12936-016-1618-6,Hakizimana,Susceptibility of Anopheles gambiae to insecticides used for malaria vector control in Rwanda,Malaria Journal,2016,preferential,NA,,,rwanda,Bukora,-2.3,30.79,NA,NA,NA,NA,NA,NA,NA,NA,NA,NA,NA,NA,NA,NA,,point,other,,,historic IR data,yes,combination,yes,,larvae,NA,,NA,,NA,,NA,NA,,yes,no,,NA,NA,2013,2013,,,,,gambiae complex,,morph,
NA,no,yes,no,phenotypic,1002198,10.1186/s12936-016-1618-6,Hakizimana,Susceptibility of Anopheles gambiae to insecticides used for malaria vector control in Rwanda,Malaria Journal,2016,preferential,NA,,,rwanda,Busoro,-2.285,29.95,NA,NA,NA,NA,NA,NA,NA,NA,NA,NA,NA,NA,NA,NA,,point,other,,,historic IR data,yes,combination,yes,,larvae,NA,,NA,,NA,,NA,NA,,yes,no,,NA,NA,2013,2013,,,,,gambiae complex,,morph,
NA,no,yes,no,phenotypic,1002198,10.1186/s12936-016-1618-6,Hakizimana,Susceptibility of Anopheles gambiae to insecticides used for malaria vector control in Rwanda,Malaria Journal,2016,preferential,NA,,,rwanda,Karambi,-2.327,29.23,NA,NA,NA,NA,NA,NA,NA,NA,NA,NA,NA,NA,NA,NA,,point,other,,,historic IR data,yes,combination,yes,,larvae,NA,,NA,,NA,,NA,NA,,yes,no,,NA,NA,2013,2013,,,,,gambiae complex,,morph,
NA,no,yes,no,phenotypic,1002198,10.1186/s12936-016-1618-6,Hakizimana,Susceptibility of Anopheles gambiae to insecticides used for malaria vector control in Rwanda,Malaria Journal,2016,preferential,NA,,,rwanda,Kibogora,-2.324,29.134,NA,NA,NA,NA,NA,NA,NA,NA,NA,NA,NA,NA,NA,NA,,point,other,,,historic IR data,yes,combination,yes,,larvae,NA,,NA,,NA,,NA,NA,,yes,no,,NA,NA,2013,2013,,,,,gambiae complex,,morph,
NA,no,yes,no,phenotypic,1002198,10.1186/s12936-016-1618-6,Hakizimana,Susceptibility of Anopheles gambiae to insecticides used for malaria vector control in Rwanda,Malaria Journal,2016,preferential,NA,,,rwanda,Kivumu,-205.467,29.605,NA,NA,NA,NA,NA,NA,NA,NA,NA,NA,NA,NA,NA,NA,,point,other,,,historic IR data,yes,combination,yes,,larvae,NA,,NA,,NA,,NA,NA,,yes,no,,NA,NA,2013,2013,,,,,gambiae complex,,morph,
NA,no,yes,no,phenotypic,1002198,10.1186/s12936-016-1618-6,Hakizimana,Susceptibility of Anopheles gambiae to insecticides used for malaria vector control in Rwanda,Malaria Journal,2016,preferential,NA,,,rwanda,Mareba,-2.245,30,NA,NA,NA,NA,NA,NA,NA,NA,NA,NA,NA,NA,NA,NA,,point,other,,,historic IR data,yes,combination,yes,,larvae,NA,,NA,,NA,,NA,NA,,yes,no,,NA,NA,2013,2013,,,,,gambiae complex,,morph,
NA,no,yes,no,phenotypic,1002198,10.1186/s12936-016-1618-6,Hakizimana,Susceptibility of Anopheles gambiae to insecticides used for malaria vector control in Rwanda,Malaria Journal,2016,preferential,NA,,,rwanda,Mashesha,-2.595,29.011,NA,NA,NA,NA,NA,NA,NA,NA,NA,NA,NA,NA,NA,NA,,point,other,,,historic IR data,yes,combination,yes,,larvae,NA,,NA,,NA,,NA,NA,,yes,no,,NA,NA,2013,2013,,,,,gambiae complex,,morph,
NA,no,yes,no,phenotypic,1002198,10.1186/s12936-016-1618-6,Hakizimana,Susceptibility of Anopheles gambiae to insecticides used for malaria vector control in Rwanda,Malaria Journal,2016,preferential,NA,,,rwanda,Mbuga,-1.429,30.095,NA,NA,NA,NA,NA,NA,NA,NA,NA,NA,NA,NA,NA,NA,,point,other,,,historic IR data,yes,combination,yes,,larvae,NA,,NA,,NA,,NA,NA,,yes,no,,NA,NA,2013,2013,,,,,gambiae complex,,morph,
NA,no,yes,no,phenotypic,1002198,10.1186/s12936-016-1618-6,Hakizimana,Susceptibility of Anopheles gambiae to insecticides used for malaria vector control in Rwanda,Malaria Journal,2016,preferential,NA,,,rwanda,Mimuli,-1.445,30.255,NA,NA,NA,NA,NA,NA,NA,NA,NA,NA,NA,NA,NA,NA,,point,other,,,historic IR data,yes,combination,yes,,larvae,NA,,NA,,NA,,NA,NA,,yes,no,,NA,NA,2013,2013,,,,,gambiae complex,,morph,
NA,no,yes,no,phenotypic,1002198,10.1186/s12936-016-1618-6,Hakizimana,Susceptibility of Anopheles gambiae to insecticides used for malaria vector control in Rwanda,Malaria Journal,2016,preferential,NA,,,rwanda,Mubuga,-1.939,30.147,NA,NA,NA,NA,NA,NA,NA,NA,NA,NA,NA,NA,NA,NA,,point,other,,,historic IR data,yes,combination,yes,,larvae,NA,,NA,,NA,,NA,NA,,yes,no,,NA,NA,2013,2013,,,,,gambiae complex,,morph,
NA,no,yes,no,phenotypic,1002198,10.1186/s12936-016-1618-6,Hakizimana,Susceptibility of Anopheles gambiae to insecticides used for malaria vector control in Rwanda,Malaria Journal,2016,preferential,NA,,,rwanda,Rukara,-205.467,29.605,NA,NA,NA,NA,NA,NA,NA,NA,NA,NA,NA,NA,NA,NA,,point,other,,,historic IR data,yes,combination,yes,,larvae,NA,,NA,,NA,,NA,NA,,yes,no,,NA,NA,2013,2013,,,,,gambiae complex,,morph,
NA,no,yes,no,phenotypic,1002198,10.1186/s12936-016-1618-6,Hakizimana,Susceptibility of Anopheles gambiae to insecticides used for malaria vector control in Rwanda,Malaria Journal,2016,preferential,NA,,,rwanda,Bukora,-2.3,30.79,NA,NA,NA,NA,NA,NA,NA,NA,NA,NA,NA,NA,NA,NA,,point,other,,,historic IR data,yes,combination,yes,,larvae,NA,,NA,,NA,,NA,NA,,yes,no,,NA,NA,2011,2011,,,,,gambiae complex,,morph,
NA,no,yes,no,phenotypic,1002198,10.1186/s12936-016-1618-6,Hakizimana,Susceptibility of Anopheles gambiae to insecticides used for malaria vector control in Rwanda,Malaria Journal,2016,preferential,NA,,,rwanda,Busoro,-2.285,29.95,NA,NA,NA,NA,NA,NA,NA,NA,NA,NA,NA,NA,NA,NA,,point,other,,,historic IR data,yes,combination,yes,,larvae,NA,,NA,,NA,,NA,NA,,yes,no,,NA,NA,2011,2011,,,,,gambiae complex,,morph,
NA,no,yes,no,phenotypic,1002198,10.1186/s12936-016-1618-6,Hakizimana,Susceptibility of Anopheles gambiae to insecticides used for malaria vector control in Rwanda,Malaria Journal,2016,preferential,NA,,,rwanda,Karambi,-2.327,29.23,NA,NA,NA,NA,NA,NA,NA,NA,NA,NA,NA,NA,NA,NA,,point,other,,,historic IR data,yes,combination,yes,,larvae,NA,,NA,,NA,,NA,NA,,yes,no,,NA,NA,2011,2011,,,,,gambiae complex,,morph,
NA,no,yes,no,phenotypic,1002198,10.1186/s12936-016-1618-6,Hakizimana,Susceptibility of Anopheles gambiae to insecticides used for malaria vector control in Rwanda,Malaria Journal,2016,preferential,NA,,,rwanda,Kibogora,-2.324,29.134,NA,NA,NA,NA,NA,NA,NA,NA,NA,NA,NA,NA,NA,NA,,point,other,,,historic IR data,yes,combination,yes,,larvae,NA,,NA,,NA,,NA,NA,,yes,no,,NA,NA,2011,2011,,,,,gambiae complex,,morph,
NA,no,yes,no,phenotypic,1002198,10.1186/s12936-016-1618-6,Hakizimana,Susceptibility of Anopheles gambiae to insecticides used for malaria vector control in Rwanda,Malaria Journal,2016,preferential,NA,,,rwanda,Kivumu,-205.467,29.605,NA,NA,NA,NA,NA,NA,NA,NA,NA,NA,NA,NA,NA,NA,,point,other,,,historic IR data,yes,combination,yes,,larvae,NA,,NA,,NA,,NA,NA,,yes,no,,NA,NA,2011,2011,,,,,gambiae complex,,morph,
NA,no,yes,no,phenotypic,1002198,10.1186/s12936-016-1618-6,Hakizimana,Susceptibility of Anopheles gambiae to insecticides used for malaria vector control in Rwanda,Malaria Journal,2016,preferential,NA,,,rwanda,Mareba,-2.245,30,NA,NA,NA,NA,NA,NA,NA,NA,NA,NA,NA,NA,NA,NA,,point,other,,,historic IR data,yes,combination,yes,,larvae,NA,,NA,,NA,,NA,NA,,yes,no,,NA,NA,2011,2011,,,,,gambiae complex,,morph,
NA,no,yes,no,phenotypic,1002198,10.1186/s12936-016-1618-6,Hakizimana,Susceptibility of Anopheles gambiae to insecticides used for malaria vector control in Rwanda,Malaria Journal,2016,preferential,NA,,,rwanda,Mashesha,-2.595,29.011,NA,NA,NA,NA,NA,NA,NA,NA,NA,NA,NA,NA,NA,NA,,point,other,,,historic IR data,yes,combination,yes,,larvae,NA,,NA,,NA,,NA,NA,,yes,no,,NA,NA,2011,2011,,,,,gambiae complex,,morph,
NA,no,yes,no,phenotypic,1002198,10.1186/s12936-016-1618-6,Hakizimana,Susceptibility of Anopheles gambiae to insecticides used for malaria vector control in Rwanda,Malaria Journal,2016,preferential,NA,,,rwanda,Mbuga,-1.429,30.095,NA,NA,NA,NA,NA,NA,NA,NA,NA,NA,NA,NA,NA,NA,,point,other,,,historic IR data,yes,combination,yes,,larvae,NA,,NA,,NA,,NA,NA,,yes,no,,NA,NA,2011,2011,,,,,gambiae complex,,morph,
NA,no,yes,no,phenotypic,1002198,10.1186/s12936-016-1618-6,Hakizimana,Susceptibility of Anopheles gambiae to insecticides used for malaria vector control in Rwanda,Malaria Journal,2016,preferential,NA,,,rwanda,Mimuli,-1.445,30.255,NA,NA,NA,NA,NA,NA,NA,NA,NA,NA,NA,NA,NA,NA,,point,other,,,historic IR data,yes,combination,yes,,larvae,NA,,NA,,NA,,NA,NA,,yes,no,,NA,NA,2011,2011,,,,,gambiae complex,,morph,
NA,no,yes,no,phenotypic,1002198,10.1186/s12936-016-1618-6,Hakizimana,Susceptibility of Anopheles gambiae to insecticides used for malaria vector control in Rwanda,Malaria Journal,2016,preferential,NA,,,rwanda,Mubuga,-1.939,30.147,NA,NA,NA,NA,NA,NA,NA,NA,NA,NA,NA,NA,NA,NA,,point,other,,,historic IR data,yes,combination,yes,,larvae,NA,,NA,,NA,,NA,NA,,yes,no,,NA,NA,2011,2011,,,,,gambiae complex,,morph,
NA,no,yes,no,phenotypic,1002198,10.1186/s12936-016-1618-6,Hakizimana,Susceptibility of Anopheles gambiae to insecticides used for malaria vector control in Rwanda,Malaria Journal,2016,preferential,NA,,,rwanda,Busoro,-2.285,29.95,NA,NA,NA,NA,NA,NA,NA,NA,NA,NA,NA,NA,NA,NA,,point,other,,,historic IR data,yes,combination,yes,,larvae,NA,,NA,,NA,,NA,NA,,yes,no,,NA,NA,2013,2013,,,,,gambiae complex,,morph,
NA,no,yes,no,phenotypic,1002198,10.1186/s12936-016-1618-6,Hakizimana,Susceptibility of Anopheles gambiae to insecticides used for malaria vector control in Rwanda,Malaria Journal,2016,preferential,NA,,,rwanda,Karambi,-2.327,29.23,NA,NA,NA,NA,NA,NA,NA,NA,NA,NA,NA,NA,NA,NA,,point,other,,,historic IR data,yes,combination,yes,,larvae,NA,,NA,,NA,,NA,NA,,yes,no,,NA,NA,2013,2013,,,,,gambiae complex,,morph,
NA,no,yes,no,phenotypic,1002198,10.1186/s12936-016-1618-6,Hakizimana,Susceptibility of Anopheles gambiae to insecticides used for malaria vector control in Rwanda,Malaria Journal,2016,preferential,NA,,,rwanda,Kivumu,-205.467,29.605,NA,NA,NA,NA,NA,NA,NA,NA,NA,NA,NA,NA,NA,NA,,point,other,,,historic IR data,yes,combination,yes,,larvae,NA,,NA,,NA,,NA,NA,,yes,no,,NA,NA,2013,2013,,,,,gambiae complex,,morph,
NA,no,yes,no,phenotypic,1002198,10.1186/s12936-016-1618-6,Hakizimana,Susceptibility of Anopheles gambiae to insecticides used for malaria vector control in Rwanda,Malaria Journal,2016,preferential,NA,,,rwanda,Mareba,-2.245,30,NA,NA,NA,NA,NA,NA,NA,NA,NA,NA,NA,NA,NA,NA,,point,other,,,historic IR data,yes,combination,yes,,larvae,NA,,NA,,NA,,NA,NA,,yes,no,,NA,NA,2013,2013,,,,,gambiae complex,,morph,
NA,no,yes,no,phenotypic,1002198,10.1186/s12936-016-1618-6,Hakizimana,Susceptibility of Anopheles gambiae to insecticides used for malaria vector control in Rwanda,Malaria Journal,2016,preferential,NA,,,rwanda,Mashesha,-2.595,29.011,NA,NA,NA,NA,NA,NA,NA,NA,NA,NA,NA,NA,NA,NA,,point,other,,,historic IR data,yes,combination,yes,,larvae,NA,,NA,,NA,,NA,NA,,yes,no,,NA,NA,2013,2013,,,,,gambiae complex,,morph,
NA,no,yes,no,phenotypic,1002198,10.1186/s12936-016-1618-6,Hakizimana,Susceptibility of Anopheles gambiae to insecticides used for malaria vector control in Rwanda,Malaria Journal,2016,preferential,NA,,,rwanda,Mbuga,-1.429,30.095,NA,NA,NA,NA,NA,NA,NA,NA,NA,NA,NA,NA,NA,NA,,point,other,,,historic IR data,yes,combination,yes,,larvae,NA,,NA,,NA,,NA,NA,,yes,no,,NA,NA,2013,2013,,,,,gambiae complex,,morph,
NA,no,yes,no,phenotypic,1002198,10.1186/s12936-016-1618-6,Hakizimana,Susceptibility of Anopheles gambiae to insecticides used for malaria vector control in Rwanda,Malaria Journal,2016,preferential,NA,,,rwanda,Mimuli,-1.445,30.255,NA,NA,NA,NA,NA,NA,NA,NA,NA,NA,NA,NA,NA,NA,,point,other,,,historic IR data,yes,combination,yes,,larvae,NA,,NA,,NA,,NA,NA,,yes,no,,NA,NA,2013,2013,,,,,gambiae complex,,morph,
NA,no,yes,no,phenotypic,1002198,10.1186/s12936-016-1618-6,Hakizimana,Susceptibility of Anopheles gambiae to insecticides used for malaria vector control in Rwanda,Malaria Journal,2016,preferential,NA,,,rwanda,Mubuga,-1.939,30.147,NA,NA,NA,NA,NA,NA,NA,NA,NA,NA,NA,NA,NA,NA,,point,other,,,historic IR data,yes,combination,yes,,larvae,NA,,NA,,NA,,NA,NA,,yes,no,,NA,NA,2013,2013,,,,,gambiae complex,,morph,
NA,no,yes,no,phenotypic,1002198,10.1186/s12936-016-1618-6,Hakizimana,Susceptibility of Anopheles gambiae to insecticides used for malaria vector control in Rwanda,Malaria Journal,2016,preferential,NA,,,rwanda,Rukara,-205.467,29.605,NA,NA,NA,NA,NA,NA,NA,NA,NA,NA,NA,NA,NA,NA,,point,other,,,historic IR data,yes,combination,yes,,larvae,NA,,NA,,NA,,NA,NA,,yes,no,,NA,NA,2013,2013,,,,,gambiae complex,,morph,
NA,no,yes,no,phenotypic,1002198,10.1186/s12936-016-1618-6,Hakizimana,Susceptibility of Anopheles gambiae to insecticides used for malaria vector control in Rwanda,Malaria Journal,2016,preferential,NA,,,rwanda,Busoro,-2.285,29.95,NA,NA,NA,NA,NA,NA,NA,NA,NA,NA,NA,NA,NA,NA,,point,other,,,historic IR data,yes,combination,yes,,larvae,NA,,NA,,NA,,NA,NA,,yes,no,,NA,NA,2011,2011,,,,,gambiae complex,,morph,
NA,no,yes,no,phenotypic,1002198,10.1186/s12936-016-1618-6,Hakizimana,Susceptibility of Anopheles gambiae to insecticides used for malaria vector control in Rwanda,Malaria Journal,2016,preferential,NA,,,rwanda,Karambi,-2.327,29.23,NA,NA,NA,NA,NA,NA,NA,NA,NA,NA,NA,NA,NA,NA,,point,other,,,historic IR data,yes,combination,yes,,larvae,NA,,NA,,NA,,NA,NA,,yes,no,,NA,NA,2011,2011,,,,,gambiae complex,,morph,
NA,no,yes,no,phenotypic,1002198,10.1186/s12936-016-1618-6,Hakizimana,Susceptibility of Anopheles gambiae to insecticides used for malaria vector control in Rwanda,Malaria Journal,2016,preferential,NA,,,rwanda,Kibogora,-2.324,29.134,NA,NA,NA,NA,NA,NA,NA,NA,NA,NA,NA,NA,NA,NA,,point,other,,,historic IR data,yes,combination,yes,,larvae,NA,,NA,,NA,,NA,NA,,yes,no,,NA,NA,2011,2011,,,,,gambiae complex,,morph,
NA,no,yes,no,phenotypic,1002198,10.1186/s12936-016-1618-6,Hakizimana,Susceptibility of Anopheles gambiae to insecticides used for malaria vector control in Rwanda,Malaria Journal,2016,preferential,NA,,,rwanda,Kivumu,-205.467,29.605,NA,NA,NA,NA,NA,NA,NA,NA,NA,NA,NA,NA,NA,NA,,point,other,,,historic IR data,yes,combination,yes,,larvae,NA,,NA,,NA,,NA,NA,,yes,no,,NA,NA,2011,2011,,,,,gambiae complex,,morph,
NA,no,yes,no,phenotypic,1002198,10.1186/s12936-016-1618-6,Hakizimana,Susceptibility of Anopheles gambiae to insecticides used for malaria vector control in Rwanda,Malaria Journal,2016,preferential,NA,,,rwanda,Mareba,-2.245,30,NA,NA,NA,NA,NA,NA,NA,NA,NA,NA,NA,NA,NA,NA,,point,other,,,historic IR data,yes,combination,yes,,larvae,NA,,NA,,NA,,NA,NA,,yes,no,,NA,NA,2011,2011,,,,,gambiae complex,,morph,
NA,no,yes,no,phenotypic,1002198,10.1186/s12936-016-1618-6,Hakizimana,Susceptibility of Anopheles gambiae to insecticides used for malaria vector control in Rwanda,Malaria Journal,2016,preferential,NA,,,rwanda,Mashesha,-2.595,29.011,NA,NA,NA,NA,NA,NA,NA,NA,NA,NA,NA,NA,NA,NA,,point,other,,,historic IR data,yes,combination,yes,,larvae,NA,,NA,,NA,,NA,NA,,yes,no,,NA,NA,2011,2011,,,,,gambiae complex,,morph,
NA,no,yes,no,phenotypic,1002198,10.1186/s12936-016-1618-6,Hakizimana,Susceptibility of Anopheles gambiae to insecticides used for malaria vector control in Rwanda,Malaria Journal,2016,preferential,NA,,,rwanda,Mbuga,-1.429,30.095,NA,NA,NA,NA,NA,NA,NA,NA,NA,NA,NA,NA,NA,NA,,point,other,,,historic IR data,yes,combination,yes,,larvae,NA,,NA,,NA,,NA,NA,,yes,no,,NA,NA,2011,2011,,,,,gambiae complex,,morph,
NA,no,yes,no,phenotypic,1002198,10.1186/s12936-016-1618-6,Hakizimana,Susceptibility of Anopheles gambiae to insecticides used for malaria vector control in Rwanda,Malaria Journal,2016,preferential,NA,,,rwanda,Mimuli,-1.445,30.255,NA,NA,NA,NA,NA,NA,NA,NA,NA,NA,NA,NA,NA,NA,,point,other,,,historic IR data,yes,combination,yes,,larvae,NA,,NA,,NA,,NA,NA,,yes,no,,NA,NA,2011,2011,,,,,gambiae complex,,morph,
NA,no,yes,no,phenotypic,1002198,10.1186/s12936-016-1618-6,Hakizimana,Susceptibility of Anopheles gambiae to insecticides used for malaria vector control in Rwanda,Malaria Journal,2016,preferential,NA,,,rwanda,Mubuga,-1.939,30.147,NA,NA,NA,NA,NA,NA,NA,NA,NA,NA,NA,NA,NA,NA,,point,other,,,historic IR data,yes,combination,yes,,larvae,NA,,NA,,NA,,NA,NA,,yes,no,,NA,NA,2011,2011,,,,,gambiae complex,,morph,
NA,no,yes,no,phenotypic,1002198,10.1186/s12936-016-1618-6,Hakizimana,Susceptibility of Anopheles gambiae to insecticides used for malaria vector control in Rwanda,Malaria Journal,2016,preferential,NA,,,rwanda,Rukara,-205.467,29.605,NA,NA,NA,NA,NA,NA,NA,NA,NA,NA,NA,NA,NA,NA,,point,other,,,historic IR data,yes,combination,yes,,larvae,NA,,NA,,NA,,NA,NA,,yes,no,,NA,NA,2011,2011,,,,,gambiae complex,,morph,
NA,no,yes,no,phenotypic,1002198,10.1186/s12936-016-1618-6,Hakizimana,Susceptibility of Anopheles gambiae to insecticides used for malaria vector control in Rwanda,Malaria Journal,2016,preferential,NA,,,rwanda,Bukora,-2.3,30.79,NA,NA,NA,NA,NA,NA,NA,NA,NA,NA,NA,NA,NA,NA,,point,other,,,historic IR data,yes,combination,yes,,larvae,NA,,NA,,NA,,NA,NA,,yes,no,,NA,NA,2013,2013,,,,,gambiae complex,,morph,
NA,no,yes,no,phenotypic,1002198,10.1186/s12936-016-1618-6,Hakizimana,Susceptibility of Anopheles gambiae to insecticides used for malaria vector control in Rwanda,Malaria Journal,2016,preferential,NA,,,rwanda,Busoro,-2.285,29.95,NA,NA,NA,NA,NA,NA,NA,NA,NA,NA,NA,NA,NA,NA,,point,other,,,historic IR data,yes,combination,yes,,larvae,NA,,NA,,NA,,NA,NA,,yes,no,,NA,NA,2013,2013,,,,,gambiae complex,,morph,
NA,no,yes,no,phenotypic,1002198,10.1186/s12936-016-1618-6,Hakizimana,Susceptibility of Anopheles gambiae to insecticides used for malaria vector control in Rwanda,Malaria Journal,2016,preferential,NA,,,rwanda,Karambi,-2.327,29.23,NA,NA,NA,NA,NA,NA,NA,NA,NA,NA,NA,NA,NA,NA,,point,other,,,historic IR data,yes,combination,yes,,larvae,NA,,NA,,NA,,NA,NA,,yes,no,,NA,NA,2013,2013,,,,,gambiae complex,,morph,
NA,no,yes,no,phenotypic,1002198,10.1186/s12936-016-1618-6,Hakizimana,Susceptibility of Anopheles gambiae to insecticides used for malaria vector control in Rwanda,Malaria Journal,2016,preferential,NA,,,rwanda,Kibogora,-2.324,29.134,NA,NA,NA,NA,NA,NA,NA,NA,NA,NA,NA,NA,NA,NA,,point,other,,,historic IR data,yes,combination,yes,,larvae,NA,,NA,,NA,,NA,NA,,yes,no,,NA,NA,2013,2013,,,,,gambiae complex,,morph,
NA,no,yes,no,phenotypic,1002198,10.1186/s12936-016-1618-6,Hakizimana,Susceptibility of Anopheles gambiae to insecticides used for malaria vector control in Rwanda,Malaria Journal,2016,preferential,NA,,,rwanda,Kivumu,-205.467,29.605,NA,NA,NA,NA,NA,NA,NA,NA,NA,NA,NA,NA,NA,NA,,point,other,,,historic IR data,yes,combination,yes,,larvae,NA,,NA,,NA,,NA,NA,,yes,no,,NA,NA,2013,2013,,,,,gambiae complex,,morph,
NA,no,yes,no,phenotypic,1002198,10.1186/s12936-016-1618-6,Hakizimana,Susceptibility of Anopheles gambiae to insecticides used for malaria vector control in Rwanda,Malaria Journal,2016,preferential,NA,,,rwanda,Mareba,-2.245,30,NA,NA,NA,NA,NA,NA,NA,NA,NA,NA,NA,NA,NA,NA,,point,other,,,historic IR data,yes,combination,yes,,larvae,NA,,NA,,NA,,NA,NA,,yes,no,,NA,NA,2013,2013,,,,,gambiae complex,,morph,
NA,no,yes,no,phenotypic,1002198,10.1186/s12936-016-1618-6,Hakizimana,Susceptibility of Anopheles gambiae to insecticides used for malaria vector control in Rwanda,Malaria Journal,2016,preferential,NA,,,rwanda,Mashesha,-2.595,29.011,NA,NA,NA,NA,NA,NA,NA,NA,NA,NA,NA,NA,NA,NA,,point,other,,,historic IR data,yes,combination,yes,,larvae,NA,,NA,,NA,,NA,NA,,yes,no,,NA,NA,2013,2013,,,,,gambiae complex,,morph,
NA,no,yes,no,phenotypic,1002198,10.1186/s12936-016-1618-6,Hakizimana,Susceptibility of Anopheles gambiae to insecticides used for malaria vector control in Rwanda,Malaria Journal,2016,preferential,NA,,,rwanda,Mbuga,-1.429,30.095,NA,NA,NA,NA,NA,NA,NA,NA,NA,NA,NA,NA,NA,NA,,point,other,,,historic IR data,yes,combination,yes,,larvae,NA,,NA,,NA,,NA,NA,,yes,no,,NA,NA,2013,2013,,,,,gambiae complex,,morph,
NA,no,yes,no,phenotypic,1002198,10.1186/s12936-016-1618-6,Hakizimana,Susceptibility of Anopheles gambiae to insecticides used for malaria vector control in Rwanda,Malaria Journal,2016,preferential,NA,,,rwanda,Mimuli,-1.445,30.255,NA,NA,NA,NA,NA,NA,NA,NA,NA,NA,NA,NA,NA,NA,,point,other,,,historic IR data,yes,combination,yes,,larvae,NA,,NA,,NA,,NA,NA,,yes,no,,NA,NA,2013,2013,,,,,gambiae complex,,morph,
NA,no,yes,no,phenotypic,1002198,10.1186/s12936-016-1618-6,Hakizimana,Susceptibility of Anopheles gambiae to insecticides used for malaria vector control in Rwanda,Malaria Journal,2016,preferential,NA,,,rwanda,Mubuga,-1.939,30.147,NA,NA,NA,NA,NA,NA,NA,NA,NA,NA,NA,NA,NA,NA,,point,other,,,historic IR data,yes,combination,yes,,larvae,NA,,NA,,NA,,NA,NA,,yes,no,,NA,NA,2013,2013,,,,,gambiae complex,,morph,
NA,no,yes,no,phenotypic,1002198,10.1186/s12936-016-1618-6,Hakizimana,Susceptibility of Anopheles gambiae to insecticides used for malaria vector control in Rwanda,Malaria Journal,2016,preferential,NA,,,rwanda,Rukara,-205.467,29.605,NA,NA,NA,NA,NA,NA,NA,NA,NA,NA,NA,NA,NA,NA,,point,other,,,historic IR data,yes,combination,yes,,larvae,NA,,NA,,NA,,NA,NA,,yes,no,,NA,NA,2013,2013,,,,,gambiae complex,,morph,
NA,no,yes,no,phenotypic,1002198,10.1186/s12936-016-1618-6,Hakizimana,Susceptibility of Anopheles gambiae to insecticides used for malaria vector control in Rwanda,Malaria Journal,2016,preferential,NA,,,rwanda,Bukora,-2.3,30.79,NA,NA,NA,NA,NA,NA,NA,NA,NA,NA,NA,NA,NA,NA,,point,other,,,historic IR data,yes,combination,yes,,larvae,NA,,NA,,NA,,NA,NA,,yes,no,,NA,NA,2011,2011,,,,,gambiae complex,,morph,
NA,no,yes,no,phenotypic,1002198,10.1186/s12936-016-1618-6,Hakizimana,Susceptibility of Anopheles gambiae to insecticides used for malaria vector control in Rwanda,Malaria Journal,2016,preferential,NA,,,rwanda,Busoro,-2.285,29.95,NA,NA,NA,NA,NA,NA,NA,NA,NA,NA,NA,NA,NA,NA,,point,other,,,historic IR data,yes,combination,yes,,larvae,NA,,NA,,NA,,NA,NA,,yes,no,,NA,NA,2011,2011,,,,,gambiae complex,,morph,
NA,no,yes,no,phenotypic,1002198,10.1186/s12936-016-1618-6,Hakizimana,Susceptibility of Anopheles gambiae to insecticides used for malaria vector control in Rwanda,Malaria Journal,2016,preferential,NA,,,rwanda,Karambi,-2.327,29.23,NA,NA,NA,NA,NA,NA,NA,NA,NA,NA,NA,NA,NA,NA,,point,other,,,historic IR data,yes,combination,yes,,larvae,NA,,NA,,NA,,NA,NA,,yes,no,,NA,NA,2011,2011,,,,,gambiae complex,,morph,
NA,no,yes,no,phenotypic,1002198,10.1186/s12936-016-1618-6,Hakizimana,Susceptibility of Anopheles gambiae to insecticides used for malaria vector control in Rwanda,Malaria Journal,2016,preferential,NA,,,rwanda,Kivumu,-205.467,29.605,NA,NA,NA,NA,NA,NA,NA,NA,NA,NA,NA,NA,NA,NA,,point,other,,,historic IR data,yes,combination,yes,,larvae,NA,,NA,,NA,,NA,NA,,yes,no,,NA,NA,2011,2011,,,,,gambiae complex,,morph,
NA,no,yes,no,phenotypic,1002198,10.1186/s12936-016-1618-6,Hakizimana,Susceptibility of Anopheles gambiae to insecticides used for malaria vector control in Rwanda,Malaria Journal,2016,preferential,NA,,,rwanda,Mareba,-2.245,30,NA,NA,NA,NA,NA,NA,NA,NA,NA,NA,NA,NA,NA,NA,,point,other,,,historic IR data,yes,combination,yes,,larvae,NA,,NA,,NA,,NA,NA,,yes,no,,NA,NA,2011,2011,,,,,gambiae complex,,morph,
NA,no,yes,no,phenotypic,1002198,10.1186/s12936-016-1618-6,Hakizimana,Susceptibility of Anopheles gambiae to insecticides used for malaria vector control in Rwanda,Malaria Journal,2016,preferential,NA,,,rwanda,Mashesha,-2.595,29.011,NA,NA,NA,NA,NA,NA,NA,NA,NA,NA,NA,NA,NA,NA,,point,other,,,historic IR data,yes,combination,yes,,larvae,NA,,NA,,NA,,NA,NA,,yes,no,,NA,NA,2011,2011,,,,,gambiae complex,,morph,
NA,no,yes,no,phenotypic,1002198,10.1186/s12936-016-1618-6,Hakizimana,Susceptibility of Anopheles gambiae to insecticides used for malaria vector control in Rwanda,Malaria Journal,2016,preferential,NA,,,rwanda,Mbuga,-1.429,30.095,NA,NA,NA,NA,NA,NA,NA,NA,NA,NA,NA,NA,NA,NA,,point,other,,,historic IR data,yes,combination,yes,,larvae,NA,,NA,,NA,,NA,NA,,yes,no,,NA,NA,2011,2011,,,,,gambiae complex,,morph,
NA,no,yes,no,phenotypic,1002198,10.1186/s12936-016-1618-6,Hakizimana,Susceptibility of Anopheles gambiae to insecticides used for malaria vector control in Rwanda,Malaria Journal,2016,preferential,NA,,,rwanda,Mimuli,-1.445,30.255,NA,NA,NA,NA,NA,NA,NA,NA,NA,NA,NA,NA,NA,NA,,point,other,,,historic IR data,yes,combination,yes,,larvae,NA,,NA,,NA,,NA,NA,,yes,no,,NA,NA,2011,2011,,,,,gambiae complex,,morph,
NA,no,yes,no,phenotypic,1002198,10.1186/s12936-016-1618-6,Hakizimana,Susceptibility of Anopheles gambiae to insecticides used for malaria vector control in Rwanda,Malaria Journal,2016,preferential,NA,,,rwanda,Mubuga,-1.939,30.147,NA,NA,NA,NA,NA,NA,NA,NA,NA,NA,NA,NA,NA,NA,,point,other,,,historic IR data,yes,combination,yes,,larvae,NA,,NA,,NA,,NA,NA,,yes,no,,NA,NA,2011,2011,,,,,gambiae complex,,morph,
NA,no,yes,no,phenotypic,1002198,10.1186/s12936-016-1618-6,Hakizimana,Susceptibility of Anopheles gambiae to insecticides used for malaria vector control in Rwanda,Malaria Journal,2016,preferential,NA,,,rwanda,Rukara,-205.467,29.605,NA,NA,NA,NA,NA,NA,NA,NA,NA,NA,NA,NA,NA,NA,,point,other,,,historic IR data,yes,combination,yes,,larvae,NA,,NA,,NA,,NA,NA,,yes,no,,NA,NA,2011,2011,,,,,gambiae complex,,morph,
NA,no,yes,no,phenotypic,1002198,10.1186/s12936-016-1618-6,Hakizimana,Susceptibility of Anopheles gambiae to insecticides used for malaria vector control in Rwanda,Malaria Journal,2016,preferential,NA,,,rwanda,Bukora,-2.3,30.79,NA,NA,NA,NA,NA,NA,NA,NA,NA,NA,NA,NA,NA,NA,,point,other,,,historic IR data,yes,combination,yes,,larvae,NA,,NA,,NA,,NA,NA,,yes,no,,NA,NA,2013,2013,,,,,gambiae complex,,morph,
NA,no,yes,no,phenotypic,1002198,10.1186/s12936-016-1618-6,Hakizimana,Susceptibility of Anopheles gambiae to insecticides used for malaria vector control in Rwanda,Malaria Journal,2016,preferential,NA,,,rwanda,Busoro,-2.285,29.95,NA,NA,NA,NA,NA,NA,NA,NA,NA,NA,NA,NA,NA,NA,,point,other,,,historic IR data,yes,combination,yes,,larvae,NA,,NA,,NA,,NA,NA,,yes,no,,NA,NA,2013,2013,,,,,gambiae complex,,morph,
NA,no,yes,no,phenotypic,1002198,10.1186/s12936-016-1618-6,Hakizimana,Susceptibility of Anopheles gambiae to insecticides used for malaria vector control in Rwanda,Malaria Journal,2016,preferential,NA,,,rwanda,Karambi,-2.327,29.23,NA,NA,NA,NA,NA,NA,NA,NA,NA,NA,NA,NA,NA,NA,,point,other,,,historic IR data,yes,combination,yes,,larvae,NA,,NA,,NA,,NA,NA,,yes,no,,NA,NA,2013,2013,,,,,gambiae complex,,morph,
NA,no,yes,no,phenotypic,1002198,10.1186/s12936-016-1618-6,Hakizimana,Susceptibility of Anopheles gambiae to insecticides used for malaria vector control in Rwanda,Malaria Journal,2016,preferential,NA,,,rwanda,Kibogora,-2.324,29.134,NA,NA,NA,NA,NA,NA,NA,NA,NA,NA,NA,NA,NA,NA,,point,other,,,historic IR data,yes,combination,yes,,larvae,NA,,NA,,NA,,NA,NA,,yes,no,,NA,NA,2013,2013,,,,,gambiae complex,,morph,
NA,no,yes,no,phenotypic,1002198,10.1186/s12936-016-1618-6,Hakizimana,Susceptibility of Anopheles gambiae to insecticides used for malaria vector control in Rwanda,Malaria Journal,2016,preferential,NA,,,rwanda,Kivumu,-205.467,29.605,NA,NA,NA,NA,NA,NA,NA,NA,NA,NA,NA,NA,NA,NA,,point,other,,,historic IR data,yes,combination,yes,,larvae,NA,,NA,,NA,,NA,NA,,yes,no,,NA,NA,2013,2013,,,,,gambiae complex,,morph,
NA,no,yes,no,phenotypic,1002198,10.1186/s12936-016-1618-6,Hakizimana,Susceptibility of Anopheles gambiae to insecticides used for malaria vector control in Rwanda,Malaria Journal,2016,preferential,NA,,,rwanda,Mareba,-2.245,30,NA,NA,NA,NA,NA,NA,NA,NA,NA,NA,NA,NA,NA,NA,,point,other,,,historic IR data,yes,combination,yes,,larvae,NA,,NA,,NA,,NA,NA,,yes,no,,NA,NA,2013,2013,,,,,gambiae complex,,morph,
NA,no,yes,no,phenotypic,1002198,10.1186/s12936-016-1618-6,Hakizimana,Susceptibility of Anopheles gambiae to insecticides used for malaria vector control in Rwanda,Malaria Journal,2016,preferential,NA,,,rwanda,Mashesha,-2.595,29.011,NA,NA,NA,NA,NA,NA,NA,NA,NA,NA,NA,NA,NA,NA,,point,other,,,historic IR data,yes,combination,yes,,larvae,NA,,NA,,NA,,NA,NA,,yes,no,,NA,NA,2013,2013,,,,,gambiae complex,,morph,
NA,no,yes,no,phenotypic,1002198,10.1186/s12936-016-1618-6,Hakizimana,Susceptibility of Anopheles gambiae to insecticides used for malaria vector control in Rwanda,Malaria Journal,2016,preferential,NA,,,rwanda,Mbuga,-1.429,30.095,NA,NA,NA,NA,NA,NA,NA,NA,NA,NA,NA,NA,NA,NA,,point,other,,,historic IR data,yes,combination,yes,,larvae,NA,,NA,,NA,,NA,NA,,yes,no,,NA,NA,2013,2013,,,,,gambiae complex,,morph,
NA,no,yes,no,phenotypic,1002198,10.1186/s12936-016-1618-6,Hakizimana,Susceptibility of Anopheles gambiae to insecticides used for malaria vector control in Rwanda,Malaria Journal,2016,preferential,NA,,,rwanda,Mimuli,-1.445,30.255,NA,NA,NA,NA,NA,NA,NA,NA,NA,NA,NA,NA,NA,NA,,point,other,,,historic IR data,yes,combination,yes,,larvae,NA,,NA,,NA,,NA,NA,,yes,no,,NA,NA,2013,2013,,,,,gambiae complex,,morph,
NA,no,yes,no,phenotypic,1002198,10.1186/s12936-016-1618-6,Hakizimana,Susceptibility of Anopheles gambiae to insecticides used for malaria vector control in Rwanda,Malaria Journal,2016,preferential,NA,,,rwanda,Mubuga,-1.939,30.147,NA,NA,NA,NA,NA,NA,NA,NA,NA,NA,NA,NA,NA,NA,,point,other,,,historic IR data,yes,combination,yes,,larvae,NA,,NA,,NA,,NA,NA,,yes,no,,NA,NA,2013,2013,,,,,gambiae complex,,morph,
NA,no,yes,no,phenotypic,1002198,10.1186/s12936-016-1618-6,Hakizimana,Susceptibility of Anopheles gambiae to insecticides used for malaria vector control in Rwanda,Malaria Journal,2016,preferential,NA,,,rwanda,Rukara,-205.467,29.605,NA,NA,NA,NA,NA,NA,NA,NA,NA,NA,NA,NA,NA,NA,,point,other,,,historic IR data,yes,combination,yes,,larvae,NA,,NA,,NA,,NA,NA,,yes,no,,NA,NA,2013,2013,,,,,gambiae complex,,morph,
NA,no,yes,no,phenotypic,1002198,10.1186/s12936-016-1618-6,Hakizimana,Susceptibility of Anopheles gambiae to insecticides used for malaria vector control in Rwanda,Malaria Journal,2016,preferential,NA,,,rwanda,Bukora,-2.3,30.79,NA,NA,NA,NA,NA,NA,NA,NA,NA,NA,NA,NA,NA,NA,,point,other,,,historic IR data,yes,combination,yes,,larvae,NA,,NA,,NA,,NA,NA,,yes,no,,NA,NA,2013,2013,,,,,gambiae complex,,morph,
NA,no,yes,no,phenotypic,1002198,10.1186/s12936-016-1618-6,Hakizimana,Susceptibility of Anopheles gambiae to insecticides used for malaria vector control in Rwanda,Malaria Journal,2016,preferential,NA,,,rwanda,Kibogora,-2.324,29.134,NA,NA,NA,NA,NA,NA,NA,NA,NA,NA,NA,NA,NA,NA,,point,other,,,historic IR data,yes,combination,yes,,larvae,NA,,NA,,NA,,NA,NA,,yes,no,,NA,NA,2013,2013,,,,,gambiae complex,,morph,
NA,no,yes,no,phenotypic,1002198,10.1186/s12936-016-1618-6,Hakizimana,Susceptibility of Anopheles gambiae to insecticides used for malaria vector control in Rwanda,Malaria Journal,2016,preferential,NA,,,rwanda,Mareba,-2.245,30,NA,NA,NA,NA,NA,NA,NA,NA,NA,NA,NA,NA,NA,NA,,point,other,,,historic IR data,yes,combination,yes,,larvae,NA,,NA,,NA,,NA,NA,,yes,no,,NA,NA,2013,2013,,,,,gambiae complex,,morph,
NA,no,yes,no,phenotypic,1002198,10.1186/s12936-016-1618-6,Hakizimana,Susceptibility of Anopheles gambiae to insecticides used for malaria vector control in Rwanda,Malaria Journal,2016,preferential,NA,,,rwanda,Mimuli,-1.445,30.255,NA,NA,NA,NA,NA,NA,NA,NA,NA,NA,NA,NA,NA,NA,,point,other,,,historic IR data,yes,combination,yes,,larvae,NA,,NA,,NA,,NA,NA,,yes,no,,NA,NA,2013,2013,,,,,gambiae complex,,morph,
NA,no,yes,no,phenotypic,1002198,10.1186/s12936-016-1618-6,Hakizimana,Susceptibility of Anopheles gambiae to insecticides used for malaria vector control in Rwanda,Malaria Journal,2016,preferential,NA,,,rwanda,Rukara,-205.467,29.605,NA,NA,NA,NA,NA,NA,NA,NA,NA,NA,NA,NA,NA,NA,,point,other,,,historic IR data,yes,combination,yes,,larvae,NA,,NA,,NA,,NA,NA,,yes,no,,NA,NA,2013,2013,,,,,gambiae complex,,morph,
NA,no,yes,no,phenotypic,1002198,10.1186/s12936-016-1618-6,Hakizimana,Susceptibility of Anopheles gambiae to insecticides used for malaria vector control in Rwanda,Malaria Journal,2016,preferential,NA,,,rwanda,Bukora,-2.3,30.79,NA,NA,NA,NA,NA,NA,NA,NA,NA,NA,NA,NA,NA,NA,,point,other,,,historic IR data,yes,combination,yes,,larvae,NA,,NA,,NA,,NA,NA,,yes,no,,NA,NA,2013,2013,,,,,gambiae complex,,morph,
NA,no,yes,no,phenotypic,1002198,10.1186/s12936-016-1618-6,Hakizimana,Susceptibility of Anopheles gambiae to insecticides used for malaria vector control in Rwanda,Malaria Journal,2016,preferential,NA,,,rwanda,Kibogora,-2.324,29.134,NA,NA,NA,NA,NA,NA,NA,NA,NA,NA,NA,NA,NA,NA,,point,other,,,historic IR data,yes,combination,yes,,larvae,NA,,NA,,NA,,NA,NA,,yes,no,,NA,NA,2013,2013,,,,,gambiae complex,,morph,
NA,no,yes,no,phenotypic,1002198,10.1186/s12936-016-1618-6,Hakizimana,Susceptibility of Anopheles gambiae to insecticides used for malaria vector control in Rwanda,Malaria Journal,2016,preferential,NA,,,rwanda,Mareba,-2.245,30,NA,NA,NA,NA,NA,NA,NA,NA,NA,NA,NA,NA,NA,NA,,point,other,,,historic IR data,yes,combination,yes,,larvae,NA,,NA,,NA,,NA,NA,,yes,no,,NA,NA,2013,2013,,,,,gambiae complex,,morph,
NA,no,yes,no,phenotypic,1002198,10.1186/s12936-016-1618-6,Hakizimana,Susceptibility of Anopheles gambiae to insecticides used for malaria vector control in Rwanda,Malaria Journal,2016,preferential,NA,,,rwanda,Mimuli,-1.445,30.255,NA,NA,NA,NA,NA,NA,NA,NA,NA,NA,NA,NA,NA,NA,,point,other,,,historic IR data,yes,combination,yes,,larvae,NA,,NA,,NA,,NA,NA,,yes,no,,NA,NA,2013,2013,,,,,gambiae complex,,morph,
NA,no,yes,no,phenotypic,1002198,10.1186/s12936-016-1618-6,Hakizimana,Susceptibility of Anopheles gambiae to insecticides used for malaria vector control in Rwanda,Malaria Journal,2016,preferential,NA,,,rwanda,Rukara,-205.467,29.605,NA,NA,NA,NA,NA,NA,NA,NA,NA,NA,NA,NA,NA,NA,,point,other,,,historic IR data,yes,combination,yes,,larvae,NA,,NA,,NA,,NA,NA,,yes,no,,NA,NA,2013,2013,,,,,gambiae complex,,morph,
NA,no,yes,no,none,1002198,10.1186/s12936-016-1618-6,Hakizimana,Susceptibility of Anopheles gambiae to insecticides used for malaria vector control in Rwanda,Malaria Journal,2016,preferential,NA,,,rwanda,Bukora,-2.3,30.79,NA,NA,NA,NA,NA,NA,NA,NA,NA,NA,NA,NA,NA,NA,,point,other,,,,yes,combination,yes,,larvae,NA,,NA,,NA,,NA,32,,yes,no,,NA,NA,2011,2013,,,,,gambiae_s form,,morph,genetic/molecular
NA,no,yes,no,none,1002198,10.1186/s12936-016-1618-6,Hakizimana,Susceptibility of Anopheles gambiae to insecticides used for malaria vector control in Rwanda,Malaria Journal,2016,preferential,NA,,,rwanda,Busoro,-2.285,29.95,NA,NA,NA,NA,NA,NA,NA,NA,NA,NA,NA,NA,NA,NA,,point,other,,,,yes,combination,yes,,larvae,NA,,NA,,NA,,NA,10,,yes,no,,NA,NA,2011,2013,,,,,gambiae_s form,,morph,genetic/molecular
NA,no,yes,no,none,1002198,10.1186/s12936-016-1618-6,Hakizimana,Susceptibility of Anopheles gambiae to insecticides used for malaria vector control in Rwanda,Malaria Journal,2016,preferential,NA,,,rwanda,Kivumu,-205.467,29.605,NA,NA,NA,NA,NA,NA,NA,NA,NA,NA,NA,NA,NA,NA,,point,other,,,,yes,combination,yes,,larvae,NA,,NA,,NA,,NA,3,,yes,no,,NA,NA,2011,2013,,,,,gambiae_s form,,morph,genetic/molecular
NA,no,yes,no,none,1002198,10.1186/s12936-016-1618-6,Hakizimana,Susceptibility of Anopheles gambiae to insecticides used for malaria vector control in Rwanda,Malaria Journal,2016,preferential,NA,,,rwanda,Mareba,-2.245,30,NA,NA,NA,NA,NA,NA,NA,NA,NA,NA,NA,NA,NA,NA,,point,other,,,,yes,combination,yes,,larvae,NA,,NA,,NA,,NA,16,,yes,no,,NA,NA,2011,2013,,,,,gambiae_s form,,morph,genetic/molecular
NA,no,yes,no,none,1002198,10.1186/s12936-016-1618-6,Hakizimana,Susceptibility of Anopheles gambiae to insecticides used for malaria vector control in Rwanda,Malaria Journal,2016,preferential,NA,,,rwanda,Mashesha,-2.595,29.011,NA,NA,NA,NA,NA,NA,NA,NA,NA,NA,NA,NA,NA,NA,,point,other,,,,yes,combination,yes,,larvae,NA,,NA,,NA,,NA,53,,yes,no,,NA,NA,2011,2013,,,,,gambiae_s form,,morph,genetic/molecular
NA,no,yes,no,none,1002198,10.1186/s12936-016-1618-6,Hakizimana,Susceptibility of Anopheles gambiae to insecticides used for malaria vector control in Rwanda,Malaria Journal,2016,preferential,NA,,,rwanda,Mimuli,-1.445,30.255,NA,NA,NA,NA,NA,NA,NA,NA,NA,NA,NA,NA,NA,NA,,point,other,,,,yes,combination,yes,,larvae,NA,,NA,,NA,,NA,89,,yes,no,,NA,NA,2011,2013,,,,,gambiae_s form,,morph,genetic/molecular
NA,no,yes,no,none,1002198,10.1186/s12936-016-1618-6,Hakizimana,Susceptibility of Anopheles gambiae to insecticides used for malaria vector control in Rwanda,Malaria Journal,2016,preferential,NA,,,rwanda,Mubuga,-1.939,30.147,NA,NA,NA,NA,NA,NA,NA,NA,NA,NA,NA,NA,NA,NA,,point,other,,,,yes,combination,yes,,larvae,NA,,NA,,NA,,NA,5,,yes,no,,NA,NA,2011,2013,,,,,gambiae_s form,,morph,genetic/molecular
NA,no,yes,no,none,1002198,10.1186/s12936-016-1618-6,Hakizimana,Susceptibility of Anopheles gambiae to insecticides used for malaria vector control in Rwanda,Malaria Journal,2016,preferential,NA,,,rwanda,Kibogora,-2.324,29.134,NA,NA,NA,NA,NA,NA,NA,NA,NA,NA,NA,NA,NA,NA,,point,other,,,,yes,combination,yes,,larvae,NA,,NA,,NA,,NA,25,,yes,no,,NA,NA,2011,2013,,,,,gambiae_s form,,morph,genetic/molecular
NA,no,yes,no,none,1002198,10.1186/s12936-016-1618-6,Hakizimana,Susceptibility of Anopheles gambiae to insecticides used for malaria vector control in Rwanda,Malaria Journal,2016,preferential,NA,,,rwanda,Rukara,-205.467,29.605,NA,NA,NA,NA,NA,NA,NA,NA,NA,NA,NA,NA,NA,NA,,point,other,,,,yes,combination,yes,,larvae,NA,,NA,,NA,,NA,3,,yes,no,,NA,NA,2011,2013,,,,,gambiae_s form,,morph,genetic/molecular
NA,no,yes,no,none,1002198,10.1186/s12936-016-1618-6,Hakizimana,Susceptibility of Anopheles gambiae to insecticides used for malaria vector control in Rwanda,Malaria Journal,2016,preferential,NA,,,rwanda,Bukora,-2.3,30.79,NA,NA,NA,NA,NA,NA,NA,NA,NA,NA,NA,NA,NA,NA,,point,other,,,,yes,combination,yes,,larvae,NA,,NA,,NA,,NA,168,,yes,no,,NA,NA,2011,2013,,,,,arabiensis,,morph,genetic/molecular
NA,no,yes,no,none,1002198,10.1186/s12936-016-1618-6,Hakizimana,Susceptibility of Anopheles gambiae to insecticides used for malaria vector control in Rwanda,Malaria Journal,2016,preferential,NA,,,rwanda,Busoro,-2.285,29.95,NA,NA,NA,NA,NA,NA,NA,NA,NA,NA,NA,NA,NA,NA,,point,other,,,,yes,combination,yes,,larvae,NA,,NA,,NA,,NA,144,,yes,no,,NA,NA,2011,2013,,,,,arabiensis,,morph,genetic/molecular
NA,no,yes,no,none,1002198,10.1186/s12936-016-1618-6,Hakizimana,Susceptibility of Anopheles gambiae to insecticides used for malaria vector control in Rwanda,Malaria Journal,2016,preferential,NA,,,rwanda,Kivumu,-205.467,29.605,NA,NA,NA,NA,NA,NA,NA,NA,NA,NA,NA,NA,NA,NA,,point,other,,,,yes,combination,yes,,larvae,NA,,NA,,NA,,NA,53,,yes,no,,NA,NA,2011,2013,,,,,arabiensis,,morph,genetic/molecular
NA,no,yes,no,none,1002198,10.1186/s12936-016-1618-6,Hakizimana,Susceptibility of Anopheles gambiae to insecticides used for malaria vector control in Rwanda,Malaria Journal,2016,preferential,NA,,,rwanda,Mareba,-2.245,30,NA,NA,NA,NA,NA,NA,NA,NA,NA,NA,NA,NA,NA,NA,,point,other,,,,yes,combination,yes,,larvae,NA,,NA,,NA,,NA,245,,yes,no,,NA,NA,2011,2013,,,,,arabiensis,,morph,genetic/molecular
NA,no,yes,no,none,1002198,10.1186/s12936-016-1618-6,Hakizimana,Susceptibility of Anopheles gambiae to insecticides used for malaria vector control in Rwanda,Malaria Journal,2016,preferential,NA,,,rwanda,Mashesha,-2.595,29.011,NA,NA,NA,NA,NA,NA,NA,NA,NA,NA,NA,NA,NA,NA,,point,other,,,,yes,combination,yes,,larvae,NA,,NA,,NA,,NA,171,,yes,no,,NA,NA,2011,2013,,,,,arabiensis,,morph,genetic/molecular
NA,no,yes,no,none,1002198,10.1186/s12936-016-1618-6,Hakizimana,Susceptibility of Anopheles gambiae to insecticides used for malaria vector control in Rwanda,Malaria Journal,2016,preferential,NA,,,rwanda,Mimuli,-1.445,30.255,NA,NA,NA,NA,NA,NA,NA,NA,NA,NA,NA,NA,NA,NA,,point,other,,,,yes,combination,yes,,larvae,NA,,NA,,NA,,NA,55,,yes,no,,NA,NA,2011,2013,,,,,arabiensis,,morph,genetic/molecular
NA,no,yes,no,none,1002198,10.1186/s12936-016-1618-6,Hakizimana,Susceptibility of Anopheles gambiae to insecticides used for malaria vector control in Rwanda,Malaria Journal,2016,preferential,NA,,,rwanda,Mubuga,-1.939,30.147,NA,NA,NA,NA,NA,NA,NA,NA,NA,NA,NA,NA,NA,NA,,point,other,,,,yes,combination,yes,,larvae,NA,,NA,,NA,,NA,178,,yes,no,,NA,NA,2011,2013,,,,,arabiensis,,morph,genetic/molecular
NA,no,yes,no,none,1002198,10.1186/s12936-016-1618-6,Hakizimana,Susceptibility of Anopheles gambiae to insecticides used for malaria vector control in Rwanda,Malaria Journal,2016,preferential,NA,,,rwanda,Kibogora,-2.324,29.134,NA,NA,NA,NA,NA,NA,NA,NA,NA,NA,NA,NA,NA,NA,,point,other,,,,yes,combination,yes,,larvae,NA,,NA,,NA,,NA,76,,yes,no,,NA,NA,2011,2013,,,,,arabiensis,,morph,genetic/molecular
NA,no,yes,no,none,1002198,10.1186/s12936-016-1618-6,Hakizimana,Susceptibility of Anopheles gambiae to insecticides used for malaria vector control in Rwanda,Malaria Journal,2016,preferential,NA,,,rwanda,Rukara,-205.467,29.605,NA,NA,NA,NA,NA,NA,NA,NA,NA,NA,NA,NA,NA,NA,,point,other,,,,yes,combination,yes,,larvae,NA,,NA,,NA,,NA,63,,yes,no,,NA,NA,2011,2013,,,,,arabiensis,,morph,genetic/molecular
NA,no,yes,no,genotypic,1002198,10.1186/s12936-016-1618-6,Hakizimana,Susceptibility of Anopheles gambiae to insecticides used for malaria vector control in Rwanda,Malaria Journal,2016,preferential,NA,,,rwanda,Busoro,-2.285,29.95,NA,NA,NA,NA,NA,NA,NA,NA,NA,NA,NA,NA,NA,NA,,point,other,,,,yes,combination,yes,,larvae,NA,,NA,,NA,,NA,NA,,yes,no,,NA,NA,2011,2013,,,,,gambiae_s form,,morph,genetic/molecular
NA,no,yes,no,genotypic,1002198,10.1186/s12936-016-1618-6,Hakizimana,Susceptibility of Anopheles gambiae to insecticides used for malaria vector control in Rwanda,Malaria Journal,2016,preferential,NA,,,rwanda,Kivumu,-205.467,29.605,NA,NA,NA,NA,NA,NA,NA,NA,NA,NA,NA,NA,NA,NA,,point,other,,,,yes,combination,yes,,larvae,NA,,NA,,NA,,NA,NA,,yes,no,,NA,NA,2011,2013,,,,,gambiae_s form,,morph,genetic/molecular
NA,no,yes,no,genotypic,1002198,10.1186/s12936-016-1618-6,Hakizimana,Susceptibility of Anopheles gambiae to insecticides used for malaria vector control in Rwanda,Malaria Journal,2016,preferential,NA,,,rwanda,Mareba,-2.245,30,NA,NA,NA,NA,NA,NA,NA,NA,NA,NA,NA,NA,NA,NA,,point,other,,,,yes,combination,yes,,larvae,NA,,NA,,NA,,NA,NA,,yes,no,,NA,NA,2011,2013,,,,,gambiae_s form,,morph,genetic/molecular
NA,no,yes,no,genotypic,1002198,10.1186/s12936-016-1618-6,Hakizimana,Susceptibility of Anopheles gambiae to insecticides used for malaria vector control in Rwanda,Malaria Journal,2016,preferential,NA,,,rwanda,Mashesha,-2.595,29.011,NA,NA,NA,NA,NA,NA,NA,NA,NA,NA,NA,NA,NA,NA,,point,other,,,,yes,combination,yes,,larvae,NA,,NA,,NA,,NA,NA,,yes,no,,NA,NA,2011,2013,,,,,gambiae_s form,,morph,genetic/molecular
NA,no,yes,no,genotypic,1002198,10.1186/s12936-016-1618-6,Hakizimana,Susceptibility of Anopheles gambiae to insecticides used for malaria vector control in Rwanda,Malaria Journal,2016,preferential,NA,,,rwanda,Mimuli,-1.445,30.255,NA,NA,NA,NA,NA,NA,NA,NA,NA,NA,NA,NA,NA,NA,,point,other,,,,yes,combination,yes,,larvae,NA,,NA,,NA,,NA,NA,,yes,no,,NA,NA,2011,2013,,,,,gambiae_s form,,morph,genetic/molecular
NA,no,yes,no,genotypic,1002198,10.1186/s12936-016-1618-6,Hakizimana,Susceptibility of Anopheles gambiae to insecticides used for malaria vector control in Rwanda,Malaria Journal,2016,preferential,NA,,,rwanda,Mubuga,-1.939,30.147,NA,NA,NA,NA,NA,NA,NA,NA,NA,NA,NA,NA,NA,NA,,point,other,,,,yes,combination,yes,,larvae,NA,,NA,,NA,,NA,NA,,yes,no,,NA,NA,2011,2013,,,,,gambiae_s form,,morph,genetic/molecular
NA,no,yes,no,genotypic,1002198,10.1186/s12936-016-1618-6,Hakizimana,Susceptibility of Anopheles gambiae to insecticides used for malaria vector control in Rwanda,Malaria Journal,2016,preferential,NA,,,rwanda,Busoro,-2.285,29.95,NA,NA,NA,NA,NA,NA,NA,NA,NA,NA,NA,NA,NA,NA,,point,other,,,,yes,combination,yes,,larvae,NA,,NA,,NA,,NA,NA,,yes,no,,NA,NA,2011,2013,,,,,arabiensis,,morph,genetic/molecular
NA,no,yes,no,genotypic,1002198,10.1186/s12936-016-1618-6,Hakizimana,Susceptibility of Anopheles gambiae to insecticides used for malaria vector control in Rwanda,Malaria Journal,2016,preferential,NA,,,rwanda,Kivumu,-205.467,29.605,NA,NA,NA,NA,NA,NA,NA,NA,NA,NA,NA,NA,NA,NA,,point,other,,,,yes,combination,yes,,larvae,NA,,NA,,NA,,NA,NA,,yes,no,,NA,NA,2011,2013,,,,,arabiensis,,morph,genetic/molecular
NA,no,yes,no,genotypic,1002198,10.1186/s12936-016-1618-6,Hakizimana,Susceptibility of Anopheles gambiae to insecticides used for malaria vector control in Rwanda,Malaria Journal,2016,preferential,NA,,,rwanda,Mareba,-2.245,30,NA,NA,NA,NA,NA,NA,NA,NA,NA,NA,NA,NA,NA,NA,,point,other,,,,yes,combination,yes,,larvae,NA,,NA,,NA,,NA,NA,,yes,no,,NA,NA,2011,2013,,,,,arabiensis,,morph,genetic/molecular
NA,no,yes,no,genotypic,1002198,10.1186/s12936-016-1618-6,Hakizimana,Susceptibility of Anopheles gambiae to insecticides used for malaria vector control in Rwanda,Malaria Journal,2016,preferential,NA,,,rwanda,Mashesha,-2.595,29.011,NA,NA,NA,NA,NA,NA,NA,NA,NA,NA,NA,NA,NA,NA,,point,other,,,,yes,combination,yes,,larvae,NA,,NA,,NA,,NA,NA,,yes,no,,NA,NA,2011,2013,,,,,arabiensis,,morph,genetic/molecular
NA,no,yes,no,genotypic,1002198,10.1186/s12936-016-1618-6,Hakizimana,Susceptibility of Anopheles gambiae to insecticides used for malaria vector control in Rwanda,Malaria Journal,2016,preferential,NA,,,rwanda,Mimuli,-1.445,30.255,NA,NA,NA,NA,NA,NA,NA,NA,NA,NA,NA,NA,NA,NA,,point,other,,,,yes,combination,yes,,larvae,NA,,NA,,NA,,NA,NA,,yes,no,,NA,NA,2011,2013,,,,,arabiensis,,morph,genetic/molecular
NA,no,yes,no,genotypic,1002198,10.1186/s12936-016-1618-6,Hakizimana,Susceptibility of Anopheles gambiae to insecticides used for malaria vector control in Rwanda,Malaria Journal,2016,preferential,NA,,,rwanda,Mubuga,-1.939,30.147,NA,NA,NA,NA,NA,NA,NA,NA,NA,NA,NA,NA,NA,NA,,point,other,,,,yes,combination,yes,,larvae,NA,,NA,,NA,,NA,NA,,yes,no,,NA,NA,2011,2013,,,,,arabiensis,,morph,genetic/molecular
NA,no,yes,no,none,1002199,10.1371/journal.pmed.1002167,Katureebe,"Measures of Malaria Burden after Long-
Lasting Insecticidal Net Distribution and
Indoor Residual Spraying at Three Sites in
Uganda: A Prospective Observational Study",PLOS Medicine,2016,,NA,yes,"request authors for species specific EIR,HBR and CSP data",uganda,kihihi,-0.74999,29.7,NA,NA,NA,NA,NA,NA,NA,NA,NA,NA,NA,NA,NA,NA,within 5km,point,google maps,,,searched for coordinates in google maps and confirmed in google earth,yes,itn,yes,,cdc-lt,NA,,NA,,NA,,NA,NA,,yes,no,,10,3,2011,2016,,,,,gambiae_s form,,morph,genetic/molecular
NA,no,yes,no,none,1002199,10.1371/journal.pmed.1002167,Katureebe,"Measures of Malaria Burden after Long-
Lasting Insecticidal Net Distribution and
Indoor Residual Spraying at Three Sites in
Uganda: A Prospective Observational Study",PLOS Medicine,2016,,NA,yes,"request authors for species specific EIR,HBR and CSP data",uganda,nagongera,0.77576,3.401.442,NA,NA,NA,NA,NA,NA,NA,NA,NA,NA,NA,NA,NA,NA,within 5km,point,google maps,,,searched for coordinates in google maps and confirmed in google earth,yes,itn,yes,,cdc-lt,NA,,NA,,NA,,NA,NA,,yes,no,,10,3,2011,2016,,,,,funestus,,morph,genetic/molecular
NA,no,yes,no,none,1002199,10.1371/journal.pmed.1002167,Katureebe,"Measures of Malaria Burden after Long-
Lasting Insecticidal Net Distribution and
Indoor Residual Spraying at Three Sites in
Uganda: A Prospective Observational Study",PLOS Medicine,2016,,NA,yes,"request authors for species specific EIR,HBR and CSP data",uganda,walukuba,0.428803,33.201.739,NA,NA,NA,NA,NA,NA,NA,NA,NA,NA,NA,NA,NA,NA,within 5km,point,google maps,,,searched for coordinates in google maps and confirmed in google earth,yes,itn,yes,,cdc-lt,NA,,NA,,NA,,NA,NA,,yes,no,,10,3,2011,2016,,,,,arabiensis,,morph,genetic/molecular
NA,no,yes,no,none,1002199,10.1371/journal.pmed.1002167,Katureebe,"Measures of Malaria Burden after Long-
Lasting Insecticidal Net Distribution and
Indoor Residual Spraying at Three Sites in
Uganda: A Prospective Observational Study",PLOS Medicine,2016,,NA,yes,"request authors for species specific EIR,HBR and CSP data",uganda,kihihi,-0.74999,29.7,NA,NA,NA,NA,NA,NA,NA,NA,NA,NA,NA,NA,NA,NA,within 5km,point,google maps,,,searched for coordinates in google maps and confirmed in google earth,yes,itn,yes,,cdc-lt,NA,,NA,,NA,,NA,NA,,yes,no,,10,3,2011,2016,,,,,gambiae_s form,,morph,genetic/molecular
NA,no,yes,no,none,1002199,10.1371/journal.pmed.1002167,Katureebe,"Measures of Malaria Burden after Long-
Lasting Insecticidal Net Distribution and
Indoor Residual Spraying at Three Sites in
Uganda: A Prospective Observational Study",PLOS Medicine,2016,,NA,yes,"request authors for species specific EIR,HBR and CSP data",uganda,nagongera,0.77576,3.401.442,NA,NA,NA,NA,NA,NA,NA,NA,NA,NA,NA,NA,NA,NA,within 5km,point,google maps,,,searched for coordinates in google maps and confirmed in google earth,yes,itn,yes,,cdc-lt,NA,,NA,,NA,,NA,NA,,yes,no,,10,3,2011,2016,,,,,funestus,,morph,genetic/molecular
NA,no,yes,no,none,1002199,10.1371/journal.pmed.1002167,Katureebe,"Measures of Malaria Burden after Long-
Lasting Insecticidal Net Distribution and
Indoor Residual Spraying at Three Sites in
Uganda: A Prospective Observational Study",PLOS Medicine,2016,,NA,yes,"request authors for species specific EIR,HBR and CSP data",uganda,walukuba,0.428803,33.201.739,NA,NA,NA,NA,NA,NA,NA,NA,NA,NA,NA,NA,NA,NA,within 5km,point,google maps,,,searched for coordinates in google maps and confirmed in google earth,yes,itn,yes,,cdc-lt,NA,,NA,,NA,,NA,NA,,yes,no,,10,3,2011,2016,,,,,arabiensis,,morph,genetic/molecular
NA,no,yes,no,none,1002199,10.1371/journal.pmed.1002167,Katureebe,"Measures of Malaria Burden after Long-
Lasting Insecticidal Net Distribution and
Indoor Residual Spraying at Three Sites in
Uganda: A Prospective Observational Study",PLOS Medicine,2016,,NA,yes,"request authors for species specific EIR,HBR and CSP data",uganda,kihihi,-0.74999,29.7,NA,NA,NA,NA,NA,NA,NA,NA,NA,NA,NA,NA,NA,NA,within 5km,point,google maps,,,searched for coordinates in google maps and confirmed in google earth,yes,itn,yes,,cdc-lt,NA,,NA,,NA,,NA,NA,,yes,no,,10,3,2011,2016,,,,,gambiae_s form,,morph,genetic/molecular
NA,no,yes,no,none,1002199,10.1371/journal.pmed.1002167,Katureebe,"Measures of Malaria Burden after Long-
Lasting Insecticidal Net Distribution and
Indoor Residual Spraying at Three Sites in
Uganda: A Prospective Observational Study",PLOS Medicine,2016,,NA,yes,"request authors for species specific EIR,HBR and CSP data",uganda,nagongera,0.77576,3.401.442,NA,NA,NA,NA,NA,NA,NA,NA,NA,NA,NA,NA,NA,NA,within 5km,point,google maps,,,searched for coordinates in google maps and confirmed in google earth,yes,itn,yes,,cdc-lt,NA,,NA,,NA,,NA,NA,,yes,no,,10,3,2011,2016,,,,,funestus,,morph,genetic/molecular
NA,no,yes,no,none,1002199,10.1371/journal.pmed.1002167,Katureebe,"Measures of Malaria Burden after Long-
Lasting Insecticidal Net Distribution and
Indoor Residual Spraying at Three Sites in
Uganda: A Prospective Observational Study",PLOS Medicine,2016,,NA,yes,"request authors for species specific EIR,HBR and CSP data",uganda,walukuba,0.428803,33.201.739,NA,NA,NA,NA,NA,NA,NA,NA,NA,NA,NA,NA,NA,NA,within 5km,point,google maps,,,searched for coordinates in google maps and confirmed in google earth,yes,itn,yes,,cdc-lt,NA,,NA,,NA,,NA,NA,,yes,no,,10,3,2011,2016,,,,,arabiensis,,morph,genetic/molecular
NA,no,yes,no,phenotypic,1002199,10.1371/journal.pmed.1002167,Katureebe,"Measures of Malaria Burden after Long-
Lasting Insecticidal Net Distribution and
Indoor Residual Spraying at Three Sites in
Uganda: A Prospective Observational Study",PLOS Medicine,2016,,NA,yes,authors to provide bioassay data provided in bar graphs,uganda,kihihi,-0.74999,29.7,NA,NA,NA,NA,NA,NA,NA,NA,NA,NA,NA,NA,NA,NA,within 5km,point,google maps,,,searched for coordinates in google maps and confirmed in google earth,yes,itn,yes,,cdc-lt,NA,,NA,,NA,,NA,NA,,yes,no,,10,3,2011,2016,,,,,gambiae_s form,,morph,genetic/molecular
NA,no,yes,no,phenotypic,1002199,10.1371/journal.pmed.1002167,Katureebe,"Measures of Malaria Burden after Long-
Lasting Insecticidal Net Distribution and
Indoor Residual Spraying at Three Sites in
Uganda: A Prospective Observational Study",PLOS Medicine,2016,,NA,yes,authors to provide bioassay data provided in bar graphs,uganda,nagongera,0.77576,3.401.442,NA,NA,NA,NA,NA,NA,NA,NA,NA,NA,NA,NA,NA,NA,within 5km,point,google maps,,,searched for coordinates in google maps and confirmed in google earth,yes,itn,yes,,cdc-lt,NA,,NA,,NA,,NA,NA,,yes,no,,10,3,2011,2016,,,,,gambiae_s form,,morph,genetic/molecular
NA,no,yes,no,phenotypic,1002199,10.1371/journal.pmed.1002167,Katureebe,"Measures of Malaria Burden after Long-
Lasting Insecticidal Net Distribution and
Indoor Residual Spraying at Three Sites in
Uganda: A Prospective Observational Study",PLOS Medicine,2016,,NA,yes,authors to provide bioassay data provided in bar graphs,uganda,kihihi,-0.74999,29.7,NA,NA,NA,NA,NA,NA,NA,NA,NA,NA,NA,NA,NA,NA,within 5km,point,google maps,,,searched for coordinates in google maps and confirmed in google earth,yes,itn,yes,,cdc-lt,NA,,NA,,NA,,NA,NA,,yes,no,,10,3,2011,2016,,,,,gambiae_s form,,morph,genetic/molecular
NA,no,yes,no,phenotypic,1002199,10.1371/journal.pmed.1002167,Katureebe,"Measures of Malaria Burden after Long-
Lasting Insecticidal Net Distribution and
Indoor Residual Spraying at Three Sites in
Uganda: A Prospective Observational Study",PLOS Medicine,2016,,NA,yes,authors to provide bioassay data provided in bar graphs,uganda,nagongera,0.77576,3.401.442,NA,NA,NA,NA,NA,NA,NA,NA,NA,NA,NA,NA,NA,NA,within 5km,point,google maps,,,searched for coordinates in google maps and confirmed in google earth,yes,itn,yes,,cdc-lt,NA,,NA,,NA,,NA,NA,,yes,no,,10,3,2011,2016,,,,,gambiae_s form,,morph,genetic/molecular
NA,no,yes,no,genotypic,1002200,10.1186/s13071-016-1420-x,Etang,"When intensity of deltamethrin resistance
in Anopheles gambiae s.l. leads to loss of
Long Lasting Insecticidal Nets bio-efficacy:
a case study in north Cameroon",parasites and vectors,2016,,NA,,,cameroon,pitoa,93.919,135.025,NA,NA,NA,NA,NA,NA,NA,NA,NA,NA,NA,NA,NA,NA,within 5km,point,paper map,,,,yes,itn,yes,,larvae,19,,NA,,NA,,NA,19,,yes,no,,8,8,2011,2011,,,,,coluzzii_gambiae_m form,,morph,genetic/molecular
NA,no,yes,no,genotypic,1002200,10.1186/s13071-016-1420-x,Etang,"When intensity of deltamethrin resistance
in Anopheles gambiae s.l. leads to loss of
Long Lasting Insecticidal Nets bio-efficacy:
a case study in north Cameroon",parasites and vectors,2016,,NA,,,cameroon,pitoa,93.919,135.025,NA,NA,NA,NA,NA,NA,NA,NA,NA,NA,NA,NA,NA,NA,within 5km,point,paper map,,,,yes,itn,yes,,larvae,3,,NA,,NA,,NA,3,,yes,no,,8,8,2011,2011,,,,,gambiae_s form,,morph,genetic/molecular
NA,no,yes,no,genotypic,1002200,10.1186/s13071-016-1420-x,Etang,"When intensity of deltamethrin resistance
in Anopheles gambiae s.l. leads to loss of
Long Lasting Insecticidal Nets bio-efficacy:
a case study in north Cameroon",parasites and vectors,2016,,NA,,,cameroon,pitoa,93.919,135.025,NA,NA,NA,NA,NA,NA,NA,NA,NA,NA,NA,NA,NA,NA,within 5km,point,paper map,,,,yes,itn,yes,,larvae,132,,NA,,NA,,NA,132,,yes,no,,8,8,2011,2011,,,,,arabiensis,,morph,genetic/molecular
NA,no,yes,no,phenotypic,1002200,10.1186/s13071-016-1420-x,Etang,"When intensity of deltamethrin resistance
in Anopheles gambiae s.l. leads to loss of
Long Lasting Insecticidal Nets bio-efficacy:
a case study in north Cameroon",parasites and vectors,2016,,NA,,,cameroon,pitoa,93.919,135.025,NA,NA,NA,NA,NA,NA,NA,NA,NA,NA,NA,NA,NA,NA,within 5km,point,paper map,,,,yes,itn,yes,,larvae,NA,,NA,,NA,,NA,NA,,yes,no,,8,8,2011,2011,,,,,gambiae complex,,morph,
NA,no,yes,no,phenotypic,1002200,10.1186/s13071-016-1420-x,Etang,"When intensity of deltamethrin resistance
in Anopheles gambiae s.l. leads to loss of
Long Lasting Insecticidal Nets bio-efficacy:
a case study in north Cameroon",parasites and vectors,2016,,NA,,,cameroon,pitoa,93.919,135.025,NA,NA,NA,NA,NA,NA,NA,NA,NA,NA,NA,NA,NA,NA,within 5km,point,paper map,,,,yes,itn,yes,,larvae,NA,,NA,,NA,,NA,NA,,yes,no,,8,8,2011,2011,,,,,gambiae complex,,morph,
NA,no,yes,no,phenotypic,1002200,10.1186/s13071-016-1420-x,Etang,"When intensity of deltamethrin resistance
in Anopheles gambiae s.l. leads to loss of
Long Lasting Insecticidal Nets bio-efficacy:
a case study in north Cameroon",parasites and vectors,2016,,NA,,,cameroon,pitoa,93.919,135.025,NA,NA,NA,NA,NA,NA,NA,NA,NA,NA,NA,NA,NA,NA,within 5km,point,paper map,,,,yes,itn,yes,,larvae,NA,,NA,,NA,,NA,NA,,yes,no,,8,8,2011,2011,,,,,gambiae complex,,morph,
NA,no,yes,no,none,1000201,10.1186/s13071-021-04630-8,hawaria,"survivorship of anopheles gambiae sensu
lato in irrigated sugarcane plantation scheme
in ethiopia",parasites & vectors,2021,,NA,no,,ethiopia,arjo dedessa,8.7,36.4,NA,NA,NA,NA,NA,NA,NA,NA,NA,NA,NA,NA,NA,NA,,point,paper/map,,,,na,na,na,,HRI,NA,ro (ani-shelter),NA,,NA,,NA,300,,yes,no,no,8,10,2019,2019,,,,,gambiae complex,,morph,
NA,no,yes,no,none,1000202,10.1371/journal.pone.0240771. ecollection 2021,owuor,"insecticide resistance status of indoor and
outdoor resting malaria vectors in a highland
and lowland site in western kenya",plos one,2021,,NA,no,,kenya,kisian,-0.0749,346.663,NA,NA,NA,NA,NA,NA,NA,NA,NA,NA,NA,NA,NA,NA,,point,paper/map,kisumu,,,na,na,na,,HRI,83,ro (pit),46,,NA,,NA,129,,yes,no,no,5,11,2019,2019,wet,,,"mosquito collections were made during the long rainy season (may-july) and the short rainy
season (october-november) of 2019",gambiae_s form,,morph,genetic/molecular
NA,no,yes,no,none,1000202,10.1371/journal.pone.0240771. ecollection 2021,owuor,"insecticide resistance status of indoor and
outdoor resting malaria vectors in a highland
and lowland site in western kenya",plos one,2021,,NA,no,,kenya,kisian,-0.0749,346.663,NA,NA,NA,NA,NA,NA,NA,NA,NA,NA,NA,NA,NA,NA,,point,paper/map,kisumu,,,na,na,na,,HRI,167,ro (pit),204,,NA,,NA,371,,yes,no,no,5,11,2019,2019,wet,,,"mosquito collections were made during the long rainy season (may-july) and the short rainy
season (october-november) of 2019",arabiensis,,morph,genetic/molecular
NA,no,yes,no,none,1000202,10.1371/journal.pone.0240771. ecollection 2021,owuor,"insecticide resistance status of indoor and
outdoor resting malaria vectors in a highland
and lowland site in western kenya",plos one,2021,,NA,no,,kenya,kisian,-0.0749,346.663,NA,NA,NA,NA,NA,NA,NA,NA,NA,NA,NA,NA,NA,NA,,point,paper/map,kisumu,,,na,na,na,,HRI,122,ro (pit),0,,NA,,NA,122,,yes,no,no,5,11,2019,2019,wet,,,"mosquito collections were made during the long rainy season (may-july) and the short rainy
season (october-november) of 2019",funestus,,morph,genetic/molecular
NA,no,yes,no,none,1000202,10.1371/journal.pone.0240771. ecollection 2021,owuor,"insecticide resistance status of indoor and
outdoor resting malaria vectors in a highland
and lowland site in western kenya",plos one,2021,,NA,no,,kenya,kimaeti,0.6029,344.073,NA,NA,NA,NA,NA,NA,NA,NA,NA,NA,NA,NA,NA,NA,,point,paper/map,bungoma,,,na,na,na,,HRI,304,ro (pit),250,,NA,,NA,554,,yes,no,no,5,11,2019,2019,wet,,,"mosquito collections were made during the long rainy season (may-july) and the short rainy
season (october-november) of 2022",gambiae_s form,,morph,genetic/molecular
NA,no,yes,no,none,1000202,10.1371/journal.pone.0240771. ecollection 2021,owuor,"insecticide resistance status of indoor and
outdoor resting malaria vectors in a highland
and lowland site in western kenya",plos one,2021,,NA,no,,kenya,kimaeti,0.6029,344.073,NA,NA,NA,NA,NA,NA,NA,NA,NA,NA,NA,NA,NA,NA,,point,paper/map,bungoma,,,na,na,na,,HRI,3,ro (pit),17,,NA,,NA,20,,yes,no,no,5,11,2019,2019,wet,,,"mosquito collections were made during the long rainy season (may-july) and the short rainy
season (october-november) of 2022",arabiensis,,morph,genetic/molecular
NA,no,yes,no,none,1000202,10.1371/journal.pone.0240771. ecollection 2021,owuor,"insecticide resistance status of indoor and
outdoor resting malaria vectors in a highland
and lowland site in western kenya",plos one,2021,,NA,no,,kenya,kimaeti,0.6029,344.073,NA,NA,NA,NA,NA,NA,NA,NA,NA,NA,NA,NA,NA,NA,,point,paper/map,bungoma,,,na,na,na,,HRI,167,ro (pit),0,,NA,,NA,167,,yes,no,no,5,11,2019,2019,wet,,,"mosquito collections were made during the long rainy season (may-july) and the short rainy
season (october-november) of 2022",funestus,,morph,genetic/molecular
NA,no,yes,no,phenotypic,1000202,10.1371/journal.pone.0240771. ecollection 2021,owuor,"insecticide resistance status of indoor and
outdoor resting malaria vectors in a highland
and lowland site in western kenya",plos one,2021,,NA,yes,"author to be contacted to provide number of mosquitoes tested in who bioassay and cdc bottle bioassay, number of mosquitoes that died and percentage mortality rates",kenya,kisian,-0.0749,346.663,NA,NA,NA,NA,NA,NA,NA,NA,NA,NA,NA,NA,NA,NA,,point,paper/map,kisumu,,,na,na,na,,HRI,NA,ro (pit),NA,,NA,,NA,NA,,yes,no,no,5,11,2019,2019,wet,,,"mosquito collections were made during the long rainy season (may-july) and the short rainy
season (october-november) of 2019",gambiae complex,,morph,
NA,no,yes,no,phenotypic,1000202,10.1371/journal.pone.0240771. ecollection 2021,owuor,"insecticide resistance status of indoor and
outdoor resting malaria vectors in a highland
and lowland site in western kenya",plos one,2021,,NA,yes,"author to be contacted to provide number of mosquitoes tested in who bioassay and cdc bottle bioassay, number of mosquitoes that died and percentage mortality rates",kenya,kisian,-0.0749,346.663,NA,NA,NA,NA,NA,NA,NA,NA,NA,NA,NA,NA,NA,NA,,point,paper/map,kisumu,,,na,na,na,,HRI,NA,ro (pit),NA,,NA,,NA,NA,,yes,no,no,5,11,2019,2019,wet,,,"mosquito collections were made during the long rainy season (may-july) and the short rainy
season (october-november) of 2020",gambiae complex,,morph,
NA,no,yes,no,phenotypic,1000202,10.1371/journal.pone.0240771. ecollection 2021,owuor,"insecticide resistance status of indoor and
outdoor resting malaria vectors in a highland
and lowland site in western kenya",plos one,2021,,NA,yes,"author to be contacted to provide number of mosquitoes tested in who bioassay and cdc bottle bioassay, number of mosquitoes that died and percentage mortality rates",kenya,kisian,-0.0749,346.663,NA,NA,NA,NA,NA,NA,NA,NA,NA,NA,NA,NA,NA,NA,,point,paper/map,kisumu,,,na,na,na,,HRI,NA,ro (pit),NA,,NA,,NA,NA,,yes,no,no,5,11,2019,2019,wet,,,"mosquito collections were made during the long rainy season (may-july) and the short rainy
season (october-november) of 2021",gambiae complex,,morph,
NA,no,yes,no,phenotypic,1000202,10.1371/journal.pone.0240771. ecollection 2021,owuor,"insecticide resistance status of indoor and
outdoor resting malaria vectors in a highland
and lowland site in western kenya",plos one,2021,,NA,yes,"author to be contacted to provide number of mosquitoes tested in who bioassay and cdc bottle bioassay, number of mosquitoes that died and percentage mortality rates",kenya,kisian,-0.0749,346.663,NA,NA,NA,NA,NA,NA,NA,NA,NA,NA,NA,NA,NA,NA,,point,paper/map,kisumu,,,na,na,na,,HRI,NA,ro (pit),NA,,NA,,NA,NA,,yes,no,no,5,11,2019,2019,wet,,,"mosquito collections were made during the long rainy season (may-july) and the short rainy
season (october-november) of 2021",gambiae complex,,morph,
NA,no,yes,no,phenotypic,1000202,10.1371/journal.pone.0240771. ecollection 2021,owuor,"insecticide resistance status of indoor and
outdoor resting malaria vectors in a highland
and lowland site in western kenya",plos one,2021,,NA,yes,"author to be contacted to provide number of mosquitoes tested in who bioassay and cdc bottle bioassay, number of mosquitoes that died and percentage mortality rates",kenya,kisian,-0.0749,346.663,NA,NA,NA,NA,NA,NA,NA,NA,NA,NA,NA,NA,NA,NA,,point,paper/map,kisumu,,,na,na,na,,HRI,NA,ro (pit),NA,,NA,,NA,NA,,yes,no,no,5,11,2019,2019,wet,,,"mosquito collections were made during the long rainy season (may-july) and the short rainy
season (october-november) of 2019",gambiae complex,,morph,
NA,no,yes,no,phenotypic,1000202,10.1371/journal.pone.0240771. ecollection 2021,owuor,"insecticide resistance status of indoor and
outdoor resting malaria vectors in a highland
and lowland site in western kenya",plos one,2021,,NA,yes,"author to be contacted to provide number of mosquitoes tested in who bioassay and cdc bottle bioassay, number of mosquitoes that died and percentage mortality rates",kenya,kisian,-0.0749,346.663,NA,NA,NA,NA,NA,NA,NA,NA,NA,NA,NA,NA,NA,NA,,point,paper/map,kisumu,,,na,na,na,,HRI,NA,ro (pit),NA,,NA,,NA,NA,,yes,no,no,5,11,2019,2019,wet,,,"mosquito collections were made during the long rainy season (may-july) and the short rainy
season (october-november) of 2020",gambiae complex,,morph,
NA,no,yes,no,phenotypic,1000202,10.1371/journal.pone.0240771. ecollection 2021,owuor,"insecticide resistance status of indoor and
outdoor resting malaria vectors in a highland
and lowland site in western kenya",plos one,2021,,NA,yes,"author to be contacted to provide number of mosquitoes tested in who bioassay and cdc bottle bioassay, number of mosquitoes that died and percentage mortality rates",kenya,kisian,-0.0749,346.663,NA,NA,NA,NA,NA,NA,NA,NA,NA,NA,NA,NA,NA,NA,,point,paper/map,kisumu,,,na,na,na,,HRI,NA,ro (pit),NA,,NA,,NA,NA,,yes,no,no,5,11,2019,2019,wet,,,"mosquito collections were made during the long rainy season (may-july) and the short rainy
season (october-november) of 2020",gambiae complex,,morph,
NA,no,yes,no,phenotypic,1000202,10.1371/journal.pone.0240771. ecollection 2021,owuor,"insecticide resistance status of indoor and
outdoor resting malaria vectors in a highland
and lowland site in western kenya",plos one,2021,,NA,yes,"author to be contacted to provide number of mosquitoes tested in who bioassay and cdc bottle bioassay, number of mosquitoes that died and percentage mortality rates",kenya,kisian,-0.0749,346.663,NA,NA,NA,NA,NA,NA,NA,NA,NA,NA,NA,NA,NA,NA,,point,paper/map,kisumu,,,na,na,na,,HRI,NA,ro (pit),NA,,NA,,NA,NA,,yes,no,no,5,11,2019,2019,wet,,,"mosquito collections were made during the long rainy season (may-july) and the short rainy
season (october-november) of 2019",funestus complex,,morph,
NA,no,yes,no,phenotypic,1000202,10.1371/journal.pone.0240771. ecollection 2021,owuor,"insecticide resistance status of indoor and
outdoor resting malaria vectors in a highland
and lowland site in western kenya",plos one,2021,,NA,yes,"author to be contacted to provide number of mosquitoes tested in who bioassay and cdc bottle bioassay, number of mosquitoes that died and percentage mortality rates",kenya,kisian,-0.0749,346.663,NA,NA,NA,NA,NA,NA,NA,NA,NA,NA,NA,NA,NA,NA,,point,paper/map,kisumu,,,na,na,na,,HRI,NA,ro (pit),NA,,NA,,NA,NA,,yes,no,no,5,11,2019,2019,wet,,,"mosquito collections were made during the long rainy season (may-july) and the short rainy
season (october-november) of 2020",funestus complex,,morph,
NA,no,yes,no,phenotypic,1000202,10.1371/journal.pone.0240771. ecollection 2021,owuor,"insecticide resistance status of indoor and
outdoor resting malaria vectors in a highland
and lowland site in western kenya",plos one,2021,,NA,yes,"author to be contacted to provide number of mosquitoes tested in who bioassay and cdc bottle bioassay, number of mosquitoes that died and percentage mortality rates",kenya,kisian,-0.0749,346.663,NA,NA,NA,NA,NA,NA,NA,NA,NA,NA,NA,NA,NA,NA,,point,paper/map,kisumu,,,na,na,na,,HRI,NA,ro (pit),NA,,NA,,NA,NA,,yes,no,no,5,11,2019,2019,wet,,,"mosquito collections were made during the long rainy season (may-july) and the short rainy
season (october-november) of 2021",funestus complex,,morph,
NA,no,yes,no,phenotypic,1000202,10.1371/journal.pone.0240771. ecollection 2021,owuor,"insecticide resistance status of indoor and
outdoor resting malaria vectors in a highland
and lowland site in western kenya",plos one,2021,,NA,yes,"author to be contacted to provide number of mosquitoes tested in who bioassay and cdc bottle bioassay, number of mosquitoes that died and percentage mortality rates",kenya,kisian,-0.0749,346.663,NA,NA,NA,NA,NA,NA,NA,NA,NA,NA,NA,NA,NA,NA,,point,paper/map,kisumu,,,na,na,na,,HRI,NA,ro (pit),NA,,NA,,NA,NA,,yes,no,no,5,11,2019,2019,wet,,,"mosquito collections were made during the long rainy season (may-july) and the short rainy
season (october-november) of 2021",funestus complex,,morph,
NA,no,yes,no,phenotypic,1000202,10.1371/journal.pone.0240771. ecollection 2021,owuor,"insecticide resistance status of indoor and
outdoor resting malaria vectors in a highland
and lowland site in western kenya",plos one,2021,,NA,yes,"author to be contacted to provide number of mosquitoes tested in who bioassay and cdc bottle bioassay, number of mosquitoes that died and percentage mortality rates",kenya,kisian,-0.0749,346.663,NA,NA,NA,NA,NA,NA,NA,NA,NA,NA,NA,NA,NA,NA,,point,paper/map,kisumu,,,na,na,na,,HRI,NA,ro (pit),NA,,NA,,NA,NA,,yes,no,no,5,11,2019,2019,wet,,,"mosquito collections were made during the long rainy season (may-july) and the short rainy
season (october-november) of 2019",funestus complex,,morph,
NA,no,yes,no,phenotypic,1000202,10.1371/journal.pone.0240771. ecollection 2021,owuor,"insecticide resistance status of indoor and
outdoor resting malaria vectors in a highland
and lowland site in western kenya",plos one,2021,,NA,yes,"author to be contacted to provide number of mosquitoes tested in who bioassay and cdc bottle bioassay, number of mosquitoes that died and percentage mortality rates",kenya,kisian,-0.0749,346.663,NA,NA,NA,NA,NA,NA,NA,NA,NA,NA,NA,NA,NA,NA,,point,paper/map,kisumu,,,na,na,na,,HRI,NA,ro (pit),NA,,NA,,NA,NA,,yes,no,no,5,11,2019,2019,wet,,,"mosquito collections were made during the long rainy season (may-july) and the short rainy
season (october-november) of 2020",funestus complex,,morph,
NA,no,yes,no,phenotypic,1000202,10.1371/journal.pone.0240771. ecollection 2021,owuor,"insecticide resistance status of indoor and
outdoor resting malaria vectors in a highland
and lowland site in western kenya",plos one,2021,,NA,yes,"author to be contacted to provide number of mosquitoes tested in who bioassay and cdc bottle bioassay, number of mosquitoes that died and percentage mortality rates",kenya,kisian,-0.0749,346.663,NA,NA,NA,NA,NA,NA,NA,NA,NA,NA,NA,NA,NA,NA,,point,paper/map,kisumu,,,na,na,na,,HRI,NA,ro (pit),NA,,NA,,NA,NA,,yes,no,no,5,11,2019,2019,wet,,,"mosquito collections were made during the long rainy season (may-july) and the short rainy
season (october-november) of 2020",funestus complex,,morph,
NA,no,yes,no,phenotypic,1000202,10.1371/journal.pone.0240771. ecollection 2021,owuor,"insecticide resistance status of indoor and
outdoor resting malaria vectors in a highland
and lowland site in western kenya",plos one,2021,,NA,yes,"author to be contacted to provide number of mosquitoes tested in who bioassay and cdc bottle bioassay, number of mosquitoes that died and percentage mortality rates",kenya,kimaeti,0.6029,344.073,NA,NA,NA,NA,NA,NA,NA,NA,NA,NA,NA,NA,NA,NA,,point,paper/map,bungoma,,,na,na,na,,HRI,NA,ro (pit),NA,,NA,,NA,NA,,yes,no,no,5,11,2019,2019,wet,,,"mosquito collections were made during the long rainy season (may-july) and the short rainy
season (october-november) of 2022",gambiae complex,,morph,
NA,no,yes,no,phenotypic,1000202,10.1371/journal.pone.0240771. ecollection 2021,owuor,"insecticide resistance status of indoor and
outdoor resting malaria vectors in a highland
and lowland site in western kenya",plos one,2021,,NA,yes,"author to be contacted to provide number of mosquitoes tested in who bioassay and cdc bottle bioassay, number of mosquitoes that died and percentage mortality rates",kenya,kimaeti,0.6029,344.073,NA,NA,NA,NA,NA,NA,NA,NA,NA,NA,NA,NA,NA,NA,,point,paper/map,bungoma,,,na,na,na,,HRI,NA,ro (pit),NA,,NA,,NA,NA,,yes,no,no,5,11,2019,2019,wet,,,"mosquito collections were made during the long rainy season (may-july) and the short rainy
season (october-november) of 2023",gambiae complex,,morph,
NA,no,yes,no,phenotypic,1000202,10.1371/journal.pone.0240771. ecollection 2021,owuor,"insecticide resistance status of indoor and
outdoor resting malaria vectors in a highland
and lowland site in western kenya",plos one,2021,,NA,yes,"author to be contacted to provide number of mosquitoes tested in who bioassay and cdc bottle bioassay, number of mosquitoes that died and percentage mortality rates",kenya,kimaeti,0.6029,344.073,NA,NA,NA,NA,NA,NA,NA,NA,NA,NA,NA,NA,NA,NA,,point,paper/map,bungoma,,,na,na,na,,HRI,NA,ro (pit),NA,,NA,,NA,NA,,yes,no,no,5,11,2019,2019,wet,,,"mosquito collections were made during the long rainy season (may-july) and the short rainy
season (october-november) of 2024",gambiae complex,,morph,
NA,no,yes,no,phenotypic,1000202,10.1371/journal.pone.0240771. ecollection 2021,owuor,"insecticide resistance status of indoor and
outdoor resting malaria vectors in a highland
and lowland site in western kenya",plos one,2021,,NA,yes,"author to be contacted to provide number of mosquitoes tested in who bioassay and cdc bottle bioassay, number of mosquitoes that died and percentage mortality rates",kenya,kimaeti,0.6029,344.073,NA,NA,NA,NA,NA,NA,NA,NA,NA,NA,NA,NA,NA,NA,,point,paper/map,bungoma,,,na,na,na,,HRI,NA,ro (pit),NA,,NA,,NA,NA,,yes,no,no,5,11,2019,2019,wet,,,"mosquito collections were made during the long rainy season (may-july) and the short rainy
season (october-november) of 2024",gambiae complex,,morph,
NA,no,yes,no,phenotypic,1000202,10.1371/journal.pone.0240771. ecollection 2021,owuor,"insecticide resistance status of indoor and
outdoor resting malaria vectors in a highland
and lowland site in western kenya",plos one,2021,,NA,yes,"author to be contacted to provide number of mosquitoes tested in who bioassay and cdc bottle bioassay, number of mosquitoes that died and percentage mortality rates",kenya,kimaeti,0.6029,344.073,NA,NA,NA,NA,NA,NA,NA,NA,NA,NA,NA,NA,NA,NA,,point,paper/map,bungoma,,,na,na,na,,HRI,NA,ro (pit),NA,,NA,,NA,NA,,yes,no,no,5,11,2019,2019,wet,,,"mosquito collections were made during the long rainy season (may-july) and the short rainy
season (october-november) of 2022",gambiae complex,,morph,
NA,no,yes,no,phenotypic,1000202,10.1371/journal.pone.0240771. ecollection 2021,owuor,"insecticide resistance status of indoor and
outdoor resting malaria vectors in a highland
and lowland site in western kenya",plos one,2021,,NA,yes,"author to be contacted to provide number of mosquitoes tested in who bioassay and cdc bottle bioassay, number of mosquitoes that died and percentage mortality rates",kenya,kimaeti,0.6029,344.073,NA,NA,NA,NA,NA,NA,NA,NA,NA,NA,NA,NA,NA,NA,,point,paper/map,bungoma,,,na,na,na,,HRI,NA,ro (pit),NA,,NA,,NA,NA,,yes,no,no,5,11,2019,2019,wet,,,"mosquito collections were made during the long rainy season (may-july) and the short rainy
season (october-november) of 2023",gambiae complex,,morph,
NA,no,yes,no,phenotypic,1000202,10.1371/journal.pone.0240771. ecollection 2021,owuor,"insecticide resistance status of indoor and
outdoor resting malaria vectors in a highland
and lowland site in western kenya",plos one,2021,,NA,yes,"author to be contacted to provide number of mosquitoes tested in who bioassay and cdc bottle bioassay, number of mosquitoes that died and percentage mortality rates",kenya,kimaeti,0.6029,344.073,NA,NA,NA,NA,NA,NA,NA,NA,NA,NA,NA,NA,NA,NA,,point,paper/map,bungoma,,,na,na,na,,HRI,NA,ro (pit),NA,,NA,,NA,NA,,yes,no,no,5,11,2019,2019,wet,,,"mosquito collections were made during the long rainy season (may-july) and the short rainy
season (october-november) of 2023",funestus complex,,morph,
NA,no,yes,no,phenotypic,1000202,10.1371/journal.pone.0240771. ecollection 2021,owuor,"insecticide resistance status of indoor and
outdoor resting malaria vectors in a highland
and lowland site in western kenya",plos one,2021,,NA,yes,"author to be contacted to provide number of mosquitoes tested in who bioassay and cdc bottle bioassay, number of mosquitoes that died and percentage mortality rates",kenya,kisian,-0.0749,346.663,NA,NA,NA,NA,NA,NA,NA,NA,NA,NA,NA,NA,NA,NA,,point,paper/map,kisumu,,,na,na,na,,HRI,NA,,NA,,NA,,NA,NA,,yes,no,no,5,11,2019,2019,wet,,,"mosquito collections were made during the long rainy season (may-july) and the short rainy
season (october-november) of 2023",gambiae complex,,morph,
NA,no,yes,no,phenotypic,1000202,10.1371/journal.pone.0240771. ecollection 2021,owuor,"insecticide resistance status of indoor and
outdoor resting malaria vectors in a highland
and lowland site in western kenya",plos one,2021,,NA,yes,"author to be contacted to provide number of mosquitoes tested in who bioassay and cdc bottle bioassay, number of mosquitoes that died and percentage mortality rates",kenya,kisian,-0.0749,346.663,NA,NA,NA,NA,NA,NA,NA,NA,NA,NA,NA,NA,NA,NA,,point,paper/map,kisumu,,,na,na,na,,HRI,NA,,NA,,NA,,NA,NA,,yes,no,no,5,11,2019,2019,wet,,,"mosquito collections were made during the long rainy season (may-july) and the short rainy
season (october-november) of 2023",gambiae complex,,morph,
NA,no,yes,no,phenotypic,1000202,10.1371/journal.pone.0240771. ecollection 2021,owuor,"insecticide resistance status of indoor and
outdoor resting malaria vectors in a highland
and lowland site in western kenya",plos one,2021,,NA,yes,"author to be contacted to provide number of mosquitoes tested in who bioassay and cdc bottle bioassay, number of mosquitoes that died and percentage mortality rates",kenya,kisian,-0.0749,346.663,NA,NA,NA,NA,NA,NA,NA,NA,NA,NA,NA,NA,NA,NA,,point,paper/map,kisumu,,,na,na,na,,HRI,NA,,NA,,NA,,NA,NA,,yes,no,no,5,11,2019,2019,wet,,,"mosquito collections were made during the long rainy season (may-july) and the short rainy
season (october-november) of 2023",gambiae complex,,morph,
NA,no,yes,no,phenotypic,1000202,10.1371/journal.pone.0240771. ecollection 2021,owuor,"insecticide resistance status of indoor and
outdoor resting malaria vectors in a highland
and lowland site in western kenya",plos one,2021,,NA,yes,"author to be contacted to provide number of mosquitoes tested in who bioassay and cdc bottle bioassay, number of mosquitoes that died and percentage mortality rates",kenya,kisian,-0.0749,346.663,NA,NA,NA,NA,NA,NA,NA,NA,NA,NA,NA,NA,NA,NA,,point,paper/map,kisumu,,,na,na,na,,ro (pit),NA,,NA,,NA,,NA,NA,,yes,no,no,5,11,2019,2019,wet,,,"mosquito collections were made during the long rainy season (may-july) and the short rainy
season (october-november) of 2023",gambiae complex,,morph,
NA,no,yes,no,phenotypic,1000202,10.1371/journal.pone.0240771. ecollection 2021,owuor,"insecticide resistance status of indoor and
outdoor resting malaria vectors in a highland
and lowland site in western kenya",plos one,2021,,NA,yes,"author to be contacted to provide number of mosquitoes tested in who bioassay and cdc bottle bioassay, number of mosquitoes that died and percentage mortality rates",kenya,kisian,-0.0749,346.663,NA,NA,NA,NA,NA,NA,NA,NA,NA,NA,NA,NA,NA,NA,,point,paper/map,kisumu,,,na,na,na,,ro (pit),NA,,NA,,NA,,NA,NA,,yes,no,no,5,11,2019,2019,wet,,,"mosquito collections were made during the long rainy season (may-july) and the short rainy
season (october-november) of 2023",gambiae complex,,morph,
NA,no,yes,no,phenotypic,1000202,10.1371/journal.pone.0240771. ecollection 2021,owuor,"insecticide resistance status of indoor and
outdoor resting malaria vectors in a highland
and lowland site in western kenya",plos one,2021,,NA,yes,"author to be contacted to provide number of mosquitoes tested in who bioassay and cdc bottle bioassay, number of mosquitoes that died and percentage mortality rates",kenya,kisian,-0.0749,346.663,NA,NA,NA,NA,NA,NA,NA,NA,NA,NA,NA,NA,NA,NA,,point,paper/map,kisumu,,,na,na,na,,ro (pit),NA,,NA,,NA,,NA,NA,,yes,no,no,5,11,2019,2019,wet,,,"mosquito collections were made during the long rainy season (may-july) and the short rainy
season (october-november) of 2023",gambiae complex,,morph,
NA,no,yes,no,genotypic,1000202,10.1371/journal.pone.0240771. ecollection 2021,owuor,"insecticide resistance status of indoor and
outdoor resting malaria vectors in a highland
and lowland site in western kenya",plos one,2021,,NA,no,,kenya,kisian,-0.0749,346.663,NA,NA,NA,NA,NA,NA,NA,NA,NA,NA,NA,NA,NA,NA,,point,paper/map,kisumu,,,na,na,na,,HRI,NA,ro (pit),NA,,NA,,NA,NA,,yes,no,no,5,11,2019,2019,wet,,,"mosquito collections were made during the long rainy season (may-july) and the short rainy
season (october-november) of 2021",gambiae_s form,,morph,genetic/molecular
NA,no,yes,no,genotypic,1000202,10.1371/journal.pone.0240771. ecollection 2021,owuor,"insecticide resistance status of indoor and
outdoor resting malaria vectors in a highland
and lowland site in western kenya",plos one,2021,,NA,no,,kenya,kisian,-0.0749,346.663,NA,NA,NA,NA,NA,NA,NA,NA,NA,NA,NA,NA,NA,NA,,point,paper/map,kisumu,,,na,na,na,,HRI,NA,ro (pit),NA,,NA,,NA,NA,,yes,no,no,5,11,2019,2019,wet,,,"mosquito collections were made during the long rainy season (may-july) and the short rainy
season (october-november) of 2021",arabiensis,,morph,genetic/molecular
NA,no,yes,no,genotypic,1000202,10.1371/journal.pone.0240771. ecollection 2021,owuor,"insecticide resistance status of indoor and
outdoor resting malaria vectors in a highland
and lowland site in western kenya",plos one,2021,,NA,no,,kenya,kimaeti,0.6029,344.073,NA,NA,NA,NA,NA,NA,NA,NA,NA,NA,NA,NA,NA,NA,,point,paper/map,bungoma,,,na,na,na,,HRI,NA,ro (pit),NA,,NA,,NA,NA,,yes,no,no,5,11,2019,2019,wet,,,"mosquito collections were made during the long rainy season (may-july) and the short rainy
season (october-november) of 2022",gambiae_s form,,morph,genetic/molecular
NA,no,yes,no,genotypic,1000202,10.1371/journal.pone.0240771. ecollection 2021,owuor,"insecticide resistance status of indoor and
outdoor resting malaria vectors in a highland
and lowland site in western kenya",plos one,2021,,NA,no,,kenya,kimaeti,0.6029,344.073,NA,NA,NA,NA,NA,NA,NA,NA,NA,NA,NA,NA,NA,NA,,point,paper/map,bungoma,,,na,na,na,,HRI,NA,ro (pit),NA,,NA,,NA,NA,,yes,no,no,5,11,2019,2019,wet,,,"mosquito collections were made during the long rainy season (may-july) and the short rainy
season (october-november) of 2023",arabiensis,,morph,genetic/molecular
NA,no,yes,yes,none,1000207,10.3201/eid2702.200019,tadesse,"anopheles stephensi mosquitoes as
vectors of plasmodium vivax and
p. falciparum, horn of africa, 2019",emerging infectious diseases,2021,,NA,no,,ethiopia,awash sebat kilo,90.252,40.092,NA,NA,NA,NA,NA,NA,NA,NA,NA,NA,NA,NA,NA,NA,,point,googleearth,,,"searched google earth, used google maps to find the site which was 7.23 km after measuring the boundaries which is less than 10km making it a point",na,na,na,,larvae,45316,,NA,,NA,,NA,NA,,yes,no,no,4,9,2019,2019,,,,,stephensi,,morph (emerg adult),
NA,no,yes,no,none,1000207,10.3201/eid2702.200019,tadesse,"anopheles stephensi mosquitoes as
vectors of plasmodium vivax and
p. falciparum, horn of africa, 2019",emerging infectious diseases,2021,,NA,no,,ethiopia,awash sebat kilo,90.252,40.092,NA,NA,NA,NA,NA,NA,NA,NA,NA,NA,NA,NA,NA,NA,,point,googleearth,,,"searched google earth, used google maps to find the site which was 7.23 km after measuring the boundaries which is less than 10km making it a point",na,na,na,,cdc-lt - indoor,NA,HLC,NA,HRI,NA,odour-trap,NA,72,,yes,no,no,8,9,2019,2019,,,,,stephensi,,morph,
NA,no,yes,no,none,1000207,10.3201/eid2702.200019,tadesse,"anopheles stephensi mosquitoes as
vectors of plasmodium vivax and
p. falciparum, horn of africa, 2019",emerging infectious diseases,2021,,NA,no,,ethiopia,awash sebat kilo,90.252,40.092,NA,NA,NA,NA,NA,NA,NA,NA,NA,NA,NA,NA,NA,NA,,point,googleearth,,,"searched google earth, used google maps to find the site which was 7.23 km after measuring the boundaries which is less than 10km making it a point",na,na,na,,cdc-lt - indoor,NA,HLC,NA,HRI,NA,odour-trap,NA,16,,yes,no,no,8,9,2019,2019,,,,,gambiae_s form,,morph,
NA,no,yes,no,none,1000207,10.3201/eid2702.200019,tadesse,"anopheles stephensi mosquitoes as
vectors of plasmodium vivax and
p. falciparum, horn of africa, 2019",emerging infectious diseases,2021,,NA,no,,ethiopia,awash sebat kilo,90.252,40.092,NA,NA,NA,NA,NA,NA,NA,NA,NA,NA,NA,NA,NA,NA,,point,googleearth,,,"searched google earth, used google maps to find the site which was 7.23 km after measuring the boundaries which is less than 10km making it a point",na,na,na,,cdc-lt - indoor,NA,HLC,NA,HRI,NA,odour-trap,NA,1,,yes,no,no,8,9,2019,2019,,,,,pharoensis,,morph,
NA,yes,yes,no,none,1000207,10.3201/eid2702.200019,tadesse,"anopheles stephensi mosquitoes as
vectors of plasmodium vivax and
p. falciparum, horn of africa, 2019",emerging infectious diseases,2021,,NA,no,,ethiopia,awash sebat kilo,90.252,40.092,NA,NA,NA,NA,NA,NA,NA,NA,NA,NA,NA,NA,NA,NA,,point,googleearth,,,"searched google earth, used google maps to find the site which was 7.23 km after measuring the boundaries which is less than 10km making it a point",na,na,na,,,NA,,NA,,NA,,NA,NA,,yes,no,no,4,9,2019,2019,,,,,arabiensis,,morph,
NA,yes,yes,no,none,1000207,10.3201/eid2702.200019,tadesse,"anopheles stephensi mosquitoes as
vectors of plasmodium vivax and
p. falciparum, horn of africa, 2019",emerging infectious diseases,2021,,NA,no,,ethiopia,awash sebat kilo,90.252,40.092,NA,NA,NA,NA,NA,NA,NA,NA,NA,NA,NA,NA,NA,NA,,point,googleearth,,,"searched google earth, used google maps to find the site which was 7.23 km after measuring the boundaries which is less than 10km making it a point",na,na,na,,,NA,,NA,,NA,,NA,NA,,yes,no,no,4,9,2019,2019,,,,,stephensi,,morph,
NA,no,yes,no,none,1000209,10.4269/ajtmh.20-0537,hast,"the impact of three years of targeted indoor residual spraying with pirimiphos-methyl on
household vector abundance in a high malaria transmission area of northern zambia",the american society of tropical medicine and hygiene,2021,preferential,NA,no,,zambia,nchelenge,-9.389,28.749,NA,NA,NA,NA,NA,NA,NA,NA,NA,NA,NA,NA,NA,NA,,point,googleearth,luapula,northern zambia,used google earth to get coordinates.the site had boundary so i measured th distance between two extremes if the boundaries which was 2.6km,yes,irs,yes,"the study was part of a national malaria control centre targeted irs campaign with an aim for vector control was to use irs in urban and peri-urban areas and to distribute llins in rural areas.forty high-burden districts were identified in five provinces, and subdistrict areas were selected for targeted irs with pirimiphos-methyl",cdc-lt - indoor,12365,,NA,,NA,,NA,12365,,yes,no,no,4,7,2012,2017,,,,"an. funestus had the highest vector counts throughout the year, with a peak in abundance in the dry season",funestus complex,,morph,
NA,no,yes,no,none,1000209,10.4269/ajtmh.20-0537,hast,"the impact of three years of targeted indoor residual spraying with pirimiphos-methyl on
household vector abundance in a high malaria transmission area of northern zambia",the american society of tropical medicine and hygiene,2021,preferential,NA,no,,zambia,nchelenge,-9.389,28.749,NA,NA,NA,NA,NA,NA,NA,NA,NA,NA,NA,NA,NA,NA,,point,googleearth,luapula,northern zambia,used google earth to get coordinates.the site had boundary so i measured th distance between two extremes if the boundaries which was 2.6km,yes,irs,yes,"the study was part of a national malaria control centre targeted irs campaign with an aim for vector control was to use irs in urban and peri-urban areas and to distribute llins in rural areas.forty high-burden districts were identified in five provinces, and subdistrict areas were selected for targeted irs with pirimiphos-methyl",cdc-lt - indoor,1371,,NA,,NA,,NA,1371,,yes,no,no,4,7,2012,2017,,,,an. gambiae counts peaked in the rainy season and were rare or absent in the dry season,gambiae complex,,morph,
NA,yes,yes,no,none,1000214,10.1186/s13071-020-04525-0,ngninpogni,"insights into factors sustaining persistence
of high malaria transmission in forested areas
of sub?saharan africa: the case of mvoua, south
cameroon",parasites & vectors,2021,na,NA,no,,cameroon,mvoa,40.667,114.167,NA,NA,NA,NA,NA,NA,NA,NA,NA,NA,NA,NA,NA,NA,,point,paper/map,okola district,,,yes,itn,yes,,,NA,,NA,,NA,,NA,NA,,yes,no,yes,4,4,2018,2019,,,1600 to 1800 mm/year,"source says the mean annual
rainfalls range from 1600 to 1800 mm.",funestus complex,,morph,genetic/molecular
NA,yes,yes,no,none,1000214,10.1186/s13071-020-04525-0,ngninpogni,"insights into factors sustaining persistence
of high malaria transmission in forested areas
of sub?saharan africa: the case of mvoua, south
cameroon",parasites & vectors,2021,na,NA,no,,cameroon,mvoa,40.667,114.167,NA,NA,NA,NA,NA,NA,NA,NA,NA,NA,NA,NA,NA,NA,,point,paper/map,okola district,,,yes,itn,yes,,,NA,,NA,,NA,,NA,NA,,yes,no,yes,4,4,2018,2019,,,1600 to 1800 mm/year,"source says the mean annual
rainfalls range from 1600 to 1800 mm.",gambiae complex,,morph,genetic/molecular
NA,yes,yes,no,none,1000214,10.1186/s13071-020-04525-0,ngninpogni,"insights into factors sustaining persistence
of high malaria transmission in forested areas
of sub?saharan africa: the case of mvoua, south
cameroon",parasites & vectors,2021,na,NA,no,,cameroon,mvoa,40.667,114.167,NA,NA,NA,NA,NA,NA,NA,NA,NA,NA,NA,NA,NA,NA,,point,paper/map,okola district,,,yes,itn,yes,,,NA,,NA,,NA,,NA,NA,,yes,no,yes,4,4,2018,2019,,,1600 to 1800 mm/year,"source says the mean annual
rainfalls range from 1600 to 1800 mm.",ziemanni,,morph,genetic/molecular
NA,no,yes,no,phenotypic,1000214,10.1186/s13071-020-04525-0,ngninpogni,"insights into factors sustaining persistence
of high malaria transmission in forested areas
of sub?saharan africa: the case of mvoua, south
cameroon",parasites & vectors,2021,na,NA,no,,cameroon,mvoa,40.667,114.167,NA,NA,NA,NA,NA,NA,NA,NA,NA,NA,NA,NA,NA,NA,,point,paper/map,okola district,,,yes,itn,yes,,,NA,,NA,,NA,,NA,NA,,yes,no,no,4,4,2018,2019,,,1600 to 1800 mm/year,"source says the mean annual
rainfalls range from 1600 to 1800 mm.",gambiae complex,,morph,
NA,no,yes,no,phenotypic,1000214,10.1186/s13071-020-04525-0,ngninpogni,"insights into factors sustaining persistence
of high malaria transmission in forested areas
of sub?saharan africa: the case of mvoua, south
cameroon",parasites & vectors,2021,na,NA,no,,cameroon,mvoa,40.667,114.167,NA,NA,NA,NA,NA,NA,NA,NA,NA,NA,NA,NA,NA,NA,,point,paper/map,okola district,,,yes,itn,yes,,,NA,,NA,,NA,,NA,NA,,yes,no,no,4,4,2018,2019,,,1600 to 1800 mm/year,"source says the mean annual
rainfalls range from 1600 to 1800 mm.",gambiae complex,,morph,
NA,no,yes,no,genotypic,1000214,10.1186/s13071-020-04525-0,ngninpogni,"insights into factors sustaining persistence
of high malaria transmission in forested areas
of sub?saharan africa: the case of mvoua, south
cameroon",parasites & vectors,2021,na,NA,no,,cameroon,mvoa,40.667,114.167,NA,NA,NA,NA,NA,NA,NA,NA,NA,NA,NA,NA,NA,NA,,point,paper/map,okola district,,,yes,itn,yes,,,NA,,NA,,NA,,NA,NA,,yes,no,no,4,4,2018,2019,,,1600 to 1800 mm/year,"source says the mean annual
rainfalls range from 1600 to 1800 mm.",coluzzii_gambiae_m form,,genetic/molecular,
NA,no,yes,no,genotypic,1000214,10.1186/s13071-020-04525-0,ngninpogni,"insights into factors sustaining persistence
of high malaria transmission in forested areas
of sub?saharan africa: the case of mvoua, south
cameroon",parasites & vectors,2021,na,NA,no,,cameroon,mvoa,40.667,114.167,NA,NA,NA,NA,NA,NA,NA,NA,NA,NA,NA,NA,NA,NA,,point,paper/map,okola district,,,yes,itn,yes,,,NA,,NA,,NA,,NA,NA,,yes,no,no,4,4,2018,2019,,,1600 to 1800 mm/year,"source says the mean annual
rainfalls range from 1600 to 1800 mm.",coluzzii_gambiae_m form,,genetic/molecular,
NA,no,yes,no,none,1000226,10.1038/s41598-020-76248-2,hemming?schroeder,"ecological drivers of genetic connectivity for african malaria
vectors anopheles gambiae and an.arabiensis",nature,2020,na,NA,no,,kenya,port bunyala,0.09621,339.786,NA,NA,NA,NA,NA,NA,NA,NA,NA,NA,NA,NA,NA,NA,within 5km,point,googlemaps,western kenya lowlands,,,na,na,na,,larvae,52,,NA,,NA,,NA,NA,,yes,no,no,5,1,2014,2015,,,,,arabiensis,,genetic/molecular,
NA,no,yes,no,none,1000226,10.1038/s41598-020-76248-2,hemming?schroeder,"ecological drivers of genetic connectivity for african malaria
vectors anopheles gambiae and an.arabiensis",nature,2020,na,NA,no,,kenya,kendu bay,-0.369,346.491,NA,NA,NA,NA,NA,NA,NA,NA,NA,NA,NA,NA,NA,NA,within 5km,point,googlemaps,western kenya lowlands,,,na,na,na,,larvae,44,,NA,,NA,,NA,NA,,yes,no,no,5,1,2014,2015,,,,,arabiensis,,genetic/molecular,
NA,no,yes,no,none,1000226,10.1038/s41598-020-76248-2,hemming?schroeder,"ecological drivers of genetic connectivity for african malaria
vectors anopheles gambiae and an.arabiensis",nature,2020,na,NA,no,,kenya,homa bay,-0.535,344.531,NA,NA,NA,NA,NA,NA,NA,NA,NA,NA,NA,NA,NA,NA,between 5 - 10km,point,googlemaps,western kenya lowlands,,,na,na,na,,larvae,36,,NA,,NA,,NA,NA,,yes,no,no,5,1,2014,2015,,,,,arabiensis,,genetic/molecular,
NA,no,yes,no,none,1000226,10.1038/s41598-020-76248-2,hemming?schroeder,"ecological drivers of genetic connectivity for african malaria
vectors anopheles gambiae and an.arabiensis",nature,2020,na,NA,no,,kenya,kanyawegi,-0.122,34.606,NA,NA,NA,NA,NA,NA,NA,NA,NA,NA,NA,NA,NA,NA,,point,paper/map,western kenya lowlands,,the site coordinates are provided in the supplementary table,na,na,na,,larvae,27,,NA,,NA,,NA,NA,,yes,no,no,5,1,2014,2015,,,,,arabiensis,,genetic/molecular,
NA,no,yes,no,none,1000226,10.1038/s41598-020-76248-2,hemming?schroeder,"ecological drivers of genetic connectivity for african malaria
vectors anopheles gambiae and an.arabiensis",nature,2020,na,NA,no,,kenya,miwani,-0.129,34.943,NA,NA,NA,NA,NA,NA,NA,NA,NA,NA,NA,NA,NA,NA,,point,paper/map,western kenya lowlands,,the site coordinates are provided in the supplementary table,na,na,na,,larvae,40,,NA,,NA,,NA,NA,,yes,no,no,5,1,2014,2015,,,,,arabiensis,,genetic/molecular,
NA,no,yes,no,none,1000226,10.1038/s41598-020-76248-2,hemming?schroeder,"ecological drivers of genetic connectivity for african malaria
vectors anopheles gambiae and an.arabiensis",nature,2020,na,NA,no,,kenya,port bunyala,0.09605,33.979,NA,NA,NA,NA,NA,NA,NA,NA,NA,NA,NA,NA,NA,NA,within 5km,point,googlemaps,western kenya lowlands,,,na,na,na,,larvae,55,,NA,,NA,,NA,NA,,yes,no,no,5,1,2014,2015,,,,,gambiae_s form,,genetic/molecular,
NA,no,yes,no,none,1000226,10.1038/s41598-020-76248-2,hemming?schroeder,"ecological drivers of genetic connectivity for african malaria
vectors anopheles gambiae and an.arabiensis",nature,2020,na,NA,no,,kenya,homa bay,-0.535,344.531,NA,NA,NA,NA,NA,NA,NA,NA,NA,NA,NA,NA,NA,NA,between 5 - 10km,point,googlemaps,western kenya lowlands,,,na,na,na,,larvae,38,,NA,,NA,,NA,NA,,yes,no,no,5,1,2014,2015,,,,,gambiae_s form,,genetic/molecular,
NA,no,yes,no,none,1000226,10.1038/s41598-020-76248-2,hemming?schroeder,"ecological drivers of genetic connectivity for african malaria
vectors anopheles gambiae and an.arabiensis",nature,2020,na,NA,no,,kenya,kanyawegi,-0.122,34.606,NA,NA,NA,NA,NA,NA,NA,NA,NA,NA,NA,NA,NA,NA,,point,paper/map,western kenya lowlands,,the site coordinates are provided in the supplementary table,na,na,na,,larvae,55,,NA,,NA,,NA,NA,,yes,no,no,5,1,2014,2015,,,,,gambiae_s form,,genetic/molecular,
NA,no,yes,no,none,1000226,10.1038/s41598-020-76248-2,hemming?schroeder,"ecological drivers of genetic connectivity for african malaria
vectors anopheles gambiae and an.arabiensis",nature,2020,na,NA,no,,kenya,emutete,0.023,34.618,NA,NA,NA,NA,NA,NA,NA,NA,NA,NA,NA,NA,NA,NA,,point,paper/map,western kenya highlands,,the site coordinates are provided in the supplementary table,na,na,na,,larvae,45,,NA,,NA,,NA,NA,,yes,no,no,5,1,2014,2015,,,,,gambiae_s form,,genetic/molecular,
NA,no,yes,no,none,1000226,10.1038/s41598-020-76248-2,hemming?schroeder,"ecological drivers of genetic connectivity for african malaria
vectors anopheles gambiae and an.arabiensis",nature,2020,na,NA,no,,kenya,mayanja,0.6254,344.956,NA,NA,NA,NA,NA,NA,NA,NA,NA,NA,NA,NA,NA,NA,between 5 - 10km,point,googlemaps,western kenya highlands,,,na,na,na,,larvae,40,,NA,,NA,,NA,NA,,yes,no,no,5,1,2014,2015,,,,,gambiae_s form,,genetic/molecular,
NA,no,yes,no,none,1000226,10.1038/s41598-020-76248-2,hemming?schroeder,"ecological drivers of genetic connectivity for african malaria
vectors anopheles gambiae and an.arabiensis",nature,2020,na,NA,no,,kenya,kaimosi,0.1254,348.447,NA,NA,NA,NA,NA,NA,NA,NA,NA,NA,NA,NA,NA,NA,within 5km,point,googlemaps,western kenya highlands,,,na,na,na,,larvae,21,,NA,,NA,,NA,NA,,yes,no,no,5,1,2014,2015,,,,,gambiae_s form,,genetic/molecular,
NA,no,yes,no,none,1000226,10.1038/s41598-020-76248-2,hemming?schroeder,"ecological drivers of genetic connectivity for african malaria
vectors anopheles gambiae and an.arabiensis",nature,2020,na,NA,no,,kenya,kamkuywa,0.7782,347.895,NA,NA,NA,NA,NA,NA,NA,NA,NA,NA,NA,NA,NA,NA,within 5km,point,googlemaps,western kenya highlands,,,na,na,na,,larvae,24,,NA,,NA,,NA,NA,,yes,no,no,5,1,2014,2015,,,,,arabiensis,,genetic/molecular,
NA,no,yes,no,none,1000226,10.1038/s41598-020-76248-2,hemming?schroeder,"ecological drivers of genetic connectivity for african malaria
vectors anopheles gambiae and an.arabiensis",nature,2020,na,NA,no,,kenya,marigat,0.4694,359.835,NA,NA,NA,NA,NA,NA,NA,NA,NA,NA,NA,NA,NA,NA,within 5km,point,googlemaps,rift valley,,,na,na,na,,larvae,36,,NA,,NA,,NA,NA,,yes,no,no,5,1,2014,2015,,,,,arabiensis,,genetic/molecular,
NA,no,yes,no,none,1000226,10.1038/s41598-020-76248-2,hemming?schroeder,"ecological drivers of genetic connectivity for african malaria
vectors anopheles gambiae and an.arabiensis",nature,2020,na,NA,no,,kenya,kabarnet,0.4899,357.443,NA,NA,NA,NA,NA,NA,NA,NA,NA,NA,NA,NA,NA,NA,within 5km,point,googlemaps,rift valley,,,na,na,na,,larvae,44,,NA,,NA,,NA,NA,,yes,no,no,5,1,2014,2015,,,,,arabiensis,,genetic/molecular,
NA,no,yes,no,none,1000226,10.1038/s41598-020-76248-2,hemming?schroeder,"ecological drivers of genetic connectivity for african malaria
vectors anopheles gambiae and an.arabiensis",nature,2020,na,NA,no,,kenya,junju,-3.852,39.742,NA,NA,NA,NA,NA,NA,NA,NA,NA,NA,NA,NA,NA,NA,,point,paper/map,coastal kenya,,the site coordinates are provided in the supplementary table,na,na,na,,larvae,27,,NA,,NA,,NA,NA,,yes,no,no,5,1,2014,2015,,,,,arabiensis,,genetic/molecular,
NA,no,yes,no,none,1000226,10.1038/s41598-020-76248-2,hemming?schroeder,"ecological drivers of genetic connectivity for african malaria
vectors anopheles gambiae and an.arabiensis",nature,2020,na,NA,no,,kenya,kakayuni,-32.185,40.008,NA,NA,NA,NA,NA,NA,NA,NA,NA,NA,NA,NA,NA,NA,between 5 - 10km,point,googlemaps,coastal kenya,,,na,na,na,,larvae,27,,NA,,NA,,NA,NA,,yes,no,no,5,1,2014,2015,,,,,arabiensis,,genetic/molecular,
NA,no,yes,no,none,1000227,10.1038/s41598-020-75865-1,machani,"phenotypic, genotypic and biochemical changes during pyrethroid resistance selection in anopheles gambiae mosquitoes",nature,2020,,NA,yes,ask the authors to provide the sampling period,kenya,bungoma,0.590531,34.388.066,NA,NA,NA,NA,NA,NA,NA,NA,NA,NA,NA,NA,NA,NA,,point,googleearth,,,,na,na,na,,HRI,NA,,NA,,NA,,NA,NA,,yes,no,no,NA,NA,NA,NA,,,,,arabiensis,,genetic/molecular,
NA,no,yes,no,none,1000227,10.1038/s41598-020-75865-1,machani,"phenotypic, genotypic and biochemical changes during pyrethroid resistance selection in anopheles gambiae mosquitoes",nature,2020,,NA,yes,ask the authors to provide the sampling period,kenya,bungoma,0.590531,34.388.066,NA,NA,NA,NA,NA,NA,NA,NA,NA,NA,NA,NA,NA,NA,,point,googleearth,,,,na,na,na,,HRI,NA,,NA,,NA,,NA,NA,,yes,no,no,NA,NA,NA,NA,,,,,gambiae_s form,,genetic/molecular,
NA,no,yes,no,phenotypic,1000227,10.1038/s41598-020-75865-1,machani,"phenotypic, genotypic and biochemical changes during pyrethroid resistance selection in anopheles gambiae mosquitoes",nature,2020,,NA,yes,ask the authors to provide the sampling period,kenya,bungoma,0.590531,34.388.066,NA,NA,NA,NA,NA,NA,NA,NA,NA,NA,NA,NA,NA,NA,,point,googleearth,,,,na,na,na,,HRI,NA,,NA,,NA,,NA,NA,,yes,no,no,NA,NA,NA,NA,,,,,gambiae_s form,,genetic/molecular,
NA,no,yes,no,phenotypic,1000227,10.1038/s41598-020-75865-1,machani,"phenotypic, genotypic and biochemical changes during pyrethroid resistance selection in anopheles gambiae mosquitoes",nature,2020,,NA,yes,ask the authors to provide the sampling period,kenya,bungoma,0.590531,34.388.066,NA,NA,NA,NA,NA,NA,NA,NA,NA,NA,NA,NA,NA,NA,,point,googleearth,,,,na,na,na,,HRI,NA,,NA,,NA,,NA,NA,,yes,no,no,NA,NA,NA,NA,,,,,gambiae_s form,,genetic/molecular,
NA,no,yes,no,phenotypic,1000227,10.1038/s41598-020-75865-1,machani,"phenotypic, genotypic and biochemical changes during pyrethroid resistance selection in anopheles gambiae mosquitoes",nature,2020,,NA,yes,ask the authors to provide the sampling period,kenya,bungoma,0.590531,34.388.066,NA,NA,NA,NA,NA,NA,NA,NA,NA,NA,NA,NA,NA,NA,,point,googleearth,,,,na,na,na,,HRI,NA,,NA,,NA,,NA,NA,,yes,no,no,NA,NA,NA,NA,,,,,gambiae_s form,,genetic/molecular,
NA,no,yes,no,genotypic,1000227,10.1038/s41598-020-75865-1,machani,"phenotypic, genotypic and biochemical changes during pyrethroid resistance selection in anopheles gambiae mosquitoes",nature,2020,,NA,yes,ask the authors to provide the sampling period,kenya,bungoma,0.590531,34.388.066,NA,NA,NA,NA,NA,NA,NA,NA,NA,NA,NA,NA,NA,NA,,point,googleearth,,,,na,na,na,,HRI,NA,,NA,,NA,,NA,NA,,yes,no,no,NA,NA,NA,NA,,,,,gambiae_s form,,genetic/molecular,
NA,yes,yes,no,none,1000229,10.1093/jme/tjaa132,ciubotariu,genetic diversity of anopheles coustani (diptera:culicidae) in malaria transmission foci in southern and central africa,journal of medical entomology,2020,na,NA,,,zambia,nchelenge,-9.389,28.749,NA,NA,NA,NA,NA,NA,NA,NA,NA,NA,NA,NA,NA,NA,,point,googleearth,,,used google maps to measure the distance between the boundaries which was less than 5km,na,na,na,,cdc-lt - outdoor,NA,,NA,,NA,,NA,NA,,yes,no,no,8,8,2016,2016,,,,,coustani,,morph,genetic/molecular
NA,yes,yes,no,none,1000229,10.1093/jme/tjaa132,ciubotariu,genetic diversity of anopheles coustani (diptera:culicidae) in malaria transmission foci in southern and central africa,journal of medical entomology,2020,na,NA,,,zambia,nchelenge,-9.389,28.749,NA,NA,NA,NA,NA,NA,NA,NA,NA,NA,NA,NA,NA,NA,,point,googleearth,,,used google maps to measure the distance between the boundaries which was less than 5km,na,na,na,,cdc-lt - outdoor,NA,,NA,,NA,,NA,NA,,yes,no,no,8,8,2016,2016,,,,,coustani,,morph,genetic/molecular
NA,yes,yes,no,none,1000229,10.1093/jme/tjaa132,ciubotariu,genetic diversity of anopheles coustani (diptera:culicidae) in malaria transmission foci in southern and central africa,journal of medical entomology,2020,na,NA,,,zambia,nchelenge,-9.389,28.749,NA,NA,NA,NA,NA,NA,NA,NA,NA,NA,NA,NA,NA,NA,,point,googleearth,,,used google maps to measure the distance between the boundaries which was less than 5km,na,na,na,,cdc-lt - outdoor,NA,,NA,,NA,,NA,NA,,yes,no,no,8,8,2016,2016,,,,,coustani,,morph,genetic/molecular
NA,no,yes,no,none,1000229,10.1093/jme/tjaa132,ciubotariu,genetic diversity of anopheles coustani (diptera:culicidae) in malaria transmission foci in southern and central africa,journal of medical entomology,2020,na,NA,,,dr congo,kilwa,-9.25,28.328,NA,NA,NA,NA,NA,NA,NA,NA,NA,NA,NA,NA,NA,NA,,point,googleearth,haut-katanga province,,searched for the sites in google earth and map,yes,itn,yes,,HRI,NA,cdc-lt - indoor,NA,cdc-lt - outdoor,NA,,NA,NA,,yes,no,no,7,7,2016,2016,,,,,coustani,,morph,genetic/molecular
NA,no,yes,no,none,1000229,10.1093/jme/tjaa132,ciubotariu,genetic diversity of anopheles coustani (diptera:culicidae) in malaria transmission foci in southern and central africa,journal of medical entomology,2020,na,NA,,,dr congo,kashobwe,-9.667,28.618,NA,NA,NA,NA,NA,NA,NA,NA,NA,NA,NA,NA,NA,NA,,point,googleearth,haut-katanga province,,searched for the sites in google earth and map,yes,itn,yes,,HRI,NA,cdc-lt - indoor,NA,cdc-lt - outdoor,NA,,NA,NA,,yes,no,no,7,7,2016,2016,,,,,coustani,,morph,genetic/molecular
NA,yes,yes,no,none,1000229,10.1093/jme/tjaa132,ciubotariu,genetic diversity of anopheles coustani (diptera:culicidae) in malaria transmission foci in southern and central africa,journal of medical entomology,2020,na,NA,,,dr congo,kashobwe,-9.667,28.618,NA,NA,NA,NA,NA,NA,NA,NA,NA,NA,NA,NA,NA,NA,,point,googleearth,haut-katanga province,,searched for the sites in google earth and map,yes,itn,yes,,HRI,NA,cdc-lt - indoor,NA,cdc-lt - outdoor,NA,,NA,NA,,yes,no,no,7,7,2016,2016,,,,,coustani,,morph,genetic/molecular
NA,no,yes,no,none,1000230,10.3390/insects11110732,mouhamadou,"development of an insecticide-free trapping bednet
to control mosquitoes and manage resistance in
malaria vector control: a newway of thinking",insects,2020,na,NA,,"the study was conducted in experimental huts according towhoprotocols [17] in the municipality
of tiassalÃƒÂ© (553054Ã‚Â”net 449042Ã‚Â” w) in november 2018.",cote d'ivoire,tiassale,58.983.333,-48.283,NA,NA,NA,NA,NA,NA,NA,NA,NA,NA,NA,NA,NA,NA,,point,paper/map,,,,,,,,?,NA,,NA,,NA,,NA,NA,,yes,no,no,11,11,2018,2018,,,1739 mm/year,"the climate is tropical and characterized by
four seasonsÃ‚Â—a long rainy season (marchÃ‚Â–july) during which two thirds of the annual rainfall occurs,
a short dry season (julyÃ‚Â–august), a short rainy season (septemberÃ‚Â–november), and a long dry season
(decemberÃ‚Â–march).",gambiae complex,,,
NA,no,no,yes,none,1000233,10.1186/s13071-020-04400-y,lemrabott,"first report of anopheles (cellia) multicolor
during a study of tolerance to salinity
of anopheles arabiensis larvae in nouakchott,
mauritania",parasites & vectors,2020,na,NA,,,mauritania,ain talh,181.266,-1.593.638,NA,NA,NA,NA,NA,NA,NA,NA,NA,NA,NA,NA,NA,NA,,point,paper/map,,,converted the provided coordinates to decimal degrees using latlong.net,na,na,na,,larvae,180,,NA,,NA,,NA,NA,,yes,no,no,10,11,2016,2017,,,89.5 mm/year,"the climate in nouakchott is characterized by a long
dry season (october-june) and a short rainy season (july-
september) the mean annual rainfall during the period
1970Ã‚Â–2013 in nouakchott was 89.5 mm",arabiensis,,morph,genetic/molecular
NA,no,no,yes,none,1000233,10.1186/s13071-020-04400-y,lemrabott,"first report of anopheles (cellia) multicolor
during a study of tolerance to salinity
of anopheles arabiensis larvae in nouakchott,
mauritania",parasites & vectors,2020,na,NA,,,mauritania,tenweish,18.056,-15.85,NA,NA,NA,NA,NA,NA,NA,NA,NA,NA,NA,NA,NA,NA,,point,paper/map,,,converted the provided coordinates to decimal degrees using latlong.net,na,na,na,,larvae,180,,NA,,NA,,NA,NA,,yes,no,no,10,11,2016,2017,,,89.5 mm/year,"the climate in nouakchott is characterized by a long
dry season (october-june) and a short rainy season (july-
september) the mean annual rainfall during the period
1970Ã‚Â–2013 in nouakchott was 89.5 mm",arabiensis,,morph,genetic/molecular
NA,no,no,yes,none,1000233,10.1186/s13071-020-04400-y,lemrabott,"first report of anopheles (cellia) multicolor
during a study of tolerance to salinity
of anopheles arabiensis larvae in nouakchott,
mauritania",parasites & vectors,2020,na,NA,,,mauritania,sebkha,180.838,-15.988,NA,NA,NA,NA,NA,NA,NA,NA,NA,NA,NA,NA,NA,NA,,point,paper/map,,,converted the provided coordinates to decimal degrees using latlong.net,na,na,na,,larvae,180,,NA,,NA,,NA,NA,,yes,no,no,10,11,2016,2017,,,89.5 mm/year,"the climate in nouakchott is characterized by a long
dry season (october-june) and a short rainy season (july-
september) the mean annual rainfall during the period
1970Ã‚Â–2013 in nouakchott was 89.5 mm",arabiensis,,morph,genetic/molecular
NA,no,no,yes,none,1000233,10.1186/s13071-020-04400-y,lemrabott,"first report of anopheles (cellia) multicolor
during a study of tolerance to salinity
of anopheles arabiensis larvae in nouakchott,
mauritania",parasites & vectors,2020,na,NA,,,mauritania,cite plage,18.099,-160.025,NA,NA,NA,NA,NA,NA,NA,NA,NA,NA,NA,NA,NA,NA,,point,paper/map,,,converted the provided coordinates to decimal degrees using latlong.net,na,na,na,,larvae,180,,NA,,NA,,NA,NA,,yes,no,no,10,11,2016,2017,,,89.5 mm/year,"the climate in nouakchott is characterized by a long
dry season (october-june) and a short rainy season (july-
september) the mean annual rainfall during the period
1970Ã‚Â–2013 in nouakchott was 89.5 mm",arabiensis,,morph,genetic/molecular
NA,no,no,yes,none,1000233,10.1186/s13071-020-04400-y,lemrabott,"first report of anopheles (cellia) multicolor
during a study of tolerance to salinity
of anopheles arabiensis larvae in nouakchott,
mauritania",parasites & vectors,2020,na,NA,,,mauritania,ten soueilim,18.099,-159.525,NA,NA,NA,NA,NA,NA,NA,NA,NA,NA,NA,NA,NA,NA,,point,paper/map,,,converted the provided coordinates to decimal degrees using latlong.net,na,na,na,,larvae,180,,NA,,NA,,NA,NA,,yes,no,no,10,11,2016,2017,,,89.5 mm/year,"the climate in nouakchott is characterized by a long
dry season (october-june) and a short rainy season (july-
september) the mean annual rainfall during the period
1970Ã‚Â–2013 in nouakchott was 89.5 mm",arabiensis,,morph,genetic/molecular
NA,no,no,yes,none,1000233,10.1186/s13071-020-04400-y,lemrabott,"first report of anopheles (cellia) multicolor
during a study of tolerance to salinity
of anopheles arabiensis larvae in nouakchott,
mauritania",parasites & vectors,2020,na,NA,,,mauritania,zaatar,180.936,-159.388,NA,NA,NA,NA,NA,NA,NA,NA,NA,NA,NA,NA,NA,NA,,point,paper/map,,,converted the provided coordinates to decimal degrees using latlong.net,na,na,na,,larvae,180,,NA,,NA,,NA,NA,,yes,no,no,10,11,2016,2017,,,89.5 mm/year,"the climate in nouakchott is characterized by a long
dry season (october-june) and a short rainy season (july-
september) the mean annual rainfall during the period
1970Ã‚Â–2013 in nouakchott was 89.5 mm",arabiensis,,morph,genetic/molecular
NA,no,no,yes,none,1000233,10.1186/s13071-020-04400-y,lemrabott,"first report of anopheles (cellia) multicolor
during a study of tolerance to salinity
of anopheles arabiensis larvae in nouakchott,
mauritania",parasites & vectors,2020,na,NA,,,mauritania,ten soueilim,18.099,-159.525,NA,NA,NA,NA,NA,NA,NA,NA,NA,NA,NA,NA,NA,NA,,point,paper/map,,,converted the provided coordinates to decimal degrees using latlong.net,na,na,na,,larvae,180,,NA,,NA,,NA,NA,,yes,no,no,10,11,2016,2017,,,89.5 mm/year,"the climate in nouakchott is characterized by a long
dry season (october-june) and a short rainy season (july-
september) the mean annual rainfall during the period
1970Ã‚Â–2013 in nouakchott was 89.5 mm",multicolor,,morph,genetic/molecular
NA,no,no,yes,none,1000233,10.1186/s13071-020-04400-y,lemrabott,"first report of anopheles (cellia) multicolor
during a study of tolerance to salinity
of anopheles arabiensis larvae in nouakchott,
mauritania",parasites & vectors,2020,na,NA,,,mauritania,zaatar,180.936,-159.388,NA,NA,NA,NA,NA,NA,NA,NA,NA,NA,NA,NA,NA,NA,,point,paper/map,,,converted the provided coordinates to decimal degrees using latlong.net,na,na,na,,larvae,180,,NA,,NA,,NA,NA,,yes,no,no,10,11,2016,2017,,,89.5 mm/year,"the climate in nouakchott is characterized by a long
dry season (october-june) and a short rainy season (july-
september) the mean annual rainfall during the period
1970Ã‚Â–2013 in nouakchott was 89.5 mm",multicolor,,morph,genetic/molecular
NA,no,yes,no,none,1000236,10.1038/s41598-020-73073-5,zhong,extensive new anopheles cryptic species involved in human malaria transmission in western kenya,nature,2020,,NA,,,kenya,homa bay,-0.5351,344.525,NA,NA,NA,NA,NA,NA,NA,NA,NA,NA,NA,NA,NA,NA,,point,googleearth,,,searched for the coordinates in google earth some sites e.g kombewa fell on the road and iguhu fell on a river. emutete is not listed in google earth,na,na,na,,cdc-lt - indoor,NA,HRI,NA,,NA,,NA,3,,yes,no,no,NA,NA,2015,2019,,,,,gambiae_s form,,morph,genetic/molecular
NA,no,yes,no,none,1000236,10.1038/s41598-020-73073-5,zhong,extensive new anopheles cryptic species involved in human malaria transmission in western kenya,nature,2020,,NA,,,kenya,kombewa,-0.107218,34.525,NA,NA,NA,NA,NA,NA,NA,NA,NA,NA,NA,NA,NA,NA,,point,googleearth,,,searched for the coordinates in google earth some sites e.g kombewa fell on the road and iguhu fell on a river. emutete is not listed in google earth,na,na,na,,cdc-lt - indoor,NA,HRI,NA,,NA,,NA,295,,yes,no,no,NA,NA,2015,2019,,,,,gambiae_s form,,morph,genetic/molecular
NA,no,yes,no,none,1000236,10.1038/s41598-020-73073-5,zhong,extensive new anopheles cryptic species involved in human malaria transmission in western kenya,nature,2020,,NA,,,kenya,iguhu,0.161984,347.633,NA,NA,NA,NA,NA,NA,NA,NA,NA,NA,NA,NA,NA,NA,,point,googleearth,,,searched for the coordinates in google earth some sites e.g kombewa fell on the road and iguhu fell on a river. emutete is not listed in google earth,na,na,na,,cdc-lt - indoor,NA,HRI,NA,cdc-lt - outdoor,NA,HLC,NA,690,"outdoor-resting mosquitoes were collected
by cdc-lt, human landing catches (hlc), clay pot sampling (cp), and pit shelters (ps) sampling methods in
iguhu (2016) and emutete (2017).",yes,no,no,NA,NA,2015,2019,,,,,gambiae_s form,,morph,genetic/molecular
NA,no,yes,no,none,1000236,10.1038/s41598-020-73073-5,zhong,extensive new anopheles cryptic species involved in human malaria transmission in western kenya,nature,2020,,NA,,,kenya,kisii,-0.74739,347.236,NA,NA,NA,NA,NA,NA,NA,NA,NA,NA,NA,NA,NA,NA,,point,googleearth,,,searched for the coordinates in google earth some sites e.g kombewa fell on the road and iguhu fell on a river. emutete is not listed in google earth,na,na,na,,cdc-lt - indoor,NA,HRI,NA,,NA,,NA,2,,yes,no,no,NA,NA,2015,2019,,,,,gambiae_s form,,morph,genetic/molecular
NA,no,yes,no,none,1000236,10.1038/s41598-020-73073-5,zhong,extensive new anopheles cryptic species involved in human malaria transmission in western kenya,nature,2020,,NA,,,kenya,homa bay,-0.5351,344.525,NA,NA,NA,NA,NA,NA,NA,NA,NA,NA,NA,NA,NA,NA,,point,googleearth,,,searched for the coordinates in google earth some sites e.g kombewa fell on the road and iguhu fell on a river. emutete is not listed in google earth,na,na,na,,cdc-lt - indoor,NA,HRI,NA,,NA,,NA,480,,yes,no,no,NA,NA,2015,2019,,,,,arabiensis,,morph,genetic/molecular
NA,no,yes,no,none,1000236,10.1038/s41598-020-73073-5,zhong,extensive new anopheles cryptic species involved in human malaria transmission in western kenya,nature,2020,,NA,,,kenya,kombewa,-0.107218,34.525,NA,NA,NA,NA,NA,NA,NA,NA,NA,NA,NA,NA,NA,NA,,point,googleearth,,,searched for the coordinates in google earth some sites e.g kombewa fell on the road and iguhu fell on a river. emutete is not listed in google earth,na,na,na,,cdc-lt - indoor,NA,HRI,NA,,NA,,NA,154,,yes,no,no,NA,NA,2015,2019,,,,,arabiensis,,morph,genetic/molecular
NA,no,yes,no,none,1000236,10.1038/s41598-020-73073-5,zhong,extensive new anopheles cryptic species involved in human malaria transmission in western kenya,nature,2020,,NA,,,kenya,iguhu,0.161984,347.633,NA,NA,NA,NA,NA,NA,NA,NA,NA,NA,NA,NA,NA,NA,,point,googleearth,,,searched for the coordinates in google earth some sites e.g kombewa fell on the road and iguhu fell on a river. emutete is not listed in google earth,na,na,na,,cdc-lt - indoor,NA,HRI,NA,cdc-lt - outdoor,NA,HLC,NA,58,"outdoor-resting mosquitoes were collected
by cdc-lt, human landing catches (hlc), clay pot sampling (cp), and pit shelters (ps) sampling methods in
iguhu (2016) and emutete (2017).",yes,no,no,NA,NA,2015,2019,,,,,arabiensis,,morph,genetic/molecular
NA,no,yes,no,none,1000236,10.1038/s41598-020-73073-5,zhong,extensive new anopheles cryptic species involved in human malaria transmission in western kenya,nature,2020,,NA,,,kenya,kisii,-0.74739,347.236,NA,NA,NA,NA,NA,NA,NA,NA,NA,NA,NA,NA,NA,NA,,point,googleearth,,,searched for the coordinates in google earth some sites e.g kombewa fell on the road and iguhu fell on a river. emutete is not listed in google earth,na,na,na,,cdc-lt - indoor,NA,HRI,NA,,NA,,NA,12,,yes,no,no,NA,NA,2015,2019,,,,,arabiensis,,morph,genetic/molecular
NA,no,yes,no,none,1000236,10.1038/s41598-020-73073-5,zhong,extensive new anopheles cryptic species involved in human malaria transmission in western kenya,nature,2020,,NA,,,kenya,homa bay,-0.5351,344.525,NA,NA,NA,NA,NA,NA,NA,NA,NA,NA,NA,NA,NA,NA,,point,googleearth,,,searched for the coordinates in google earth some sites e.g kombewa fell on the road and iguhu fell on a river. emutete is not listed in google earth,na,na,na,,cdc-lt - indoor,NA,HRI,NA,,NA,,NA,183,,yes,no,no,NA,NA,2015,2019,,,,,funestus,,morph,genetic/molecular
NA,no,yes,no,none,1000236,10.1038/s41598-020-73073-5,zhong,extensive new anopheles cryptic species involved in human malaria transmission in western kenya,nature,2020,,NA,,,kenya,kombewa,-0.107218,34.525,NA,NA,NA,NA,NA,NA,NA,NA,NA,NA,NA,NA,NA,NA,,point,googleearth,,,searched for the coordinates in google earth some sites e.g kombewa fell on the road and iguhu fell on a river. emutete is not listed in google earth,na,na,na,,cdc-lt - indoor,NA,HRI,NA,,NA,,NA,116,,yes,no,no,NA,NA,2015,2019,,,,,funestus,,morph,genetic/molecular
NA,no,yes,no,none,1000236,10.1038/s41598-020-73073-5,zhong,extensive new anopheles cryptic species involved in human malaria transmission in western kenya,nature,2020,,NA,,,kenya,iguhu,0.161984,347.633,NA,NA,NA,NA,NA,NA,NA,NA,NA,NA,NA,NA,NA,NA,,point,googleearth,,,searched for the coordinates in google earth some sites e.g kombewa fell on the road and iguhu fell on a river. emutete is not listed in google earth,na,na,na,,cdc-lt - indoor,NA,HRI,NA,cdc-lt - outdoor,NA,HLC,NA,337,"outdoor-resting mosquitoes were collected
by cdc-lt, human landing catches (hlc), clay pot sampling (cp), and pit shelters (ps) sampling methods in
iguhu (2016) and emutete (2017).",yes,no,no,NA,NA,2015,2019,,,,,funestus,,morph,genetic/molecular
NA,no,yes,no,none,1000236,10.1038/s41598-020-73073-5,zhong,extensive new anopheles cryptic species involved in human malaria transmission in western kenya,nature,2020,,NA,,,kenya,kisii,-0.74739,347.236,NA,NA,NA,NA,NA,NA,NA,NA,NA,NA,NA,NA,NA,NA,,point,googleearth,,,searched for the coordinates in google earth some sites e.g kombewa fell on the road and iguhu fell on a river. emutete is not listed in google earth,na,na,na,,cdc-lt - indoor,NA,HRI,NA,,NA,,NA,138,,yes,no,no,NA,NA,2015,2019,,,,,funestus,,morph,genetic/molecular
NA,no,yes,no,none,1000236,10.1038/s41598-020-73073-5,zhong,extensive new anopheles cryptic species involved in human malaria transmission in western kenya,nature,2020,,NA,,,kenya,kombewa,-0.107218,34.525,NA,NA,NA,NA,NA,NA,NA,NA,NA,NA,NA,NA,NA,NA,,point,googleearth,,,searched for the coordinates in google earth some sites e.g kombewa fell on the road and iguhu fell on a river. emutete is not listed in google earth,na,na,na,,cdc-lt - indoor,NA,HRI,NA,,NA,,NA,14,,yes,no,no,NA,NA,2015,2019,,,,,rivulorum,,morph,genetic/molecular
NA,no,yes,no,none,1000236,10.1038/s41598-020-73073-5,zhong,extensive new anopheles cryptic species involved in human malaria transmission in western kenya,nature,2020,,NA,,,kenya,iguhu,0.161984,347.633,NA,NA,NA,NA,NA,NA,NA,NA,NA,NA,NA,NA,NA,NA,,point,googleearth,,,searched for the coordinates in google earth some sites e.g kombewa fell on the road and iguhu fell on a river. emutete is not listed in google earth,na,na,na,,cdc-lt - indoor,NA,HRI,NA,cdc-lt - outdoor,NA,HLC,NA,3,"outdoor-resting mosquitoes were collected
by cdc-lt, human landing catches (hlc), clay pot sampling (cp), and pit shelters (ps) sampling methods in
iguhu (2016) and emutete (2017).",yes,no,no,NA,NA,2015,2019,,,,,rivulorum,,morph,genetic/molecular
NA,no,yes,no,none,1000236,10.1038/s41598-020-73073-5,zhong,extensive new anopheles cryptic species involved in human malaria transmission in western kenya,nature,2020,,NA,,,kenya,kombewa,-0.107218,34.525,NA,NA,NA,NA,NA,NA,NA,NA,NA,NA,NA,NA,NA,NA,,point,googleearth,,,searched for the coordinates in google earth some sites e.g kombewa fell on the road and iguhu fell on a river. emutete is not listed in google earth,na,na,na,,cdc-lt - indoor,NA,HRI,NA,,NA,,NA,5,,yes,no,no,NA,NA,2015,2019,,,,,coustani,,morph,genetic/molecular
NA,no,yes,no,none,1000236,10.1038/s41598-020-73073-5,zhong,extensive new anopheles cryptic species involved in human malaria transmission in western kenya,nature,2020,,NA,,,kenya,iguhu,0.161984,347.633,NA,NA,NA,NA,NA,NA,NA,NA,NA,NA,NA,NA,NA,NA,,point,googleearth,,,searched for the coordinates in google earth some sites e.g kombewa fell on the road and iguhu fell on a river. emutete is not listed in google earth,na,na,na,,cdc-lt - indoor,NA,HRI,NA,cdc-lt - outdoor,NA,HLC,NA,1,"outdoor-resting mosquitoes were collected
by cdc-lt, human landing catches (hlc), clay pot sampling (cp), and pit shelters (ps) sampling methods in
iguhu (2016) and emutete (2017).",yes,no,no,NA,NA,2015,2019,,,,,coustani,,morph,genetic/molecular
NA,no,yes,no,none,1000236,10.1038/s41598-020-73073-5,zhong,extensive new anopheles cryptic species involved in human malaria transmission in western kenya,nature,2020,,NA,,,kenya,kombewa,-0.107218,34.525,NA,NA,NA,NA,NA,NA,NA,NA,NA,NA,NA,NA,NA,NA,,point,googleearth,,,searched for the coordinates in google earth some sites e.g kombewa fell on the road and iguhu fell on a river. emutete is not listed in google earth,na,na,na,,cdc-lt - indoor,NA,HRI,NA,,NA,,NA,3,,yes,no,no,NA,NA,2015,2019,,,,,leesoni,,morph,genetic/molecular
NA,no,yes,no,none,1000236,10.1038/s41598-020-73073-5,zhong,extensive new anopheles cryptic species involved in human malaria transmission in western kenya,nature,2020,,NA,,,kenya,iguhu,0.161984,347.633,NA,NA,NA,NA,NA,NA,NA,NA,NA,NA,NA,NA,NA,NA,,point,googleearth,,,searched for the coordinates in google earth some sites e.g kombewa fell on the road and iguhu fell on a river. emutete is not listed in google earth,na,na,na,,cdc-lt - indoor,NA,HRI,NA,cdc-lt - outdoor,NA,HLC,NA,1,"outdoor-resting mosquitoes were collected
by cdc-lt, human landing catches (hlc), clay pot sampling (cp), and pit shelters (ps) sampling methods in
iguhu (2016) and emutete (2017).",yes,no,no,NA,NA,2015,2019,,,,,leesoni,,morph,genetic/molecular
NA,no,yes,no,none,1000236,10.1038/s41598-020-73073-5,zhong,extensive new anopheles cryptic species involved in human malaria transmission in western kenya,nature,2020,,NA,,,kenya,kombewa,-0.107218,34.525,NA,NA,NA,NA,NA,NA,NA,NA,NA,NA,NA,NA,NA,NA,,point,googleearth,,,searched for the coordinates in google earth some sites e.g kombewa fell on the road and iguhu fell on a river. emutete is not listed in google earth,na,na,na,,cdc-lt - indoor,NA,HRI,NA,,NA,,NA,14,,yes,no,no,NA,NA,2015,2019,,,,,rufipes,,morph,genetic/molecular
NA,no,yes,no,none,1000236,10.1038/s41598-020-73073-5,zhong,extensive new anopheles cryptic species involved in human malaria transmission in western kenya,nature,2020,,NA,,,kenya,iguhu,0.161984,347.633,NA,NA,NA,NA,NA,NA,NA,NA,NA,NA,NA,NA,NA,NA,,point,googleearth,,,searched for the coordinates in google earth some sites e.g kombewa fell on the road and iguhu fell on a river. emutete is not listed in google earth,na,na,na,,cdc-lt - indoor,NA,HRI,NA,cdc-lt - outdoor,NA,HLC,NA,2,"outdoor-resting mosquitoes were collected
by cdc-lt, human landing catches (hlc), clay pot sampling (cp), and pit shelters (ps) sampling methods in
iguhu (2016) and emutete (2017).",yes,no,no,NA,NA,2015,2019,,,,,rufipes,,morph,genetic/molecular
NA,no,yes,no,none,1000236,10.1038/s41598-020-73073-5,zhong,extensive new anopheles cryptic species involved in human malaria transmission in western kenya,nature,2020,,NA,,,kenya,kisii,-0.74739,347.236,NA,NA,NA,NA,NA,NA,NA,NA,NA,NA,NA,NA,NA,NA,,point,googleearth,,,searched for the coordinates in google earth some sites e.g kombewa fell on the road and iguhu fell on a river. emutete is not listed in google earth,na,na,na,,cdc-lt - indoor,NA,HRI,NA,,NA,,NA,66,,yes,no,no,NA,NA,2015,2019,,,,,christyi,,morph,genetic/molecular
NA,no,yes,no,none,1000236,10.1038/s41598-020-73073-5,zhong,extensive new anopheles cryptic species involved in human malaria transmission in western kenya,nature,2020,,NA,,,kenya,kisii,-0.74739,347.236,NA,NA,NA,NA,NA,NA,NA,NA,NA,NA,NA,NA,NA,NA,,point,googleearth,,,searched for the coordinates in google earth some sites e.g kombewa fell on the road and iguhu fell on a river. emutete is not listed in google earth,na,na,na,,cdc-lt - indoor,NA,HRI,NA,,NA,,NA,54,,yes,no,no,NA,NA,2015,2019,,,,,coustani,,morph,genetic/molecular
NA,no,yes,no,none,1000236,10.1038/s41598-020-73073-5,zhong,extensive new anopheles cryptic species involved in human malaria transmission in western kenya,nature,2020,,NA,,,kenya,kisii,-0.74739,347.236,NA,NA,NA,NA,NA,NA,NA,NA,NA,NA,NA,NA,NA,NA,,point,googleearth,,,searched for the coordinates in google earth some sites e.g kombewa fell on the road and iguhu fell on a river. emutete is not listed in google earth,na,na,na,,cdc-lt - indoor,NA,HRI,NA,,NA,,NA,3,,yes,no,no,NA,NA,2015,2019,,,,,rufipes,,morph,genetic/molecular
NA,no,yes,no,none,1000236,10.1038/s41598-020-73073-5,zhong,extensive new anopheles cryptic species involved in human malaria transmission in western kenya,nature,2020,,NA,,,kenya,kombewa,-0.107218,34.525,NA,NA,NA,NA,NA,NA,NA,NA,NA,NA,NA,NA,NA,NA,,point,googleearth,,,searched for the coordinates in google earth some sites e.g kombewa fell on the road and iguhu fell on a river. emutete is not listed in google earth,na,na,na,,cdc-lt - indoor,NA,HRI,NA,,NA,,NA,5,,yes,no,no,NA,NA,2015,2019,,,,,pharoensis,,morph,genetic/molecular
NA,no,yes,no,none,1000236,10.1038/s41598-020-73073-5,zhong,extensive new anopheles cryptic species involved in human malaria transmission in western kenya,nature,2020,,NA,,,kenya,kombewa,-0.107218,34.525,NA,NA,NA,NA,NA,NA,NA,NA,NA,NA,NA,NA,NA,NA,,point,googleearth,,,searched for the coordinates in google earth some sites e.g kombewa fell on the road and iguhu fell on a river. emutete is not listed in google earth,na,na,na,,cdc-lt - indoor,NA,HRI,NA,,NA,,NA,7,,yes,no,no,NA,NA,2015,2019,,,,,pretoriensis,,morph,genetic/molecular
NA,no,yes,no,none,1000236,10.1038/s41598-020-73073-5,zhong,extensive new anopheles cryptic species involved in human malaria transmission in western kenya,nature,2020,,NA,,,kenya,homa bay,-0.5351,344.525,NA,NA,NA,NA,NA,NA,NA,NA,NA,NA,NA,NA,NA,NA,,point,googleearth,,,searched for the coordinates in google earth some sites e.g kombewa fell on the road and iguhu fell on a river. emutete is not listed in google earth,na,na,na,,cdc-lt - indoor,NA,HRI,NA,,NA,,NA,1,,yes,no,no,NA,NA,2015,2019,,,,,pretoriensis,,morph,genetic/molecular
NA,no,yes,no,none,1000236,10.1038/s41598-020-73073-5,zhong,extensive new anopheles cryptic species involved in human malaria transmission in western kenya,nature,2020,,NA,,,kenya,kisii,-0.74739,347.236,NA,NA,NA,NA,NA,NA,NA,NA,NA,NA,NA,NA,NA,NA,,point,googleearth,,,searched for the coordinates in google earth some sites e.g kombewa fell on the road and iguhu fell on a river. emutete is not listed in google earth,na,na,na,,cdc-lt - indoor,NA,HRI,NA,,NA,,NA,5,,yes,no,no,NA,NA,2015,2019,,,,,leesoni,,morph,genetic/molecular
NA,no,yes,no,none,1000236,10.1038/s41598-020-73073-5,zhong,extensive new anopheles cryptic species involved in human malaria transmission in western kenya,nature,2020,,NA,,,kenya,kisii,-0.74739,347.236,NA,NA,NA,NA,NA,NA,NA,NA,NA,NA,NA,NA,NA,NA,,point,googleearth,,,searched for the coordinates in google earth some sites e.g kombewa fell on the road and iguhu fell on a river. emutete is not listed in google earth,na,na,na,,cdc-lt - indoor,NA,HRI,NA,,NA,,NA,1,,yes,no,no,NA,NA,2015,2019,,,,,pretoriensis,,morph,genetic/molecular
NA,no,yes,no,none,1000237,10.1038/s41598-020-71933-8,oumbouke,fine scale spatial investigation of multiple insecticide resistance and underlying target?site and metabolic mechanisms in anopheles gambiae in central cÃƒÂ´te dÃ‚Â’ivoire,nature,2020,,NA,yes,authors to provide bioassay data presented in figure one,cote d'ivoire,akanzakro,80.333,-5.15,NA,NA,NA,NA,NA,NA,NA,NA,NA,NA,NA,NA,NA,NA,,point,paper/map,gbÃƒÂ¨kÃƒÂ¨ district,,,yes,itn,yes,,larvae,117,,NA,,NA,,NA,117,,yes,no,no,9,11,2016,2016,,,,,gambiae_s form,,morph,genetic/molecular
NA,no,yes,no,none,1000237,10.1038/s41598-020-71933-8,oumbouke,fine scale spatial investigation of multiple insecticide resistance and underlying target?site and metabolic mechanisms in anopheles gambiae in central cÃƒÂ´te dÃ‚Â’ivoire,nature,2020,,NA,yes,authors to provide bioassay data presented in figure one,cote d'ivoire,kologonouan,8.1,-5.283,NA,NA,NA,NA,NA,NA,NA,NA,NA,NA,NA,NA,NA,NA,,point,paper/map,gbÃƒÂ¨kÃƒÂ¨ district,,,yes,itn,yes,,larvae,86,,NA,,NA,,NA,86,,yes,no,no,9,11,2016,2016,,,,,gambiae_s form,,morph,genetic/molecular
NA,no,yes,no,none,1000237,10.1038/s41598-020-71933-8,oumbouke,fine scale spatial investigation of multiple insecticide resistance and underlying target?site and metabolic mechanisms in anopheles gambiae in central cÃƒÂ´te dÃ‚Â’ivoire,nature,2020,,NA,yes,authors to provide bioassay data presented in figure one,cote d'ivoire,konzo,7.766,-51.166,NA,NA,NA,NA,NA,NA,NA,NA,NA,NA,NA,NA,NA,NA,,point,paper/map,gbÃƒÂ¨kÃƒÂ¨ district,,,yes,itn,yes,,larvae,99,,NA,,NA,,NA,99,,yes,no,no,9,11,2016,2016,,,,,gambiae_s form,,morph,genetic/molecular
NA,no,yes,no,none,1000237,10.1038/s41598-020-71933-8,oumbouke,fine scale spatial investigation of multiple insecticide resistance and underlying target?site and metabolic mechanisms in anopheles gambiae in central cÃƒÂ´te dÃ‚Â’ivoire,nature,2020,,NA,yes,authors to provide bioassay data presented in figure one,cote d'ivoire,kouakro,8.383,-5.133,NA,NA,NA,NA,NA,NA,NA,NA,NA,NA,NA,NA,NA,NA,,point,paper/map,gbÃƒÂ¨kÃƒÂ¨ district,,,yes,itn,yes,,larvae,53,,NA,,NA,,NA,53,,yes,no,no,9,11,2016,2016,,,,,gambiae_s form,,morph,genetic/molecular
NA,no,yes,no,none,1000237,10.1038/s41598-020-71933-8,oumbouke,fine scale spatial investigation of multiple insecticide resistance and underlying target?site and metabolic mechanisms in anopheles gambiae in central cÃƒÂ´te dÃ‚Â’ivoire,nature,2020,,NA,yes,authors to provide bioassay data presented in figure one,cote d'ivoire,nguessan pokoukro,7.933,-5.333,NA,NA,NA,NA,NA,NA,NA,NA,NA,NA,NA,NA,NA,NA,,point,paper/map,gbÃƒÂ¨kÃƒÂ¨ district,,,yes,itn,yes,,larvae,160,,NA,,NA,,NA,160,,yes,no,no,9,11,2016,2016,,,,,gambiae_s form,,morph,genetic/molecular
NA,no,yes,no,none,1000237,10.1038/s41598-020-71933-8,oumbouke,fine scale spatial investigation of multiple insecticide resistance and underlying target?site and metabolic mechanisms in anopheles gambiae in central cÃƒÂ´te dÃ‚Â’ivoire,nature,2020,,NA,yes,authors to provide bioassay data presented in figure one,cote d'ivoire,saoundi,8.3,-5.433,NA,NA,NA,NA,NA,NA,NA,NA,NA,NA,NA,NA,NA,NA,,point,paper/map,gbÃƒÂ¨kÃƒÂ¨ district,,,yes,itn,yes,,larvae,116,,NA,,NA,,NA,116,,yes,no,no,9,11,2016,2016,,,,,gambiae_s form,,morph,genetic/molecular
NA,no,yes,no,none,1000237,10.1038/s41598-020-71933-8,oumbouke,fine scale spatial investigation of multiple insecticide resistance and underlying target?site and metabolic mechanisms in anopheles gambiae in central cÃƒÂ´te dÃ‚Â’ivoire,nature,2020,,NA,yes,authors to provide bioassay data presented in figure one,cote d'ivoire,seoule ahounze,8.266,-5.7,NA,NA,NA,NA,NA,NA,NA,NA,NA,NA,NA,NA,NA,NA,,point,paper/map,gbÃƒÂ¨kÃƒÂ¨ district,,,yes,itn,yes,,larvae,99,,NA,,NA,,NA,99,,yes,no,no,9,11,2016,2016,,,,,gambiae_s form,,morph,genetic/molecular
NA,no,yes,no,none,1000237,10.1038/s41598-020-71933-8,oumbouke,fine scale spatial investigation of multiple insecticide resistance and underlying target?site and metabolic mechanisms in anopheles gambiae in central cÃƒÂ´te dÃ‚Â’ivoire,nature,2020,,NA,yes,authors to provide bioassay data presented in figure one,cote d'ivoire,sessenouan,8.15,-5.283,NA,NA,NA,NA,NA,NA,NA,NA,NA,NA,NA,NA,NA,NA,,point,paper/map,gbÃƒÂ¨kÃƒÂ¨ district,,,yes,itn,yes,,larvae,158,,NA,,NA,,NA,158,,yes,no,no,9,11,2016,2016,,,,,gambiae_s form,,morph,genetic/molecular
NA,no,yes,no,none,1000237,10.1038/s41598-020-71933-8,oumbouke,fine scale spatial investigation of multiple insecticide resistance and underlying target?site and metabolic mechanisms in anopheles gambiae in central cÃƒÂ´te dÃ‚Â’ivoire,nature,2020,,NA,yes,authors to provide bioassay data presented in figure one,cote d'ivoire,akanzakro,80.333,-5.15,NA,NA,NA,NA,NA,NA,NA,NA,NA,NA,NA,NA,NA,NA,,point,paper/map,gbÃƒÂ¨kÃƒÂ¨ district,,,yes,itn,yes,,larvae,0,,NA,,NA,,NA,0,,no,yes,no,9,11,2016,2016,,,,,coluzzii_gambiae_m form,,morph,genetic/molecular
NA,no,yes,no,none,1000237,10.1038/s41598-020-71933-8,oumbouke,fine scale spatial investigation of multiple insecticide resistance and underlying target?site and metabolic mechanisms in anopheles gambiae in central cÃƒÂ´te dÃ‚Â’ivoire,nature,2020,,NA,yes,authors to provide bioassay data presented in figure one,cote d'ivoire,kologonouan,8.1,-5.283,NA,NA,NA,NA,NA,NA,NA,NA,NA,NA,NA,NA,NA,NA,,point,paper/map,gbÃƒÂ¨kÃƒÂ¨ district,,,yes,itn,yes,,larvae,0,,NA,,NA,,NA,0,,no,yes,no,9,11,2016,2016,,,,,coluzzii_gambiae_m form,,morph,genetic/molecular
NA,no,yes,no,none,1000237,10.1038/s41598-020-71933-8,oumbouke,fine scale spatial investigation of multiple insecticide resistance and underlying target?site and metabolic mechanisms in anopheles gambiae in central cÃƒÂ´te dÃ‚Â’ivoire,nature,2020,,NA,yes,authors to provide bioassay data presented in figure one,cote d'ivoire,konzo,7.766,-51.166,NA,NA,NA,NA,NA,NA,NA,NA,NA,NA,NA,NA,NA,NA,,point,paper/map,gbÃƒÂ¨kÃƒÂ¨ district,,,yes,itn,yes,,larvae,2,,NA,,NA,,NA,2,,yes,no,no,9,11,2016,2016,,,,,coluzzii_gambiae_m form,,morph,genetic/molecular
NA,no,yes,no,none,1000237,10.1038/s41598-020-71933-8,oumbouke,fine scale spatial investigation of multiple insecticide resistance and underlying target?site and metabolic mechanisms in anopheles gambiae in central cÃƒÂ´te dÃ‚Â’ivoire,nature,2020,,NA,yes,authors to provide bioassay data presented in figure one,cote d'ivoire,kouakro,8.383,-5.133,NA,NA,NA,NA,NA,NA,NA,NA,NA,NA,NA,NA,NA,NA,,point,paper/map,gbÃƒÂ¨kÃƒÂ¨ district,,,yes,itn,yes,,larvae,53,,NA,,NA,,NA,53,,yes,no,no,9,11,2016,2016,,,,,coluzzii_gambiae_m form,,morph,genetic/molecular
NA,no,yes,no,none,1000237,10.1038/s41598-020-71933-8,oumbouke,fine scale spatial investigation of multiple insecticide resistance and underlying target?site and metabolic mechanisms in anopheles gambiae in central cÃƒÂ´te dÃ‚Â’ivoire,nature,2020,,NA,yes,authors to provide bioassay data presented in figure one,cote d'ivoire,nguessan pokoukro,7.933,-5.333,NA,NA,NA,NA,NA,NA,NA,NA,NA,NA,NA,NA,NA,NA,,point,paper/map,gbÃƒÂ¨kÃƒÂ¨ district,,,yes,itn,yes,,larvae,12,,NA,,NA,,NA,12,,yes,no,no,9,11,2016,2016,,,,,coluzzii_gambiae_m form,,morph,genetic/molecular
NA,no,yes,no,none,1000237,10.1038/s41598-020-71933-8,oumbouke,fine scale spatial investigation of multiple insecticide resistance and underlying target?site and metabolic mechanisms in anopheles gambiae in central cÃƒÂ´te dÃ‚Â’ivoire,nature,2020,,NA,yes,authors to provide bioassay data presented in figure one,cote d'ivoire,saoundi,8.3,-5.433,NA,NA,NA,NA,NA,NA,NA,NA,NA,NA,NA,NA,NA,NA,,point,paper/map,gbÃƒÂ¨kÃƒÂ¨ district,,,yes,itn,yes,,larvae,2,,NA,,NA,,NA,2,,yes,no,no,9,11,2016,2016,,,,,coluzzii_gambiae_m form,,morph,genetic/molecular
NA,no,yes,no,none,1000237,10.1038/s41598-020-71933-8,oumbouke,fine scale spatial investigation of multiple insecticide resistance and underlying target?site and metabolic mechanisms in anopheles gambiae in central cÃƒÂ´te dÃ‚Â’ivoire,nature,2020,,NA,yes,authors to provide bioassay data presented in figure one,cote d'ivoire,seoule ahounze,8.266,-5.7,NA,NA,NA,NA,NA,NA,NA,NA,NA,NA,NA,NA,NA,NA,,point,paper/map,gbÃƒÂ¨kÃƒÂ¨ district,,,yes,itn,yes,,larvae,1,,NA,,NA,,NA,1,,yes,no,no,9,11,2016,2016,,,,,coluzzii_gambiae_m form,,morph,genetic/molecular
NA,no,yes,no,none,1000237,10.1038/s41598-020-71933-8,oumbouke,fine scale spatial investigation of multiple insecticide resistance and underlying target?site and metabolic mechanisms in anopheles gambiae in central cÃƒÂ´te dÃ‚Â’ivoire,nature,2020,,NA,yes,authors to provide bioassay data presented in figure one,cote d'ivoire,sessenouan,8.15,-5.283,NA,NA,NA,NA,NA,NA,NA,NA,NA,NA,NA,NA,NA,NA,,point,paper/map,gbÃƒÂ¨kÃƒÂ¨ district,,,yes,itn,yes,,larvae,12,,NA,,NA,,NA,12,,yes,no,no,9,11,2016,2016,,,,,coluzzii_gambiae_m form,,morph,genetic/molecular
NA,no,yes,no,none,1000237,10.1038/s41598-020-71933-8,oumbouke,fine scale spatial investigation of multiple insecticide resistance and underlying target?site and metabolic mechanisms in anopheles gambiae in central cÃƒÂ´te dÃ‚Â’ivoire,nature,2020,,NA,yes,authors to provide bioassay data presented in figure one,cote d'ivoire,akanzakro,80.333,-5.15,NA,NA,NA,NA,NA,NA,NA,NA,NA,NA,NA,NA,NA,NA,,point,paper/map,gbÃƒÂ¨kÃƒÂ¨ district,,,yes,itn,yes,,larvae,2,,NA,,NA,,NA,2,,yes,no,no,9,11,2016,2016,,,,,gambiae_s form_m form,,morph,genetic/molecular
NA,no,yes,no,none,1000237,10.1038/s41598-020-71933-8,oumbouke,fine scale spatial investigation of multiple insecticide resistance and underlying target?site and metabolic mechanisms in anopheles gambiae in central cÃƒÂ´te dÃ‚Â’ivoire,nature,2020,,NA,yes,authors to provide bioassay data presented in figure one,cote d'ivoire,kologonouan,8.1,-5.283,NA,NA,NA,NA,NA,NA,NA,NA,NA,NA,NA,NA,NA,NA,,point,paper/map,gbÃƒÂ¨kÃƒÂ¨ district,,,yes,itn,yes,,larvae,0,,NA,,NA,,NA,0,,no,yes,no,9,11,2016,2016,,,,,gambiae_s form_m form,,morph,genetic/molecular
NA,no,yes,no,none,1000237,10.1038/s41598-020-71933-8,oumbouke,fine scale spatial investigation of multiple insecticide resistance and underlying target?site and metabolic mechanisms in anopheles gambiae in central cÃƒÂ´te dÃ‚Â’ivoire,nature,2020,,NA,yes,authors to provide bioassay data presented in figure one,cote d'ivoire,konzo,7.766,-51.166,NA,NA,NA,NA,NA,NA,NA,NA,NA,NA,NA,NA,NA,NA,,point,paper/map,gbÃƒÂ¨kÃƒÂ¨ district,,,yes,itn,yes,,larvae,0,,NA,,NA,,NA,0,,no,yes,no,9,11,2016,2016,,,,,gambiae_s form_m form,,morph,genetic/molecular
NA,no,yes,no,none,1000237,10.1038/s41598-020-71933-8,oumbouke,fine scale spatial investigation of multiple insecticide resistance and underlying target?site and metabolic mechanisms in anopheles gambiae in central cÃƒÂ´te dÃ‚Â’ivoire,nature,2020,,NA,yes,authors to provide bioassay data presented in figure one,cote d'ivoire,kouakro,8.383,-5.133,NA,NA,NA,NA,NA,NA,NA,NA,NA,NA,NA,NA,NA,NA,,point,paper/map,gbÃƒÂ¨kÃƒÂ¨ district,,,yes,itn,yes,,larvae,0,,NA,,NA,,NA,0,,no,yes,no,9,11,2016,2016,,,,,gambiae_s form_m form,,morph,genetic/molecular
NA,no,yes,no,none,1000237,10.1038/s41598-020-71933-8,oumbouke,fine scale spatial investigation of multiple insecticide resistance and underlying target?site and metabolic mechanisms in anopheles gambiae in central cÃƒÂ´te dÃ‚Â’ivoire,nature,2020,,NA,yes,authors to provide bioassay data presented in figure one,cote d'ivoire,nguessan pokoukro,7.933,-5.333,NA,NA,NA,NA,NA,NA,NA,NA,NA,NA,NA,NA,NA,NA,,point,paper/map,gbÃƒÂ¨kÃƒÂ¨ district,,,yes,itn,yes,,larvae,1,,NA,,NA,,NA,1,,yes,no,no,9,11,2016,2016,,,,,gambiae_s form_m form,,morph,genetic/molecular
NA,no,yes,no,none,1000237,10.1038/s41598-020-71933-8,oumbouke,fine scale spatial investigation of multiple insecticide resistance and underlying target?site and metabolic mechanisms in anopheles gambiae in central cÃƒÂ´te dÃ‚Â’ivoire,nature,2020,,NA,yes,authors to provide bioassay data presented in figure one,cote d'ivoire,saoundi,8.3,-5.433,NA,NA,NA,NA,NA,NA,NA,NA,NA,NA,NA,NA,NA,NA,,point,paper/map,gbÃƒÂ¨kÃƒÂ¨ district,,,yes,itn,yes,,larvae,0,,NA,,NA,,NA,0,,no,yes,no,9,11,2016,2016,,,,,gambiae_s form_m form,,morph,genetic/molecular
NA,no,yes,no,none,1000237,10.1038/s41598-020-71933-8,oumbouke,fine scale spatial investigation of multiple insecticide resistance and underlying target?site and metabolic mechanisms in anopheles gambiae in central cÃƒÂ´te dÃ‚Â’ivoire,nature,2020,,NA,yes,authors to provide bioassay data presented in figure one,cote d'ivoire,seoule ahounze,8.266,-5.7,NA,NA,NA,NA,NA,NA,NA,NA,NA,NA,NA,NA,NA,NA,,point,paper/map,gbÃƒÂ¨kÃƒÂ¨ district,,,yes,itn,yes,,larvae,1,,NA,,NA,,NA,1,,yes,no,no,9,11,2016,2016,,,,,gambiae_s form_m form,,morph,genetic/molecular
NA,no,yes,no,none,1000237,10.1038/s41598-020-71933-8,oumbouke,fine scale spatial investigation of multiple insecticide resistance and underlying target?site and metabolic mechanisms in anopheles gambiae in central cÃƒÂ´te dÃ‚Â’ivoire,nature,2020,,NA,yes,authors to provide bioassay data presented in figure one,cote d'ivoire,sessenouan,8.15,-5.283,NA,NA,NA,NA,NA,NA,NA,NA,NA,NA,NA,NA,NA,NA,,point,paper/map,gbÃƒÂ¨kÃƒÂ¨ district,,,yes,itn,yes,,larvae,1,,NA,,NA,,NA,1,,yes,no,no,9,11,2016,2016,,,,,gambiae_s form_m form,,morph,genetic/molecular
NA,no,yes,no,genotypic,1000237,10.1038/s41598-020-71933-8,oumbouke,fine scale spatial investigation of multiple insecticide resistance and underlying target?site and metabolic mechanisms in anopheles gambiae in central cÃƒÂ´te dÃ‚Â’ivoire,nature,2020,,NA,yes,authors to provide bioassay data presented in figure one,cote d'ivoire,akanzakro,80.333,-5.15,NA,NA,NA,NA,NA,NA,NA,NA,NA,NA,NA,NA,NA,NA,,point,paper/map,gbÃƒÂ¨kÃƒÂ¨ district,,,yes,itn,yes,,larvae,NA,,NA,,NA,,NA,NA,,yes,no,no,9,11,2016,2016,,,,,gambiae_s form_m form,,morph,genetic/molecular
NA,no,yes,no,genotypic,1000237,10.1038/s41598-020-71933-8,oumbouke,fine scale spatial investigation of multiple insecticide resistance and underlying target?site and metabolic mechanisms in anopheles gambiae in central cÃƒÂ´te dÃ‚Â’ivoire,nature,2020,,NA,yes,authors to provide bioassay data presented in figure one,cote d'ivoire,kologonouan,8.1,-5.283,NA,NA,NA,NA,NA,NA,NA,NA,NA,NA,NA,NA,NA,NA,,point,paper/map,gbÃƒÂ¨kÃƒÂ¨ district,,,yes,itn,yes,,larvae,NA,,NA,,NA,,NA,NA,,yes,no,no,9,11,2016,2016,,,,,gambiae_s form,,morph,genetic/molecular
NA,no,yes,no,genotypic,1000237,10.1038/s41598-020-71933-8,oumbouke,fine scale spatial investigation of multiple insecticide resistance and underlying target?site and metabolic mechanisms in anopheles gambiae in central cÃƒÂ´te dÃ‚Â’ivoire,nature,2020,,NA,yes,authors to provide bioassay data presented in figure one,cote d'ivoire,konzo,7.766,-51.166,NA,NA,NA,NA,NA,NA,NA,NA,NA,NA,NA,NA,NA,NA,,point,paper/map,gbÃƒÂ¨kÃƒÂ¨ district,,,yes,itn,yes,,larvae,NA,,NA,,NA,,NA,NA,,yes,no,no,9,11,2016,2016,,,,,gambiae_s form,,morph,genetic/molecular
NA,no,yes,no,genotypic,1000237,10.1038/s41598-020-71933-8,oumbouke,fine scale spatial investigation of multiple insecticide resistance and underlying target?site and metabolic mechanisms in anopheles gambiae in central cÃƒÂ´te dÃ‚Â’ivoire,nature,2020,,NA,yes,authors to provide bioassay data presented in figure one,cote d'ivoire,kouakro,8.383,-5.133,NA,NA,NA,NA,NA,NA,NA,NA,NA,NA,NA,NA,NA,NA,,point,paper/map,gbÃƒÂ¨kÃƒÂ¨ district,,,yes,itn,yes,,larvae,NA,,NA,,NA,,NA,NA,,yes,no,no,9,11,2016,2016,,,,,gambiae_s form,,morph,genetic/molecular
NA,no,yes,no,genotypic,1000237,10.1038/s41598-020-71933-8,oumbouke,fine scale spatial investigation of multiple insecticide resistance and underlying target?site and metabolic mechanisms in anopheles gambiae in central cÃƒÂ´te dÃ‚Â’ivoire,nature,2020,,NA,yes,authors to provide bioassay data presented in figure one,cote d'ivoire,nguessan pokoukro,7.933,-5.333,NA,NA,NA,NA,NA,NA,NA,NA,NA,NA,NA,NA,NA,NA,,point,paper/map,gbÃƒÂ¨kÃƒÂ¨ district,,,yes,itn,yes,,larvae,NA,,NA,,NA,,NA,NA,,yes,no,no,9,11,2016,2016,,,,,gambiae_s form,,morph,genetic/molecular
NA,no,yes,no,genotypic,1000237,10.1038/s41598-020-71933-8,oumbouke,fine scale spatial investigation of multiple insecticide resistance and underlying target?site and metabolic mechanisms in anopheles gambiae in central cÃƒÂ´te dÃ‚Â’ivoire,nature,2020,,NA,yes,authors to provide bioassay data presented in figure one,cote d'ivoire,saoundi,8.3,-5.433,NA,NA,NA,NA,NA,NA,NA,NA,NA,NA,NA,NA,NA,NA,,point,paper/map,gbÃƒÂ¨kÃƒÂ¨ district,,,yes,itn,yes,,larvae,NA,,NA,,NA,,NA,NA,,yes,no,no,9,11,2016,2016,,,,,gambiae_s form,,morph,genetic/molecular
NA,no,yes,no,genotypic,1000237,10.1038/s41598-020-71933-8,oumbouke,fine scale spatial investigation of multiple insecticide resistance and underlying target?site and metabolic mechanisms in anopheles gambiae in central cÃƒÂ´te dÃ‚Â’ivoire,nature,2020,,NA,yes,authors to provide bioassay data presented in figure one,cote d'ivoire,seoule ahounze,8.266,-5.7,NA,NA,NA,NA,NA,NA,NA,NA,NA,NA,NA,NA,NA,NA,,point,paper/map,gbÃƒÂ¨kÃƒÂ¨ district,,,yes,itn,yes,,larvae,NA,,NA,,NA,,NA,NA,,yes,no,no,9,11,2016,2016,,,,,gambiae_s form,,morph,genetic/molecular
NA,no,yes,no,genotypic,1000237,10.1038/s41598-020-71933-8,oumbouke,fine scale spatial investigation of multiple insecticide resistance and underlying target?site and metabolic mechanisms in anopheles gambiae in central cÃƒÂ´te dÃ‚Â’ivoire,nature,2020,,NA,yes,authors to provide bioassay data presented in figure one,cote d'ivoire,sessenouan,8.15,-5.283,NA,NA,NA,NA,NA,NA,NA,NA,NA,NA,NA,NA,NA,NA,,point,paper/map,gbÃƒÂ¨kÃƒÂ¨ district,,,yes,itn,yes,,larvae,NA,,NA,,NA,,NA,NA,,yes,no,no,9,11,2016,2016,,,,,gambiae_s form,,morph,genetic/molecular
NA,no,yes,no,phenotypic,1000237,10.1038/s41598-020-71933-8,oumbouke,fine scale spatial investigation of multiple insecticide resistance and underlying target?site and metabolic mechanisms in anopheles gambiae in central cÃƒÂ´te dÃ‚Â’ivoire,nature,2020,,NA,yes,authors to provide bioassay data presented in figure one,cote d'ivoire,akanzakro,80.333,-5.15,NA,NA,NA,NA,NA,NA,NA,NA,NA,NA,NA,NA,NA,NA,,point,paper/map,gbÃƒÂ¨kÃƒÂ¨ district,,,yes,itn,yes,,larvae,NA,,NA,,NA,,NA,NA,,yes,no,no,9,11,2016,2016,,,,,gambiae complex,,morph,
NA,no,yes,no,phenotypic,1000237,10.1038/s41598-020-71933-8,oumbouke,fine scale spatial investigation of multiple insecticide resistance and underlying target?site and metabolic mechanisms in anopheles gambiae in central cÃƒÂ´te dÃ‚Â’ivoire,nature,2020,,NA,yes,authors to provide bioassay data presented in figure one,cote d'ivoire,akanzakro,80.333,-5.15,NA,NA,NA,NA,NA,NA,NA,NA,NA,NA,NA,NA,NA,NA,,point,paper/map,gbÃƒÂ¨kÃƒÂ¨ district,,,yes,itn,yes,,larvae,NA,,NA,,NA,,NA,NA,,yes,no,no,9,11,2016,2016,,,,,gambiae complex,,morph,
NA,no,yes,no,phenotypic,1000237,10.1038/s41598-020-71933-8,oumbouke,fine scale spatial investigation of multiple insecticide resistance and underlying target?site and metabolic mechanisms in anopheles gambiae in central cÃƒÂ´te dÃ‚Â’ivoire,nature,2020,,NA,yes,authors to provide bioassay data presented in figure one,cote d'ivoire,akanzakro,80.333,-5.15,NA,NA,NA,NA,NA,NA,NA,NA,NA,NA,NA,NA,NA,NA,,point,paper/map,gbÃƒÂ¨kÃƒÂ¨ district,,,yes,itn,yes,,larvae,NA,,NA,,NA,,NA,NA,,yes,no,no,9,11,2016,2016,,,,,gambiae complex,,morph,
NA,no,yes,no,phenotypic,1000237,10.1038/s41598-020-71933-8,oumbouke,fine scale spatial investigation of multiple insecticide resistance and underlying target?site and metabolic mechanisms in anopheles gambiae in central cÃƒÂ´te dÃ‚Â’ivoire,nature,2020,,NA,yes,authors to provide bioassay data presented in figure one,cote d'ivoire,akanzakro,80.333,-5.15,NA,NA,NA,NA,NA,NA,NA,NA,NA,NA,NA,NA,NA,NA,,point,paper/map,gbÃƒÂ¨kÃƒÂ¨ district,,,yes,itn,yes,,larvae,NA,,NA,,NA,,NA,NA,,yes,no,no,9,11,2016,2016,,,,,gambiae complex,,morph,
NA,no,yes,no,phenotypic,1000237,10.1038/s41598-020-71933-8,oumbouke,fine scale spatial investigation of multiple insecticide resistance and underlying target?site and metabolic mechanisms in anopheles gambiae in central cÃƒÂ´te dÃ‚Â’ivoire,nature,2020,,NA,yes,authors to provide bioassay data presented in figure one,cote d'ivoire,akanzakro,80.333,-5.15,NA,NA,NA,NA,NA,NA,NA,NA,NA,NA,NA,NA,NA,NA,,point,paper/map,gbÃƒÂ¨kÃƒÂ¨ district,,,yes,itn,yes,,larvae,NA,,NA,,NA,,NA,NA,,yes,no,no,9,11,2016,2016,,,,,gambiae complex,,morph,
NA,no,yes,no,phenotypic,1000237,10.1038/s41598-020-71933-8,oumbouke,fine scale spatial investigation of multiple insecticide resistance and underlying target?site and metabolic mechanisms in anopheles gambiae in central cÃƒÂ´te dÃ‚Â’ivoire,nature,2020,,NA,yes,authors to provide bioassay data presented in figure one,cote d'ivoire,akanzakro,80.333,-5.15,NA,NA,NA,NA,NA,NA,NA,NA,NA,NA,NA,NA,NA,NA,,point,paper/map,gbÃƒÂ¨kÃƒÂ¨ district,,,yes,itn,yes,,larvae,NA,,NA,,NA,,NA,NA,,yes,no,no,9,11,2016,2016,,,,,gambiae complex,,morph,
NA,no,yes,no,phenotypic,1000237,10.1038/s41598-020-71933-8,oumbouke,fine scale spatial investigation of multiple insecticide resistance and underlying target?site and metabolic mechanisms in anopheles gambiae in central cÃƒÂ´te dÃ‚Â’ivoire,nature,2020,,NA,yes,authors to provide bioassay data presented in figure one,cote d'ivoire,akanzakro,80.333,-5.15,NA,NA,NA,NA,NA,NA,NA,NA,NA,NA,NA,NA,NA,NA,,point,paper/map,gbÃƒÂ¨kÃƒÂ¨ district,,,yes,itn,yes,,larvae,NA,,NA,,NA,,NA,NA,,yes,no,no,9,11,2016,2016,,,,,gambiae complex,,morph,
NA,no,yes,no,phenotypic,1000237,10.1038/s41598-020-71933-8,oumbouke,fine scale spatial investigation of multiple insecticide resistance and underlying target?site and metabolic mechanisms in anopheles gambiae in central cÃƒÂ´te dÃ‚Â’ivoire,nature,2020,,NA,yes,authors to provide bioassay data presented in figure one,cote d'ivoire,akanzakro,80.333,-5.15,NA,NA,NA,NA,NA,NA,NA,NA,NA,NA,NA,NA,NA,NA,,point,paper/map,gbÃƒÂ¨kÃƒÂ¨ district,,,yes,itn,yes,,larvae,NA,,NA,,NA,,NA,NA,,yes,no,no,9,11,2016,2016,,,,,gambiae complex,,morph,
NA,no,yes,no,phenotypic,1000237,10.1038/s41598-020-71933-8,oumbouke,fine scale spatial investigation of multiple insecticide resistance and underlying target?site and metabolic mechanisms in anopheles gambiae in central cÃƒÂ´te dÃ‚Â’ivoire,nature,2020,,NA,yes,authors to provide bioassay data presented in figure one,cote d'ivoire,kologonouan,8.1,-5.283,NA,NA,NA,NA,NA,NA,NA,NA,NA,NA,NA,NA,NA,NA,,point,paper/map,gbÃƒÂ¨kÃƒÂ¨ district,,,yes,itn,yes,,larvae,NA,,NA,,NA,,NA,NA,,yes,no,no,9,11,2016,2016,,,,,gambiae complex,,morph,
NA,no,yes,no,phenotypic,1000237,10.1038/s41598-020-71933-8,oumbouke,fine scale spatial investigation of multiple insecticide resistance and underlying target?site and metabolic mechanisms in anopheles gambiae in central cÃƒÂ´te dÃ‚Â’ivoire,nature,2020,,NA,yes,authors to provide bioassay data presented in figure one,cote d'ivoire,kologonouan,8.1,-5.283,NA,NA,NA,NA,NA,NA,NA,NA,NA,NA,NA,NA,NA,NA,,point,paper/map,gbÃƒÂ¨kÃƒÂ¨ district,,,yes,itn,yes,,larvae,NA,,NA,,NA,,NA,NA,,yes,no,no,9,11,2016,2016,,,,,gambiae complex,,morph,
NA,no,yes,no,phenotypic,1000237,10.1038/s41598-020-71933-8,oumbouke,fine scale spatial investigation of multiple insecticide resistance and underlying target?site and metabolic mechanisms in anopheles gambiae in central cÃƒÂ´te dÃ‚Â’ivoire,nature,2020,,NA,yes,authors to provide bioassay data presented in figure one,cote d'ivoire,kologonouan,8.1,-5.283,NA,NA,NA,NA,NA,NA,NA,NA,NA,NA,NA,NA,NA,NA,,point,paper/map,gbÃƒÂ¨kÃƒÂ¨ district,,,yes,itn,yes,,larvae,NA,,NA,,NA,,NA,NA,,yes,no,no,9,11,2016,2016,,,,,gambiae complex,,morph,
NA,no,yes,no,phenotypic,1000237,10.1038/s41598-020-71933-8,oumbouke,fine scale spatial investigation of multiple insecticide resistance and underlying target?site and metabolic mechanisms in anopheles gambiae in central cÃƒÂ´te dÃ‚Â’ivoire,nature,2020,,NA,yes,authors to provide bioassay data presented in figure one,cote d'ivoire,kologonouan,8.1,-5.283,NA,NA,NA,NA,NA,NA,NA,NA,NA,NA,NA,NA,NA,NA,,point,paper/map,gbÃƒÂ¨kÃƒÂ¨ district,,,yes,itn,yes,,larvae,NA,,NA,,NA,,NA,NA,,yes,no,no,9,11,2016,2016,,,,,gambiae complex,,morph,
NA,no,yes,no,phenotypic,1000237,10.1038/s41598-020-71933-8,oumbouke,fine scale spatial investigation of multiple insecticide resistance and underlying target?site and metabolic mechanisms in anopheles gambiae in central cÃƒÂ´te dÃ‚Â’ivoire,nature,2020,,NA,yes,authors to provide bioassay data presented in figure one,cote d'ivoire,kologonouan,8.1,-5.283,NA,NA,NA,NA,NA,NA,NA,NA,NA,NA,NA,NA,NA,NA,,point,paper/map,gbÃƒÂ¨kÃƒÂ¨ district,,,yes,itn,yes,,larvae,NA,,NA,,NA,,NA,NA,,yes,no,no,9,11,2016,2016,,,,,gambiae complex,,morph,
NA,no,yes,no,phenotypic,1000237,10.1038/s41598-020-71933-8,oumbouke,fine scale spatial investigation of multiple insecticide resistance and underlying target?site and metabolic mechanisms in anopheles gambiae in central cÃƒÂ´te dÃ‚Â’ivoire,nature,2020,,NA,yes,authors to provide bioassay data presented in figure one,cote d'ivoire,kologonouan,8.1,-5.283,NA,NA,NA,NA,NA,NA,NA,NA,NA,NA,NA,NA,NA,NA,,point,paper/map,gbÃƒÂ¨kÃƒÂ¨ district,,,yes,itn,yes,,larvae,NA,,NA,,NA,,NA,NA,,yes,no,no,9,11,2016,2016,,,,,gambiae complex,,morph,
NA,no,yes,no,phenotypic,1000237,10.1038/s41598-020-71933-8,oumbouke,fine scale spatial investigation of multiple insecticide resistance and underlying target?site and metabolic mechanisms in anopheles gambiae in central cÃƒÂ´te dÃ‚Â’ivoire,nature,2020,,NA,yes,authors to provide bioassay data presented in figure one,cote d'ivoire,kologonouan,8.1,-5.283,NA,NA,NA,NA,NA,NA,NA,NA,NA,NA,NA,NA,NA,NA,,point,paper/map,gbÃƒÂ¨kÃƒÂ¨ district,,,yes,itn,yes,,larvae,NA,,NA,,NA,,NA,NA,,yes,no,no,9,11,2016,2016,,,,,gambiae complex,,morph,
NA,no,yes,no,phenotypic,1000237,10.1038/s41598-020-71933-8,oumbouke,fine scale spatial investigation of multiple insecticide resistance and underlying target?site and metabolic mechanisms in anopheles gambiae in central cÃƒÂ´te dÃ‚Â’ivoire,nature,2020,,NA,yes,authors to provide bioassay data presented in figure one,cote d'ivoire,konzo,7.766,-51.166,NA,NA,NA,NA,NA,NA,NA,NA,NA,NA,NA,NA,NA,NA,,point,paper/map,gbÃƒÂ¨kÃƒÂ¨ district,,,yes,itn,yes,,larvae,NA,,NA,,NA,,NA,NA,,yes,no,no,9,11,2016,2016,,,,,gambiae complex,,morph,
NA,no,yes,no,phenotypic,1000237,10.1038/s41598-020-71933-8,oumbouke,fine scale spatial investigation of multiple insecticide resistance and underlying target?site and metabolic mechanisms in anopheles gambiae in central cÃƒÂ´te dÃ‚Â’ivoire,nature,2020,,NA,yes,authors to provide bioassay data presented in figure one,cote d'ivoire,konzo,7.766,-51.166,NA,NA,NA,NA,NA,NA,NA,NA,NA,NA,NA,NA,NA,NA,,point,paper/map,gbÃƒÂ¨kÃƒÂ¨ district,,,yes,itn,yes,,larvae,NA,,NA,,NA,,NA,NA,,yes,no,no,9,11,2016,2016,,,,,gambiae complex,,morph,
NA,no,yes,no,phenotypic,1000237,10.1038/s41598-020-71933-8,oumbouke,fine scale spatial investigation of multiple insecticide resistance and underlying target?site and metabolic mechanisms in anopheles gambiae in central cÃƒÂ´te dÃ‚Â’ivoire,nature,2020,,NA,yes,authors to provide bioassay data presented in figure one,cote d'ivoire,konzo,7.766,-51.166,NA,NA,NA,NA,NA,NA,NA,NA,NA,NA,NA,NA,NA,NA,,point,paper/map,gbÃƒÂ¨kÃƒÂ¨ district,,,yes,itn,yes,,larvae,NA,,NA,,NA,,NA,NA,,yes,no,no,9,11,2016,2016,,,,,gambiae complex,,morph,
NA,no,yes,no,phenotypic,1000237,10.1038/s41598-020-71933-8,oumbouke,fine scale spatial investigation of multiple insecticide resistance and underlying target?site and metabolic mechanisms in anopheles gambiae in central cÃƒÂ´te dÃ‚Â’ivoire,nature,2020,,NA,yes,authors to provide bioassay data presented in figure one,cote d'ivoire,konzo,7.766,-51.166,NA,NA,NA,NA,NA,NA,NA,NA,NA,NA,NA,NA,NA,NA,,point,paper/map,gbÃƒÂ¨kÃƒÂ¨ district,,,yes,itn,yes,,larvae,NA,,NA,,NA,,NA,NA,,yes,no,no,9,11,2016,2016,,,,,gambiae complex,,morph,
NA,no,yes,no,phenotypic,1000237,10.1038/s41598-020-71933-8,oumbouke,fine scale spatial investigation of multiple insecticide resistance and underlying target?site and metabolic mechanisms in anopheles gambiae in central cÃƒÂ´te dÃ‚Â’ivoire,nature,2020,,NA,yes,authors to provide bioassay data presented in figure one,cote d'ivoire,konzo,7.766,-51.166,NA,NA,NA,NA,NA,NA,NA,NA,NA,NA,NA,NA,NA,NA,,point,paper/map,gbÃƒÂ¨kÃƒÂ¨ district,,,yes,itn,yes,,larvae,NA,,NA,,NA,,NA,NA,,yes,no,no,9,11,2016,2016,,,,,gambiae complex,,morph,
NA,no,yes,no,phenotypic,1000237,10.1038/s41598-020-71933-8,oumbouke,fine scale spatial investigation of multiple insecticide resistance and underlying target?site and metabolic mechanisms in anopheles gambiae in central cÃƒÂ´te dÃ‚Â’ivoire,nature,2020,,NA,yes,authors to provide bioassay data presented in figure one,cote d'ivoire,konzo,7.766,-51.166,NA,NA,NA,NA,NA,NA,NA,NA,NA,NA,NA,NA,NA,NA,,point,paper/map,gbÃƒÂ¨kÃƒÂ¨ district,,,yes,itn,yes,,larvae,NA,,NA,,NA,,NA,NA,,yes,no,no,9,11,2016,2016,,,,,gambiae complex,,morph,
NA,no,yes,no,phenotypic,1000237,10.1038/s41598-020-71933-8,oumbouke,fine scale spatial investigation of multiple insecticide resistance and underlying target?site and metabolic mechanisms in anopheles gambiae in central cÃƒÂ´te dÃ‚Â’ivoire,nature,2020,,NA,yes,authors to provide bioassay data presented in figure one,cote d'ivoire,konzo,7.766,-51.166,NA,NA,NA,NA,NA,NA,NA,NA,NA,NA,NA,NA,NA,NA,,point,paper/map,gbÃƒÂ¨kÃƒÂ¨ district,,,yes,itn,yes,,larvae,NA,,NA,,NA,,NA,NA,,yes,no,no,9,11,2016,2016,,,,,gambiae complex,,morph,
NA,no,yes,no,phenotypic,1000237,10.1038/s41598-020-71933-8,oumbouke,fine scale spatial investigation of multiple insecticide resistance and underlying target?site and metabolic mechanisms in anopheles gambiae in central cÃƒÂ´te dÃ‚Â’ivoire,nature,2020,,NA,yes,authors to provide bioassay data presented in figure one,cote d'ivoire,kouakro,8.383,-5.133,NA,NA,NA,NA,NA,NA,NA,NA,NA,NA,NA,NA,NA,NA,,point,paper/map,gbÃƒÂ¨kÃƒÂ¨ district,,,yes,itn,yes,,larvae,NA,,NA,,NA,,NA,NA,,yes,no,no,9,11,2016,2016,,,,,gambiae complex,,morph,
NA,no,yes,no,phenotypic,1000237,10.1038/s41598-020-71933-8,oumbouke,fine scale spatial investigation of multiple insecticide resistance and underlying target?site and metabolic mechanisms in anopheles gambiae in central cÃƒÂ´te dÃ‚Â’ivoire,nature,2020,,NA,yes,authors to provide bioassay data presented in figure one,cote d'ivoire,kouakro,8.383,-5.133,NA,NA,NA,NA,NA,NA,NA,NA,NA,NA,NA,NA,NA,NA,,point,paper/map,gbÃƒÂ¨kÃƒÂ¨ district,,,yes,itn,yes,,larvae,NA,,NA,,NA,,NA,NA,,yes,no,no,9,11,2016,2016,,,,,gambiae complex,,morph,
NA,no,yes,no,phenotypic,1000237,10.1038/s41598-020-71933-8,oumbouke,fine scale spatial investigation of multiple insecticide resistance and underlying target?site and metabolic mechanisms in anopheles gambiae in central cÃƒÂ´te dÃ‚Â’ivoire,nature,2020,,NA,yes,authors to provide bioassay data presented in figure one,cote d'ivoire,kouakro,8.383,-5.133,NA,NA,NA,NA,NA,NA,NA,NA,NA,NA,NA,NA,NA,NA,,point,paper/map,gbÃƒÂ¨kÃƒÂ¨ district,,,yes,itn,yes,,larvae,NA,,NA,,NA,,NA,NA,,yes,no,no,9,11,2016,2016,,,,,gambiae complex,,morph,
NA,no,yes,no,phenotypic,1000237,10.1038/s41598-020-71933-8,oumbouke,fine scale spatial investigation of multiple insecticide resistance and underlying target?site and metabolic mechanisms in anopheles gambiae in central cÃƒÂ´te dÃ‚Â’ivoire,nature,2020,,NA,yes,authors to provide bioassay data presented in figure one,cote d'ivoire,kouakro,8.383,-5.133,NA,NA,NA,NA,NA,NA,NA,NA,NA,NA,NA,NA,NA,NA,,point,paper/map,gbÃƒÂ¨kÃƒÂ¨ district,,,yes,itn,yes,,larvae,NA,,NA,,NA,,NA,NA,,yes,no,no,9,11,2016,2016,,,,,gambiae complex,,morph,
NA,no,yes,no,phenotypic,1000237,10.1038/s41598-020-71933-8,oumbouke,fine scale spatial investigation of multiple insecticide resistance and underlying target?site and metabolic mechanisms in anopheles gambiae in central cÃƒÂ´te dÃ‚Â’ivoire,nature,2020,,NA,yes,authors to provide bioassay data presented in figure one,cote d'ivoire,kouakro,8.383,-5.133,NA,NA,NA,NA,NA,NA,NA,NA,NA,NA,NA,NA,NA,NA,,point,paper/map,gbÃƒÂ¨kÃƒÂ¨ district,,,yes,itn,yes,,larvae,NA,,NA,,NA,,NA,NA,,yes,no,no,9,11,2016,2016,,,,,gambiae complex,,morph,
NA,no,yes,no,phenotypic,1000237,10.1038/s41598-020-71933-8,oumbouke,fine scale spatial investigation of multiple insecticide resistance and underlying target?site and metabolic mechanisms in anopheles gambiae in central cÃƒÂ´te dÃ‚Â’ivoire,nature,2020,,NA,yes,authors to provide bioassay data presented in figure one,cote d'ivoire,kouakro,8.383,-5.133,NA,NA,NA,NA,NA,NA,NA,NA,NA,NA,NA,NA,NA,NA,,point,paper/map,gbÃƒÂ¨kÃƒÂ¨ district,,,yes,itn,yes,,larvae,NA,,NA,,NA,,NA,NA,,yes,no,no,9,11,2016,2016,,,,,gambiae complex,,morph,
NA,no,yes,no,phenotypic,1000237,10.1038/s41598-020-71933-8,oumbouke,fine scale spatial investigation of multiple insecticide resistance and underlying target?site and metabolic mechanisms in anopheles gambiae in central cÃƒÂ´te dÃ‚Â’ivoire,nature,2020,,NA,yes,authors to provide bioassay data presented in figure one,cote d'ivoire,nguessan pokoukro,7.933,-5.333,NA,NA,NA,NA,NA,NA,NA,NA,NA,NA,NA,NA,NA,NA,,point,paper/map,gbÃƒÂ¨kÃƒÂ¨ district,,,yes,itn,yes,,larvae,NA,,NA,,NA,,NA,NA,,yes,no,no,9,11,2016,2016,,,,,gambiae complex,,morph,
NA,no,yes,no,phenotypic,1000237,10.1038/s41598-020-71933-8,oumbouke,fine scale spatial investigation of multiple insecticide resistance and underlying target?site and metabolic mechanisms in anopheles gambiae in central cÃƒÂ´te dÃ‚Â’ivoire,nature,2020,,NA,yes,authors to provide bioassay data presented in figure one,cote d'ivoire,nguessan pokoukro,7.933,-5.333,NA,NA,NA,NA,NA,NA,NA,NA,NA,NA,NA,NA,NA,NA,,point,paper/map,gbÃƒÂ¨kÃƒÂ¨ district,,,yes,itn,yes,,larvae,NA,,NA,,NA,,NA,NA,,yes,no,no,9,11,2016,2016,,,,,gambiae complex,,morph,
NA,no,yes,no,phenotypic,1000237,10.1038/s41598-020-71933-8,oumbouke,fine scale spatial investigation of multiple insecticide resistance and underlying target?site and metabolic mechanisms in anopheles gambiae in central cÃƒÂ´te dÃ‚Â’ivoire,nature,2020,,NA,yes,authors to provide bioassay data presented in figure one,cote d'ivoire,nguessan pokoukro,7.933,-5.333,NA,NA,NA,NA,NA,NA,NA,NA,NA,NA,NA,NA,NA,NA,,point,paper/map,gbÃƒÂ¨kÃƒÂ¨ district,,,yes,itn,yes,,larvae,NA,,NA,,NA,,NA,NA,,yes,no,no,9,11,2016,2016,,,,,gambiae complex,,morph,
NA,no,yes,no,phenotypic,1000237,10.1038/s41598-020-71933-8,oumbouke,fine scale spatial investigation of multiple insecticide resistance and underlying target?site and metabolic mechanisms in anopheles gambiae in central cÃƒÂ´te dÃ‚Â’ivoire,nature,2020,,NA,yes,authors to provide bioassay data presented in figure one,cote d'ivoire,nguessan pokoukro,7.933,-5.333,NA,NA,NA,NA,NA,NA,NA,NA,NA,NA,NA,NA,NA,NA,,point,paper/map,gbÃƒÂ¨kÃƒÂ¨ district,,,yes,itn,yes,,larvae,NA,,NA,,NA,,NA,NA,,yes,no,no,9,11,2016,2016,,,,,gambiae complex,,morph,
NA,no,yes,no,phenotypic,1000237,10.1038/s41598-020-71933-8,oumbouke,fine scale spatial investigation of multiple insecticide resistance and underlying target?site and metabolic mechanisms in anopheles gambiae in central cÃƒÂ´te dÃ‚Â’ivoire,nature,2020,,NA,yes,authors to provide bioassay data presented in figure one,cote d'ivoire,nguessan pokoukro,7.933,-5.333,NA,NA,NA,NA,NA,NA,NA,NA,NA,NA,NA,NA,NA,NA,,point,paper/map,gbÃƒÂ¨kÃƒÂ¨ district,,,yes,itn,yes,,larvae,NA,,NA,,NA,,NA,NA,,yes,no,no,9,11,2016,2016,,,,,gambiae complex,,morph,
NA,no,yes,no,phenotypic,1000237,10.1038/s41598-020-71933-8,oumbouke,fine scale spatial investigation of multiple insecticide resistance and underlying target?site and metabolic mechanisms in anopheles gambiae in central cÃƒÂ´te dÃ‚Â’ivoire,nature,2020,,NA,yes,authors to provide bioassay data presented in figure one,cote d'ivoire,nguessan pokoukro,7.933,-5.333,NA,NA,NA,NA,NA,NA,NA,NA,NA,NA,NA,NA,NA,NA,,point,paper/map,gbÃƒÂ¨kÃƒÂ¨ district,,,yes,itn,yes,,larvae,NA,,NA,,NA,,NA,NA,,yes,no,no,9,11,2016,2016,,,,,gambiae complex,,morph,
NA,no,yes,no,phenotypic,1000237,10.1038/s41598-020-71933-8,oumbouke,fine scale spatial investigation of multiple insecticide resistance and underlying target?site and metabolic mechanisms in anopheles gambiae in central cÃƒÂ´te dÃ‚Â’ivoire,nature,2020,,NA,yes,authors to provide bioassay data presented in figure one,cote d'ivoire,nguessan pokoukro,7.933,-5.333,NA,NA,NA,NA,NA,NA,NA,NA,NA,NA,NA,NA,NA,NA,,point,paper/map,gbÃƒÂ¨kÃƒÂ¨ district,,,yes,itn,yes,,larvae,NA,,NA,,NA,,NA,NA,,yes,no,no,9,11,2016,2016,,,,,gambiae complex,,morph,
NA,no,yes,no,phenotypic,1000237,10.1038/s41598-020-71933-8,oumbouke,fine scale spatial investigation of multiple insecticide resistance and underlying target?site and metabolic mechanisms in anopheles gambiae in central cÃƒÂ´te dÃ‚Â’ivoire,nature,2020,,NA,yes,authors to provide bioassay data presented in figure one,cote d'ivoire,saoundi,8.3,-5.433,NA,NA,NA,NA,NA,NA,NA,NA,NA,NA,NA,NA,NA,NA,,point,paper/map,gbÃƒÂ¨kÃƒÂ¨ district,,,yes,itn,yes,,larvae,NA,,NA,,NA,,NA,NA,,yes,no,no,9,11,2016,2016,,,,,gambiae complex,,morph,
NA,no,yes,no,phenotypic,1000237,10.1038/s41598-020-71933-8,oumbouke,fine scale spatial investigation of multiple insecticide resistance and underlying target?site and metabolic mechanisms in anopheles gambiae in central cÃƒÂ´te dÃ‚Â’ivoire,nature,2020,,NA,yes,authors to provide bioassay data presented in figure one,cote d'ivoire,saoundi,8.3,-5.433,NA,NA,NA,NA,NA,NA,NA,NA,NA,NA,NA,NA,NA,NA,,point,paper/map,gbÃƒÂ¨kÃƒÂ¨ district,,,yes,itn,yes,,larvae,NA,,NA,,NA,,NA,NA,,yes,no,no,9,11,2016,2016,,,,,gambiae complex,,morph,
NA,no,yes,no,phenotypic,1000237,10.1038/s41598-020-71933-8,oumbouke,fine scale spatial investigation of multiple insecticide resistance and underlying target?site and metabolic mechanisms in anopheles gambiae in central cÃƒÂ´te dÃ‚Â’ivoire,nature,2020,,NA,yes,authors to provide bioassay data presented in figure one,cote d'ivoire,saoundi,8.3,-5.433,NA,NA,NA,NA,NA,NA,NA,NA,NA,NA,NA,NA,NA,NA,,point,paper/map,gbÃƒÂ¨kÃƒÂ¨ district,,,yes,itn,yes,,larvae,NA,,NA,,NA,,NA,NA,,yes,no,no,9,11,2016,2016,,,,,gambiae complex,,morph,
NA,no,yes,no,phenotypic,1000237,10.1038/s41598-020-71933-8,oumbouke,fine scale spatial investigation of multiple insecticide resistance and underlying target?site and metabolic mechanisms in anopheles gambiae in central cÃƒÂ´te dÃ‚Â’ivoire,nature,2020,,NA,yes,authors to provide bioassay data presented in figure one,cote d'ivoire,saoundi,8.3,-5.433,NA,NA,NA,NA,NA,NA,NA,NA,NA,NA,NA,NA,NA,NA,,point,paper/map,gbÃƒÂ¨kÃƒÂ¨ district,,,yes,itn,yes,,larvae,NA,,NA,,NA,,NA,NA,,yes,no,no,9,11,2016,2016,,,,,gambiae complex,,morph,
NA,no,yes,no,phenotypic,1000237,10.1038/s41598-020-71933-8,oumbouke,fine scale spatial investigation of multiple insecticide resistance and underlying target?site and metabolic mechanisms in anopheles gambiae in central cÃƒÂ´te dÃ‚Â’ivoire,nature,2020,,NA,yes,authors to provide bioassay data presented in figure one,cote d'ivoire,saoundi,8.3,-5.433,NA,NA,NA,NA,NA,NA,NA,NA,NA,NA,NA,NA,NA,NA,,point,paper/map,gbÃƒÂ¨kÃƒÂ¨ district,,,yes,itn,yes,,larvae,NA,,NA,,NA,,NA,NA,,yes,no,no,9,11,2016,2016,,,,,gambiae complex,,morph,
NA,no,yes,no,phenotypic,1000237,10.1038/s41598-020-71933-8,oumbouke,fine scale spatial investigation of multiple insecticide resistance and underlying target?site and metabolic mechanisms in anopheles gambiae in central cÃƒÂ´te dÃ‚Â’ivoire,nature,2020,,NA,yes,authors to provide bioassay data presented in figure one,cote d'ivoire,saoundi,8.3,-5.433,NA,NA,NA,NA,NA,NA,NA,NA,NA,NA,NA,NA,NA,NA,,point,paper/map,gbÃƒÂ¨kÃƒÂ¨ district,,,yes,itn,yes,,larvae,NA,,NA,,NA,,NA,NA,,yes,no,no,9,11,2016,2016,,,,,gambiae complex,,morph,
NA,no,yes,no,phenotypic,1000237,10.1038/s41598-020-71933-8,oumbouke,fine scale spatial investigation of multiple insecticide resistance and underlying target?site and metabolic mechanisms in anopheles gambiae in central cÃƒÂ´te dÃ‚Â’ivoire,nature,2020,,NA,yes,authors to provide bioassay data presented in figure one,cote d'ivoire,saoundi,8.3,-5.433,NA,NA,NA,NA,NA,NA,NA,NA,NA,NA,NA,NA,NA,NA,,point,paper/map,gbÃƒÂ¨kÃƒÂ¨ district,,,yes,itn,yes,,larvae,NA,,NA,,NA,,NA,NA,,yes,no,no,9,11,2016,2016,,,,,gambiae complex,,morph,
NA,no,yes,no,phenotypic,1000237,10.1038/s41598-020-71933-8,oumbouke,fine scale spatial investigation of multiple insecticide resistance and underlying target?site and metabolic mechanisms in anopheles gambiae in central cÃƒÂ´te dÃ‚Â’ivoire,nature,2020,,NA,yes,authors to provide bioassay data presented in figure one,cote d'ivoire,saoundi,8.3,-5.433,NA,NA,NA,NA,NA,NA,NA,NA,NA,NA,NA,NA,NA,NA,,point,paper/map,gbÃƒÂ¨kÃƒÂ¨ district,,,yes,itn,yes,,larvae,NA,,NA,,NA,,NA,NA,,yes,no,no,9,11,2016,2016,,,,,gambiae complex,,morph,
NA,no,yes,no,phenotypic,1000237,10.1038/s41598-020-71933-8,oumbouke,fine scale spatial investigation of multiple insecticide resistance and underlying target?site and metabolic mechanisms in anopheles gambiae in central cÃƒÂ´te dÃ‚Â’ivoire,nature,2020,,NA,yes,authors to provide bioassay data presented in figure one,cote d'ivoire,seoule ahounze,8.266,-5.7,NA,NA,NA,NA,NA,NA,NA,NA,NA,NA,NA,NA,NA,NA,,point,paper/map,gbÃƒÂ¨kÃƒÂ¨ district,,,yes,itn,yes,,larvae,NA,,NA,,NA,,NA,NA,,yes,no,no,9,11,2016,2016,,,,,gambiae complex,,morph,
NA,no,yes,no,phenotypic,1000237,10.1038/s41598-020-71933-8,oumbouke,fine scale spatial investigation of multiple insecticide resistance and underlying target?site and metabolic mechanisms in anopheles gambiae in central cÃƒÂ´te dÃ‚Â’ivoire,nature,2020,,NA,yes,authors to provide bioassay data presented in figure one,cote d'ivoire,seoule ahounze,8.266,-5.7,NA,NA,NA,NA,NA,NA,NA,NA,NA,NA,NA,NA,NA,NA,,point,paper/map,gbÃƒÂ¨kÃƒÂ¨ district,,,yes,itn,yes,,larvae,NA,,NA,,NA,,NA,NA,,yes,no,no,9,11,2016,2016,,,,,gambiae complex,,morph,
NA,no,yes,no,phenotypic,1000237,10.1038/s41598-020-71933-8,oumbouke,fine scale spatial investigation of multiple insecticide resistance and underlying target?site and metabolic mechanisms in anopheles gambiae in central cÃƒÂ´te dÃ‚Â’ivoire,nature,2020,,NA,yes,authors to provide bioassay data presented in figure one,cote d'ivoire,seoule ahounze,8.266,-5.7,NA,NA,NA,NA,NA,NA,NA,NA,NA,NA,NA,NA,NA,NA,,point,paper/map,gbÃƒÂ¨kÃƒÂ¨ district,,,yes,itn,yes,,larvae,NA,,NA,,NA,,NA,NA,,yes,no,no,9,11,2016,2016,,,,,gambiae complex,,morph,
NA,no,yes,no,phenotypic,1000237,10.1038/s41598-020-71933-8,oumbouke,fine scale spatial investigation of multiple insecticide resistance and underlying target?site and metabolic mechanisms in anopheles gambiae in central cÃƒÂ´te dÃ‚Â’ivoire,nature,2020,,NA,yes,authors to provide bioassay data presented in figure one,cote d'ivoire,seoule ahounze,8.266,-5.7,NA,NA,NA,NA,NA,NA,NA,NA,NA,NA,NA,NA,NA,NA,,point,paper/map,gbÃƒÂ¨kÃƒÂ¨ district,,,yes,itn,yes,,larvae,NA,,NA,,NA,,NA,NA,,yes,no,no,9,11,2016,2016,,,,,gambiae complex,,morph,
NA,no,yes,no,phenotypic,1000237,10.1038/s41598-020-71933-8,oumbouke,fine scale spatial investigation of multiple insecticide resistance and underlying target?site and metabolic mechanisms in anopheles gambiae in central cÃƒÂ´te dÃ‚Â’ivoire,nature,2020,,NA,yes,authors to provide bioassay data presented in figure one,cote d'ivoire,seoule ahounze,8.266,-5.7,NA,NA,NA,NA,NA,NA,NA,NA,NA,NA,NA,NA,NA,NA,,point,paper/map,gbÃƒÂ¨kÃƒÂ¨ district,,,yes,itn,yes,,larvae,NA,,NA,,NA,,NA,NA,,yes,no,no,9,11,2016,2016,,,,,gambiae complex,,morph,
NA,no,yes,no,phenotypic,1000237,10.1038/s41598-020-71933-8,oumbouke,fine scale spatial investigation of multiple insecticide resistance and underlying target?site and metabolic mechanisms in anopheles gambiae in central cÃƒÂ´te dÃ‚Â’ivoire,nature,2020,,NA,yes,authors to provide bioassay data presented in figure one,cote d'ivoire,seoule ahounze,8.266,-5.7,NA,NA,NA,NA,NA,NA,NA,NA,NA,NA,NA,NA,NA,NA,,point,paper/map,gbÃƒÂ¨kÃƒÂ¨ district,,,yes,itn,yes,,larvae,NA,,NA,,NA,,NA,NA,,yes,no,no,9,11,2016,2016,,,,,gambiae complex,,morph,
NA,no,yes,no,phenotypic,1000237,10.1038/s41598-020-71933-8,oumbouke,fine scale spatial investigation of multiple insecticide resistance and underlying target?site and metabolic mechanisms in anopheles gambiae in central cÃƒÂ´te dÃ‚Â’ivoire,nature,2020,,NA,yes,authors to provide bioassay data presented in figure one,cote d'ivoire,seoule ahounze,8.266,-5.7,NA,NA,NA,NA,NA,NA,NA,NA,NA,NA,NA,NA,NA,NA,,point,paper/map,gbÃƒÂ¨kÃƒÂ¨ district,,,yes,itn,yes,,larvae,NA,,NA,,NA,,NA,NA,,yes,no,no,9,11,2016,2016,,,,,gambiae complex,,morph,
NA,no,yes,no,phenotypic,1000237,10.1038/s41598-020-71933-8,oumbouke,fine scale spatial investigation of multiple insecticide resistance and underlying target?site and metabolic mechanisms in anopheles gambiae in central cÃƒÂ´te dÃ‚Â’ivoire,nature,2020,,NA,yes,authors to provide bioassay data presented in figure one,cote d'ivoire,sessenouan,8.15,-5.283,NA,NA,NA,NA,NA,NA,NA,NA,NA,NA,NA,NA,NA,NA,,point,paper/map,gbÃƒÂ¨kÃƒÂ¨ district,,,yes,itn,yes,,larvae,NA,,NA,,NA,,NA,NA,,yes,no,no,9,11,2016,2016,,,,,gambiae complex,,morph,
NA,no,yes,no,phenotypic,1000237,10.1038/s41598-020-71933-8,oumbouke,fine scale spatial investigation of multiple insecticide resistance and underlying target?site and metabolic mechanisms in anopheles gambiae in central cÃƒÂ´te dÃ‚Â’ivoire,nature,2020,,NA,yes,authors to provide bioassay data presented in figure one,cote d'ivoire,sessenouan,8.15,-5.283,NA,NA,NA,NA,NA,NA,NA,NA,NA,NA,NA,NA,NA,NA,,point,paper/map,gbÃƒÂ¨kÃƒÂ¨ district,,,yes,itn,yes,,larvae,NA,,NA,,NA,,NA,NA,,yes,no,no,9,11,2016,2016,,,,,gambiae complex,,morph,
NA,no,yes,no,phenotypic,1000237,10.1038/s41598-020-71933-8,oumbouke,fine scale spatial investigation of multiple insecticide resistance and underlying target?site and metabolic mechanisms in anopheles gambiae in central cÃƒÂ´te dÃ‚Â’ivoire,nature,2020,,NA,yes,authors to provide bioassay data presented in figure one,cote d'ivoire,sessenouan,8.15,-5.283,NA,NA,NA,NA,NA,NA,NA,NA,NA,NA,NA,NA,NA,NA,,point,paper/map,gbÃƒÂ¨kÃƒÂ¨ district,,,yes,itn,yes,,larvae,NA,,NA,,NA,,NA,NA,,yes,no,no,9,11,2016,2016,,,,,gambiae complex,,morph,
NA,no,yes,no,phenotypic,1000237,10.1038/s41598-020-71933-8,oumbouke,fine scale spatial investigation of multiple insecticide resistance and underlying target?site and metabolic mechanisms in anopheles gambiae in central cÃƒÂ´te dÃ‚Â’ivoire,nature,2020,,NA,yes,authors to provide bioassay data presented in figure one,cote d'ivoire,sessenouan,8.15,-5.283,NA,NA,NA,NA,NA,NA,NA,NA,NA,NA,NA,NA,NA,NA,,point,paper/map,gbÃƒÂ¨kÃƒÂ¨ district,,,yes,itn,yes,,larvae,NA,,NA,,NA,,NA,NA,,yes,no,no,9,11,2016,2016,,,,,gambiae complex,,morph,
NA,no,yes,no,phenotypic,1000237,10.1038/s41598-020-71933-8,oumbouke,fine scale spatial investigation of multiple insecticide resistance and underlying target?site and metabolic mechanisms in anopheles gambiae in central cÃƒÂ´te dÃ‚Â’ivoire,nature,2020,,NA,yes,authors to provide bioassay data presented in figure one,cote d'ivoire,sessenouan,8.15,-5.283,NA,NA,NA,NA,NA,NA,NA,NA,NA,NA,NA,NA,NA,NA,,point,paper/map,gbÃƒÂ¨kÃƒÂ¨ district,,,yes,itn,yes,,larvae,NA,,NA,,NA,,NA,NA,,yes,no,no,9,11,2016,2016,,,,,gambiae complex,,morph,
NA,no,yes,no,phenotypic,1000237,10.1038/s41598-020-71933-8,oumbouke,fine scale spatial investigation of multiple insecticide resistance and underlying target?site and metabolic mechanisms in anopheles gambiae in central cÃƒÂ´te dÃ‚Â’ivoire,nature,2020,,NA,yes,authors to provide bioassay data presented in figure one,cote d'ivoire,sessenouan,8.15,-5.283,NA,NA,NA,NA,NA,NA,NA,NA,NA,NA,NA,NA,NA,NA,,point,paper/map,gbÃƒÂ¨kÃƒÂ¨ district,,,yes,itn,yes,,larvae,NA,,NA,,NA,,NA,NA,,yes,no,no,9,11,2016,2016,,,,,gambiae complex,,morph,
NA,no,yes,no,phenotypic,1000237,10.1038/s41598-020-71933-8,oumbouke,fine scale spatial investigation of multiple insecticide resistance and underlying target?site and metabolic mechanisms in anopheles gambiae in central cÃƒÂ´te dÃ‚Â’ivoire,nature,2020,,NA,yes,authors to provide bioassay data presented in figure one,cote d'ivoire,sessenouan,8.15,-5.283,NA,NA,NA,NA,NA,NA,NA,NA,NA,NA,NA,NA,NA,NA,,point,paper/map,gbÃƒÂ¨kÃƒÂ¨ district,,,yes,itn,yes,,larvae,NA,,NA,,NA,,NA,NA,,yes,no,no,9,11,2016,2016,,,,,gambiae complex,,morph,
NA,no,yes,no,none,1000246,10.1111/jvec,johnson,"mosquito community composition and abundance at contrasting sites in northern south africa, 2014Ã‚Â–2066",journal of vector ecology,2020,,NA,yes,to provide sampling months for the provided abundance data,south africa,orpen,-2.448.216,313.858,NA,NA,NA,NA,NA,NA,NA,NA,NA,NA,NA,NA,NA,NA,,point,paper/map,,,,na,na,na,,cdc-lt,NA,tent trap,NA,,NA,,NA,16,"source mentions using other sampling methods i.e mosquitoes were collected using oral suction tubes, polystyrene cups, and two types of co2-baited traps: centers for disease control (cdc) (newhouse et al. 1966) miniature light traps and mosquito tent traps (mtt). ",yes,no,yes,NA,NA,2014,2017,,,,source provides annual trainfull for the different sites,coustani,,morph,genetic/molecular
NA,no,yes,no,none,1000246,10.1111/jvec,johnson,"mosquito community composition and abundance at contrasting sites in northern south africa, 2014Ã‚Â–2067",journal of vector ecology,2020,,NA,yes,to provide sampling months for the provided abundance data,south africa,orpen,-2.448.216,313.858,NA,NA,NA,NA,NA,NA,NA,NA,NA,NA,NA,NA,NA,NA,,point,paper/map,,,,na,na,na,,cdc-lt,NA,tent trap,NA,,NA,,NA,2,"source mentions using other sampling methods i.e mosquitoes were collected using oral suction tubes, polystyrene cups, and two types of co2-baited traps: centers for disease control (cdc) (newhouse et al. 1966) miniature light traps and mosquito tent traps (mtt). ",yes,no,yes,NA,NA,2014,2017,,,,source provides annual trainfull for the different sites,funestus complex,,morph,genetic/molecular
NA,no,yes,no,none,1000246,10.1111/jvec,johnson,"mosquito community composition and abundance at contrasting sites in northern south africa, 2014Ã‚Â–2068",journal of vector ecology,2020,,NA,yes,to provide sampling months for the provided abundance data,south africa,orpen,-2.448.216,313.858,NA,NA,NA,NA,NA,NA,NA,NA,NA,NA,NA,NA,NA,NA,,point,paper/map,,,,na,na,na,,cdc-lt,NA,tent trap,NA,,NA,,NA,0,"source mentions using other sampling methods i.e mosquitoes were collected using oral suction tubes, polystyrene cups, and two types of co2-baited traps: centers for disease control (cdc) (newhouse et al. 1966) miniature light traps and mosquito tent traps (mtt). ",yes,no,yes,NA,NA,2014,2017,,,,source provides annual trainfull for the different sites,gambiae complex,,morph,genetic/molecular
NA,no,yes,no,none,1000246,10.1111/jvec,johnson,"mosquito community composition and abundance at contrasting sites in northern south africa, 2014Ã‚Â–2077",journal of vector ecology,2020,,NA,yes,to provide sampling months for the provided abundance data,south africa,mnisi,-246.781,3.127.097,NA,NA,NA,NA,NA,NA,NA,NA,NA,NA,NA,NA,NA,NA,,point,paper/map,,,,na,na,na,,cdc-lt,NA,tent trap,NA,,NA,,NA,185,"source mentions using other sampling methods i.e mosquitoes were collected using oral suction tubes, polystyrene cups, and two types of co2-baited traps: centers for disease control (cdc) (newhouse et al. 1966) miniature light traps and mosquito tent traps (mtt). ",yes,no,yes,NA,NA,2014,2017,,,,source provides annual trainfull for the different sites,coustani,,morph,genetic/molecular
NA,no,yes,no,none,1000246,10.1111/jvec,johnson,"mosquito community composition and abundance at contrasting sites in northern south africa, 2014Ã‚Â–2078",journal of vector ecology,2020,,NA,yes,to provide sampling months for the provided abundance data,south africa,mnisi,-246.781,3.127.097,NA,NA,NA,NA,NA,NA,NA,NA,NA,NA,NA,NA,NA,NA,,point,paper/map,,,,na,na,na,,cdc-lt,NA,tent trap,NA,,NA,,NA,2,"source mentions using other sampling methods i.e mosquitoes were collected using oral suction tubes, polystyrene cups, and two types of co2-baited traps: centers for disease control (cdc) (newhouse et al. 1966) miniature light traps and mosquito tent traps (mtt). ",yes,no,yes,NA,NA,2014,2017,,,,source provides annual trainfull for the different sites,funestus complex,,morph,genetic/molecular
NA,no,yes,no,none,1000246,10.1111/jvec,johnson,"mosquito community composition and abundance at contrasting sites in northern south africa, 2014Ã‚Â–2079",journal of vector ecology,2020,,NA,yes,to provide sampling months for the provided abundance data,south africa,mnisi,-246.781,3.127.097,NA,NA,NA,NA,NA,NA,NA,NA,NA,NA,NA,NA,NA,NA,,point,paper/map,,,,na,na,na,,cdc-lt,NA,tent trap,NA,,NA,,NA,0,"source mentions using other sampling methods i.e mosquitoes were collected using oral suction tubes, polystyrene cups, and two types of co2-baited traps: centers for disease control (cdc) (newhouse et al. 1966) miniature light traps and mosquito tent traps (mtt). ",yes,no,yes,NA,NA,2014,2017,,,,source provides annual trainfull for the different sites,gambiae complex,,morph,genetic/molecular
NA,no,yes,no,none,1000246,10.1111/jvec,johnson,"mosquito community composition and abundance at contrasting sites in northern south africa, 2014Ã‚Â–2066",journal of vector ecology,2020,,NA,yes,to provide sampling months for the provided abundance data,south africa,lapalala,-251.937,2.750.325,NA,NA,NA,NA,NA,NA,NA,NA,NA,NA,NA,NA,NA,NA,,point,paper/map,,,,na,na,na,,cdc-lt,NA,tent trap,NA,,NA,,NA,3053,"source mentions using other sampling methods i.e mosquitoes were collected using oral suction tubes, polystyrene cups, and two types of co2-baited traps: centers for disease control (cdc) (newhouse et al. 1966) miniature light traps and mosquito tent traps (mtt). ",yes,no,yes,NA,NA,2014,2017,,,,source provides annual trainfull for the different sites,coustani,,morph,genetic/molecular
NA,no,yes,no,none,1000246,10.1111/jvec,johnson,"mosquito community composition and abundance at contrasting sites in northern south africa, 2014Ã‚Â–2067",journal of vector ecology,2020,,NA,yes,to provide sampling months for the provided abundance data,south africa,lapalala,-251.937,2.750.325,NA,NA,NA,NA,NA,NA,NA,NA,NA,NA,NA,NA,NA,NA,,point,paper/map,,,,na,na,na,,cdc-lt,NA,tent trap,NA,,NA,,NA,295,"source mentions using other sampling methods i.e mosquitoes were collected using oral suction tubes, polystyrene cups, and two types of co2-baited traps: centers for disease control (cdc) (newhouse et al. 1966) miniature light traps and mosquito tent traps (mtt). ",yes,no,yes,NA,NA,2014,2017,,,,source provides annual trainfull for the different sites,funestus complex,,morph,genetic/molecular
NA,no,yes,no,none,1000246,10.1111/jvec,johnson,"mosquito community composition and abundance at contrasting sites in northern south africa, 2014Ã‚Â–2068",journal of vector ecology,2020,,NA,yes,to provide sampling months for the provided abundance data,south africa,lapalala,-251.937,2.750.325,NA,NA,NA,NA,NA,NA,NA,NA,NA,NA,NA,NA,NA,NA,,point,paper/map,,,,na,na,na,,cdc-lt,NA,tent trap,NA,,NA,,NA,106,"source mentions using other sampling methods i.e mosquitoes were collected using oral suction tubes, polystyrene cups, and two types of co2-baited traps: centers for disease control (cdc) (newhouse et al. 1966) miniature light traps and mosquito tent traps (mtt). ",yes,no,yes,NA,NA,2014,2017,,,,source provides annual trainfull for the different sites,gambiae complex,,morph,genetic/molecular
NA,no,yes,no,none,1000246,10.1111/jvec,johnson,"mosquito community composition and abundance at contrasting sites in northern south africa, 2014Ã‚Â–2077",journal of vector ecology,2020,,NA,yes,to provide sampling months for the provided abundance data,south africa,marakele,-251.937,2.750.325,NA,NA,NA,NA,NA,NA,NA,NA,NA,NA,NA,NA,NA,NA,,point,paper/map,,,,na,na,na,,cdc-lt,NA,tent trap,NA,,NA,,NA,822,"source mentions using other sampling methods i.e mosquitoes were collected using oral suction tubes, polystyrene cups, and two types of co2-baited traps: centers for disease control (cdc) (newhouse et al. 1966) miniature light traps and mosquito tent traps (mtt). ",yes,no,yes,NA,NA,2014,2017,,,,source provides annual trainfull for the different sites,coustani,,morph,genetic/molecular
NA,no,yes,no,none,1000246,10.1111/jvec,johnson,"mosquito community composition and abundance at contrasting sites in northern south africa, 2014Ã‚Â–2078",journal of vector ecology,2020,,NA,yes,to provide sampling months for the provided abundance data,south africa,marakele,-251.937,2.750.325,NA,NA,NA,NA,NA,NA,NA,NA,NA,NA,NA,NA,NA,NA,,point,paper/map,,,,na,na,na,,cdc-lt,NA,tent trap,NA,,NA,,NA,113,"source mentions using other sampling methods i.e mosquitoes were collected using oral suction tubes, polystyrene cups, and two types of co2-baited traps: centers for disease control (cdc) (newhouse et al. 1966) miniature light traps and mosquito tent traps (mtt). ",yes,no,yes,NA,NA,2014,2017,,,,source provides annual trainfull for the different sites,funestus complex,,morph,genetic/molecular
NA,no,yes,no,none,1000246,10.1111/jvec,johnson,"mosquito community composition and abundance at contrasting sites in northern south africa, 2014Ã‚Â–2079",journal of vector ecology,2020,,NA,yes,to provide sampling months for the provided abundance data,south africa,marakele,-251.937,2.750.325,NA,NA,NA,NA,NA,NA,NA,NA,NA,NA,NA,NA,NA,NA,,point,paper/map,,,,na,na,na,,cdc-lt,NA,tent trap,NA,,NA,,NA,353,"source mentions using other sampling methods i.e mosquitoes were collected using oral suction tubes, polystyrene cups, and two types of co2-baited traps: centers for disease control (cdc) (newhouse et al. 1966) miniature light traps and mosquito tent traps (mtt). ",yes,no,yes,NA,NA,2014,2017,,,,source provides annual trainfull for the different sites,gambiae complex,,morph,genetic/molecular
NA,no,yes,no,none,1000246,10.1111/jvec,johnson,"mosquito community composition and abundance at contrasting sites in northern south africa, 2014Ã‚Â–2066",journal of vector ecology,2020,,NA,yes,to provide sampling months for the provided abundance data,south africa,kyalami,-259.895,2.803.225,NA,NA,NA,NA,NA,NA,NA,NA,NA,NA,NA,NA,NA,NA,,point,paper/map,,,,na,na,na,,cdc-lt,NA,tent trap,NA,,NA,,NA,32,"source mentions using other sampling methods i.e mosquitoes were collected using oral suction tubes, polystyrene cups, and two types of co2-baited traps: centers for disease control (cdc) (newhouse et al. 1966) miniature light traps and mosquito tent traps (mtt). ",yes,no,yes,NA,NA,2014,2017,,,,source provides annual trainfull for the different sites,coustani,,morph,genetic/molecular
NA,no,yes,no,none,1000246,10.1111/jvec,johnson,"mosquito community composition and abundance at contrasting sites in northern south africa, 2014Ã‚Â–2067",journal of vector ecology,2020,,NA,yes,to provide sampling months for the provided abundance data,south africa,kyalami,-259.895,2.803.225,NA,NA,NA,NA,NA,NA,NA,NA,NA,NA,NA,NA,NA,NA,,point,paper/map,,,,na,na,na,,cdc-lt,NA,tent trap,NA,,NA,,NA,29,"source mentions using other sampling methods i.e mosquitoes were collected using oral suction tubes, polystyrene cups, and two types of co2-baited traps: centers for disease control (cdc) (newhouse et al. 1966) miniature light traps and mosquito tent traps (mtt). ",yes,no,yes,NA,NA,2014,2017,,,,source provides annual trainfull for the different sites,funestus complex,,morph,genetic/molecular
NA,no,yes,no,none,1000246,10.1111/jvec,johnson,"mosquito community composition and abundance at contrasting sites in northern south africa, 2014Ã‚Â–2068",journal of vector ecology,2020,,NA,yes,to provide sampling months for the provided abundance data,south africa,kyalami,-259.895,2.803.225,NA,NA,NA,NA,NA,NA,NA,NA,NA,NA,NA,NA,NA,NA,,point,paper/map,,,,na,na,na,,cdc-lt,NA,tent trap,NA,,NA,,NA,4,"source mentions using other sampling methods i.e mosquitoes were collected using oral suction tubes, polystyrene cups, and two types of co2-baited traps: centers for disease control (cdc) (newhouse et al. 1966) miniature light traps and mosquito tent traps (mtt). ",yes,no,yes,NA,NA,2014,2017,,,,source provides annual trainfull for the different sites,gambiae complex,,morph,genetic/molecular
NA,no,yes,no,none,1000246,10.1111/jvec,johnson,"mosquito community composition and abundance at contrasting sites in northern south africa, 2014Ã‚Â–2077",journal of vector ecology,2020,,NA,yes,to provide sampling months for the provided abundance data,south africa,boschkop,-258.278,284.201,NA,NA,NA,NA,NA,NA,NA,NA,NA,NA,NA,NA,NA,NA,,point,paper/map,,,,na,na,na,,cdc-lt,NA,tent trap,NA,,NA,,NA,0,"source mentions using other sampling methods i.e mosquitoes were collected using oral suction tubes, polystyrene cups, and two types of co2-baited traps: centers for disease control (cdc) (newhouse et al. 1966) miniature light traps and mosquito tent traps (mtt). ",yes,no,yes,NA,NA,2014,2017,,,,source provides annual trainfull for the different sites,coustani,,morph,genetic/molecular
NA,no,yes,no,none,1000246,10.1111/jvec,johnson,"mosquito community composition and abundance at contrasting sites in northern south africa, 2014Ã‚Â–2078",journal of vector ecology,2020,,NA,yes,to provide sampling months for the provided abundance data,south africa,boschkop,-258.278,284.201,NA,NA,NA,NA,NA,NA,NA,NA,NA,NA,NA,NA,NA,NA,,point,paper/map,,,,na,na,na,,cdc-lt,NA,tent trap,NA,,NA,,NA,0,"source mentions using other sampling methods i.e mosquitoes were collected using oral suction tubes, polystyrene cups, and two types of co2-baited traps: centers for disease control (cdc) (newhouse et al. 1966) miniature light traps and mosquito tent traps (mtt). ",yes,no,yes,NA,NA,2014,2017,,,,source provides annual trainfull for the different sites,funestus complex,,morph,genetic/molecular
NA,no,yes,no,none,1000246,10.1111/jvec,johnson,"mosquito community composition and abundance at contrasting sites in northern south africa, 2014Ã‚Â–2079",journal of vector ecology,2020,,NA,yes,to provide sampling months for the provided abundance data,south africa,boschkop,-258.278,284.201,NA,NA,NA,NA,NA,NA,NA,NA,NA,NA,NA,NA,NA,NA,,point,paper/map,,,,na,na,na,,cdc-lt,NA,tent trap,NA,,NA,,NA,9,"source mentions using other sampling methods i.e mosquitoes were collected using oral suction tubes, polystyrene cups, and two types of co2-baited traps: centers for disease control (cdc) (newhouse et al. 1966) miniature light traps and mosquito tent traps (mtt). ",yes,no,yes,NA,NA,2014,2017,,,,source provides annual trainfull for the different sites,gambiae complex,,morph,genetic/molecular
NA,no,yes,no,none,1000263,10.1186/s12936-019-3036-z,fassinou,"pesticides and the evolution of the genetic
structure of anopheles coluzzii populations
in some localities in benin (west africa)",malaria journal,2019,,NA,,source provides genetic differentiation information within an coluzzii populations,benin,fidjrosse,636.025,237.086,NA,NA,NA,NA,NA,NA,NA,NA,NA,NA,NA,NA,NA,NA,,point,paper/map,cotonou,,,yes,other,na,pesticides were used to improve farm yield,larvae,9,,NA,,NA,,NA,9,,yes,no,no,5,10,2015,2017,wet,,,sampling period was in a rainy season,coluzzii_gambiae_m form,,genetic/molecular,
NA,no,yes,no,none,1000263,10.1186/s12936-019-3036-z,fassinou,pesticides and the evolution of the genetic structure of anopheles coluzzii populations in some localities in benin (west africa),malaria journal,2019,,NA,,source provides genetic differentiation information within an coluzzii populations,benin,agla,63.837,236.409,NA,NA,NA,NA,NA,NA,NA,NA,NA,NA,NA,NA,NA,NA,,point,paper/map,cotonou,,,yes,other,na,pesticides were used to improve farm yield,larvae,8,,NA,,NA,,NA,8,,yes,no,no,5,10,2015,2017,wet,,,sampling period was in a rainy season,coluzzii_gambiae_m form,,genetic/molecular,
NA,no,yes,no,none,1000263,10.1186/s12936-019-3036-z,fassinou,pesticides and the evolution of the genetic structure of anopheles coluzzii populations in some localities in benin (west africa),malaria journal,2019,,NA,,source provides genetic differentiation information within an coluzzii populations,benin,vossa,6.389.325,240.599,NA,NA,NA,NA,NA,NA,NA,NA,NA,NA,NA,NA,NA,NA,,point,paper/map,cotonou,,,yes,other,na,pesticides were used to improve farm yield,larvae,17,,NA,,NA,,NA,17,,yes,no,no,5,10,2015,2017,wet,,,sampling period was in a rainy season,coluzzii_gambiae_m form,,genetic/molecular,
NA,no,yes,no,none,1000263,10.1186/s12936-019-3036-z,fassinou,pesticides and the evolution of the genetic structure of anopheles coluzzii populations in some localities in benin (west africa),malaria journal,2019,,NA,,source provides genetic differentiation information within an coluzzii populations,benin,menontin,6.393,23.653,NA,NA,NA,NA,NA,NA,NA,NA,NA,NA,NA,NA,NA,NA,,point,paper/map,cotonou,,,yes,other,na,pesticides were used to improve farm yield,larvae,10,,NA,,NA,,NA,10,,yes,no,no,5,10,2015,2017,wet,,,sampling period was in a rainy season,coluzzii_gambiae_m form,,genetic/molecular,
NA,no,yes,no,none,1000263,10.1186/s12936-019-3036-z,fassinou,pesticides and the evolution of the genetic structure of anopheles coluzzii populations in some localities in benin (west africa),malaria journal,2019,,NA,,source provides genetic differentiation information within an coluzzii populations,benin,kouhounou,638.896,237.889,NA,NA,NA,NA,NA,NA,NA,NA,NA,NA,NA,NA,NA,NA,,point,paper/map,cotonou,,,yes,other,na,pesticides were used to improve farm yield,larvae,5,,NA,,NA,,NA,5,,yes,no,no,5,10,2015,2017,wet,,,sampling period was in a rainy season,coluzzii_gambiae_m form,,genetic/molecular,
NA,no,yes,no,none,1000263,10.1186/s12936-019-3036-z,fassinou,pesticides and the evolution of the genetic structure of anopheles coluzzii populations in some localities in benin (west africa),malaria journal,2019,,NA,,source provides genetic differentiation information within an coluzzii populations,benin,vedoko,637.888,2.388.128,NA,NA,NA,NA,NA,NA,NA,NA,NA,NA,NA,NA,NA,NA,,point,paper/map,cotonou,,,yes,other,na,pesticides were used to improve farm yield,larvae,5,,NA,,NA,,NA,5,,yes,no,no,5,10,2015,2017,wet,,,sampling period was in a rainy season,coluzzii_gambiae_m form,,genetic/molecular,
NA,no,yes,no,none,1000263,10.1186/s12936-019-3036-z,fassinou,pesticides and the evolution of the genetic structure of anopheles coluzzii populations in some localities in benin (west africa),malaria journal,2019,,NA,,source provides genetic differentiation information within an coluzzii populations,benin,fifadji,639.789,23.999,NA,NA,NA,NA,NA,NA,NA,NA,NA,NA,NA,NA,NA,NA,,point,paper/map,cotonou,,,yes,other,na,pesticides were used to improve farm yield,larvae,9,,NA,,NA,,NA,9,,yes,no,no,5,10,2015,2017,wet,,,sampling period was in a rainy season,coluzzii_gambiae_m form,,genetic/molecular,
NA,no,yes,no,none,1000263,10.1186/s12936-019-3036-z,fassinou,pesticides and the evolution of the genetic structure of anopheles coluzzii populations in some localities in benin (west africa),malaria journal,2019,,NA,,source provides genetic differentiation information within an coluzzii populations,benin,zogbo,639.289,239.247,NA,NA,NA,NA,NA,NA,NA,NA,NA,NA,NA,NA,NA,NA,,point,paper/map,cotonou,,,yes,other,na,pesticides were used to improve farm yield,larvae,5,,NA,,NA,,NA,5,,yes,no,no,5,10,2015,2017,wet,,,sampling period was in a rainy season,coluzzii_gambiae_m form,,genetic/molecular,
NA,no,yes,no,none,1000263,10.1186/s12936-019-3036-z,fassinou,pesticides and the evolution of the genetic structure of anopheles coluzzii populations in some localities in benin (west africa),malaria journal,2019,,NA,,source provides genetic differentiation information within an coluzzii populations,benin,ste rita,638.349,23.974.028,NA,NA,NA,NA,NA,NA,NA,NA,NA,NA,NA,NA,NA,NA,,point,paper/map,cotonou,,,yes,other,na,pesticides were used to improve farm yield,larvae,5,,NA,,NA,,NA,5,,yes,no,no,5,10,2015,2017,wet,,,sampling period was in a rainy season,coluzzii_gambiae_m form,,genetic/molecular,
NA,no,yes,no,none,1000263,10.1186/s12936-019-3036-z,fassinou,pesticides and the evolution of the genetic structure of anopheles coluzzii populations in some localities in benin (west africa),malaria journal,2019,,NA,,source provides genetic differentiation information within an coluzzii populations,benin,ladji,6.390.086,2.428.858,NA,NA,NA,NA,NA,NA,NA,NA,NA,NA,NA,NA,NA,NA,,point,paper/map,cotonou,,,yes,other,na,pesticides were used to improve farm yield,larvae,32,,NA,,NA,,NA,32,,yes,no,no,5,10,2015,2017,wet,,,sampling period was in a rainy season,coluzzii_gambiae_m form,,genetic/molecular,
NA,no,yes,no,none,1000263,10.1186/s12936-019-3036-z,fassinou,pesticides and the evolution of the genetic structure of anopheles coluzzii populations in some localities in benin (west africa),malaria journal,2019,,NA,,source provides genetic differentiation information within an coluzzii populations,benin,houeyiho,637.146,2.397.353,NA,NA,NA,NA,NA,NA,NA,NA,NA,NA,NA,NA,NA,NA,,point,paper/map,cotonou,,,yes,other,na,pesticides were used to improve farm yield,larvae,18,,NA,,NA,,NA,18,,yes,no,no,5,10,2015,2017,wet,,,sampling period was in a rainy season,coluzzii_gambiae_m form,,genetic/molecular,
NA,no,yes,no,none,1000263,10.1186/s12936-019-3036-z,fassinou,pesticides and the evolution of the genetic structure of anopheles coluzzii populations in some localities in benin (west africa),malaria journal,2019,,NA,,source provides genetic differentiation information within an coluzzii populations,benin,dandji,637.146,239.735,NA,NA,NA,NA,NA,NA,NA,NA,NA,NA,NA,NA,NA,NA,,point,paper/map,cotonou,,,yes,other,na,pesticides were used to improve farm yield,larvae,9,,NA,,NA,,NA,9,,yes,no,no,5,10,2015,2017,wet,,,sampling period was in a rainy season,coluzzii_gambiae_m form,,genetic/molecular,
NA,no,yes,no,none,1000263,10.1186/s12936-019-3036-z,fassinou,pesticides and the evolution of the genetic structure of anopheles coluzzii populations in some localities in benin (west africa),malaria journal,2019,,NA,,source provides genetic differentiation information within an coluzzii populations,benin,agbato,63.946,244.373,NA,NA,NA,NA,NA,NA,NA,NA,NA,NA,NA,NA,NA,NA,,point,paper/map,cotonou,,,yes,other,na,pesticides were used to improve farm yield,larvae,7,,NA,,NA,,NA,7,,yes,no,no,5,10,2015,2017,wet,,,sampling period was in a rainy season,coluzzii_gambiae_m form,,genetic/molecular,
NA,no,yes,no,none,1000263,10.1186/s12936-019-3036-z,fassinou,pesticides and the evolution of the genetic structure of anopheles coluzzii populations in some localities in benin (west africa),malaria journal,2019,,NA,,source provides genetic differentiation information within an coluzzii populations,benin,agbodjedo,63.926,244.929,NA,NA,NA,NA,NA,NA,NA,NA,NA,NA,NA,NA,NA,NA,,point,paper/map,cotonou,,,yes,other,na,pesticides were used to improve farm yield,larvae,8,,NA,,NA,,NA,8,,yes,no,no,5,10,2015,2017,wet,,,sampling period was in a rainy season,coluzzii_gambiae_m form,,genetic/molecular,
NA,no,yes,no,none,1000263,10.1186/s12936-019-3036-z,fassinou,pesticides and the evolution of the genetic structure of anopheles coluzzii populations in some localities in benin (west africa),malaria journal,2019,,NA,,source provides genetic differentiation information within an coluzzii populations,benin,yenawa,638.998,24.567.389,NA,NA,NA,NA,NA,NA,NA,NA,NA,NA,NA,NA,NA,NA,,point,paper/map,cotonou,,,yes,other,na,pesticides were used to improve farm yield,larvae,12,,NA,,NA,,NA,12,,yes,no,no,5,10,2015,2017,wet,,,sampling period was in a rainy season,coluzzii_gambiae_m form,,genetic/molecular,
NA,no,yes,no,none,1000263,10.1186/s12936-019-3036-z,fassinou,pesticides and the evolution of the genetic structure of anopheles coluzzii populations in some localities in benin (west africa),malaria journal,2019,,NA,,source provides genetic differentiation information within an coluzzii populations,benin,senande,637.857,24.598.167,NA,NA,NA,NA,NA,NA,NA,NA,NA,NA,NA,NA,NA,NA,,point,paper/map,cotonou,,,yes,other,na,pesticides were used to improve farm yield,larvae,5,,NA,,NA,,NA,5,,yes,no,no,5,10,2015,2017,wet,,,sampling period was in a rainy season,coluzzii_gambiae_m form,,genetic/molecular,
NA,no,yes,no,none,1000263,10.1186/s12936-019-3036-z,fassinou,pesticides and the evolution of the genetic structure of anopheles coluzzii populations in some localities in benin (west africa),malaria journal,2019,,NA,,source provides genetic differentiation information within an coluzzii populations,benin,ayelawadje,63.926,24.468,NA,NA,NA,NA,NA,NA,NA,NA,NA,NA,NA,NA,NA,NA,,point,paper/map,cotonou,,,yes,other,na,pesticides were used to improve farm yield,larvae,5,,NA,,NA,,NA,5,,yes,no,no,5,10,2015,2017,wet,,,sampling period was in a rainy season,coluzzii_gambiae_m form,,genetic/molecular,
NA,no,yes,no,none,1000263,10.1186/s12936-019-3036-z,fassinou,pesticides and the evolution of the genetic structure of anopheles coluzzii populations in some localities in benin (west africa),malaria journal,2019,,NA,,source provides genetic differentiation information within an coluzzii populations,benin,gankpodo,6.389.247,2.459.797,NA,NA,NA,NA,NA,NA,NA,NA,NA,NA,NA,NA,NA,NA,,point,paper/map,cotonou,,,yes,other,na,pesticides were used to improve farm yield,larvae,6,,NA,,NA,,NA,6,,yes,no,no,5,10,2015,2017,wet,,,sampling period was in a rainy season,coluzzii_gambiae_m form,,genetic/molecular,
NA,no,yes,no,none,1000263,10.1186/s12936-019-3036-z,fassinou,"pesticides and the evolution of the genetic
structure of anopheles coluzzii populations
in some localities in benin (west africa)",malaria journal,2019,,NA,,source provides genetic differentiation information within an coluzzii populations,benin,fidjrosse,636.025,237.086,NA,NA,NA,NA,NA,NA,NA,NA,NA,NA,NA,NA,NA,NA,,point,paper/map,cotonou,,,yes,other,na,pesticides were used to improve farm yield,larvae,0,,NA,,NA,,NA,0,,,no,no,5,10,2015,2017,wet,,,sampling period was in a rainy season,gambiae_s form,,genetic/molecular,
NA,no,yes,no,none,1000263,10.1186/s12936-019-3036-z,fassinou,pesticides and the evolution of the genetic structure of anopheles coluzzii populations in some localities in benin (west africa),malaria journal,2019,,NA,,source provides genetic differentiation information within an coluzzii populations,benin,agla,63.837,236.409,NA,NA,NA,NA,NA,NA,NA,NA,NA,NA,NA,NA,NA,NA,,point,paper/map,cotonou,,,yes,other,na,pesticides were used to improve farm yield,larvae,0,,NA,,NA,,NA,0,,,no,no,5,10,2015,2017,wet,,,sampling period was in a rainy season,gambiae_s form,,genetic/molecular,
NA,no,yes,no,none,1000263,10.1186/s12936-019-3036-z,fassinou,pesticides and the evolution of the genetic structure of anopheles coluzzii populations in some localities in benin (west africa),malaria journal,2019,,NA,,source provides genetic differentiation information within an coluzzii populations,benin,vossa,6.389.325,240.599,NA,NA,NA,NA,NA,NA,NA,NA,NA,NA,NA,NA,NA,NA,,point,paper/map,cotonou,,,yes,other,na,pesticides were used to improve farm yield,larvae,1,,NA,,NA,,NA,1,,,no,no,5,10,2015,2017,wet,,,sampling period was in a rainy season,gambiae_s form,,genetic/molecular,
NA,no,yes,no,none,1000263,10.1186/s12936-019-3036-z,fassinou,pesticides and the evolution of the genetic structure of anopheles coluzzii populations in some localities in benin (west africa),malaria journal,2019,,NA,,source provides genetic differentiation information within an coluzzii populations,benin,menontin,6.393,23.653,NA,NA,NA,NA,NA,NA,NA,NA,NA,NA,NA,NA,NA,NA,,point,paper/map,cotonou,,,yes,other,na,pesticides were used to improve farm yield,larvae,0,,NA,,NA,,NA,0,,,no,no,5,10,2015,2017,wet,,,sampling period was in a rainy season,gambiae_s form,,genetic/molecular,
NA,no,yes,no,none,1000263,10.1186/s12936-019-3036-z,fassinou,pesticides and the evolution of the genetic structure of anopheles coluzzii populations in some localities in benin (west africa),malaria journal,2019,,NA,,source provides genetic differentiation information within an coluzzii populations,benin,kouhounou,638.896,237.889,NA,NA,NA,NA,NA,NA,NA,NA,NA,NA,NA,NA,NA,NA,,point,paper/map,cotonou,,,yes,other,na,pesticides were used to improve farm yield,larvae,0,,NA,,NA,,NA,0,,,no,no,5,10,2015,2017,wet,,,sampling period was in a rainy season,gambiae_s form,,genetic/molecular,
NA,no,yes,no,none,1000263,10.1186/s12936-019-3036-z,fassinou,pesticides and the evolution of the genetic structure of anopheles coluzzii populations in some localities in benin (west africa),malaria journal,2019,,NA,,source provides genetic differentiation information within an coluzzii populations,benin,vedoko,637.888,2.388.128,NA,NA,NA,NA,NA,NA,NA,NA,NA,NA,NA,NA,NA,NA,,point,paper/map,cotonou,,,yes,other,na,pesticides were used to improve farm yield,larvae,0,,NA,,NA,,NA,0,,,no,no,5,10,2015,2017,wet,,,sampling period was in a rainy season,gambiae_s form,,genetic/molecular,
NA,no,yes,no,none,1000263,10.1186/s12936-019-3036-z,fassinou,pesticides and the evolution of the genetic structure of anopheles coluzzii populations in some localities in benin (west africa),malaria journal,2019,,NA,,source provides genetic differentiation information within an coluzzii populations,benin,fifadji,639.789,23.999,NA,NA,NA,NA,NA,NA,NA,NA,NA,NA,NA,NA,NA,NA,,point,paper/map,cotonou,,,yes,other,na,pesticides were used to improve farm yield,larvae,0,,NA,,NA,,NA,0,,,no,no,5,10,2015,2017,wet,,,sampling period was in a rainy season,gambiae_s form,,genetic/molecular,
NA,no,yes,no,none,1000263,10.1186/s12936-019-3036-z,fassinou,pesticides and the evolution of the genetic structure of anopheles coluzzii populations in some localities in benin (west africa),malaria journal,2019,,NA,,source provides genetic differentiation information within an coluzzii populations,benin,zogbo,639.289,239.247,NA,NA,NA,NA,NA,NA,NA,NA,NA,NA,NA,NA,NA,NA,,point,paper/map,cotonou,,,yes,other,na,pesticides were used to improve farm yield,larvae,0,,NA,,NA,,NA,0,,,no,no,5,10,2015,2017,wet,,,sampling period was in a rainy season,gambiae_s form,,genetic/molecular,
NA,no,yes,no,none,1000263,10.1186/s12936-019-3036-z,fassinou,pesticides and the evolution of the genetic structure of anopheles coluzzii populations in some localities in benin (west africa),malaria journal,2019,,NA,,source provides genetic differentiation information within an coluzzii populations,benin,ste rita,638.349,23.974.028,NA,NA,NA,NA,NA,NA,NA,NA,NA,NA,NA,NA,NA,NA,,point,paper/map,cotonou,,,yes,other,na,pesticides were used to improve farm yield,larvae,0,,NA,,NA,,NA,0,,,no,no,5,10,2015,2017,wet,,,sampling period was in a rainy season,gambiae_s form,,genetic/molecular,
NA,no,yes,no,none,1000263,10.1186/s12936-019-3036-z,fassinou,pesticides and the evolution of the genetic structure of anopheles coluzzii populations in some localities in benin (west africa),malaria journal,2019,,NA,,source provides genetic differentiation information within an coluzzii populations,benin,ladji,6.390.086,2.428.858,NA,NA,NA,NA,NA,NA,NA,NA,NA,NA,NA,NA,NA,NA,,point,paper/map,cotonou,,,yes,other,na,pesticides were used to improve farm yield,larvae,0,,NA,,NA,,NA,0,,,no,no,5,10,2015,2017,wet,,,sampling period was in a rainy season,gambiae_s form,,genetic/molecular,
NA,no,yes,no,none,1000263,10.1186/s12936-019-3036-z,fassinou,pesticides and the evolution of the genetic structure of anopheles coluzzii populations in some localities in benin (west africa),malaria journal,2019,,NA,,source provides genetic differentiation information within an coluzzii populations,benin,houeyiho,637.146,2.397.353,NA,NA,NA,NA,NA,NA,NA,NA,NA,NA,NA,NA,NA,NA,,point,paper/map,cotonou,,,yes,other,na,pesticides were used to improve farm yield,larvae,0,,NA,,NA,,NA,0,,,no,no,5,10,2015,2017,wet,,,sampling period was in a rainy season,gambiae_s form,,genetic/molecular,
NA,no,yes,no,none,1000263,10.1186/s12936-019-3036-z,fassinou,pesticides and the evolution of the genetic structure of anopheles coluzzii populations in some localities in benin (west africa),malaria journal,2019,,NA,,source provides genetic differentiation information within an coluzzii populations,benin,dandji,637.146,239.735,NA,NA,NA,NA,NA,NA,NA,NA,NA,NA,NA,NA,NA,NA,,point,paper/map,cotonou,,,yes,other,na,pesticides were used to improve farm yield,larvae,1,,NA,,NA,,NA,1,,,no,no,5,10,2015,2017,wet,,,sampling period was in a rainy season,gambiae_s form,,genetic/molecular,
NA,no,yes,no,none,1000263,10.1186/s12936-019-3036-z,fassinou,pesticides and the evolution of the genetic structure of anopheles coluzzii populations in some localities in benin (west africa),malaria journal,2019,,NA,,source provides genetic differentiation information within an coluzzii populations,benin,agbato,63.946,244.373,NA,NA,NA,NA,NA,NA,NA,NA,NA,NA,NA,NA,NA,NA,,point,paper/map,cotonou,,,yes,other,na,pesticides were used to improve farm yield,larvae,0,,NA,,NA,,NA,0,,,no,no,5,10,2015,2017,wet,,,sampling period was in a rainy season,gambiae_s form,,genetic/molecular,
NA,no,yes,no,none,1000263,10.1186/s12936-019-3036-z,fassinou,pesticides and the evolution of the genetic structure of anopheles coluzzii populations in some localities in benin (west africa),malaria journal,2019,,NA,,source provides genetic differentiation information within an coluzzii populations,benin,agbodjedo,63.926,244.929,NA,NA,NA,NA,NA,NA,NA,NA,NA,NA,NA,NA,NA,NA,,point,paper/map,cotonou,,,yes,other,na,pesticides were used to improve farm yield,larvae,0,,NA,,NA,,NA,0,,,no,no,5,10,2015,2017,wet,,,sampling period was in a rainy season,gambiae_s form,,genetic/molecular,
NA,no,yes,no,none,1000263,10.1186/s12936-019-3036-z,fassinou,pesticides and the evolution of the genetic structure of anopheles coluzzii populations in some localities in benin (west africa),malaria journal,2019,,NA,,source provides genetic differentiation information within an coluzzii populations,benin,yenawa,638.998,24.567.389,NA,NA,NA,NA,NA,NA,NA,NA,NA,NA,NA,NA,NA,NA,,point,paper/map,cotonou,,,yes,other,na,pesticides were used to improve farm yield,larvae,0,,NA,,NA,,NA,0,,,no,no,5,10,2015,2017,wet,,,sampling period was in a rainy season,gambiae_s form,,genetic/molecular,
NA,no,yes,no,none,1000263,10.1186/s12936-019-3036-z,fassinou,pesticides and the evolution of the genetic structure of anopheles coluzzii populations in some localities in benin (west africa),malaria journal,2019,,NA,,source provides genetic differentiation information within an coluzzii populations,benin,senande,637.857,24.598.167,NA,NA,NA,NA,NA,NA,NA,NA,NA,NA,NA,NA,NA,NA,,point,paper/map,cotonou,,,yes,other,na,pesticides were used to improve farm yield,larvae,1,,NA,,NA,,NA,1,,,no,no,5,10,2015,2017,wet,,,sampling period was in a rainy season,gambiae_s form,,genetic/molecular,
NA,no,yes,no,none,1000263,10.1186/s12936-019-3036-z,fassinou,pesticides and the evolution of the genetic structure of anopheles coluzzii populations in some localities in benin (west africa),malaria journal,2019,,NA,,source provides genetic differentiation information within an coluzzii populations,benin,ayelawadje,63.926,24.468,NA,NA,NA,NA,NA,NA,NA,NA,NA,NA,NA,NA,NA,NA,,point,paper/map,cotonou,,,yes,other,na,pesticides were used to improve farm yield,larvae,2,,NA,,NA,,NA,2,,,no,no,5,10,2015,2017,wet,,,sampling period was in a rainy season,gambiae_s form,,genetic/molecular,
NA,no,yes,no,none,1000263,10.1186/s12936-019-3036-z,fassinou,pesticides and the evolution of the genetic structure of anopheles coluzzii populations in some localities in benin (west africa),malaria journal,2019,,NA,,source provides genetic differentiation information within an coluzzii populations,benin,gankpodo,6.389.247,2.459.797,NA,NA,NA,NA,NA,NA,NA,NA,NA,NA,NA,NA,NA,NA,,point,paper/map,cotonou,,,yes,other,na,pesticides were used to improve farm yield,larvae,0,,NA,,NA,,NA,0,,,no,no,5,10,2015,2017,wet,,,sampling period was in a rainy season,gambiae_s form,,genetic/molecular,
NA,no,yes,no,none,1000263,10.1186/s12936-019-3036-z,fassinou,"pesticides and the evolution of the genetic
structure of anopheles coluzzii populations
in some localities in benin (west africa)",malaria journal,2019,,NA,,source provides genetic differentiation information within an coluzzii populations,benin,fidjrosse,636.025,237.086,NA,NA,NA,NA,NA,NA,NA,NA,NA,NA,NA,NA,NA,NA,,point,paper/map,cotonou,,,yes,other,na,pesticides were used to improve farm yield,larvae,0,,NA,,NA,,NA,0,,yes,no,no,5,10,2015,2017,wet,,,sampling period was in a rainy season,gambiae_s form_m form,this is gambiae and coluzzi hybrid,genetic/molecular,
NA,no,yes,no,none,1000263,10.1186/s12936-019-3036-z,fassinou,pesticides and the evolution of the genetic structure of anopheles coluzzii populations in some localities in benin (west africa),malaria journal,2019,,NA,,source provides genetic differentiation information within an coluzzii populations,benin,agla,63.837,236.409,NA,NA,NA,NA,NA,NA,NA,NA,NA,NA,NA,NA,NA,NA,,point,paper/map,cotonou,,,yes,other,na,pesticides were used to improve farm yield,larvae,0,,NA,,NA,,NA,0,,yes,no,no,5,10,2015,2017,wet,,,sampling period was in a rainy season,gambiae_s form_m form,this is gambiae and coluzzi hybrid,genetic/molecular,
NA,no,yes,no,none,1000263,10.1186/s12936-019-3036-z,fassinou,pesticides and the evolution of the genetic structure of anopheles coluzzii populations in some localities in benin (west africa),malaria journal,2019,,NA,,source provides genetic differentiation information within an coluzzii populations,benin,vossa,6.389.325,240.599,NA,NA,NA,NA,NA,NA,NA,NA,NA,NA,NA,NA,NA,NA,,point,paper/map,cotonou,,,yes,other,na,pesticides were used to improve farm yield,larvae,2,,NA,,NA,,NA,2,,yes,no,no,5,10,2015,2017,wet,,,sampling period was in a rainy season,gambiae_s form_m form,this is gambiae and coluzzi hybrid,genetic/molecular,
NA,no,yes,no,none,1000263,10.1186/s12936-019-3036-z,fassinou,pesticides and the evolution of the genetic structure of anopheles coluzzii populations in some localities in benin (west africa),malaria journal,2019,,NA,,source provides genetic differentiation information within an coluzzii populations,benin,menontin,6.393,23.653,NA,NA,NA,NA,NA,NA,NA,NA,NA,NA,NA,NA,NA,NA,,point,paper/map,cotonou,,,yes,other,na,pesticides were used to improve farm yield,larvae,0,,NA,,NA,,NA,0,,no,yes,no,5,10,2015,2017,wet,,,sampling period was in a rainy season,gambiae_s form_m form,this is gambiae and coluzzi hybrid,genetic/molecular,
NA,no,yes,no,none,1000263,10.1186/s12936-019-3036-z,fassinou,pesticides and the evolution of the genetic structure of anopheles coluzzii populations in some localities in benin (west africa),malaria journal,2019,,NA,,source provides genetic differentiation information within an coluzzii populations,benin,kouhounou,638.896,237.889,NA,NA,NA,NA,NA,NA,NA,NA,NA,NA,NA,NA,NA,NA,,point,paper/map,cotonou,,,yes,other,na,pesticides were used to improve farm yield,larvae,0,,NA,,NA,,NA,0,,no,yes,no,5,10,2015,2017,wet,,,sampling period was in a rainy season,gambiae_s form_m form,this is gambiae and coluzzi hybrid,genetic/molecular,
NA,no,yes,no,none,1000263,10.1186/s12936-019-3036-z,fassinou,pesticides and the evolution of the genetic structure of anopheles coluzzii populations in some localities in benin (west africa),malaria journal,2019,,NA,,source provides genetic differentiation information within an coluzzii populations,benin,vedoko,637.888,2.388.128,NA,NA,NA,NA,NA,NA,NA,NA,NA,NA,NA,NA,NA,NA,,point,paper/map,cotonou,,,yes,other,na,pesticides were used to improve farm yield,larvae,0,,NA,,NA,,NA,0,,no,yes,no,5,10,2015,2017,wet,,,sampling period was in a rainy season,gambiae_s form_m form,this is gambiae and coluzzi hybrid,genetic/molecular,
NA,no,yes,no,none,1000263,10.1186/s12936-019-3036-z,fassinou,pesticides and the evolution of the genetic structure of anopheles coluzzii populations in some localities in benin (west africa),malaria journal,2019,,NA,,source provides genetic differentiation information within an coluzzii populations,benin,fifadji,639.789,23.999,NA,NA,NA,NA,NA,NA,NA,NA,NA,NA,NA,NA,NA,NA,,point,paper/map,cotonou,,,yes,other,na,pesticides were used to improve farm yield,larvae,0,,NA,,NA,,NA,0,,no,yes,no,5,10,2015,2017,wet,,,sampling period was in a rainy season,gambiae_s form_m form,this is gambiae and coluzzi hybrid,genetic/molecular,
NA,no,yes,no,none,1000263,10.1186/s12936-019-3036-z,fassinou,pesticides and the evolution of the genetic structure of anopheles coluzzii populations in some localities in benin (west africa),malaria journal,2019,,NA,,source provides genetic differentiation information within an coluzzii populations,benin,zogbo,639.289,239.247,NA,NA,NA,NA,NA,NA,NA,NA,NA,NA,NA,NA,NA,NA,,point,paper/map,cotonou,,,yes,other,na,pesticides were used to improve farm yield,larvae,0,,NA,,NA,,NA,0,,no,yes,no,5,10,2015,2017,wet,,,sampling period was in a rainy season,gambiae_s form_m form,this is gambiae and coluzzi hybrid,genetic/molecular,
NA,no,yes,no,none,1000263,10.1186/s12936-019-3036-z,fassinou,pesticides and the evolution of the genetic structure of anopheles coluzzii populations in some localities in benin (west africa),malaria journal,2019,,NA,,source provides genetic differentiation information within an coluzzii populations,benin,ste rita,638.349,23.974.028,NA,NA,NA,NA,NA,NA,NA,NA,NA,NA,NA,NA,NA,NA,,point,paper/map,cotonou,,,yes,other,na,pesticides were used to improve farm yield,larvae,0,,NA,,NA,,NA,0,,no,yes,no,5,10,2015,2017,wet,,,sampling period was in a rainy season,gambiae_s form_m form,this is gambiae and coluzzi hybrid,genetic/molecular,
NA,no,yes,no,none,1000263,10.1186/s12936-019-3036-z,fassinou,pesticides and the evolution of the genetic structure of anopheles coluzzii populations in some localities in benin (west africa),malaria journal,2019,,NA,,source provides genetic differentiation information within an coluzzii populations,benin,ladji,6.390.086,2.428.858,NA,NA,NA,NA,NA,NA,NA,NA,NA,NA,NA,NA,NA,NA,,point,paper/map,cotonou,,,yes,other,na,pesticides were used to improve farm yield,larvae,0,,NA,,NA,,NA,0,,no,yes,no,5,10,2015,2017,wet,,,sampling period was in a rainy season,gambiae_s form_m form,this is gambiae and coluzzi hybrid,genetic/molecular,
NA,no,yes,no,none,1000263,10.1186/s12936-019-3036-z,fassinou,pesticides and the evolution of the genetic structure of anopheles coluzzii populations in some localities in benin (west africa),malaria journal,2019,,NA,,source provides genetic differentiation information within an coluzzii populations,benin,houeyiho,637.146,2.397.353,NA,NA,NA,NA,NA,NA,NA,NA,NA,NA,NA,NA,NA,NA,,point,paper/map,cotonou,,,yes,other,na,pesticides were used to improve farm yield,larvae,0,,NA,,NA,,NA,0,,no,yes,no,5,10,2015,2017,wet,,,sampling period was in a rainy season,gambiae_s form_m form,this is gambiae and coluzzi hybrid,genetic/molecular,
NA,no,yes,no,none,1000263,10.1186/s12936-019-3036-z,fassinou,pesticides and the evolution of the genetic structure of anopheles coluzzii populations in some localities in benin (west africa),malaria journal,2019,,NA,,source provides genetic differentiation information within an coluzzii populations,benin,dandji,637.146,239.735,NA,NA,NA,NA,NA,NA,NA,NA,NA,NA,NA,NA,NA,NA,,point,paper/map,cotonou,,,yes,other,na,pesticides were used to improve farm yield,larvae,0,,NA,,NA,,NA,0,,no,yes,no,5,10,2015,2017,wet,,,sampling period was in a rainy season,gambiae_s form_m form,this is gambiae and coluzzi hybrid,genetic/molecular,
NA,no,yes,no,none,1000263,10.1186/s12936-019-3036-z,fassinou,pesticides and the evolution of the genetic structure of anopheles coluzzii populations in some localities in benin (west africa),malaria journal,2019,,NA,,source provides genetic differentiation information within an coluzzii populations,benin,agbato,63.946,244.373,NA,NA,NA,NA,NA,NA,NA,NA,NA,NA,NA,NA,NA,NA,,point,paper/map,cotonou,,,yes,other,na,pesticides were used to improve farm yield,larvae,0,,NA,,NA,,NA,0,,no,yes,no,5,10,2015,2017,wet,,,sampling period was in a rainy season,gambiae_s form_m form,this is gambiae and coluzzi hybrid,genetic/molecular,
NA,no,yes,no,none,1000263,10.1186/s12936-019-3036-z,fassinou,pesticides and the evolution of the genetic structure of anopheles coluzzii populations in some localities in benin (west africa),malaria journal,2019,,NA,,source provides genetic differentiation information within an coluzzii populations,benin,agbodjedo,63.926,244.929,NA,NA,NA,NA,NA,NA,NA,NA,NA,NA,NA,NA,NA,NA,,point,paper/map,cotonou,,,yes,other,na,pesticides were used to improve farm yield,larvae,1,,NA,,NA,,NA,1,,yes,no,no,5,10,2015,2017,wet,,,sampling period was in a rainy season,gambiae_s form_m form,this is gambiae and coluzzi hybrid,genetic/molecular,
NA,no,yes,no,none,1000263,10.1186/s12936-019-3036-z,fassinou,pesticides and the evolution of the genetic structure of anopheles coluzzii populations in some localities in benin (west africa),malaria journal,2019,,NA,,source provides genetic differentiation information within an coluzzii populations,benin,yenawa,638.998,24.567.389,NA,NA,NA,NA,NA,NA,NA,NA,NA,NA,NA,NA,NA,NA,,point,paper/map,cotonou,,,yes,other,na,pesticides were used to improve farm yield,larvae,0,,NA,,NA,,NA,0,,no,yes,no,5,10,2015,2017,wet,,,sampling period was in a rainy season,gambiae_s form_m form,this is gambiae and coluzzi hybrid,genetic/molecular,
NA,no,yes,no,none,1000263,10.1186/s12936-019-3036-z,fassinou,pesticides and the evolution of the genetic structure of anopheles coluzzii populations in some localities in benin (west africa),malaria journal,2019,,NA,,source provides genetic differentiation information within an coluzzii populations,benin,senande,637.857,24.598.167,NA,NA,NA,NA,NA,NA,NA,NA,NA,NA,NA,NA,NA,NA,,point,paper/map,cotonou,,,yes,other,na,pesticides were used to improve farm yield,larvae,0,,NA,,NA,,NA,0,,no,yes,no,5,10,2015,2017,wet,,,sampling period was in a rainy season,gambiae_s form_m form,this is gambiae and coluzzi hybrid,genetic/molecular,
NA,no,yes,no,none,1000263,10.1186/s12936-019-3036-z,fassinou,pesticides and the evolution of the genetic structure of anopheles coluzzii populations in some localities in benin (west africa),malaria journal,2019,,NA,,source provides genetic differentiation information within an coluzzii populations,benin,ayelawadje,63.926,24.468,NA,NA,NA,NA,NA,NA,NA,NA,NA,NA,NA,NA,NA,NA,,point,paper/map,cotonou,,,yes,other,na,pesticides were used to improve farm yield,larvae,0,,NA,,NA,,NA,0,,no,yes,no,5,10,2015,2017,wet,,,sampling period was in a rainy season,gambiae_s form_m form,this is gambiae and coluzzi hybrid,genetic/molecular,
NA,no,yes,no,none,1000263,10.1186/s12936-019-3036-z,fassinou,pesticides and the evolution of the genetic structure of anopheles coluzzii populations in some localities in benin (west africa),malaria journal,2019,,NA,,source provides genetic differentiation information within an coluzzii populations,benin,gankpodo,6.389.247,2.459.797,NA,NA,NA,NA,NA,NA,NA,NA,NA,NA,NA,NA,NA,NA,,point,paper/map,cotonou,,,yes,other,na,pesticides were used to improve farm yield,larvae,0,,NA,,NA,,NA,0,,no,yes,no,5,10,2015,2017,wet,,,sampling period was in a rainy season,gambiae_s form_m form,this is gambiae and coluzzi hybrid,genetic/molecular,
NA,no,yes,no,none,1000263,10.1186/s12936-019-3036-z,fassinou,pesticides and the evolution of the genetic structure of anopheles coluzzii populations in some localities in benin (west africa),malaria journal,2019,,NA,,source provides genetic differentiation information within an coluzzii populations,benin,houndome1,647.173,2.401.897,NA,NA,NA,NA,NA,NA,NA,NA,NA,NA,NA,NA,NA,NA,,point,paper/map,sÃƒÂ´-ava,,,yes,itn,yes,source says no insecticide class was reportedly used in so-ava.however it has benefited from llins distribution campaigns,larvae,9,,NA,,NA,,NA,9,,yes,no,no,5,10,2015,2017,dry,,,sampling period was in a rainy season,coluzzii_gambiae_m form,,genetic/molecular,
NA,no,yes,no,none,1000263,10.1186/s12936-019-3036-z,fassinou,pesticides and the evolution of the genetic structure of anopheles coluzzii populations in some localities in benin (west africa),malaria journal,2019,,NA,,source provides genetic differentiation information within an coluzzii populations,benin,houndome2,6.471.255,240.076,NA,NA,NA,NA,NA,NA,NA,NA,NA,NA,NA,NA,NA,NA,,point,paper/map,sÃƒÂ´-ava,,,yes,itn,yes,pesticides were used to improve farm yield,larvae,10,,NA,,NA,,NA,10,,yes,no,no,5,10,2015,2017,dry,,,sampling period was in a rainy season,coluzzii_gambiae_m form,,genetic/molecular,
NA,no,yes,no,none,1000263,10.1186/s12936-019-3036-z,fassinou,pesticides and the evolution of the genetic structure of anopheles coluzzii populations in some localities in benin (west africa),malaria journal,2019,,NA,,source provides genetic differentiation information within an coluzzii populations,benin,dogodo,6.468.116,2.415.858,NA,NA,NA,NA,NA,NA,NA,NA,NA,NA,NA,NA,NA,NA,,point,paper/map,sÃƒÂ´-ava,,,yes,itn,yes,pesticides were used to improve farm yield,larvae,15,,NA,,NA,,NA,15,,yes,no,no,5,10,2015,2017,wet,,,sampling period was in a rainy season,coluzzii_gambiae_m form,,genetic/molecular,
NA,no,yes,no,none,1000263,10.1186/s12936-019-3036-z,fassinou,pesticides and the evolution of the genetic structure of anopheles coluzzii populations in some localities in benin (west africa),malaria journal,2019,,NA,,source provides genetic differentiation information within an coluzzii populations,benin,so tchanhoue,6.475.958,2.414.138,NA,NA,NA,NA,NA,NA,NA,NA,NA,NA,NA,NA,NA,NA,,point,paper/map,sÃƒÂ´-ava,,,yes,itn,yes,pesticides were used to improve farm yield,larvae,21,,NA,,NA,,NA,21,,yes,no,no,5,10,2015,2017,wet,,,sampling period was in a rainy season,coluzzii_gambiae_m form,,genetic/molecular,
NA,no,yes,no,none,1000263,10.1186/s12936-019-3036-z,fassinou,pesticides and the evolution of the genetic structure of anopheles coluzzii populations in some localities in benin (west africa),malaria journal,2019,,NA,,source provides genetic differentiation information within an coluzzii populations,benin,ganvie,6.467,241.638,NA,NA,NA,NA,NA,NA,NA,NA,NA,NA,NA,NA,NA,NA,,point,paper/map,sÃƒÂ´-ava,,,yes,itn,yes,pesticides were used to improve farm yield,larvae,30,,NA,,NA,,NA,30,,yes,no,no,5,10,2015,2017,wet,,,sampling period was in a rainy season,coluzzii_gambiae_m form,,genetic/molecular,
NA,no,yes,no,none,1000263,10.1186/s12936-019-3036-z,fassinou,pesticides and the evolution of the genetic structure of anopheles coluzzii populations in some localities in benin (west africa),malaria journal,2019,,NA,,source provides genetic differentiation information within an coluzzii populations,benin,houndome1,647.173,2.401.897,NA,NA,NA,NA,NA,NA,NA,NA,NA,NA,NA,NA,NA,NA,,point,paper/map,sÃƒÂ´-ava,,,yes,itn,yes,source says no insecticide class was reportedly used in so-ava.however it has benefited from llins distribution campaigns,larvae,0,,NA,,NA,,NA,0,,no,yes,no,5,10,2015,2017,dry,,,,gambiae_s form,,genetic/molecular,
NA,no,yes,no,none,1000263,10.1186/s12936-019-3036-z,fassinou,pesticides and the evolution of the genetic structure of anopheles coluzzii populations in some localities in benin (west africa),malaria journal,2019,,NA,,source provides genetic differentiation information within an coluzzii populations,benin,houndome2,6.471.255,240.076,NA,NA,NA,NA,NA,NA,NA,NA,NA,NA,NA,NA,NA,NA,,point,paper/map,sÃƒÂ´-ava,,,yes,itn,yes,pesticides were used to improve farm yield,larvae,0,,NA,,NA,,NA,0,,no,yes,no,5,10,2015,2017,dry,,,,gambiae_s form,,genetic/molecular,
NA,no,yes,no,none,1000263,10.1186/s12936-019-3036-z,fassinou,pesticides and the evolution of the genetic structure of anopheles coluzzii populations in some localities in benin (west africa),malaria journal,2019,,NA,,source provides genetic differentiation information within an coluzzii populations,benin,dogodo,6.468.116,2.415.858,NA,NA,NA,NA,NA,NA,NA,NA,NA,NA,NA,NA,NA,NA,,point,paper/map,sÃƒÂ´-ava,,,yes,itn,yes,pesticides were used to improve farm yield,larvae,0,,NA,,NA,,NA,0,,no,yes,no,5,10,2015,2017,wet,,,,gambiae_s form,,genetic/molecular,
NA,no,yes,no,none,1000263,10.1186/s12936-019-3036-z,fassinou,pesticides and the evolution of the genetic structure of anopheles coluzzii populations in some localities in benin (west africa),malaria journal,2019,,NA,,source provides genetic differentiation information within an coluzzii populations,benin,so tchanhoue,6.475.958,2.414.138,NA,NA,NA,NA,NA,NA,NA,NA,NA,NA,NA,NA,NA,NA,,point,paper/map,sÃƒÂ´-ava,,,yes,itn,yes,pesticides were used to improve farm yield,larvae,0,,NA,,NA,,NA,0,,no,yes,no,5,10,2015,2017,wet,,,,gambiae_s form,,genetic/molecular,
NA,no,yes,no,none,1000263,10.1186/s12936-019-3036-z,fassinou,pesticides and the evolution of the genetic structure of anopheles coluzzii populations in some localities in benin (west africa),malaria journal,2019,,NA,,source provides genetic differentiation information within an coluzzii populations,benin,ganvie,6.467,241.638,NA,NA,NA,NA,NA,NA,NA,NA,NA,NA,NA,NA,NA,NA,,point,paper/map,sÃƒÂ´-ava,,,yes,itn,yes,pesticides were used to improve farm yield,larvae,0,,NA,,NA,,NA,0,,no,yes,no,5,10,2015,2017,wet,,,,gambiae_s form,,genetic/molecular,
NA,no,yes,no,none,1000263,10.1186/s12936-019-3036-z,fassinou,pesticides and the evolution of the genetic structure of anopheles coluzzii populations in some localities in benin (west africa),malaria journal,2019,,NA,,source provides genetic differentiation information within an coluzzii populations,benin,houndome1,647.173,2.401.897,NA,NA,NA,NA,NA,NA,NA,NA,NA,NA,NA,NA,NA,NA,,point,paper/map,sÃƒÂ´-ava,,,yes,itn,yes,source says no insecticide class was reportedly used in so-ava.however it has benefited from llins distribution campaigns,larvae,0,,NA,,NA,,NA,0,,no,yes,no,5,10,2015,2017,dry,,,,gambiae_s form_m form,,genetic/molecular,
NA,no,yes,no,none,1000263,10.1186/s12936-019-3036-z,fassinou,pesticides and the evolution of the genetic structure of anopheles coluzzii populations in some localities in benin (west africa),malaria journal,2019,,NA,,source provides genetic differentiation information within an coluzzii populations,benin,houndome2,6.471.255,240.076,NA,NA,NA,NA,NA,NA,NA,NA,NA,NA,NA,NA,NA,NA,,point,paper/map,sÃƒÂ´-ava,,,yes,itn,yes,pesticides were used to improve farm yield,larvae,0,,NA,,NA,,NA,0,,no,yes,no,5,10,2015,2017,dry,,,,gambiae_s form_m form,,genetic/molecular,
NA,no,yes,no,none,1000263,10.1186/s12936-019-3036-z,fassinou,pesticides and the evolution of the genetic structure of anopheles coluzzii populations in some localities in benin (west africa),malaria journal,2019,,NA,,source provides genetic differentiation information within an coluzzii populations,benin,dogodo,6.468.116,2.415.858,NA,NA,NA,NA,NA,NA,NA,NA,NA,NA,NA,NA,NA,NA,,point,paper/map,sÃƒÂ´-ava,,,yes,itn,yes,pesticides were used to improve farm yield,larvae,0,,NA,,NA,,NA,0,,no,yes,no,5,10,2015,2017,wet,,,,gambiae_s form_m form,,genetic/molecular,
NA,no,yes,no,none,1000263,10.1186/s12936-019-3036-z,fassinou,pesticides and the evolution of the genetic structure of anopheles coluzzii populations in some localities in benin (west africa),malaria journal,2019,,NA,,source provides genetic differentiation information within an coluzzii populations,benin,so tchanhoue,6.475.958,2.414.138,NA,NA,NA,NA,NA,NA,NA,NA,NA,NA,NA,NA,NA,NA,,point,paper/map,sÃƒÂ´-ava,,,yes,itn,yes,pesticides were used to improve farm yield,larvae,0,,NA,,NA,,NA,0,,no,yes,no,5,10,2015,2017,wet,,,,gambiae_s form_m form,,genetic/molecular,
NA,no,yes,no,none,1000263,10.1186/s12936-019-3036-z,fassinou,pesticides and the evolution of the genetic structure of anopheles coluzzii populations in some localities in benin (west africa),malaria journal,2019,,NA,,source provides genetic differentiation information within an coluzzii populations,benin,ganvie,6.467,241.638,NA,NA,NA,NA,NA,NA,NA,NA,NA,NA,NA,NA,NA,NA,,point,paper/map,sÃƒÂ´-ava,,,yes,itn,yes,pesticides were used to improve farm yield,larvae,0,,NA,,NA,,NA,0,,no,yes,no,5,10,2015,2017,wet,,,,gambiae_s form_m form,,genetic/molecular,
NA,no,yes,no,none,1000263,10.1186/s12936-019-3036-z,fassinou,pesticides and the evolution of the genetic structure of anopheles coluzzii populations in some localities in benin (west africa),malaria journal,2019,,NA,,source provides genetic differentiation information within an coluzzii populations,benin,ketou centre,73.604,260.395,NA,NA,NA,NA,NA,NA,NA,NA,NA,NA,NA,NA,NA,NA,,point,paper/map,kÃƒÂ©tou,,,yes,other,na,pesticides were used to improve farm yield,larvae,8,,NA,,NA,,NA,8,,yes,no,no,5,10,2015,2017,wet,,,,coluzzii_gambiae_m form,,genetic/molecular,
NA,no,yes,no,none,1000263,10.1186/s12936-019-3036-z,fassinou,pesticides and the evolution of the genetic structure of anopheles coluzzii populations in some localities in benin (west africa),malaria journal,2019,,NA,,source provides genetic differentiation information within an coluzzii populations,benin,odometa (oloka),73.537,2.613.427,NA,NA,NA,NA,NA,NA,NA,NA,NA,NA,NA,NA,NA,NA,,point,paper/map,kÃƒÂ©tou,,,yes,other,na,pesticides were used to improve farm yield,larvae,28,,NA,,NA,,NA,28,,yes,no,no,5,10,2015,2017,dry,,,,coluzzii_gambiae_m form,,genetic/molecular,
NA,no,yes,no,none,1000263,10.1186/s12936-019-3036-z,fassinou,pesticides and the evolution of the genetic structure of anopheles coluzzii populations in some localities in benin (west africa),malaria journal,2019,,NA,,source provides genetic differentiation information within an coluzzii populations,benin,kpankou,73.662,260.496,NA,NA,NA,NA,NA,NA,NA,NA,NA,NA,NA,NA,NA,NA,,point,paper/map,kÃƒÂ©tou,,,yes,other,na,pesticides were used to improve farm yield,larvae,19,,NA,,NA,,NA,19,,yes,no,no,5,10,2015,2017,wet,,,,coluzzii_gambiae_m form,,genetic/molecular,
NA,no,yes,no,none,1000263,10.1186/s12936-019-3036-z,fassinou,pesticides and the evolution of the genetic structure of anopheles coluzzii populations in some localities in benin (west africa),malaria journal,2019,,NA,,source provides genetic differentiation information within an coluzzii populations,benin,mowodani,73.619,259.978,NA,NA,NA,NA,NA,NA,NA,NA,NA,NA,NA,NA,NA,NA,,point,paper/map,kÃƒÂ©tou,,,yes,other,na,pesticides were used to improve farm yield,larvae,25,,NA,,NA,,NA,25,,yes,no,no,5,10,2015,2017,wet,,,,coluzzii_gambiae_m form,,genetic/molecular,
NA,no,yes,no,none,1000263,10.1186/s12936-019-3036-z,fassinou,pesticides and the evolution of the genetic structure of anopheles coluzzii populations in some localities in benin (west africa),malaria journal,2019,,NA,,source provides genetic differentiation information within an coluzzii populations,benin,ketou centre,73.604,260.395,NA,NA,NA,NA,NA,NA,NA,NA,NA,NA,NA,NA,NA,NA,,point,paper/map,kÃƒÂ©tou,,,yes,other,na,pesticides were used to improve farm yield,larvae,0,,NA,,NA,,NA,0,,no,yes,no,5,10,2015,2017,wet,,,,gambiae_s form,,genetic/molecular,
NA,no,yes,no,none,1000263,10.1186/s12936-019-3036-z,fassinou,pesticides and the evolution of the genetic structure of anopheles coluzzii populations in some localities in benin (west africa),malaria journal,2019,,NA,,source provides genetic differentiation information within an coluzzii populations,benin,odometa (oloka),73.537,2.613.427,NA,NA,NA,NA,NA,NA,NA,NA,NA,NA,NA,NA,NA,NA,,point,paper/map,kÃƒÂ©tou,,,yes,other,na,pesticides were used to improve farm yield,larvae,4,,NA,,NA,,NA,4,,yes,no,no,5,10,2015,2017,dry,,,,gambiae_s form,,genetic/molecular,
NA,no,yes,no,none,1000263,10.1186/s12936-019-3036-z,fassinou,pesticides and the evolution of the genetic structure of anopheles coluzzii populations in some localities in benin (west africa),malaria journal,2019,,NA,,source provides genetic differentiation information within an coluzzii populations,benin,kpankou,73.662,260.496,NA,NA,NA,NA,NA,NA,NA,NA,NA,NA,NA,NA,NA,NA,,point,paper/map,kÃƒÂ©tou,,,yes,other,na,pesticides were used to improve farm yield,larvae,3,,NA,,NA,,NA,3,,yes,no,no,5,10,2015,2017,wet,,,,gambiae_s form,,genetic/molecular,
NA,no,yes,no,none,1000263,10.1186/s12936-019-3036-z,fassinou,pesticides and the evolution of the genetic structure of anopheles coluzzii populations in some localities in benin (west africa),malaria journal,2019,,NA,,source provides genetic differentiation information within an coluzzii populations,benin,mowodani,73.619,259.978,NA,NA,NA,NA,NA,NA,NA,NA,NA,NA,NA,NA,NA,NA,,point,paper/map,kÃƒÂ©tou,,,yes,other,na,pesticides were used to improve farm yield,larvae,3,,NA,,NA,,NA,3,,yes,no,no,5,10,2015,2017,wet,,,,gambiae_s form,,genetic/molecular,
NA,no,yes,no,none,1000263,10.1186/s12936-019-3036-z,fassinou,pesticides and the evolution of the genetic structure of anopheles coluzzii populations in some localities in benin (west africa),malaria journal,2019,,NA,,source provides genetic differentiation information within an coluzzii populations,benin,ketou centre,73.604,260.395,NA,NA,NA,NA,NA,NA,NA,NA,NA,NA,NA,NA,NA,NA,,point,paper/map,kÃƒÂ©tou,,,yes,other,na,pesticides were used to improve farm yield,larvae,0,,NA,,NA,,NA,0,,no,yes,no,5,10,2015,2017,wet,,,,gambiae_s form_m form,,genetic/molecular,
NA,no,yes,no,none,1000263,10.1186/s12936-019-3036-z,fassinou,pesticides and the evolution of the genetic structure of anopheles coluzzii populations in some localities in benin (west africa),malaria journal,2019,,NA,,source provides genetic differentiation information within an coluzzii populations,benin,odometa (oloka),73.537,2.613.427,NA,NA,NA,NA,NA,NA,NA,NA,NA,NA,NA,NA,NA,NA,,point,paper/map,kÃƒÂ©tou,,,yes,other,na,pesticides were used to improve farm yield,larvae,0,,NA,,NA,,NA,0,,yes,no,no,5,10,2015,2017,dry,,,,gambiae_s form_m form,,genetic/molecular,
NA,no,yes,no,none,1000263,10.1186/s12936-019-3036-z,fassinou,pesticides and the evolution of the genetic structure of anopheles coluzzii populations in some localities in benin (west africa),malaria journal,2019,,NA,,source provides genetic differentiation information within an coluzzii populations,benin,kpankou,73.662,260.496,NA,NA,NA,NA,NA,NA,NA,NA,NA,NA,NA,NA,NA,NA,,point,paper/map,kÃƒÂ©tou,,,yes,other,na,pesticides were used to improve farm yield,larvae,0,,NA,,NA,,NA,0,,yes,no,no,5,10,2015,2017,wet,,,,gambiae_s form_m form,,genetic/molecular,
NA,no,yes,no,none,1000263,10.1186/s12936-019-3036-z,fassinou,pesticides and the evolution of the genetic structure of anopheles coluzzii populations in some localities in benin (west africa),malaria journal,2019,,NA,,source provides genetic differentiation information within an coluzzii populations,benin,mowodani,73.619,259.978,NA,NA,NA,NA,NA,NA,NA,NA,NA,NA,NA,NA,NA,NA,,point,paper/map,kÃƒÂ©tou,,,yes,other,na,pesticides were used to improve farm yield,larvae,0,,NA,,NA,,NA,0,,yes,no,no,5,10,2015,2017,wet,,,,gambiae_s form_m form,,genetic/molecular,
NA,no,yes,no,none,1000263,10.1186/s12936-019-3036-z,fassinou,pesticides and the evolution of the genetic structure of anopheles coluzzii populations in some localities in benin (west africa),malaria journal,2019,,NA,,source provides genetic differentiation information within an coluzzii populations,benin,zagnanado centre,7.212.369,2.342.219,NA,NA,NA,NA,NA,NA,NA,NA,NA,NA,NA,NA,NA,NA,,point,paper/map,zagnanado,,,yes,other,na,pesticides were used to improve farm yield,larvae,20,,NA,,NA,,NA,20,,yes,no,no,5,10,2015,2017,wet,,,,coluzzii_gambiae_m form,,genetic/molecular,
NA,no,yes,no,none,1000263,10.1186/s12936-019-3036-z,fassinou,pesticides and the evolution of the genetic structure of anopheles coluzzii populations in some localities in benin (west africa),malaria journal,2019,,NA,,source provides genetic differentiation information within an coluzzii populations,benin,kpedekpo,7.211.266,234.075,NA,NA,NA,NA,NA,NA,NA,NA,NA,NA,NA,NA,NA,NA,,point,paper/map,zagnanado,,,yes,other,na,pesticides were used to improve farm yield,larvae,15,,NA,,NA,,NA,15,,yes,no,no,5,10,2015,2017,wet,,,,coluzzii_gambiae_m form,,genetic/molecular,
NA,no,yes,no,none,1000263,10.1186/s12936-019-3036-z,fassinou,pesticides and the evolution of the genetic structure of anopheles coluzzii populations in some localities in benin (west africa),malaria journal,2019,,NA,,source provides genetic differentiation information within an coluzzii populations,benin,bame,721.328,23.387,NA,NA,NA,NA,NA,NA,NA,NA,NA,NA,NA,NA,NA,NA,,point,paper/map,zagnanado,,,yes,other,na,pesticides were used to improve farm yield,larvae,17,,NA,,NA,,NA,17,,yes,no,no,5,10,2015,2017,wet,,,,coluzzii_gambiae_m form,,genetic/molecular,
NA,no,yes,no,none,1000263,10.1186/s12936-019-3036-z,fassinou,pesticides and the evolution of the genetic structure of anopheles coluzzii populations in some localities in benin (west africa),malaria journal,2019,,NA,,source provides genetic differentiation information within an coluzzii populations,benin,houegbo centre,721.107,234.094,NA,NA,NA,NA,NA,NA,NA,NA,NA,NA,NA,NA,NA,NA,,point,paper/map,zagnanado,,,yes,other,na,pesticides were used to improve farm yield,larvae,12,,NA,,NA,,NA,12,,yes,no,no,5,10,2015,2017,wet,,,,coluzzii_gambiae_m form,,genetic/molecular,
NA,no,yes,no,none,1000263,10.1186/s12936-019-3036-z,fassinou,pesticides and the evolution of the genetic structure of anopheles coluzzii populations in some localities in benin (west africa),malaria journal,2019,,NA,,source provides genetic differentiation information within an coluzzii populations,benin,zagnanado centre,7.212.369,2.342.219,NA,NA,NA,NA,NA,NA,NA,NA,NA,NA,NA,NA,NA,NA,,point,paper/map,zagnanado,,,yes,other,na,pesticides were used to improve farm yield,larvae,4,,NA,,NA,,NA,4,,yes,no,no,5,10,2015,2017,wet,,,,gambiae_s form,,genetic/molecular,
NA,no,yes,no,none,1000263,10.1186/s12936-019-3036-z,fassinou,pesticides and the evolution of the genetic structure of anopheles coluzzii populations in some localities in benin (west africa),malaria journal,2019,,NA,,source provides genetic differentiation information within an coluzzii populations,benin,kpedekpo,7.211.266,234.075,NA,NA,NA,NA,NA,NA,NA,NA,NA,NA,NA,NA,NA,NA,,point,paper/map,zagnanado,,,yes,other,na,pesticides were used to improve farm yield,larvae,3,,NA,,NA,,NA,3,,yes,no,no,5,10,2015,2017,wet,,,,gambiae_s form,,genetic/molecular,
NA,no,yes,no,none,1000263,10.1186/s12936-019-3036-z,fassinou,pesticides and the evolution of the genetic structure of anopheles coluzzii populations in some localities in benin (west africa),malaria journal,2019,,NA,,source provides genetic differentiation information within an coluzzii populations,benin,bame,721.328,23.387,NA,NA,NA,NA,NA,NA,NA,NA,NA,NA,NA,NA,NA,NA,,point,paper/map,zagnanado,,,yes,other,na,pesticides were used to improve farm yield,larvae,1,,NA,,NA,,NA,1,,yes,no,no,5,10,2015,2017,wet,,,,gambiae_s form,,genetic/molecular,
NA,no,yes,no,none,1000263,10.1186/s12936-019-3036-z,fassinou,pesticides and the evolution of the genetic structure of anopheles coluzzii populations in some localities in benin (west africa),malaria journal,2019,,NA,,source provides genetic differentiation information within an coluzzii populations,benin,houegbo centre,721.107,234.094,NA,NA,NA,NA,NA,NA,NA,NA,NA,NA,NA,NA,NA,NA,,point,paper/map,zagnanado,,,yes,other,na,pesticides were used to improve farm yield,larvae,2,,NA,,NA,,NA,2,,yes,no,no,5,10,2015,2017,wet,,,,gambiae_s form,,genetic/molecular,
NA,no,yes,no,none,1000263,10.1186/s12936-019-3036-z,fassinou,pesticides and the evolution of the genetic structure of anopheles coluzzii populations in some localities in benin (west africa),malaria journal,2019,,NA,,source provides genetic differentiation information within an coluzzii populations,benin,zagnanado centre,7.212.369,2.342.219,NA,NA,NA,NA,NA,NA,NA,NA,NA,NA,NA,NA,NA,NA,,point,paper/map,zagnanado,,,yes,other,na,pesticides were used to improve farm yield,larvae,0,,NA,,NA,,NA,0,,no,yes,no,5,10,2015,2017,wet,,,,gambiae_s form_m form,,genetic/molecular,
NA,no,yes,no,none,1000263,10.1186/s12936-019-3036-z,fassinou,pesticides and the evolution of the genetic structure of anopheles coluzzii populations in some localities in benin (west africa),malaria journal,2019,,NA,,source provides genetic differentiation information within an coluzzii populations,benin,kpedekpo,7.211.266,234.075,NA,NA,NA,NA,NA,NA,NA,NA,NA,NA,NA,NA,NA,NA,,point,paper/map,zagnanado,,,yes,other,na,pesticides were used to improve farm yield,larvae,0,,NA,,NA,,NA,0,,no,yes,no,5,10,2015,2017,wet,,,,gambiae_s form_m form,,genetic/molecular,
NA,no,yes,no,none,1000263,10.1186/s12936-019-3036-z,fassinou,pesticides and the evolution of the genetic structure of anopheles coluzzii populations in some localities in benin (west africa),malaria journal,2019,,NA,,source provides genetic differentiation information within an coluzzii populations,benin,bame,721.328,23.387,NA,NA,NA,NA,NA,NA,NA,NA,NA,NA,NA,NA,NA,NA,,point,paper/map,zagnanado,,,yes,other,na,pesticides were used to improve farm yield,larvae,0,,NA,,NA,,NA,0,,no,yes,no,5,10,2015,2017,wet,,,,gambiae_s form_m form,,genetic/molecular,
NA,no,yes,no,none,1000263,10.1186/s12936-019-3036-z,fassinou,pesticides and the evolution of the genetic structure of anopheles coluzzii populations in some localities in benin (west africa),malaria journal,2019,,NA,,source provides genetic differentiation information within an coluzzii populations,benin,houegbo centre,721.107,234.094,NA,NA,NA,NA,NA,NA,NA,NA,NA,NA,NA,NA,NA,NA,,point,paper/map,zagnanado,,,yes,other,na,pesticides were used to improve farm yield,larvae,0,,NA,,NA,,NA,0,,no,yes,no,5,10,2015,2017,wet,,,,gambiae_s form_m form,,genetic/molecular,
NA,no,yes,no,none,1000265,10.1186/s12936-019-3030-5,sanou,"evaluation of mosquito electrocuting traps
as a safe alternative to the human landing catch
for measuring human exposure to malaria
vectors in burkina faso",malaria journal,2019,,NA,,,burkina faso,dangouindougou,10.192.568,-5.019.081,NA,NA,NA,NA,NA,NA,NA,NA,NA,NA,NA,NA,NA,NA,,point,googlemaps,,,searched the coordinates in google maps,,,,,hlc - in,NA,hlc - out,NA,HBN,NA,,NA,2359,this data is provided in supplementary table met(mosquito electrocuting trap) was used to collect mosquitoes as well both indoor and outdoor,yes,no,yes,10,12,2016,2017,,cross,600-900mm/year,source says  dry season was(november 2016 - march 2017 and november - december 2017) and wet season (october 2016),gambiae complex,,morph,
NA,no,yes,no,none,1000265,10.1186/s12936-019-3030-5,sanou,"evaluation of mosquito electrocuting traps
as a safe alternative to the human landing catch
for measuring human exposure to malaria
vectors in burkina faso",malaria journal,2019,,NA,,,burkina faso,gouera,1.043.667,-48.815,NA,NA,NA,NA,NA,NA,NA,NA,NA,NA,NA,NA,NA,NA,,point,googleearth,,,searched the coordinates in google earth,,,,,hlc - in,NA,hlc - out,NA,HBN,NA,,NA,2111,met(mosquito electrocuting trap) was used to collect mosquitoes as well both indoor and outdoor,yes,no,yes,10,12,2016,2017,,cross,600-900mm/year,source says  dry season was(november 2016 - march 2017 and november - december 2017) and wet season (october 2016),gambiae complex,,morph,
NA,no,yes,no,none,1000265,10.1186/s12936-019-3030-5,sanou,"evaluation of mosquito electrocuting traps
as a safe alternative to the human landing catch
for measuring human exposure to malaria
vectors in burkina faso",malaria journal,2019,,NA,,,burkina faso,nianiagara,1.069.227,-467.389,NA,NA,NA,NA,NA,NA,NA,NA,NA,NA,NA,NA,NA,NA,,point,googleearth,,,searched the coordinates in google earth,,,,,hlc - in,NA,hlc - out,NA,HBN,NA,,NA,1231,met(mosquito electrocuting trap) was used to collect mosquitoes as well both indoor and outdoor,yes,no,yes,10,12,2016,2017,,cross,600-900mm/year,source says  dry season was(november 2016 - march 2017 and november - december 2017) and wet season (october 2016),gambiae complex,,morph,
NA,no,yes,no,none,1000265,10.1186/s12936-019-3030-5,sanou,"evaluation of mosquito electrocuting traps
as a safe alternative to the human landing catch
for measuring human exposure to malaria
vectors in burkina faso",malaria journal,2019,,NA,,,burkina faso,nonfesso,10.139.347,-47.844,NA,NA,NA,NA,NA,NA,NA,NA,NA,NA,NA,NA,NA,NA,,point,googleearth,,,searched the coordinates in google earth,,,,,hlc - in,NA,hlc - out,NA,HBN,NA,,NA,1187,met(mosquito electrocuting trap) was used to collect mosquitoes as well both indoor and outdoor,yes,no,yes,10,12,2016,2017,,cross,600-900mm/year,source says  dry season was(november 2016 - march 2017 and november - december 2017) and wet season (october 2016),gambiae complex,,morph,
NA,no,yes,no,none,1000265,10.1186/s12936-019-3030-5,sanou,"evaluation of mosquito electrocuting traps
as a safe alternative to the human landing catch
for measuring human exposure to malaria
vectors in burkina faso",malaria journal,2019,,NA,,,burkina faso,ouangolodougou,1.006.492,-480.205,NA,NA,NA,NA,NA,NA,NA,NA,NA,NA,NA,NA,NA,NA,,point,googleearth,,,searched the coordinates in google earth,,,,,hlc - in,NA,hlc - out,NA,HBN,NA,,NA,830,met(mosquito electrocuting trap) was used to collect mosquitoes as well both indoor and outdoor,yes,no,yes,10,12,2016,2017,,cross,600-900mm/year,source says  dry season was(november 2016 - march 2017 and november - december 2017) and wet season (october 2016),gambiae complex,,morph,
NA,no,yes,no,none,1000265,10.1186/s12936-019-3030-5,sanou,"evaluation of mosquito electrocuting traps
as a safe alternative to the human landing catch
for measuring human exposure to malaria
vectors in burkina faso",malaria journal,2019,,NA,,,burkina faso,sitiena,105.811,-481.295,NA,NA,NA,NA,NA,NA,NA,NA,NA,NA,NA,NA,NA,NA,,point,googleearth,,,searched the coordinates in google earth,,,,,hlc - in,NA,hlc - out,NA,HBN,NA,,NA,3777,met(mosquito electrocuting trap) was used to collect mosquitoes as well both indoor and outdoor,yes,no,yes,10,12,2016,2017,,cross,600-900mm/year,source says  dry season was(november 2016 - march 2017 and november - december 2017) and wet season (october 2016),gambiae complex,,morph,
NA,no,yes,no,none,1000265,10.1186/s12936-019-3030-5,sanou,"evaluation of mosquito electrocuting traps
as a safe alternative to the human landing catch
for measuring human exposure to malaria
vectors in burkina faso",malaria journal,2019,,NA,,,burkina faso,tengrela,105.811,-482.234,NA,NA,NA,NA,NA,NA,NA,NA,NA,NA,NA,NA,NA,NA,,point,googleearth,,,searched the coordinates in google earth,,,,,hlc - in,NA,hlc - out,NA,HBN,NA,,NA,9291,met(mosquito electrocuting trap) was used to collect mosquitoes as well both indoor and outdoor,yes,no,yes,10,12,2016,2017,,cross,600-900mm/year,source says  dry season was(november 2016 - march 2017 and november - december 2017) and wet season (october 2016),gambiae complex,,morph,
NA,no,yes,no,none,1000265,10.1186/s12936-019-3030-5,sanou,"evaluation of mosquito electrocuting traps
as a safe alternative to the human landing catch
for measuring human exposure to malaria
vectors in burkina faso",malaria journal,2019,,NA,,,burkina faso,tiefora,1.063.036,-45.507,NA,NA,NA,NA,NA,NA,NA,NA,NA,NA,NA,NA,NA,NA,,point,googleearth,,,searched the coordinates in google earth,,,,,hlc - in,NA,hlc - out,NA,HBN,NA,,NA,6964,met(mosquito electrocuting trap) was used to collect mosquitoes as well both indoor and outdoor,yes,no,yes,10,12,2016,2017,,cross,600-900mm/year,source says  dry season was(november 2016 - march 2017 and november - december 2017) and wet season (october 2016),gambiae complex,,morph,
NA,no,yes,no,none,1000265,10.1186/s12936-019-3030-5,sanou,"evaluation of mosquito electrocuting traps
as a safe alternative to the human landing catch
for measuring human exposure to malaria
vectors in burkina faso",malaria journal,2019,,NA,,,burkina faso,tinpereba,101.646,-49.003,NA,NA,NA,NA,NA,NA,NA,NA,NA,NA,NA,NA,NA,NA,,point,googleearth,,,the site in google earth is named tinpereba while in the paper they have written it as timperba.searched the coordinates in google earth.,,,,,hlc - in,NA,hlc - out,NA,HBN,NA,,NA,1436,met(mosquito electrocuting trap) was used to collect mosquitoes as well both indoor and outdoor,yes,no,yes,10,12,2016,2017,,cross,600-900mm/year,source says  dry season was(november 2016 - march 2017 and november - december 2017) and wet season (october 2016),gambiae complex,,morph,
NA,no,yes,no,none,1000265,10.1186/s12936-019-3030-5,sanou,"evaluation of mosquito electrocuting traps
as a safe alternative to the human landing catch
for measuring human exposure to malaria
vectors in burkina faso",malaria journal,2019,,NA,,,burkina faso,tondoura,1.019.636,-477.228,NA,NA,NA,NA,NA,NA,NA,NA,NA,NA,NA,NA,NA,NA,,point,googleearth,,,searched the coordinates in google earth,,,,,hlc - in,NA,hlc - out,NA,HBN,NA,,NA,1483,met(mosquito electrocuting trap) was used to collect mosquitoes as well both indoor and outdoor,yes,no,yes,10,12,2016,2017,,cross,600-900mm/year,source says  dry season was(november 2016 - march 2017 and november - december 2017) and wet season (october 2016),gambiae complex,,morph,
NA,no,yes,no,none,1000265,10.1186/s12936-019-3030-5,sanou,"evaluation of mosquito electrocuting traps
as a safe alternative to the human landing catch
for measuring human exposure to malaria
vectors in burkina faso",malaria journal,2019,,NA,,,burkina faso,toumousseni,10.621.166,-49.035,NA,NA,NA,NA,NA,NA,NA,NA,NA,NA,NA,NA,NA,NA,,point,googleearth,,,searched the coordinates in google earth,,,,,hlc - in,NA,hlc - out,NA,HBN,NA,,NA,2509,met(mosquito electrocuting trap) was used to collect mosquitoes as well both indoor and outdoor,yes,no,yes,10,12,2016,2017,,cross,600-900mm/year,source says  dry season was(november 2016 - march 2017 and november - december 2017) and wet season (october 2016),gambiae complex,,morph,
NA,no,yes,no,none,1000265,10.1186/s12936-019-3030-5,sanou,"evaluation of mosquito electrocuting traps
as a safe alternative to the human landing catch
for measuring human exposure to malaria
vectors in burkina faso",malaria journal,2019,,NA,,,burkina faso,yendere,101.928,-4.991.059,NA,NA,NA,NA,NA,NA,NA,NA,NA,NA,NA,NA,NA,NA,,point,googleearth,,,searched the coordinates in google earth,,,,,hlc - in,NA,hlc - out,NA,HBN,NA,,NA,1766,met(mosquito electrocuting trap) was used to collect mosquitoes as well both indoor and outdoor,yes,no,yes,10,12,2016,2017,,cross,600-900mm/year,source says  dry season was(november 2016 - march 2017 and november - december 2017) and wet season (october 2016),gambiae complex,,morph,
NA,no,yes,no,none,1000265,10.1186/s12936-019-3030-5,sanou,"evaluation of mosquito electrocuting traps
as a safe alternative to the human landing catch
for measuring human exposure to malaria
vectors in burkina faso",malaria journal,2019,,NA,,,burkina faso,dangouindougou,10.192.568,-5.019.081,NA,NA,NA,NA,NA,NA,NA,NA,NA,NA,NA,NA,NA,NA,,point,googlemaps,,,searched the coordinates in google maps,,,,,hlc - in,NA,hlc - out,NA,HBN,NA,,NA,2411,met(mosquito electrocuting trap) was used to collect mosquitoes as well both indoor and outdoor,yes,no,yes,10,12,2016,2017,,cross,600-900mm/year,source says  dry season was(november 2016 - march 2017 and november - december 2017) and wet season (october 2016),gambiae_s form,,morph,genetic/molecular
NA,no,yes,no,none,1000265,10.1186/s12936-019-3030-5,sanou,"evaluation of mosquito electrocuting traps
as a safe alternative to the human landing catch
for measuring human exposure to malaria
vectors in burkina faso",malaria journal,2019,,NA,,,burkina faso,gouera,1.043.667,-48.815,NA,NA,NA,NA,NA,NA,NA,NA,NA,NA,NA,NA,NA,NA,,point,googleearth,,,searched the coordinates in google earth,,,,,hlc - in,NA,hlc - out,NA,HBN,NA,,NA,2131,met(mosquito electrocuting trap) was used to collect mosquitoes as well both indoor and outdoor,yes,no,yes,10,12,2016,2017,,cross,600-900mm/year,source says  dry season was(november 2016 - march 2017 and november - december 2017) and wet season (october 2016),gambiae_s form,,morph,genetic/molecular
NA,no,yes,no,none,1000265,10.1186/s12936-019-3030-5,sanou,"evaluation of mosquito electrocuting traps
as a safe alternative to the human landing catch
for measuring human exposure to malaria
vectors in burkina faso",malaria journal,2019,,NA,,,burkina faso,nianiagara,1.069.227,-467.389,NA,NA,NA,NA,NA,NA,NA,NA,NA,NA,NA,NA,NA,NA,,point,googleearth,,,searched the coordinates in google earth,,,,,hlc - in,NA,hlc - out,NA,HBN,NA,,NA,1252,met(mosquito electrocuting trap) was used to collect mosquitoes as well both indoor and outdoor,yes,no,yes,10,12,2016,2017,,cross,600-900mm/year,source says  dry season was(november 2016 - march 2017 and november - december 2017) and wet season (october 2016),gambiae_s form,,morph,genetic/molecular
NA,no,yes,no,none,1000265,10.1186/s12936-019-3030-5,sanou,"evaluation of mosquito electrocuting traps
as a safe alternative to the human landing catch
for measuring human exposure to malaria
vectors in burkina faso",malaria journal,2019,,NA,,,burkina faso,nofesso,10.139.347,-47.844,NA,NA,NA,NA,NA,NA,NA,NA,NA,NA,NA,NA,NA,NA,,point,googleearth,,,searched the coordinates in google earth,,,,,hlc - in,NA,hlc - out,NA,HBN,NA,,NA,1188,met(mosquito electrocuting trap) was used to collect mosquitoes as well both indoor and outdoor,yes,no,yes,10,12,2016,2017,,cross,600-900mm/year,source says  dry season was(november 2016 - march 2017 and november - december 2017) and wet season (october 2016),gambiae_s form,,morph,genetic/molecular
NA,no,yes,no,none,1000265,10.1186/s12936-019-3030-5,sanou,"evaluation of mosquito electrocuting traps
as a safe alternative to the human landing catch
for measuring human exposure to malaria
vectors in burkina faso",malaria journal,2019,,NA,,,burkina faso,ouangolodougou,1.006.492,-480.205,NA,NA,NA,NA,NA,NA,NA,NA,NA,NA,NA,NA,NA,NA,,point,googleearth,,,searched the coordinates in google earth,,,,,hlc - in,NA,hlc - out,NA,HBN,NA,,NA,833,met(mosquito electrocuting trap) was used to collect mosquitoes as well both indoor and outdoor,yes,no,yes,10,12,2016,2017,,cross,600-900mm/year,source says  dry season was(november 2016 - march 2017 and november - december 2017) and wet season (october 2016),gambiae_s form,,morph,genetic/molecular
NA,no,yes,no,none,1000265,10.1186/s12936-019-3030-5,sanou,"evaluation of mosquito electrocuting traps
as a safe alternative to the human landing catch
for measuring human exposure to malaria
vectors in burkina faso",malaria journal,2019,,NA,,,burkina faso,sitiena,105.811,-481.295,NA,NA,NA,NA,NA,NA,NA,NA,NA,NA,NA,NA,NA,NA,,point,googleearth,,,searched the coordinates in google earth,,,,,hlc - in,NA,hlc - out,NA,HBN,NA,,NA,4015,met(mosquito electrocuting trap) was used to collect mosquitoes as well both indoor and outdoor,yes,no,yes,10,12,2016,2017,,cross,600-900mm/year,source says  dry season was(november 2016 - march 2017 and november - december 2017) and wet season (october 2016),gambiae_s form,,morph,genetic/molecular
NA,no,yes,no,none,1000265,10.1186/s12936-019-3030-5,sanou,"evaluation of mosquito electrocuting traps
as a safe alternative to the human landing catch
for measuring human exposure to malaria
vectors in burkina faso",malaria journal,2019,,NA,,,burkina faso,tengrela,105.811,-482.234,NA,NA,NA,NA,NA,NA,NA,NA,NA,NA,NA,NA,NA,NA,,point,googleearth,,,searched the coordinates in google earth,,,,,hlc - in,NA,hlc - out,NA,HBN,NA,,NA,9540,met(mosquito electrocuting trap) was used to collect mosquitoes as well both indoor and outdoor,yes,no,yes,10,12,2016,2017,,cross,600-900mm/year,source says  dry season was(november 2016 - march 2017 and november - december 2017) and wet season (october 2016),gambiae_s form,,morph,genetic/molecular
NA,no,yes,no,none,1000265,10.1186/s12936-019-3030-5,sanou,"evaluation of mosquito electrocuting traps
as a safe alternative to the human landing catch
for measuring human exposure to malaria
vectors in burkina faso",malaria journal,2019,,NA,,,burkina faso,tiefora,1.063.036,-45.507,NA,NA,NA,NA,NA,NA,NA,NA,NA,NA,NA,NA,NA,NA,,point,googleearth,,,searched the coordinates in google earth,,,,,hlc - in,NA,hlc - out,NA,HBN,NA,,NA,7185,met(mosquito electrocuting trap) was used to collect mosquitoes as well both indoor and outdoor,yes,no,yes,10,12,2016,2017,,cross,600-900mm/year,source says  dry season was(november 2016 - march 2017 and november - december 2017) and wet season (october 2016),gambiae_s form,,morph,genetic/molecular
NA,no,yes,no,none,1000265,10.1186/s12936-019-3030-5,sanou,"evaluation of mosquito electrocuting traps
as a safe alternative to the human landing catch
for measuring human exposure to malaria
vectors in burkina faso",malaria journal,2019,,NA,,,burkina faso,tinpereba,101.646,-49.003,NA,NA,NA,NA,NA,NA,NA,NA,NA,NA,NA,NA,NA,NA,,point,googleearth,,,the site in google earth is named tinpereba while in the paper they have written it as timperba.searched the coordinates in google earth.,,,,,hlc - in,NA,hlc - out,NA,HBN,NA,,NA,1449,met(mosquito electrocuting trap) was used to collect mosquitoes as well both indoor and outdoor,yes,no,yes,10,12,2016,2017,,cross,600-900mm/year,source says  dry season was(november 2016 - march 2017 and november - december 2017) and wet season (october 2016),gambiae_s form,,morph,genetic/molecular
NA,no,yes,no,none,1000265,10.1186/s12936-019-3030-5,sanou,"evaluation of mosquito electrocuting traps
as a safe alternative to the human landing catch
for measuring human exposure to malaria
vectors in burkina faso",malaria journal,2019,,NA,,,burkina faso,tondoura,1.019.636,-477.228,NA,NA,NA,NA,NA,NA,NA,NA,NA,NA,NA,NA,NA,NA,,point,googleearth,,,searched the coordinates in google earth,,,,,hlc - in,NA,hlc - out,NA,HBN,NA,,NA,1491,met(mosquito electrocuting trap) was used to collect mosquitoes as well both indoor and outdoor,yes,no,yes,10,12,2016,2017,,cross,600-900mm/year,source says  dry season was(november 2016 - march 2017 and november - december 2017) and wet season (october 2016),gambiae_s form,,morph,genetic/molecular
NA,no,yes,no,none,1000265,10.1186/s12936-019-3030-5,sanou,"evaluation of mosquito electrocuting traps
as a safe alternative to the human landing catch
for measuring human exposure to malaria
vectors in burkina faso",malaria journal,2019,,NA,,,burkina faso,toumousseni,10.621.166,-49.035,NA,NA,NA,NA,NA,NA,NA,NA,NA,NA,NA,NA,NA,NA,,point,googleearth,,,searched the coordinates in google earth,,,,,hlc - in,NA,hlc - out,NA,HBN,NA,,NA,2566,met(mosquito electrocuting trap) was used to collect mosquitoes as well both indoor and outdoor,yes,no,yes,10,12,2016,2017,,cross,600-900mm/year,source says  dry season was(november 2016 - march 2017 and november - december 2017) and wet season (october 2016),gambiae_s form,,morph,genetic/molecular
NA,no,yes,no,none,1000265,10.1186/s12936-019-3030-5,sanou,"evaluation of mosquito electrocuting traps
as a safe alternative to the human landing catch
for measuring human exposure to malaria
vectors in burkina faso",malaria journal,2019,,NA,,,burkina faso,yendere,101.928,-4.991.059,NA,NA,NA,NA,NA,NA,NA,NA,NA,NA,NA,NA,NA,NA,,point,googleearth,,,searched the coordinates in google earth,,,,,hlc - in,NA,hlc - out,NA,HBN,NA,,NA,1800,met(mosquito electrocuting trap) was used to collect mosquitoes as well both indoor and outdoor,yes,no,yes,10,12,2016,2017,,cross,600-900mm/year,source says  dry season was(november 2016 - march 2017 and november - december 2017) and wet season (october 2016),gambiae_s form,,morph,genetic/molecular
NA,no,yes,no,none,1000270,10.1038/s41598-019-49065-5,barron,"a new species in the major malaria
vector complex sheds light on
reticulated species evolution",scientific reports,2019,,NA,,,gabon,lope 16,-0.16953,1.158.733,NA,NA,NA,NA,NA,NA,NA,NA,NA,NA,NA,NA,NA,NA,,point,paper/map,,,coordinates and the sites are provided in the supplementary table,,,,,HLC,NA,,NA,,NA,,NA,NA,,yes,no,no,6,11,2015,2016,,,,,fontenillei,,morph,genetic/molecular
NA,no,yes,no,none,1000270,10.1038/s41598-019-49065-5,barron,"a new species in the major malaria
vector complex sheds light on
reticulated species evolution",scientific reports,2019,,NA,,,gabon,lope 19,-0.19925,115.878,NA,NA,NA,NA,NA,NA,NA,NA,NA,NA,NA,NA,NA,NA,,point,paper/map,,,coordinates and the sites are provided in the supplementary table,,,,,HLC,NA,,NA,,NA,,NA,NA,,yes,no,no,6,11,2015,2016,,,,,fontenillei,,morph,genetic/molecular
NA,no,yes,no,none,1000270,10.1038/s41598-019-49065-5,barron,"a new species in the major malaria
vector complex sheds light on
reticulated species evolution",scientific reports,2019,,NA,,,gabon,lope 34,-0.21229,1.159.241,NA,NA,NA,NA,NA,NA,NA,NA,NA,NA,NA,NA,NA,NA,,point,paper/map,,,coordinates and the sites are provided in the supplementary table,,,,,HLC,NA,,NA,,NA,,NA,NA,,yes,no,no,6,11,2015,2016,,,,,fontenillei,,morph,genetic/molecular
NA,no,yes,no,none,1000270,10.1038/s41598-019-49065-5,barron,"a new species in the major malaria
vector complex sheds light on
reticulated species evolution",scientific reports,2019,,NA,,,gabon,lope 35,-0.19726,1.159.965,NA,NA,NA,NA,NA,NA,NA,NA,NA,NA,NA,NA,NA,NA,,point,paper/map,,,coordinates and the sites are provided in the supplementary table,,,,,HLC,NA,,NA,,NA,,NA,NA,,yes,no,no,6,11,2015,2016,,,,,fontenillei,,morph,genetic/molecular
NA,no,yes,no,none,1000270,10.1038/s41598-019-49065-5,barron,"a new species in the major malaria
vector complex sheds light on
reticulated species evolution",scientific reports,2019,,NA,,,gabon,lope 36,-0.20375,1.159.144,NA,NA,NA,NA,NA,NA,NA,NA,NA,NA,NA,NA,NA,NA,,point,paper/map,,,coordinates and the sites are provided in the supplementary table,,,,,HLC,NA,,NA,,NA,,NA,NA,,yes,no,no,6,11,2015,2016,,,,,fontenillei,,morph,genetic/molecular
NA,no,yes,no,none,1000270,10.1038/s41598-019-49065-5,barron,"a new species in the major malaria
vector complex sheds light on
reticulated species evolution",scientific reports,2019,,NA,,,gabon,lope 40,-0.19847,1.159.318,NA,NA,NA,NA,NA,NA,NA,NA,NA,NA,NA,NA,NA,NA,,point,paper/map,,,coordinates and the sites are provided in the supplementary table,,,,,HLC,NA,,NA,,NA,,NA,NA,,yes,no,no,6,11,2015,2016,,,,,fontenillei,,morph,genetic/molecular
NA,no,yes,no,none,1000270,10.1038/s41598-019-49065-5,barron,"a new species in the major malaria
vector complex sheds light on
reticulated species evolution",scientific reports,2019,,NA,,,gabon,lope 43,-0.19774,1.160.039,NA,NA,NA,NA,NA,NA,NA,NA,NA,NA,NA,NA,NA,NA,,point,paper/map,,,coordinates and the sites are provided in the supplementary table,,,,,HLC,NA,,NA,,NA,,NA,NA,,yes,no,no,6,11,2015,2016,,,,,fontenillei,,morph,genetic/molecular
NA,no,yes,no,none,1000272,10.1186/s13071-019-3733-z,gorsich,"a comparative assessment of adult mosquito
trapping methods to estimate spatial patterns
of abundance and community composition
in southern africa",parasites & vectors,2019,preferential,NA,,,south africa,skukuza,-24.989,31.594,NA,NA,NA,NA,NA,NA,NA,NA,NA,NA,NA,NA,NA,NA,,wide area,googlemaps,,,no coordinates were provided in the supplimentary material for skukura- found on googlemaps.,na,na,na,,cdc-lt - indoor,NA,tent trap,NA,odour-trap,NA,,NA,4,"source mentions the use os net trap,gat ad bg traps alongside the cdc light traps",yes,no,yes,3,4,2017,2017,,,,,coustani,,morph,
NA,no,yes,no,none,1000272,10.1186/s13071-019-3733-z,gorsich,"a comparative assessment of adult mosquito
trapping methods to estimate spatial patterns
of abundance and community composition
in southern africa",parasites & vectors,2019,preferential,NA,,,south africa,skukuza,-24.989,31.594,NA,NA,NA,NA,NA,NA,NA,NA,NA,NA,NA,NA,NA,NA,,wide area,googlemaps,,,no coordinates were provided in the supplimentary material for skukura- found on googlemaps.,na,na,na,,cdc-lt - indoor,NA,tent trap,NA,odour-trap,NA,,NA,0,"source mentions the use os net trap,gat ad bg traps alongside the cdc light traps",no,yes,yes,NA,NA,NA,NA,,,,,funestus complex,,morph,
NA,no,yes,no,none,1000272,10.1186/s13071-019-3733-z,gorsich,"a comparative assessment of adult mosquito
trapping methods to estimate spatial patterns
of abundance and community composition
in southern africa",parasites & vectors,2019,preferential,NA,,,south africa,skukuza,-24.989,31.594,NA,NA,NA,NA,NA,NA,NA,NA,NA,NA,NA,NA,NA,NA,,wide area,googlemaps,,,no coordinates were provided in the supplimentary material for skukura- found on googlemaps.,na,na,na,,cdc-lt - indoor,NA,tent trap,NA,odour-trap,NA,,NA,0,"source mentions the use os net trap,gat ad bg traps alongside the cdc light traps",no,yes,yes,NA,NA,NA,NA,,,,,gambiae complex,,morph,
NA,no,yes,no,none,1000272,10.1186/s13071-019-3733-z,gorsich,"a comparative assessment of adult mosquito
trapping methods to estimate spatial patterns
of abundance and community composition
in southern africa",parasites & vectors,2019,preferential,NA,,,south africa,skukuza,-24.989,31.594,NA,NA,NA,NA,NA,NA,NA,NA,NA,NA,NA,NA,NA,NA,,wide area,googlemaps,,,no coordinates were provided in the supplimentary material for skukura- found on googlemaps.,na,na,na,,cdc-lt - indoor,NA,tent trap,NA,odour-trap,NA,,NA,0,"source mentions the use os net trap,gat ad bg traps alongside the cdc light traps",no,yes,yes,NA,NA,NA,NA,,,,,maculipalpis,,morph,
NA,no,yes,no,none,1000272,10.1186/s13071-019-3733-z,gorsich,"a comparative assessment of adult mosquito
trapping methods to estimate spatial patterns
of abundance and community composition
in southern africa",parasites & vectors,2019,preferential,NA,,,south africa,skukuza,-24.989,31.594,NA,NA,NA,NA,NA,NA,NA,NA,NA,NA,NA,NA,NA,NA,,wide area,googlemaps,,,no coordinates were provided in the supplimentary material for skukura- found on googlemaps.,na,na,na,,cdc-lt - indoor,NA,tent trap,NA,odour-trap,NA,,NA,1,"source mentions the use os net trap,gat ad bg traps alongside the cdc light traps",yes,no,yes,3,4,2017,2017,,,,,pretoriensis,,morph,
NA,no,yes,no,none,1000272,10.1186/s13071-019-3733-z,gorsich,"a comparative assessment of adult mosquito
trapping methods to estimate spatial patterns
of abundance and community composition
in southern africa",parasites & vectors,2019,preferential,NA,,,south africa,skukuza,-24.989,31.594,NA,NA,NA,NA,NA,NA,NA,NA,NA,NA,NA,NA,NA,NA,,wide area,googlemaps,,,no coordinates were provided in the supplimentary material for skukura- found on googlemaps.,na,na,na,,cdc-lt - indoor,NA,tent trap,NA,odour-trap,NA,,NA,0,"source mentions the use os net trap,gat ad bg traps alongside the cdc light traps",no,yes,yes,NA,NA,NA,NA,,,,,rufipes,,morph,
NA,no,yes,no,none,1000272,10.1186/s13071-019-3733-z,gorsich,"a comparative assessment of adult mosquito
trapping methods to estimate spatial patterns
of abundance and community composition
in southern africa",parasites & vectors,2019,preferential,NA,,,south africa,skukuza,-24.989,31.594,NA,NA,NA,NA,NA,NA,NA,NA,NA,NA,NA,NA,NA,NA,,wide area,googlemaps,,,no coordinates were provided in the supplimentary material for skukura- found on googlemaps.,na,na,na,,cdc-lt - indoor,NA,tent trap,NA,odour-trap,NA,,NA,0,"source mentions the use os net trap,gat ad bg traps alongside the cdc light traps",no,yes,yes,NA,NA,NA,NA,,,,,squamosus,,morph,
NA,no,yes,no,none,1000272,10.1186/s13071-019-3733-z,gorsich,"a comparative assessment of adult mosquito
trapping methods to estimate spatial patterns
of abundance and community composition
in southern africa",parasites & vectors,2019,preferential,NA,,,south africa,skukuza,-24.989,31.594,NA,NA,NA,NA,NA,NA,NA,NA,NA,NA,NA,NA,NA,NA,,wide area,googlemaps,,,no coordinates were provided in the supplimentary material for skukura- found on googlemaps.,na,na,na,,cdc-lt - indoor,NA,tent trap,NA,odour-trap,NA,,NA,0,"source mentions the use os net trap,gat ad bg traps alongside the cdc light traps",no,yes,yes,NA,NA,NA,NA,,,,,ziemanni,,morph,
NA,no,yes,no,none,1000279,10.1093/jme/tjz029,thabet,"preliminary screening of mosquito spatial distribution in
togo: with special focus on the aedes (diptera: culicidae)
species",journal of medical entomology,2019,,NA,,,togo,lome,613.011,12.199,NA,NA,NA,NA,NA,NA,NA,NA,NA,NA,NA,NA,NA,NA,,point,paper/map,lomÃƒÂ©,,,,,,,HRI,11,,NA,,NA,,NA,NA,,yes,no,no,7,8,2012,2012,,,,,gambiae complex,,morph,
NA,no,yes,no,none,1000279,10.1093/jme/tjz029,thabet,"preliminary screening of mosquito spatial distribution in
togo: with special focus on the aedes (diptera: culicidae)
species",journal of medical entomology,2019,,NA,,,togo,kara,975.023.028,111.692.778,NA,NA,NA,NA,NA,NA,NA,NA,NA,NA,NA,NA,NA,NA,,point,paper/map,doufelgou,,,,,,,HRI,1,,NA,,NA,,NA,NA,,yes,no,no,7,8,2012,2012,,,,,gambiae complex,,morph,
NA,no,yes,no,none,1000281,10.1038/s41598-019-45261-5,collins,"the relationship between
insecticide resistance, mosquito
age and malaria prevalence in
anopheles gambiae s.l. from guinea",scientific reports,2019,,NA,,,guinea,maferinyah centre i,9.55,-13.302,NA,NA,NA,NA,NA,NA,NA,NA,NA,NA,NA,NA,NA,NA,,point,googleearth,,,searched for the coordinates in google earth,yes,itn,yes,deltamethrin-treated llins had been distributed as part of a national mass campaign in maferinyah in 2018,HRI,NA,HLC,NA,,NA,,NA,660,,yes,no,no,6,7,2017,2017,wet,,,"sampling was conducted between 22nd june and 17th july 2017,
coinciding with the beginning of the long rainy season.",gambiae complex,,morph,
NA,no,yes,no,none,1000281,10.1038/s41598-019-45261-5,collins,"the relationship between
insecticide resistance, mosquito
age and malaria prevalence in
anopheles gambiae s.l. from guinea",scientific reports,2019,,NA,,,guinea,fandie,9.242,-13.127,NA,NA,NA,NA,NA,NA,NA,NA,NA,NA,NA,NA,NA,NA,,point,googleearth,,,searched for the coordinates in google earth,yes,itn,yes,deltamethrin-treated llins had been distributed as part of a national mass campaign in maferinyah in 2020,HRI,NA,HLC,NA,,NA,,NA,608,,yes,no,no,6,7,2017,2017,wet,,,"sampling was conducted between 22nd june and 17th july 2017,
coinciding with the beginning of the long rainy season.",gambiae complex,,morph,
NA,no,yes,no,none,1000281,10.1038/s41598-019-45261-5,collins,"the relationship between
insecticide resistance, mosquito
age and malaria prevalence in
anopheles gambiae s.l. from guinea",scientific reports,2019,,NA,,,guinea,moribayah,9.893,-9.553,NA,NA,NA,NA,NA,NA,NA,NA,NA,NA,NA,NA,NA,NA,,point,googleearth,,,searched for the coordinates in google earth,yes,itn,yes,deltamethrin-treated llins had been distributed as part of a national mass campaign in maferinyah in 2021,HRI,NA,HLC,NA,,NA,,NA,565,,yes,no,no,6,7,2017,2017,wet,,,"sampling was conducted between 22nd june and 17th july 2017,
coinciding with the beginning of the long rainy season.",gambiae complex,,morph,
NA,no,yes,no,phenotypic,1000281,10.1038/s41598-019-45261-5,collins,"the relationship between
insecticide resistance, mosquito
age and malaria prevalence in
anopheles gambiae s.l. from guinea",scientific reports,2019,,NA,,,guinea,fandie,9.242,-13.127,NA,NA,NA,NA,NA,NA,NA,NA,NA,NA,NA,NA,NA,NA,,point,googleearth,,,searched for the coordinates in google earth,yes,itn,yes,deltamethrin-treated llins had been distributed as part of a national mass campaign in maferinyah in 2022,HRI,NA,HLC,NA,,NA,,NA,NA,,yes,no,no,6,7,2017,2017,wet,,,"sampling was conducted between 22nd june and 17th july 2017,
coinciding with the beginning of the long rainy season.",gambiae complex,,morph,
NA,no,yes,no,phenotypic,1000281,10.1038/s41598-019-45261-5,collins,"the relationship between
insecticide resistance, mosquito
age and malaria prevalence in
anopheles gambiae s.l. from guinea",scientific reports,2019,,NA,,,guinea,fandie,9.242,-13.127,NA,NA,NA,NA,NA,NA,NA,NA,NA,NA,NA,NA,NA,NA,,point,googleearth,,,searched for the coordinates in google earth,yes,itn,yes,deltamethrin-treated llins had been distributed as part of a national mass campaign in maferinyah in 2023,HRI,NA,HLC,NA,,NA,,NA,NA,,yes,no,no,6,7,2017,2017,wet,,,"sampling was conducted between 22nd june and 17th july 2017,
coinciding with the beginning of the long rainy season.",gambiae complex,,morph,
NA,no,yes,no,phenotypic,1000281,10.1038/s41598-019-45261-5,collins,"the relationship between
insecticide resistance, mosquito
age and malaria prevalence in
anopheles gambiae s.l. from guinea",scientific reports,2019,,NA,,,guinea,fandie,9.242,-13.127,NA,NA,NA,NA,NA,NA,NA,NA,NA,NA,NA,NA,NA,NA,,point,googleearth,,,searched for the coordinates in google earth,yes,itn,yes,deltamethrin-treated llins had been distributed as part of a national mass campaign in maferinyah in 2024,HRI,NA,HLC,NA,,NA,,NA,NA,,yes,no,no,6,7,2017,2017,wet,,,"sampling was conducted between 22nd june and 17th july 2017,
coinciding with the beginning of the long rainy season.",gambiae complex,,morph,
NA,no,yes,no,phenotypic,1000281,10.1038/s41598-019-45261-5,collins,"the relationship between
insecticide resistance, mosquito
age and malaria prevalence in
anopheles gambiae s.l. from guinea",scientific reports,2019,,NA,,,guinea,fandie,9.242,-13.127,NA,NA,NA,NA,NA,NA,NA,NA,NA,NA,NA,NA,NA,NA,,point,googleearth,,,searched for the coordinates in google earth,yes,itn,yes,deltamethrin-treated llins had been distributed as part of a national mass campaign in maferinyah in 2025,HRI,NA,HLC,NA,,NA,,NA,NA,,yes,no,no,6,7,2017,2017,wet,,,"sampling was conducted between 22nd june and 17th july 2017,
coinciding with the beginning of the long rainy season.",gambiae complex,,morph,
NA,no,yes,no,phenotypic,1000281,10.1038/s41598-019-45261-5,collins,"the relationship between
insecticide resistance, mosquito
age and malaria prevalence in
anopheles gambiae s.l. from guinea",scientific reports,2019,,NA,,,guinea,maferinyah centre i,9.55,-13.302,NA,NA,NA,NA,NA,NA,NA,NA,NA,NA,NA,NA,NA,NA,,point,googleearth,,,searched for the coordinates in google earth,yes,itn,yes,deltamethrin-treated llins had been distributed as part of a national mass campaign in maferinyah in 2030,HRI,NA,HLC,NA,,NA,,NA,NA,,yes,no,no,6,7,2017,2017,wet,,,"sampling was conducted between 22nd june and 17th july 2017,
coinciding with the beginning of the long rainy season.",gambiae complex,,morph,
NA,no,yes,no,phenotypic,1000281,10.1038/s41598-019-45261-5,collins,"the relationship between
insecticide resistance, mosquito
age and malaria prevalence in
anopheles gambiae s.l. from guinea",scientific reports,2019,,NA,,,guinea,maferinyah centre i,9.55,-13.302,NA,NA,NA,NA,NA,NA,NA,NA,NA,NA,NA,NA,NA,NA,,point,googleearth,,,searched for the coordinates in google earth,yes,itn,yes,deltamethrin-treated llins had been distributed as part of a national mass campaign in maferinyah in 2031,HRI,NA,HLC,NA,,NA,,NA,NA,,yes,no,no,6,7,2017,2017,wet,,,"sampling was conducted between 22nd june and 17th july 2017,
coinciding with the beginning of the long rainy season.",gambiae complex,,morph,
NA,no,yes,no,phenotypic,1000281,10.1038/s41598-019-45261-5,collins,"the relationship between
insecticide resistance, mosquito
age and malaria prevalence in
anopheles gambiae s.l. from guinea",scientific reports,2019,,NA,,,guinea,maferinyah centre i,9.55,-13.302,NA,NA,NA,NA,NA,NA,NA,NA,NA,NA,NA,NA,NA,NA,,point,googleearth,,,searched for the coordinates in google earth,yes,itn,yes,deltamethrin-treated llins had been distributed as part of a national mass campaign in maferinyah in 2032,HRI,NA,HLC,NA,,NA,,NA,NA,,yes,no,no,6,7,2017,2017,wet,,,"sampling was conducted between 22nd june and 17th july 2017,
coinciding with the beginning of the long rainy season.",gambiae complex,,morph,
NA,no,yes,no,phenotypic,1000281,10.1038/s41598-019-45261-5,collins,"the relationship between
insecticide resistance, mosquito
age and malaria prevalence in
anopheles gambiae s.l. from guinea",scientific reports,2019,,NA,,,guinea,maferinyah centre i,9.55,-13.302,NA,NA,NA,NA,NA,NA,NA,NA,NA,NA,NA,NA,NA,NA,,point,googleearth,,,searched for the coordinates in google earth,yes,itn,yes,deltamethrin-treated llins had been distributed as part of a national mass campaign in maferinyah in 2033,HRI,NA,HLC,NA,,NA,,NA,NA,,yes,no,no,6,7,2017,2017,wet,,,"sampling was conducted between 22nd june and 17th july 2017,
coinciding with the beginning of the long rainy season.",gambiae complex,,morph,
NA,no,yes,no,phenotypic,1000281,10.1038/s41598-019-45261-5,collins,"the relationship between
insecticide resistance, mosquito
age and malaria prevalence in
anopheles gambiae s.l. from guinea",scientific reports,2019,,NA,,,guinea,moribayah,9.893,-9.553,NA,NA,NA,NA,NA,NA,NA,NA,NA,NA,NA,NA,NA,NA,,point,googleearth,,,searched for the coordinates in google earth,yes,itn,yes,deltamethrin-treated llins had been distributed as part of a national mass campaign in maferinyah in 2034,HRI,NA,HLC,NA,,NA,,NA,NA,,yes,no,no,6,7,2017,2017,wet,,,"sampling was conducted between 22nd june and 17th july 2017,
coinciding with the beginning of the long rainy season.",gambiae complex,,morph,
NA,no,yes,no,phenotypic,1000281,10.1038/s41598-019-45261-5,collins,"the relationship between
insecticide resistance, mosquito
age and malaria prevalence in
anopheles gambiae s.l. from guinea",scientific reports,2019,,NA,,,guinea,moribayah,9.893,-9.553,NA,NA,NA,NA,NA,NA,NA,NA,NA,NA,NA,NA,NA,NA,,point,googleearth,,,searched for the coordinates in google earth,yes,itn,yes,deltamethrin-treated llins had been distributed as part of a national mass campaign in maferinyah in 2035,HRI,NA,HLC,NA,,NA,,NA,NA,,yes,no,no,6,7,2017,2017,wet,,,"sampling was conducted between 22nd june and 17th july 2017,
coinciding with the beginning of the long rainy season.",gambiae complex,,morph,
NA,no,yes,no,phenotypic,1000281,10.1038/s41598-019-45261-5,collins,"the relationship between
insecticide resistance, mosquito
age and malaria prevalence in
anopheles gambiae s.l. from guinea",scientific reports,2019,,NA,,,guinea,moribayah,9.893,-9.553,NA,NA,NA,NA,NA,NA,NA,NA,NA,NA,NA,NA,NA,NA,,point,googleearth,,,searched for the coordinates in google earth,yes,itn,yes,deltamethrin-treated llins had been distributed as part of a national mass campaign in maferinyah in 2036,HRI,NA,HLC,NA,,NA,,NA,NA,,yes,no,no,6,7,2017,2017,wet,,,"sampling was conducted between 22nd june and 17th july 2017,
coinciding with the beginning of the long rainy season.",gambiae complex,,morph,
NA,no,yes,no,phenotypic,1000281,10.1038/s41598-019-45261-5,collins,"the relationship between
insecticide resistance, mosquito
age and malaria prevalence in
anopheles gambiae s.l. from guinea",scientific reports,2019,,NA,,,guinea,moribayah,9.893,-9.553,NA,NA,NA,NA,NA,NA,NA,NA,NA,NA,NA,NA,NA,NA,,point,googleearth,,,searched for the coordinates in google earth,yes,itn,yes,deltamethrin-treated llins had been distributed as part of a national mass campaign in maferinyah in 2037,HRI,NA,HLC,NA,,NA,,NA,NA,,yes,no,no,6,7,2017,2017,wet,,,"sampling was conducted between 22nd june and 17th july 2017,
coinciding with the beginning of the long rainy season.",gambiae complex,,morph,
NA,no,yes,no,phenotypic,1000281,10.1038/s41598-019-45261-5,collins,"the relationship between
insecticide resistance, mosquito
age and malaria prevalence in
anopheles gambiae s.l. from guinea",scientific reports,2019,,NA,,,guinea,fandie,9.242,-13.127,NA,NA,NA,NA,NA,NA,NA,NA,NA,NA,NA,NA,NA,NA,,point,googleearth,,,searched for the coordinates in google earth,yes,itn,yes,deltamethrin-treated llins had been distributed as part of a national mass campaign in maferinyah in 2022,HRI,NA,HLC,NA,,NA,,NA,NA,,yes,no,no,6,7,2017,2017,wet,,,"sampling was conducted between 22nd june and 17th july 2017,
coinciding with the beginning of the long rainy season.",gambiae complex,,morph,
NA,no,yes,no,phenotypic,1000281,10.1038/s41598-019-45261-5,collins,"the relationship between
insecticide resistance, mosquito
age and malaria prevalence in
anopheles gambiae s.l. from guinea",scientific reports,2019,,NA,,,guinea,fandie,9.242,-13.127,NA,NA,NA,NA,NA,NA,NA,NA,NA,NA,NA,NA,NA,NA,,point,googleearth,,,searched for the coordinates in google earth,yes,itn,yes,deltamethrin-treated llins had been distributed as part of a national mass campaign in maferinyah in 2023,HRI,NA,HLC,NA,,NA,,NA,NA,,yes,no,no,6,7,2017,2017,wet,,,"sampling was conducted between 22nd june and 17th july 2017,
coinciding with the beginning of the long rainy season.",gambiae complex,,morph,
NA,no,yes,no,phenotypic,1000281,10.1038/s41598-019-45261-5,collins,"the relationship between
insecticide resistance, mosquito
age and malaria prevalence in
anopheles gambiae s.l. from guinea",scientific reports,2019,,NA,,,guinea,fandie,9.242,-13.127,NA,NA,NA,NA,NA,NA,NA,NA,NA,NA,NA,NA,NA,NA,,point,googleearth,,,searched for the coordinates in google earth,yes,itn,yes,deltamethrin-treated llins had been distributed as part of a national mass campaign in maferinyah in 2025,HRI,NA,HLC,NA,,NA,,NA,NA,,yes,no,no,6,7,2017,2017,wet,,,"sampling was conducted between 22nd june and 17th july 2017,
coinciding with the beginning of the long rainy season.",gambiae complex,,morph,
NA,no,yes,no,phenotypic,1000281,10.1038/s41598-019-45261-5,collins,"the relationship between
insecticide resistance, mosquito
age and malaria prevalence in
anopheles gambiae s.l. from guinea",scientific reports,2019,,NA,,,guinea,maferinyah centre i,9.55,-13.302,NA,NA,NA,NA,NA,NA,NA,NA,NA,NA,NA,NA,NA,NA,,point,googleearth,,,searched for the coordinates in google earth,yes,itn,yes,deltamethrin-treated llins had been distributed as part of a national mass campaign in maferinyah in 2030,HRI,NA,HLC,NA,,NA,,NA,NA,,yes,no,no,6,7,2017,2017,wet,,,"sampling was conducted between 22nd june and 17th july 2017,
coinciding with the beginning of the long rainy season.",gambiae complex,,morph,
NA,no,yes,no,phenotypic,1000281,10.1038/s41598-019-45261-5,collins,"the relationship between
insecticide resistance, mosquito
age and malaria prevalence in
anopheles gambiae s.l. from guinea",scientific reports,2019,,NA,,,guinea,maferinyah centre i,9.55,-13.302,NA,NA,NA,NA,NA,NA,NA,NA,NA,NA,NA,NA,NA,NA,,point,googleearth,,,searched for the coordinates in google earth,yes,itn,yes,deltamethrin-treated llins had been distributed as part of a national mass campaign in maferinyah in 2032,HRI,NA,HLC,NA,,NA,,NA,NA,,yes,no,no,6,7,2017,2017,wet,,,"sampling was conducted between 22nd june and 17th july 2017,
coinciding with the beginning of the long rainy season.",gambiae complex,,morph,
NA,no,yes,no,phenotypic,1000281,10.1038/s41598-019-45261-5,collins,"the relationship between
insecticide resistance, mosquito
age and malaria prevalence in
anopheles gambiae s.l. from guinea",scientific reports,2019,,NA,,,guinea,maferinyah centre i,9.55,-13.302,NA,NA,NA,NA,NA,NA,NA,NA,NA,NA,NA,NA,NA,NA,,point,googleearth,,,searched for the coordinates in google earth,yes,itn,yes,deltamethrin-treated llins had been distributed as part of a national mass campaign in maferinyah in 2033,HRI,NA,HLC,NA,,NA,,NA,NA,,yes,no,no,6,7,2017,2017,wet,,,"sampling was conducted between 22nd june and 17th july 2017,
coinciding with the beginning of the long rainy season.",gambiae complex,,morph,
NA,no,yes,no,phenotypic,1000281,10.1038/s41598-019-45261-5,collins,"the relationship between
insecticide resistance, mosquito
age and malaria prevalence in
anopheles gambiae s.l. from guinea",scientific reports,2019,,NA,,,guinea,moribayah,9.893,-9.553,NA,NA,NA,NA,NA,NA,NA,NA,NA,NA,NA,NA,NA,NA,,point,googleearth,,,searched for the coordinates in google earth,yes,itn,yes,deltamethrin-treated llins had been distributed as part of a national mass campaign in maferinyah in 2034,HRI,NA,HLC,NA,,NA,,NA,NA,,yes,no,no,6,7,2017,2017,wet,,,"sampling was conducted between 22nd june and 17th july 2017,
coinciding with the beginning of the long rainy season.",gambiae complex,,morph,
NA,no,yes,no,phenotypic,1000281,10.1038/s41598-019-45261-5,collins,"the relationship between
insecticide resistance, mosquito
age and malaria prevalence in
anopheles gambiae s.l. from guinea",scientific reports,2019,,NA,,,guinea,moribayah,9.893,-9.553,NA,NA,NA,NA,NA,NA,NA,NA,NA,NA,NA,NA,NA,NA,,point,googleearth,,,searched for the coordinates in google earth,yes,itn,yes,deltamethrin-treated llins had been distributed as part of a national mass campaign in maferinyah in 2036,HRI,NA,HLC,NA,,NA,,NA,NA,,yes,no,no,6,7,2017,2017,wet,,,"sampling was conducted between 22nd june and 17th july 2017,
coinciding with the beginning of the long rainy season.",gambiae complex,,morph,
NA,no,yes,no,phenotypic,1000281,10.1038/s41598-019-45261-5,collins,"the relationship between
insecticide resistance, mosquito
age and malaria prevalence in
anopheles gambiae s.l. from guinea",scientific reports,2019,,NA,,,guinea,moribayah,9.893,-9.553,NA,NA,NA,NA,NA,NA,NA,NA,NA,NA,NA,NA,NA,NA,,point,googleearth,,,searched for the coordinates in google earth,yes,itn,yes,deltamethrin-treated llins had been distributed as part of a national mass campaign in maferinyah in 2037,HRI,NA,HLC,NA,,NA,,NA,NA,,yes,no,no,6,7,2017,2017,wet,,,"sampling was conducted between 22nd june and 17th july 2017,
coinciding with the beginning of the long rainy season.",gambiae complex,,morph,
NA,no,yes,no,phenotypic,1000281,10.1038/s41598-019-45261-5,collins,"the relationship between
insecticide resistance, mosquito
age and malaria prevalence in
anopheles gambiae s.l. from guinea",scientific reports,2019,,NA,,,guinea,fandie,9.242,-13.127,NA,NA,NA,NA,NA,NA,NA,NA,NA,NA,NA,NA,NA,NA,,point,googleearth,,,searched for the coordinates in google earth,yes,itn,yes,deltamethrin-treated llins had been distributed as part of a national mass campaign in maferinyah in 2022,HRI,NA,HLC,NA,,NA,,NA,NA,,yes,no,no,6,7,2017,2017,wet,,,"sampling was conducted between 22nd june and 17th july 2017,
coinciding with the beginning of the long rainy season.",gambiae complex,,morph,
NA,no,yes,no,phenotypic,1000281,10.1038/s41598-019-45261-5,collins,"the relationship between
insecticide resistance, mosquito
age and malaria prevalence in
anopheles gambiae s.l. from guinea",scientific reports,2019,,NA,,,guinea,fandie,9.242,-13.127,NA,NA,NA,NA,NA,NA,NA,NA,NA,NA,NA,NA,NA,NA,,point,googleearth,,,searched for the coordinates in google earth,yes,itn,yes,deltamethrin-treated llins had been distributed as part of a national mass campaign in maferinyah in 2023,HRI,NA,HLC,NA,,NA,,NA,NA,,yes,no,no,6,7,2017,2017,wet,,,"sampling was conducted between 22nd june and 17th july 2017,
coinciding with the beginning of the long rainy season.",gambiae complex,,morph,
NA,no,yes,no,phenotypic,1000281,10.1038/s41598-019-45261-5,collins,"the relationship between
insecticide resistance, mosquito
age and malaria prevalence in
anopheles gambiae s.l. from guinea",scientific reports,2019,,NA,,,guinea,fandie,9.242,-13.127,NA,NA,NA,NA,NA,NA,NA,NA,NA,NA,NA,NA,NA,NA,,point,googleearth,,,searched for the coordinates in google earth,yes,itn,yes,deltamethrin-treated llins had been distributed as part of a national mass campaign in maferinyah in 2025,HRI,NA,HLC,NA,,NA,,NA,NA,,yes,no,no,6,7,2017,2017,wet,,,"sampling was conducted between 22nd june and 17th july 2017,
coinciding with the beginning of the long rainy season.",gambiae complex,,morph,
NA,no,yes,no,phenotypic,1000281,10.1038/s41598-019-45261-5,collins,"the relationship between
insecticide resistance, mosquito
age and malaria prevalence in
anopheles gambiae s.l. from guinea",scientific reports,2019,,NA,,,guinea,maferinyah centre i,9.55,-13.302,NA,NA,NA,NA,NA,NA,NA,NA,NA,NA,NA,NA,NA,NA,,point,googleearth,,,searched for the coordinates in google earth,yes,itn,yes,deltamethrin-treated llins had been distributed as part of a national mass campaign in maferinyah in 2030,HRI,NA,HLC,NA,,NA,,NA,NA,,yes,no,no,6,7,2017,2017,wet,,,"sampling was conducted between 22nd june and 17th july 2017,
coinciding with the beginning of the long rainy season.",gambiae complex,,morph,
NA,no,yes,no,phenotypic,1000281,10.1038/s41598-019-45261-5,collins,"the relationship between
insecticide resistance, mosquito
age and malaria prevalence in
anopheles gambiae s.l. from guinea",scientific reports,2019,,NA,,,guinea,maferinyah centre i,9.55,-13.302,NA,NA,NA,NA,NA,NA,NA,NA,NA,NA,NA,NA,NA,NA,,point,googleearth,,,searched for the coordinates in google earth,yes,itn,yes,deltamethrin-treated llins had been distributed as part of a national mass campaign in maferinyah in 2032,HRI,NA,HLC,NA,,NA,,NA,NA,,yes,no,no,6,7,2017,2017,wet,,,"sampling was conducted between 22nd june and 17th july 2017,
coinciding with the beginning of the long rainy season.",gambiae complex,,morph,
NA,no,yes,no,phenotypic,1000281,10.1038/s41598-019-45261-5,collins,"the relationship between
insecticide resistance, mosquito
age and malaria prevalence in
anopheles gambiae s.l. from guinea",scientific reports,2019,,NA,,,guinea,maferinyah centre i,9.55,-13.302,NA,NA,NA,NA,NA,NA,NA,NA,NA,NA,NA,NA,NA,NA,,point,googleearth,,,searched for the coordinates in google earth,yes,itn,yes,deltamethrin-treated llins had been distributed as part of a national mass campaign in maferinyah in 2033,HRI,NA,HLC,NA,,NA,,NA,NA,,yes,no,no,6,7,2017,2017,wet,,,"sampling was conducted between 22nd june and 17th july 2017,
coinciding with the beginning of the long rainy season.",gambiae complex,,morph,
NA,no,yes,no,phenotypic,1000281,10.1038/s41598-019-45261-5,collins,"the relationship between
insecticide resistance, mosquito
age and malaria prevalence in
anopheles gambiae s.l. from guinea",scientific reports,2019,,NA,,,guinea,moribayah,9.893,-9.553,NA,NA,NA,NA,NA,NA,NA,NA,NA,NA,NA,NA,NA,NA,,point,googleearth,,,searched for the coordinates in google earth,yes,itn,yes,deltamethrin-treated llins had been distributed as part of a national mass campaign in maferinyah in 2034,HRI,NA,HLC,NA,,NA,,NA,NA,,yes,no,no,6,7,2017,2017,wet,,,"sampling was conducted between 22nd june and 17th july 2017,
coinciding with the beginning of the long rainy season.",gambiae complex,,morph,
NA,no,yes,no,phenotypic,1000281,10.1038/s41598-019-45261-5,collins,"the relationship between
insecticide resistance, mosquito
age and malaria prevalence in
anopheles gambiae s.l. from guinea",scientific reports,2019,,NA,,,guinea,moribayah,9.893,-9.553,NA,NA,NA,NA,NA,NA,NA,NA,NA,NA,NA,NA,NA,NA,,point,googleearth,,,searched for the coordinates in google earth,yes,itn,yes,deltamethrin-treated llins had been distributed as part of a national mass campaign in maferinyah in 2036,HRI,NA,HLC,NA,,NA,,NA,NA,,yes,no,no,6,7,2017,2017,wet,,,"sampling was conducted between 22nd june and 17th july 2017,
coinciding with the beginning of the long rainy season.",gambiae complex,,morph,
NA,no,yes,no,phenotypic,1000281,10.1038/s41598-019-45261-5,collins,"the relationship between
insecticide resistance, mosquito
age and malaria prevalence in
anopheles gambiae s.l. from guinea",scientific reports,2019,,NA,,,guinea,moribayah,9.893,-9.553,NA,NA,NA,NA,NA,NA,NA,NA,NA,NA,NA,NA,NA,NA,,point,googleearth,,,searched for the coordinates in google earth,yes,itn,yes,deltamethrin-treated llins had been distributed as part of a national mass campaign in maferinyah in 2037,HRI,NA,HLC,NA,,NA,,NA,NA,,yes,no,no,6,7,2017,2017,wet,,,"sampling was conducted between 22nd june and 17th july 2017,
coinciding with the beginning of the long rainy season.",gambiae complex,,morph,
NA,no,yes,no,phenotypic,1000281,10.1038/s41598-019-45261-5,collins,"the relationship between
insecticide resistance, mosquito
age and malaria prevalence in
anopheles gambiae s.l. from guinea",scientific reports,2019,,NA,,,guinea,fandie,9.242,-13.127,NA,NA,NA,NA,NA,NA,NA,NA,NA,NA,NA,NA,NA,NA,,point,googleearth,,,searched for the coordinates in google earth,yes,itn,yes,deltamethrin-treated llins had been distributed as part of a national mass campaign in maferinyah in 2022,HRI,NA,HLC,NA,,NA,,NA,NA,,yes,no,no,6,7,2017,2017,wet,,,"sampling was conducted between 22nd june and 17th july 2017,
coinciding with the beginning of the long rainy season.",gambiae complex,,morph,
NA,no,yes,no,phenotypic,1000281,10.1038/s41598-019-45261-5,collins,"the relationship between
insecticide resistance, mosquito
age and malaria prevalence in
anopheles gambiae s.l. from guinea",scientific reports,2019,,NA,,,guinea,fandie,9.242,-13.127,NA,NA,NA,NA,NA,NA,NA,NA,NA,NA,NA,NA,NA,NA,,point,googleearth,,,searched for the coordinates in google earth,yes,itn,yes,deltamethrin-treated llins had been distributed as part of a national mass campaign in maferinyah in 2023,HRI,NA,HLC,NA,,NA,,NA,NA,,yes,no,no,6,7,2017,2017,wet,,,"sampling was conducted between 22nd june and 17th july 2017,
coinciding with the beginning of the long rainy season.",gambiae complex,,morph,
NA,no,yes,no,phenotypic,1000281,10.1038/s41598-019-45261-5,collins,"the relationship between
insecticide resistance, mosquito
age and malaria prevalence in
anopheles gambiae s.l. from guinea",scientific reports,2019,,NA,,,guinea,fandie,9.242,-13.127,NA,NA,NA,NA,NA,NA,NA,NA,NA,NA,NA,NA,NA,NA,,point,googleearth,,,searched for the coordinates in google earth,yes,itn,yes,deltamethrin-treated llins had been distributed as part of a national mass campaign in maferinyah in 2025,HRI,NA,HLC,NA,,NA,,NA,NA,,yes,no,no,6,7,2017,2017,wet,,,"sampling was conducted between 22nd june and 17th july 2017,
coinciding with the beginning of the long rainy season.",gambiae complex,,morph,
NA,no,yes,no,phenotypic,1000281,10.1038/s41598-019-45261-5,collins,"the relationship between
insecticide resistance, mosquito
age and malaria prevalence in
anopheles gambiae s.l. from guinea",scientific reports,2019,,NA,,,guinea,maferinyah centre i,9.55,-13.302,NA,NA,NA,NA,NA,NA,NA,NA,NA,NA,NA,NA,NA,NA,,point,googleearth,,,searched for the coordinates in google earth,yes,itn,yes,deltamethrin-treated llins had been distributed as part of a national mass campaign in maferinyah in 2030,HRI,NA,HLC,NA,,NA,,NA,NA,,yes,no,no,6,7,2017,2017,wet,,,"sampling was conducted between 22nd june and 17th july 2017,
coinciding with the beginning of the long rainy season.",gambiae complex,,morph,
NA,no,yes,no,phenotypic,1000281,10.1038/s41598-019-45261-5,collins,"the relationship between
insecticide resistance, mosquito
age and malaria prevalence in
anopheles gambiae s.l. from guinea",scientific reports,2019,,NA,,,guinea,maferinyah centre i,9.55,-13.302,NA,NA,NA,NA,NA,NA,NA,NA,NA,NA,NA,NA,NA,NA,,point,googleearth,,,searched for the coordinates in google earth,yes,itn,yes,deltamethrin-treated llins had been distributed as part of a national mass campaign in maferinyah in 2032,HRI,NA,HLC,NA,,NA,,NA,NA,,yes,no,no,6,7,2017,2017,wet,,,"sampling was conducted between 22nd june and 17th july 2017,
coinciding with the beginning of the long rainy season.",gambiae complex,,morph,
NA,no,yes,no,phenotypic,1000281,10.1038/s41598-019-45261-5,collins,"the relationship between
insecticide resistance, mosquito
age and malaria prevalence in
anopheles gambiae s.l. from guinea",scientific reports,2019,,NA,,,guinea,maferinyah centre i,9.55,-13.302,NA,NA,NA,NA,NA,NA,NA,NA,NA,NA,NA,NA,NA,NA,,point,googleearth,,,searched for the coordinates in google earth,yes,itn,yes,deltamethrin-treated llins had been distributed as part of a national mass campaign in maferinyah in 2033,HRI,NA,HLC,NA,,NA,,NA,NA,,yes,no,no,6,7,2017,2017,wet,,,"sampling was conducted between 22nd june and 17th july 2017,
coinciding with the beginning of the long rainy season.",gambiae complex,,morph,
NA,no,yes,no,phenotypic,1000281,10.1038/s41598-019-45261-5,collins,"the relationship between
insecticide resistance, mosquito
age and malaria prevalence in
anopheles gambiae s.l. from guinea",scientific reports,2019,,NA,,,guinea,moribayah,9.893,-9.553,NA,NA,NA,NA,NA,NA,NA,NA,NA,NA,NA,NA,NA,NA,,point,googleearth,,,searched for the coordinates in google earth,yes,itn,yes,deltamethrin-treated llins had been distributed as part of a national mass campaign in maferinyah in 2034,HRI,NA,HLC,NA,,NA,,NA,NA,,yes,no,no,6,7,2017,2017,wet,,,"sampling was conducted between 22nd june and 17th july 2017,
coinciding with the beginning of the long rainy season.",gambiae complex,,morph,
NA,no,yes,no,phenotypic,1000281,10.1038/s41598-019-45261-5,collins,"the relationship between
insecticide resistance, mosquito
age and malaria prevalence in
anopheles gambiae s.l. from guinea",scientific reports,2019,,NA,,,guinea,moribayah,9.893,-9.553,NA,NA,NA,NA,NA,NA,NA,NA,NA,NA,NA,NA,NA,NA,,point,googleearth,,,searched for the coordinates in google earth,yes,itn,yes,deltamethrin-treated llins had been distributed as part of a national mass campaign in maferinyah in 2036,HRI,NA,HLC,NA,,NA,,NA,NA,,yes,no,no,6,7,2017,2017,wet,,,"sampling was conducted between 22nd june and 17th july 2017,
coinciding with the beginning of the long rainy season.",gambiae complex,,morph,
NA,no,yes,no,phenotypic,1000281,10.1038/s41598-019-45261-5,collins,"the relationship between
insecticide resistance, mosquito
age and malaria prevalence in
anopheles gambiae s.l. from guinea",scientific reports,2019,,NA,,,guinea,moribayah,9.893,-9.553,NA,NA,NA,NA,NA,NA,NA,NA,NA,NA,NA,NA,NA,NA,,point,googleearth,,,searched for the coordinates in google earth,yes,itn,yes,deltamethrin-treated llins had been distributed as part of a national mass campaign in maferinyah in 2037,HRI,NA,HLC,NA,,NA,,NA,NA,,yes,no,no,6,7,2017,2017,wet,,,"sampling was conducted between 22nd june and 17th july 2017,
coinciding with the beginning of the long rainy season.",gambiae complex,,morph,
NA,no,yes,no,genotypic,1000281,10.1038/s41598-019-45261-5,collins,"the relationship between
insecticide resistance, mosquito
age and malaria prevalence in
anopheles gambiae s.l. from guinea",scientific reports,2019,,NA,,,guinea,fandie,9.242,-13.127,NA,NA,NA,NA,NA,NA,NA,NA,NA,NA,NA,NA,NA,NA,,point,googleearth,,,searched for the coordinates in google earth,yes,itn,yes,deltamethrin-treated llins had been distributed as part of a national mass campaign in maferinyah in 2016,HRI,NA,HLC,NA,,NA,,NA,NA,,yes,no,no,6,7,2017,2017,wet,,,"sampling was conducted between 22nd june and 17th july 2017,
coinciding with the beginning of the long rainy season.",gambiae complex,,morph,
NA,no,yes,no,genotypic,1000281,10.1038/s41598-019-45261-5,collins,"the relationship between
insecticide resistance, mosquito
age and malaria prevalence in
anopheles gambiae s.l. from guinea",scientific reports,2019,,NA,,,guinea,maferinyah centre i,9.55,-13.302,NA,NA,NA,NA,NA,NA,NA,NA,NA,NA,NA,NA,NA,NA,,point,googleearth,,,searched for the coordinates in google earth,yes,itn,yes,deltamethrin-treated llins had been distributed as part of a national mass campaign in maferinyah in 2018,HRI,NA,HLC,NA,,NA,,NA,NA,,yes,no,no,6,7,2017,2017,wet,,,"sampling was conducted between 22nd june and 17th july 2017,
coinciding with the beginning of the long rainy season.",gambiae complex,,morph,
NA,no,yes,no,genotypic,1000281,10.1038/s41598-019-45261-5,collins,"the relationship between
insecticide resistance, mosquito
age and malaria prevalence in
anopheles gambiae s.l. from guinea",scientific reports,2019,,NA,,,guinea,moribayah,9.893,-9.553,NA,NA,NA,NA,NA,NA,NA,NA,NA,NA,NA,NA,NA,NA,,point,googleearth,,,searched for the coordinates in google earth,yes,itn,yes,deltamethrin-treated llins had been distributed as part of a national mass campaign in maferinyah in 2019,HRI,NA,HLC,NA,,NA,,NA,NA,,yes,no,no,6,7,2017,2017,wet,,,"sampling was conducted between 22nd june and 17th july 2017,
coinciding with the beginning of the long rainy season.",gambiae complex,,morph,
NA,no,yes,no,genotypic,1000281,10.1038/s41598-019-45261-5,collins,"the relationship between
insecticide resistance, mosquito
age and malaria prevalence in
anopheles gambiae s.l. from guinea",scientific reports,2019,,NA,,,guinea,fandie,9.242,-13.127,NA,NA,NA,NA,NA,NA,NA,NA,NA,NA,NA,NA,NA,NA,,point,googleearth,,,searched for the coordinates in google earth,yes,itn,yes,deltamethrin-treated llins had been distributed as part of a national mass campaign in maferinyah in 2016,HRI,NA,HLC,NA,,NA,,NA,NA,,yes,no,no,6,7,2017,2017,wet,,,"sampling was conducted between 22nd june and 17th july 2017,
coinciding with the beginning of the long rainy season.",gambiae complex,,morph,
NA,no,yes,no,genotypic,1000281,10.1038/s41598-019-45261-5,collins,"the relationship between
insecticide resistance, mosquito
age and malaria prevalence in
anopheles gambiae s.l. from guinea",scientific reports,2019,,NA,,,guinea,maferinyah centre i,9.55,-13.302,NA,NA,NA,NA,NA,NA,NA,NA,NA,NA,NA,NA,NA,NA,,point,googleearth,,,searched for the coordinates in google earth,yes,itn,yes,deltamethrin-treated llins had been distributed as part of a national mass campaign in maferinyah in 2018,HRI,NA,HLC,NA,,NA,,NA,NA,,yes,no,no,6,7,2017,2017,wet,,,"sampling was conducted between 22nd june and 17th july 2017,
coinciding with the beginning of the long rainy season.",gambiae complex,,morph,
NA,no,yes,no,none,1000283,10.1038/s41564-019-0414-9,gildenhard,mosquito microevolution drives plasmodium falciparum dynamics,nat microbiol.,2019,,NA,,supplementary table 4 provides the coordinates as well as the species,mali,nankilabougou,12.17,-8.29,NA,NA,NA,NA,NA,NA,NA,NA,NA,NA,NA,NA,NA,NA,,point,paper/map,,,,na,na,na,,HRI,NA,,NA,,NA,,NA,NA,,yes,no,na,9,10,2009,2012,dry,,,very hot semi dry,coluzzii_gambiae_m form,,genetic/molecular,
NA,no,yes,no,none,1000283,10.1038/s41564-019-0414-9,gildenhard,mosquito microevolution drives plasmodium falciparum dynamics,nat microbiol.,2019,,NA,,supplementary table 4 provides the coordinates as well as the species,mali,nankilabougou,12.17,-8.29,NA,NA,NA,NA,NA,NA,NA,NA,NA,NA,NA,NA,NA,NA,,point,paper/map,,,,na,na,na,,HRI,NA,,NA,,NA,,NA,NA,,yes,no,na,9,10,2009,2012,dry,,,very hot semi dry,gambiae_s form,,genetic/molecular,
NA,no,yes,no,none,1000283,10.1038/s41564-019-0414-9,gildenhard,mosquito microevolution drives plasmodium falciparum dynamics,nat microbiol.,2019,,NA,,supplementary table 4 provides the coordinates as well as the species,burkina faso,vallee de kou vk5,1.138.333,-4.4,NA,NA,NA,NA,NA,NA,NA,NA,NA,NA,NA,NA,NA,NA,,point,paper/map,,,,na,na,na,,HRI,NA,,NA,,NA,,NA,NA,,yes,no,na,9,10,2009,2012,dry,,,very hot semi dry,coluzzii_gambiae_m form,,genetic/molecular,
NA,no,yes,no,none,1000283,10.1038/s41564-019-0414-9,gildenhard,mosquito microevolution drives plasmodium falciparum dynamics,nat microbiol.,2019,,NA,,supplementary table 4 provides the coordinates as well as the species,burkina faso,vallee de kou vk7,11.4,-4.4,NA,NA,NA,NA,NA,NA,NA,NA,NA,NA,NA,NA,NA,NA,,point,paper/map,,,,na,na,na,,HRI,NA,,NA,,NA,,NA,NA,,yes,no,na,9,10,2009,2012,dry,,,very hot semi dry,coluzzii_gambiae_m form,,genetic/molecular,
NA,no,yes,no,none,1000283,10.1038/s41564-019-0414-9,gildenhard,mosquito microevolution drives plasmodium falciparum dynamics,nat microbiol.,2019,,NA,,supplementary table 4 provides the coordinates as well as the species,burkina faso,somoussou,11.015,-4.055,NA,NA,NA,NA,NA,NA,NA,NA,NA,NA,NA,NA,NA,NA,,point,paper/map,,,,na,na,na,,HRI,NA,,NA,,NA,,NA,NA,,yes,no,na,9,10,2009,2012,dry,,,very hot moist,coluzzii_gambiae_m form,,genetic/molecular,
NA,no,yes,no,none,1000283,10.1038/s41564-019-0414-9,gildenhard,mosquito microevolution drives plasmodium falciparum dynamics,nat microbiol.,2019,,NA,,supplementary table 4 provides the coordinates as well as the species,burkina faso,somoussou,11.015,-4.055,NA,NA,NA,NA,NA,NA,NA,NA,NA,NA,NA,NA,NA,NA,,point,paper/map,,,,na,na,na,,HRI,NA,,NA,,NA,,NA,NA,,yes,no,na,9,10,2009,2012,dry,,,very hot moist,gambiae_s form,,genetic/molecular,
NA,no,yes,no,none,1000283,10.1038/s41564-019-0414-9,gildenhard,mosquito microevolution drives plasmodium falciparum dynamics,nat microbiol.,2019,,NA,,supplementary table 4 provides the coordinates as well as the species,cameroon,mfou,3.97,11.935,NA,NA,NA,NA,NA,NA,NA,NA,NA,NA,NA,NA,NA,NA,,point,paper/map,,,,na,na,na,,larvae,NA,,NA,,NA,,NA,NA,,yes,no,na,9,10,2009,2012,dry,,,very hot wet,coluzzii_gambiae_m form,,genetic/molecular,
NA,no,yes,no,none,1000283,10.1038/s41564-019-0414-9,gildenhard,mosquito microevolution drives plasmodium falciparum dynamics,nat microbiol.,2019,,NA,,supplementary table 4 provides the coordinates as well as the species,cameroon,mvan,3.815,11.525,NA,NA,NA,NA,NA,NA,NA,NA,NA,NA,NA,NA,NA,NA,,point,paper/map,,,,na,na,na,,larvae,NA,,NA,,NA,,NA,NA,,yes,no,na,9,10,2009,2012,dry,,,very hot wet,coluzzii_gambiae_m form,,genetic/molecular,
NA,no,yes,no,none,1000283,10.1038/s41564-019-0414-9,gildenhard,mosquito microevolution drives plasmodium falciparum dynamics,nat microbiol.,2019,,NA,,supplementary table 4 provides the coordinates as well as the species,cameroon,nkolbisson,386.667,11.455,NA,NA,NA,NA,NA,NA,NA,NA,NA,NA,NA,NA,NA,NA,,point,paper/map,,,,na,na,na,,larvae,NA,,NA,,NA,,NA,NA,,yes,no,na,9,10,2009,2012,dry,,,very hot wet,coluzzii_gambiae_m form,,genetic/molecular,
NA,no,yes,no,none,1000283,10.1038/s41564-019-0414-9,gildenhard,mosquito microevolution drives plasmodium falciparum dynamics,nat microbiol.,2019,,NA,,supplementary table 4 provides the coordinates as well as the species,cameroon,nkolkoumo,386.667,11.4,NA,NA,NA,NA,NA,NA,NA,NA,NA,NA,NA,NA,NA,NA,,point,paper/map,,,,na,na,na,,larvae,NA,,NA,,NA,,NA,NA,,yes,no,na,9,10,2009,2012,dry,,,very hot wet,coluzzii_gambiae_m form,,genetic/molecular,
NA,no,yes,no,none,1000283,10.1038/s41564-019-0414-9,gildenhard,mosquito microevolution drives plasmodium falciparum dynamics,nat microbiol.,2019,,NA,,supplementary table 4 provides the coordinates as well as the species,cameroon,nkolodom,3.95,11.5,NA,NA,NA,NA,NA,NA,NA,NA,NA,NA,NA,NA,NA,NA,,point,paper/map,,,,na,na,na,,larvae,NA,,NA,,NA,,NA,NA,,yes,no,na,9,10,2009,2012,dry,,,hot wet,coluzzii_gambiae_m form,,genetic/molecular,
NA,no,yes,no,none,1000283,10.1038/s41564-019-0414-9,gildenhard,mosquito microevolution drives plasmodium falciparum dynamics,nat microbiol.,2019,,NA,,supplementary table 4 provides the coordinates as well as the species,cameroon,mfou,3.97,11.935,NA,NA,NA,NA,NA,NA,NA,NA,NA,NA,NA,NA,NA,NA,,point,paper/map,,,,na,na,na,,larvae,NA,,NA,,NA,,NA,NA,,yes,no,na,9,10,2009,2012,dry,,,very hot wet,gambiae_s form,,genetic/molecular,
NA,no,yes,no,none,1000283,10.1038/s41564-019-0414-9,gildenhard,mosquito microevolution drives plasmodium falciparum dynamics,nat microbiol.,2019,,NA,,supplementary table 4 provides the coordinates as well as the species,cameroon,mvan,3.815,11.525,NA,NA,NA,NA,NA,NA,NA,NA,NA,NA,NA,NA,NA,NA,,point,paper/map,,,,na,na,na,,larvae,NA,,NA,,NA,,NA,NA,,yes,no,na,9,10,2009,2012,dry,,,very hot wet,gambiae_s form,,genetic/molecular,
NA,no,yes,no,none,1000283,10.1038/s41564-019-0414-9,gildenhard,mosquito microevolution drives plasmodium falciparum dynamics,nat microbiol.,2019,,NA,,supplementary table 4 provides the coordinates as well as the species,cameroon,nkolbisson,386.667,11.455,NA,NA,NA,NA,NA,NA,NA,NA,NA,NA,NA,NA,NA,NA,,point,paper/map,,,,na,na,na,,larvae,NA,,NA,,NA,,NA,NA,,yes,no,na,9,10,2009,2012,dry,,,very hot wet,gambiae_s form,,genetic/molecular,
NA,no,yes,no,none,1000283,10.1038/s41564-019-0414-9,gildenhard,mosquito microevolution drives plasmodium falciparum dynamics,nat microbiol.,2019,,NA,,supplementary table 4 provides the coordinates as well as the species,cameroon,nkolkoumo,386.667,11.4,NA,NA,NA,NA,NA,NA,NA,NA,NA,NA,NA,NA,NA,NA,,point,paper/map,,,,na,na,na,,larvae,NA,,NA,,NA,,NA,NA,,yes,no,na,9,10,2009,2012,dry,,,very hot wet,gambiae_s form,,genetic/molecular,
NA,no,yes,no,none,1000283,10.1038/s41564-019-0414-9,gildenhard,mosquito microevolution drives plasmodium falciparum dynamics,nat microbiol.,2019,,NA,,supplementary table 4 provides the coordinates as well as the species,cameroon,nkolodom,3.95,11.5,NA,NA,NA,NA,NA,NA,NA,NA,NA,NA,NA,NA,NA,NA,,point,paper/map,,,,na,na,na,,larvae,NA,,NA,,NA,,NA,NA,,yes,no,na,9,10,2009,2012,dry,,,hot wet,gambiae_s form,,genetic/molecular,
NA,no,yes,no,none,1000283,10.1038/s41564-019-0414-9,gildenhard,mosquito microevolution drives plasmodium falciparum dynamics,nat microbiol.,2019,,NA,,supplementary table 4 provides the coordinates as well as the species,kenya,kilifi,-3.51,39.91,NA,NA,NA,NA,NA,NA,NA,NA,NA,NA,NA,NA,NA,NA,,point,paper/map,,,,na,na,na,,HRI,NA,,NA,,NA,,NA,NA,,yes,no,na,9,10,2009,2012,dry,,,very hot wet,gambiae_s form,,genetic/molecular,
NA,no,yes,no,none,1000283,10.1038/s41564-019-0414-9,gildenhard,mosquito microevolution drives plasmodium falciparum dynamics,nat microbiol.,2019,,NA,,supplementary table 4 provides the coordinates as well as the species,kenya,kwale,-4.17,39.47,NA,NA,NA,NA,NA,NA,NA,NA,NA,NA,NA,NA,NA,NA,,point,paper/map,,,,na,na,na,,HRI,NA,,NA,,NA,,NA,NA,,yes,no,na,9,10,2009,2012,dry,,,very hot wet,arabiensis,,genetic/molecular,
NA,no,yes,no,none,1000283,10.1038/s41564-019-0414-9,gildenhard,mosquito microevolution drives plasmodium falciparum dynamics,nat microbiol.,2019,,NA,,supplementary table 4 provides the coordinates as well as the species,kenya,malindi,-3.25,40.11,NA,NA,NA,NA,NA,NA,NA,NA,NA,NA,NA,NA,NA,NA,,point,paper/map,,,,na,na,na,,HRI,NA,,NA,,NA,,NA,NA,,yes,no,na,9,10,2009,2012,dry,,,very hot wet,merus,,genetic/molecular,
NA,no,yes,no,none,1000283,10.1038/s41564-019-0414-9,gildenhard,mosquito microevolution drives plasmodium falciparum dynamics,nat microbiol.,2019,,NA,,supplementary table 4 provides the coordinates as well as the species,kenya,kilifi,-3.51,39.91,NA,NA,NA,NA,NA,NA,NA,NA,NA,NA,NA,NA,NA,NA,,point,paper/map,,,,na,na,na,,HRI,NA,,NA,,NA,,NA,NA,,yes,no,na,9,10,2009,2012,dry,,,very hot wet,gambiae_s form,,genetic/molecular,
NA,no,yes,no,none,1000283,10.1038/s41564-019-0414-9,gildenhard,mosquito microevolution drives plasmodium falciparum dynamics,nat microbiol.,2019,,NA,,supplementary table 4 provides the coordinates as well as the species,kenya,kwale,-4.17,39.47,NA,NA,NA,NA,NA,NA,NA,NA,NA,NA,NA,NA,NA,NA,,point,paper/map,,,,na,na,na,,HRI,NA,,NA,,NA,,NA,NA,,yes,no,na,9,10,2009,2012,dry,,,very hot wet,arabiensis,,genetic/molecular,
NA,no,yes,no,none,1000283,10.1038/s41564-019-0414-9,gildenhard,mosquito microevolution drives plasmodium falciparum dynamics,nat microbiol.,2019,,NA,,supplementary table 4 provides the coordinates as well as the species,kenya,malindi,-3.25,40.11,NA,NA,NA,NA,NA,NA,NA,NA,NA,NA,NA,NA,NA,NA,,point,paper/map,,,,na,na,na,,HRI,NA,,NA,,NA,,NA,NA,,yes,no,na,9,10,2009,2012,dry,,,very hot wet,merus,,genetic/molecular,
NA,no,yes,no,none,1000283,10.1038/s41564-019-0414-9,gildenhard,mosquito microevolution drives plasmodium falciparum dynamics,nat microbiol.,2019,,NA,,supplementary table 4 provides the coordinates as well as the species,kenya,kilifi,-3.51,39.91,NA,NA,NA,NA,NA,NA,NA,NA,NA,NA,NA,NA,NA,NA,,point,paper/map,,,,na,na,na,,HRI,NA,,NA,,NA,,NA,NA,,yes,no,na,9,10,2009,2012,dry,,,very hot wet,gambiae_s form,,genetic/molecular,
NA,no,yes,no,none,1000283,10.1038/s41564-019-0414-9,gildenhard,mosquito microevolution drives plasmodium falciparum dynamics,nat microbiol.,2019,,NA,,supplementary table 4 provides the coordinates as well as the species,kenya,kwale,-4.17,39.47,NA,NA,NA,NA,NA,NA,NA,NA,NA,NA,NA,NA,NA,NA,,point,paper/map,,,,na,na,na,,HRI,NA,,NA,,NA,,NA,NA,,yes,no,na,9,10,2009,2012,dry,,,very hot wet,arabiensis,,genetic/molecular,
NA,no,yes,no,none,1000283,10.1038/s41564-019-0414-9,gildenhard,mosquito microevolution drives plasmodium falciparum dynamics,nat microbiol.,2019,,NA,,supplementary table 4 provides the coordinates as well as the species,kenya,malindi,-3.25,40.11,NA,NA,NA,NA,NA,NA,NA,NA,NA,NA,NA,NA,NA,NA,,point,paper/map,,,,na,na,na,,HRI,NA,,NA,,NA,,NA,NA,,yes,no,na,9,10,2009,2012,dry,,,very hot wet,merus,,genetic/molecular,
NA,no,yes,no,none,1000283,10.1038/s41564-019-0414-9,gildenhard,mosquito microevolution drives plasmodium falciparum dynamics,nat microbiol.,2019,,NA,,supplementary table 4 provides the coordinates as well as the species,kenya,ahero,-0.175,34.925,NA,NA,NA,NA,NA,NA,NA,NA,NA,NA,NA,NA,NA,NA,,point,paper/map,,,,na,na,na,,HRI,NA,,NA,,NA,,NA,NA,,yes,no,na,9,10,2009,2012,dry,,,hot moist,gambiae_s form,,genetic/molecular,
NA,no,yes,no,none,1000283,10.1038/s41564-019-0414-9,gildenhard,mosquito microevolution drives plasmodium falciparum dynamics,nat microbiol.,2019,,NA,,supplementary table 4 provides the coordinates as well as the species,kenya,teso,0.465,34.115,NA,NA,NA,NA,NA,NA,NA,NA,NA,NA,NA,NA,NA,NA,,point,paper/map,,,,na,na,na,,HRI,NA,,NA,,NA,,NA,NA,,yes,no,na,9,10,2009,2012,dry,,,hot wet,gambiae_s form,,genetic/molecular,
NA,no,yes,no,none,1000283,10.1038/s41564-019-0414-9,gildenhard,mosquito microevolution drives plasmodium falciparum dynamics,nat microbiol.,2019,,NA,,supplementary table 4 provides the coordinates as well as the species,kenya,kakamega,0.31139,3.479.139,NA,NA,NA,NA,NA,NA,NA,NA,NA,NA,NA,NA,NA,NA,,point,paper/map,,,,na,na,na,,HRI,NA,,NA,,NA,,NA,NA,,yes,no,na,9,10,2009,2012,dry,,,hot wet,gambiae_s form,,genetic/molecular,
NA,no,yes,no,none,1000283,10.1038/s41564-019-0414-9,gildenhard,mosquito microevolution drives plasmodium falciparum dynamics,nat microbiol.,2019,,NA,,supplementary table 4 provides the coordinates as well as the species,kenya,ahero,-0.175,34.925,NA,NA,NA,NA,NA,NA,NA,NA,NA,NA,NA,NA,NA,NA,,point,paper/map,,,,na,na,na,,HRI,NA,,NA,,NA,,NA,NA,,yes,no,na,9,10,2009,2012,dry,,,hot moist,arabiensis,,genetic/molecular,
NA,no,yes,no,none,1000283,10.1038/s41564-019-0414-9,gildenhard,mosquito microevolution drives plasmodium falciparum dynamics,nat microbiol.,2019,,NA,,supplementary table 4 provides the coordinates as well as the species,kenya,teso,0.465,34.115,NA,NA,NA,NA,NA,NA,NA,NA,NA,NA,NA,NA,NA,NA,,point,paper/map,,,,na,na,na,,HRI,NA,,NA,,NA,,NA,NA,,yes,no,na,9,10,2009,2012,dry,,,hot wet,arabiensis,,genetic/molecular,
NA,no,yes,no,none,1000283,10.1038/s41564-019-0414-9,gildenhard,mosquito microevolution drives plasmodium falciparum dynamics,nat microbiol.,2019,,NA,,supplementary table 4 provides the coordinates as well as the species,kenya,kakamega,0.31139,3.479.139,NA,NA,NA,NA,NA,NA,NA,NA,NA,NA,NA,NA,NA,NA,,point,paper/map,,,,na,na,na,,HRI,NA,,NA,,NA,,NA,NA,,yes,no,na,9,10,2009,2012,dry,,,hot wet,arabiensis,,genetic/molecular,
NA,no,yes,no,none,1000284,10.1186/s13071-019-3535-3,degefa,"evaluation of the performance of new
sticky pots for outdoor resting malaria vector
surveillance in western kenya",parasites vectors,2019,,NA,,,kenya,ahero,-0.13166667,34.94,NA,NA,NA,NA,NA,NA,NA,NA,NA,NA,NA,NA,NA,NA,,point,paper/map,kisumu,,,na,na,na,,HRI,NA,cdc-lt - outdoor,NA,winexit,NA,cdc-lt - indoor,NA,9073,"source reports more sampling methods(pit shelters,sticky pot,clay pot,prokopack) and also male and female mosquito abundance disaggregated according to the trapping method used. i recorded the female mosquitoes abundance.",yes,no,no,9,4,2015,2016,,cross,,"source mentions that the sites have a bimodal pattern of rainfall, with the long rainy season from april to june, which triggers the peak malaria transmission period and the short rainy season from october to november ",gambiae complex,,morph,
NA,no,yes,no,none,1000284,10.1186/s13071-019-3535-3,degefa,"evaluation of the performance of new
sticky pots for outdoor resting malaria vector
surveillance in western kenya",parasites vectors,2019,,NA,,,kenya,ahero,-0.13166667,34.94,NA,NA,NA,NA,NA,NA,NA,NA,NA,NA,NA,NA,NA,NA,,point,paper/map,kisumu,,,na,na,na,,HRI,NA,cdc-lt - outdoor,NA,winexit,NA,cdc-lt - indoor,NA,1599,"source reports more sampling methods(pit shelters,sticky pot,clay pot,prokopack) and also male and female mosquito abundance disaggregated according to the trapping method used. i recorded the female mosquitoes abundance.",yes,no,no,9,4,2015,2016,,cross,,"source mentions that the sites have a bimodal pattern of rainfall, with the long rainy season from april to june, which triggers the peak malaria transmission period and the short rainy season from october to november ",funestus complex,,morph,
NA,no,yes,no,none,1000284,10.1186/s13071-019-3535-3,degefa,"evaluation of the performance of new
sticky pots for outdoor resting malaria vector
surveillance in western kenya",parasites vectors,2019,,NA,,,kenya,ahero,-0.13166667,34.94,NA,NA,NA,NA,NA,NA,NA,NA,NA,NA,NA,NA,NA,NA,,point,paper/map,kisumu,,,na,na,na,,HRI,NA,cdc-lt - outdoor,NA,winexit,NA,cdc-lt - indoor,NA,1034,"source reports more sampling methods(pit shelters,sticky pot,clay pot,prokopack) and also male and female mosquito abundance disaggregated according to the trapping method used. i recorded the female mosquitoes abundance.",yes,no,no,9,4,2015,2016,,cross,,"source mentions that the sites have a bimodal pattern of rainfall, with the long rainy season from april to june, which triggers the peak malaria transmission period and the short rainy season from october to november ",coustani,,morph,
NA,no,yes,no,none,1000284,10.1186/s13071-019-3535-3,degefa,"evaluation of the performance of new
sticky pots for outdoor resting malaria vector
surveillance in western kenya",parasites vectors,2019,,NA,,,kenya,ahero,-0.13166667,34.94,NA,NA,NA,NA,NA,NA,NA,NA,NA,NA,NA,NA,NA,NA,,point,paper/map,kisumu,,,na,na,na,,HRI,NA,cdc-lt - outdoor,NA,winexit,NA,cdc-lt - indoor,NA,767,"source reports more sampling methods(pit shelters,sticky pot,clay pot,prokopack) and also male and female mosquito abundance disaggregated according to the trapping method used. i recorded the female mosquitoes abundance.",yes,no,no,9,4,2015,2016,,cross,,"source mentions that the sites have a bimodal pattern of rainfall, with the long rainy season from april to june, which triggers the peak malaria transmission period and the short rainy season from october to november ",pharoensis,,morph,
NA,no,yes,no,none,1000284,10.1186/s13071-019-3535-3,degefa,"evaluation of the performance of new
sticky pots for outdoor resting malaria vector
surveillance in western kenya",parasites vectors,2019,,NA,,,kenya,iguhu,0.15972222,3.474.611.111,NA,NA,NA,NA,NA,NA,NA,NA,NA,NA,NA,NA,NA,NA,,point,paper/map,kakamega,,,na,na,na,,HRI,NA,cdc-lt - outdoor,NA,winexit,NA,cdc-lt - indoor,NA,437,"source reports more sampling methods(pit shelters,sticky pot,clay pot,prokopack) and also male and female mosquito abundance disaggregated according to the trapping method used. i recorded the female mosquitoes abundance.",yes,no,no,9,4,2015,2016,,cross,,"source mentions that the sites have a bimodal pattern of rainfall, with the long rainy season from april to june, which triggers the peak malaria transmission period and the short rainy season from october to november ",gambiae complex,,morph,
NA,no,yes,no,none,1000284,10.1186/s13071-019-3535-3,degefa,"evaluation of the performance of new
sticky pots for outdoor resting malaria vector
surveillance in western kenya",parasites vectors,2019,,NA,,,kenya,iguhu,0.15972222,3.474.611.111,NA,NA,NA,NA,NA,NA,NA,NA,NA,NA,NA,NA,NA,NA,,point,paper/map,kakamega,,,na,na,na,,HRI,NA,cdc-lt - outdoor,NA,winexit,NA,cdc-lt - indoor,NA,130,"source reports more sampling methods(pit shelters,sticky pot,clay pot,prokopack) and also male and female mosquito abundance disaggregated according to the trapping method used. i recorded the female mosquitoes abundance.",yes,no,no,9,4,2015,2016,,cross,,"source mentions that the sites have a bimodal pattern of rainfall, with the long rainy season from april to june, which triggers the peak malaria transmission period and the short rainy season from october to november ",funestus complex,,morph,
NA,no,yes,no,none,1000284,10.1186/s13071-019-3535-3,degefa,"evaluation of the performance of new
sticky pots for outdoor resting malaria vector
surveillance in western kenya",parasites vectors,2019,,NA,,,kenya,iguhu,0.15972222,3.474.611.111,NA,NA,NA,NA,NA,NA,NA,NA,NA,NA,NA,NA,NA,NA,,point,paper/map,kakamega,,,na,na,na,,HRI,NA,cdc-lt - outdoor,NA,winexit,NA,cdc-lt - indoor,NA,14,"source reports more sampling methods(pit shelters,sticky pot,clay pot,prokopack) and also male and female mosquito abundance disaggregated according to the trapping method used. i recorded the female mosquitoes abundance.",yes,no,no,9,4,2015,2016,,cross,,"source mentions that the sites have a bimodal pattern of rainfall, with the long rainy season from april to june, which triggers the peak malaria transmission period and the short rainy season from october to november ",coustani,,morph,
NA,no,yes,no,none,1000285,10.1186/s12936-019-2808-9,koukpo,"the current distribution and characterization
of the l1014f resistance allele of the kdr gene
in three malaria vectors (anopheles gambiae,
anopheles coluzzii, anopheles arabiensis) in benin
(west africa)",malaria journal,2019,,NA,,,benin,malanville,118.633,3.384.247,NA,NA,NA,NA,NA,NA,NA,NA,NA,NA,NA,NA,NA,NA,,point,paper/map,,,far north zone,,,,,larvae,30,,NA,,NA,,NA,NA,,yes,no,no,5,12,2015,2017,,,,,coluzzii_gambiae_m form,,morph (emerg adult),genetic/molecular
NA,no,yes,no,none,1000285,10.1186/s12936-019-2808-9,koukpo,"the current distribution and characterization
of the l1014f resistance allele of the kdr gene
in three malaria vectors (anopheles gambiae,
anopheles coluzzii, anopheles arabiensis) in benin
(west africa)",malaria journal,2019,,NA,,,benin,kandi,11.130.519,2.932.578,NA,NA,NA,NA,NA,NA,NA,NA,NA,NA,NA,NA,NA,NA,,point,paper/map,,,northern cotton zone,,,,,larvae,29,,NA,,NA,,NA,NA,,yes,no,no,5,12,2015,2017,,,,,gambiae complex,,morph (emerg adult),genetic/molecular
NA,no,yes,no,none,1000285,10.1186/s12936-019-2808-9,koukpo,"the current distribution and characterization
of the l1014f resistance allele of the kdr gene
in three malaria vectors (anopheles gambiae,
anopheles coluzzii, anopheles arabiensis) in benin
(west africa)",malaria journal,2019,,NA,,,benin,kandi,11.130.519,2.932.578,NA,NA,NA,NA,NA,NA,NA,NA,NA,NA,NA,NA,NA,NA,,point,paper/map,,,northern cotton zone,,,,,larvae,1,,NA,,NA,,NA,NA,,yes,no,no,5,12,2015,2017,,,,,coluzzii_gambiae_m form,,morph (emerg adult),genetic/molecular
NA,no,yes,no,none,1000285,10.1186/s12936-019-2808-9,koukpo,"the current distribution and characterization
of the l1014f resistance allele of the kdr gene
in three malaria vectors (anopheles gambiae,
anopheles coluzzii, anopheles arabiensis) in benin
(west africa)",malaria journal,2019,,NA,,,benin,kalale,10.29,3.381.726,NA,NA,NA,NA,NA,NA,NA,NA,NA,NA,NA,NA,NA,NA,,point,paper/map,,,"south-borgou food crop
production zone",,,,,larvae,30,,NA,,NA,,NA,NA,,yes,no,no,5,12,2015,2017,,,,,gambiae complex,,morph (emerg adult),genetic/molecular
NA,no,yes,no,none,1000285,10.1186/s12936-019-2808-9,koukpo,"the current distribution and characterization
of the l1014f resistance allele of the kdr gene
in three malaria vectors (anopheles gambiae,
anopheles coluzzii, anopheles arabiensis) in benin
(west africa)",malaria journal,2019,,NA,,,benin,pehunco,1.023.706,20.028.358,NA,NA,NA,NA,NA,NA,NA,NA,NA,NA,NA,NA,NA,NA,,point,paper/map,,,"south-borgou food crop
production zone",,,,,larvae,28,,NA,,NA,,NA,NA,,yes,no,no,5,12,2015,2017,,,,,gambiae complex,,morph (emerg adult),genetic/molecular
NA,no,yes,no,none,1000285,10.1186/s12936-019-2808-9,koukpo,"the current distribution and characterization
of the l1014f resistance allele of the kdr gene
in three malaria vectors (anopheles gambiae,
anopheles coluzzii, anopheles arabiensis) in benin
(west africa)",malaria journal,2019,,NA,,,benin,pehunco,1.023.706,20.028.358,NA,NA,NA,NA,NA,NA,NA,NA,NA,NA,NA,NA,NA,NA,,point,paper/map,,,"south-borgou food crop
production zone",,,,,larvae,2,,NA,,NA,,NA,NA,,yes,no,no,5,12,2015,2017,,,,,coluzzii_gambiae_m form,,morph (emerg adult),genetic/molecular
NA,no,yes,no,none,1000285,10.1186/s12936-019-2808-9,koukpo,"the current distribution and characterization
of the l1014f resistance allele of the kdr gene
in three malaria vectors (anopheles gambiae,
anopheles coluzzii, anopheles arabiensis) in benin
(west africa)",malaria journal,2019,,NA,,,benin,copargo,983.966.667,154.749.861,NA,NA,NA,NA,NA,NA,NA,NA,NA,NA,NA,NA,NA,NA,,point,paper/map,,,western atacora zone,,,,,larvae,27,,NA,,NA,,NA,NA,,yes,no,no,5,12,2015,2017,,,,,gambiae complex,,morph (emerg adult),genetic/molecular
NA,no,yes,no,none,1000285,10.1186/s12936-019-2808-9,koukpo,"the current distribution and characterization
of the l1014f resistance allele of the kdr gene
in three malaria vectors (anopheles gambiae,
anopheles coluzzii, anopheles arabiensis) in benin
(west africa)",malaria journal,2019,,NA,,,benin,copargo,983.966.667,154.749.861,NA,NA,NA,NA,NA,NA,NA,NA,NA,NA,NA,NA,NA,NA,,point,paper/map,,,western atacora zone,,,,,larvae,4,,NA,,NA,,NA,NA,,yes,no,no,5,12,2015,2017,,,,,coluzzii_gambiae_m form,,morph (emerg adult),genetic/molecular
NA,no,yes,no,none,1000285,10.1186/s12936-019-2808-9,koukpo,"the current distribution and characterization
of the l1014f resistance allele of the kdr gene
in three malaria vectors (anopheles gambiae,
anopheles coluzzii, anopheles arabiensis) in benin
(west africa)",malaria journal,2019,,NA,,,benin,dassa,778.490.861,237.055.556,NA,NA,NA,NA,NA,NA,NA,NA,NA,NA,NA,NA,NA,NA,,point,paper/map,,,central cotton zone,,,,,larvae,18,,NA,,NA,,NA,NA,,yes,no,no,5,12,2015,2017,,,,,gambiae complex,,morph (emerg adult),genetic/molecular
NA,no,yes,no,none,1000285,10.1186/s12936-019-2808-9,koukpo,"the current distribution and characterization
of the l1014f resistance allele of the kdr gene
in three malaria vectors (anopheles gambiae,
anopheles coluzzii, anopheles arabiensis) in benin
(west africa)",malaria journal,2019,,NA,,,benin,dassa,778.490.861,237.055.556,NA,NA,NA,NA,NA,NA,NA,NA,NA,NA,NA,NA,NA,NA,,point,paper/map,,,central cotton zone,,,,,larvae,7,,NA,,NA,,NA,NA,,yes,no,no,5,12,2015,2017,,,,,coluzzii_gambiae_m form,,morph (emerg adult),genetic/molecular
NA,no,yes,no,none,1000285,10.1186/s12936-019-2808-9,koukpo,"the current distribution and characterization
of the l1014f resistance allele of the kdr gene
in three malaria vectors (anopheles gambiae,
anopheles coluzzii, anopheles arabiensis) in benin
(west africa)",malaria journal,2019,,NA,,,benin,dassa,778.490.861,237.055.556,NA,NA,NA,NA,NA,NA,NA,NA,NA,NA,NA,NA,NA,NA,,point,paper/map,,,central cotton zone,,,,,larvae,4,,NA,,NA,,NA,NA,,yes,no,no,5,12,2015,2017,,,,,arabiensis,,morph (emerg adult),genetic/molecular
NA,no,yes,no,none,1000285,10.1186/s12936-019-2808-9,koukpo,"the current distribution and characterization
of the l1014f resistance allele of the kdr gene
in three malaria vectors (anopheles gambiae,
anopheles coluzzii, anopheles arabiensis) in benin
(west africa)",malaria journal,2019,,NA,,,benin,save,803.361.111,2.485,NA,NA,NA,NA,NA,NA,NA,NA,NA,NA,NA,NA,NA,NA,,point,paper/map,,,central cotton zone,,,,,larvae,11,,NA,,NA,,NA,NA,,yes,no,no,5,12,2015,2017,,,,,gambiae complex,,morph (emerg adult),genetic/molecular
NA,no,yes,no,none,1000285,10.1186/s12936-019-2808-9,koukpo,"the current distribution and characterization
of the l1014f resistance allele of the kdr gene
in three malaria vectors (anopheles gambiae,
anopheles coluzzii, anopheles arabiensis) in benin
(west africa)",malaria journal,2019,,NA,,,benin,save,803.361.111,2.485,NA,NA,NA,NA,NA,NA,NA,NA,NA,NA,NA,NA,NA,NA,,point,paper/map,,,central cotton zone,,,,,larvae,19,,NA,,NA,,NA,NA,,yes,no,no,5,12,2015,2017,,,,,coluzzii_gambiae_m form,,morph (emerg adult),genetic/molecular
NA,no,yes,no,none,1000285,10.1186/s12936-019-2808-9,koukpo,"the current distribution and characterization
of the l1014f resistance allele of the kdr gene
in three malaria vectors (anopheles gambiae,
anopheles coluzzii, anopheles arabiensis) in benin
(west africa)",malaria journal,2019,,NA,,,benin,ouesse,86.125,242.334.167,NA,NA,NA,NA,NA,NA,NA,NA,NA,NA,NA,NA,NA,NA,,point,paper/map,,,central cotton zone,,,,,larvae,23,,NA,,NA,,NA,NA,,yes,no,no,5,12,2015,2017,,,,,gambiae complex,,morph (emerg adult),genetic/molecular
NA,no,yes,no,none,1000285,10.1186/s12936-019-2808-9,koukpo,"the current distribution and characterization
of the l1014f resistance allele of the kdr gene
in three malaria vectors (anopheles gambiae,
anopheles coluzzii, anopheles arabiensis) in benin
(west africa)",malaria journal,2019,,NA,,,benin,ouesse,86.125,242.334.167,NA,NA,NA,NA,NA,NA,NA,NA,NA,NA,NA,NA,NA,NA,,point,paper/map,,,central cotton zone,,,,,larvae,7,,NA,,NA,,NA,NA,,yes,no,no,5,12,2015,2017,,,,,coluzzii_gambiae_m form,,morph (emerg adult),genetic/molecular
NA,no,yes,no,none,1000285,10.1186/s12936-019-2808-9,koukpo,"the current distribution and characterization
of the l1014f resistance allele of the kdr gene
in three malaria vectors (anopheles gambiae,
anopheles coluzzii, anopheles arabiensis) in benin
(west africa)",malaria journal,2019,,NA,,,benin,ketou,736.027.778,260.388.889,NA,NA,NA,NA,NA,NA,NA,NA,NA,NA,NA,NA,NA,NA,,point,paper/map,,,central cotton zone,,,,,larvae,8,,NA,,NA,,NA,NA,,yes,no,no,5,12,2015,2017,,,,,gambiae complex,,morph (emerg adult),genetic/molecular
NA,no,yes,no,none,1000285,10.1186/s12936-019-2808-9,koukpo,"the current distribution and characterization
of the l1014f resistance allele of the kdr gene
in three malaria vectors (anopheles gambiae,
anopheles coluzzii, anopheles arabiensis) in benin
(west africa)",malaria journal,2019,,NA,,,benin,ketou,736.027.778,260.388.889,NA,NA,NA,NA,NA,NA,NA,NA,NA,NA,NA,NA,NA,NA,,point,paper/map,,,central cotton zone,,,,,larvae,22,,NA,,NA,,NA,NA,,yes,no,no,5,12,2015,2017,,,,,coluzzii_gambiae_m form,,morph (emerg adult),genetic/molecular
NA,no,yes,no,none,1000285,10.1186/s12936-019-2808-9,koukpo,"the current distribution and characterization
of the l1014f resistance allele of the kdr gene
in three malaria vectors (anopheles gambiae,
anopheles coluzzii, anopheles arabiensis) in benin
(west africa)",malaria journal,2019,,NA,,,benin,djidja,7.346,193.555.556,NA,NA,NA,NA,NA,NA,NA,NA,NA,NA,NA,NA,NA,NA,,point,paper/map,,,central cotton zone,,,,,larvae,2,,NA,,NA,,NA,NA,,yes,no,no,5,12,2015,2017,,,,,gambiae complex,,morph (emerg adult),genetic/molecular
NA,no,yes,no,none,1000285,10.1186/s12936-019-2808-9,koukpo,"the current distribution and characterization
of the l1014f resistance allele of the kdr gene
in three malaria vectors (anopheles gambiae,
anopheles coluzzii, anopheles arabiensis) in benin
(west africa)",malaria journal,2019,,NA,,,benin,djidja,7.346,193.555.556,NA,NA,NA,NA,NA,NA,NA,NA,NA,NA,NA,NA,NA,NA,,point,paper/map,,,central cotton zone,,,,,larvae,28,,NA,,NA,,NA,NA,,yes,no,no,5,12,2015,2017,,,,,coluzzii_gambiae_m form,,morph (emerg adult),genetic/molecular
NA,no,yes,no,none,1000285,10.1186/s12936-019-2808-9,koukpo,"the current distribution and characterization
of the l1014f resistance allele of the kdr gene
in three malaria vectors (anopheles gambiae,
anopheles coluzzii, anopheles arabiensis) in benin
(west africa)",malaria journal,2019,,NA,,,benin,bohicon,7.18,208.666.667,NA,NA,NA,NA,NA,NA,NA,NA,NA,NA,NA,NA,NA,NA,,point,paper/map,,,bar land zone,,,,,larvae,35,,NA,,NA,,NA,NA,,yes,no,no,5,12,2015,2017,,,,,gambiae complex,,morph (emerg adult),genetic/molecular
NA,no,yes,no,none,1000285,10.1186/s12936-019-2808-9,koukpo,"the current distribution and characterization
of the l1014f resistance allele of the kdr gene
in three malaria vectors (anopheles gambiae,
anopheles coluzzii, anopheles arabiensis) in benin
(west africa)",malaria journal,2019,,NA,,,benin,bohicon,7.18,208.666.667,NA,NA,NA,NA,NA,NA,NA,NA,NA,NA,NA,NA,NA,NA,,point,paper/map,,,bar land zone,,,,,larvae,4,,NA,,NA,,NA,NA,,yes,no,no,5,12,2015,2017,,,,,coluzzii_gambiae_m form,,morph (emerg adult),genetic/molecular
NA,no,yes,no,none,1000285,10.1186/s12936-019-2808-9,koukpo,"the current distribution and characterization
of the l1014f resistance allele of the kdr gene
in three malaria vectors (anopheles gambiae,
anopheles coluzzii, anopheles arabiensis) in benin
(west africa)",malaria journal,2019,,NA,,,benin,dogbo,680.472,1.788.056,NA,NA,NA,NA,NA,NA,NA,NA,NA,NA,NA,NA,NA,NA,,point,paper/map,,,bar land zone,,,,,larvae,12,,NA,,NA,,NA,NA,,yes,no,no,5,12,2015,2017,,,,,gambiae complex,,morph (emerg adult),genetic/molecular
NA,no,yes,no,none,1000285,10.1186/s12936-019-2808-9,koukpo,"the current distribution and characterization
of the l1014f resistance allele of the kdr gene
in three malaria vectors (anopheles gambiae,
anopheles coluzzii, anopheles arabiensis) in benin
(west africa)",malaria journal,2019,,NA,,,benin,dogbo,680.472,1.788.056,NA,NA,NA,NA,NA,NA,NA,NA,NA,NA,NA,NA,NA,NA,,point,paper/map,,,bar land zone,,,,,larvae,27,,NA,,NA,,NA,NA,,yes,no,no,5,12,2015,2017,,,,,coluzzii_gambiae_m form,,morph (emerg adult),genetic/molecular
NA,no,yes,no,none,1000285,10.1186/s12936-019-2808-9,koukpo,"the current distribution and characterization
of the l1014f resistance allele of the kdr gene
in three malaria vectors (anopheles gambiae,
anopheles coluzzii, anopheles arabiensis) in benin
(west africa)",malaria journal,2019,,NA,,,benin,toviklin,693.909.167,177.335.639,NA,NA,NA,NA,NA,NA,NA,NA,NA,NA,NA,NA,NA,NA,,point,paper/map,,,bar land zone,,,,,larvae,6,,NA,,NA,,NA,NA,,yes,no,no,5,12,2015,2017,,,,,gambiae complex,,morph (emerg adult),genetic/molecular
NA,no,yes,no,none,1000285,10.1186/s12936-019-2808-9,koukpo,"the current distribution and characterization
of the l1014f resistance allele of the kdr gene
in three malaria vectors (anopheles gambiae,
anopheles coluzzii, anopheles arabiensis) in benin
(west africa)",malaria journal,2019,,NA,,,benin,toviklin,693.909.167,177.335.639,NA,NA,NA,NA,NA,NA,NA,NA,NA,NA,NA,NA,NA,NA,,point,paper/map,,,bar land zone,,,,,larvae,24,,NA,,NA,,NA,NA,,yes,no,no,5,12,2015,2017,,,,,coluzzii_gambiae_m form,,morph (emerg adult),genetic/molecular
NA,no,yes,no,none,1000285,10.1186/s12936-019-2808-9,koukpo,"the current distribution and characterization
of the l1014f resistance allele of the kdr gene
in three malaria vectors (anopheles gambiae,
anopheles coluzzii, anopheles arabiensis) in benin
(west africa)",malaria journal,2019,,NA,,,benin,houeyogbe,6.532.175,187.086,NA,NA,NA,NA,NA,NA,NA,NA,NA,NA,NA,NA,NA,NA,,point,paper/map,,,bar land zone,,,,,larvae,18,,NA,,NA,,NA,NA,,yes,no,no,5,12,2015,2017,,,,,gambiae complex,,morph (emerg adult),genetic/molecular
NA,no,yes,no,none,1000285,10.1186/s12936-019-2808-9,koukpo,"the current distribution and characterization
of the l1014f resistance allele of the kdr gene
in three malaria vectors (anopheles gambiae,
anopheles coluzzii, anopheles arabiensis) in benin
(west africa)",malaria journal,2019,,NA,,,benin,houeyogbe,6.532.175,187.086,NA,NA,NA,NA,NA,NA,NA,NA,NA,NA,NA,NA,NA,NA,,point,paper/map,,,bar land zone,,,,,larvae,12,,NA,,NA,,NA,NA,,yes,no,no,5,12,2015,2017,,,,,coluzzii_gambiae_m form,,morph (emerg adult),genetic/molecular
NA,no,yes,no,none,1000285,10.1186/s12936-019-2808-9,koukpo,"the current distribution and characterization
of the l1014f resistance allele of the kdr gene
in three malaria vectors (anopheles gambiae,
anopheles coluzzii, anopheles arabiensis) in benin
(west africa)",malaria journal,2019,,NA,,,benin,porto novo,649.638.889,262.888.889,NA,NA,NA,NA,NA,NA,NA,NA,NA,NA,NA,NA,NA,NA,,point,paper/map,,,bar land zone,,,,,larvae,4,,NA,,NA,,NA,NA,,yes,no,no,5,12,2015,2017,,,,,gambiae complex,,morph (emerg adult),genetic/molecular
NA,no,yes,no,none,1000285,10.1186/s12936-019-2808-9,koukpo,"the current distribution and characterization
of the l1014f resistance allele of the kdr gene
in three malaria vectors (anopheles gambiae,
anopheles coluzzii, anopheles arabiensis) in benin
(west africa)",malaria journal,2019,,NA,,,benin,porto novo,649.638.889,262.888.889,NA,NA,NA,NA,NA,NA,NA,NA,NA,NA,NA,NA,NA,NA,,point,paper/map,,,bar land zone,,,,,larvae,47,,NA,,NA,,NA,NA,,yes,no,no,5,12,2015,2017,,,,,coluzzii_gambiae_m form,,morph (emerg adult),genetic/molecular
NA,no,yes,no,none,1000285,10.1186/s12936-019-2808-9,koukpo,"the current distribution and characterization
of the l1014f resistance allele of the kdr gene
in three malaria vectors (anopheles gambiae,
anopheles coluzzii, anopheles arabiensis) in benin
(west africa)",malaria journal,2019,,NA,,,benin,cotonou,6.365,24.647,NA,NA,NA,NA,NA,NA,NA,NA,NA,NA,NA,NA,NA,NA,,point,paper/map,,,fishery zone,,,,,larvae,2,,NA,,NA,,NA,NA,,yes,no,no,5,12,2015,2017,,,,,gambiae complex,,morph (emerg adult),genetic/molecular
NA,no,yes,no,none,1000285,10.1186/s12936-019-2808-9,koukpo,"the current distribution and characterization
of the l1014f resistance allele of the kdr gene
in three malaria vectors (anopheles gambiae,
anopheles coluzzii, anopheles arabiensis) in benin
(west africa)",malaria journal,2019,,NA,,,benin,cotonou,6.365,24.647,NA,NA,NA,NA,NA,NA,NA,NA,NA,NA,NA,NA,NA,NA,,point,paper/map,,,fishery zone,,,,,larvae,99,,NA,,NA,,NA,NA,,yes,no,no,5,12,2015,2017,,,,,coluzzii_gambiae_m form,,morph (emerg adult),genetic/molecular
NA,no,yes,no,none,1000285,10.1186/s12936-019-2808-9,koukpo,"the current distribution and characterization
of the l1014f resistance allele of the kdr gene
in three malaria vectors (anopheles gambiae,
anopheles coluzzii, anopheles arabiensis) in benin
(west africa)",malaria journal,2019,,NA,,,benin,so ava,646.602.417,240.111.222,NA,NA,NA,NA,NA,NA,NA,NA,NA,NA,NA,NA,NA,NA,,point,paper/map,,,fishery zone,,,,,larvae,0,,NA,,NA,,NA,NA,,yes,no,no,5,12,2015,2017,,,,,gambiae complex,,morph (emerg adult),genetic/molecular
NA,no,yes,no,none,1000285,10.1186/s12936-019-2808-9,koukpo,"the current distribution and characterization
of the l1014f resistance allele of the kdr gene
in three malaria vectors (anopheles gambiae,
anopheles coluzzii, anopheles arabiensis) in benin
(west africa)",malaria journal,2019,,NA,,,benin,so ava,646.602.417,240.111.222,NA,NA,NA,NA,NA,NA,NA,NA,NA,NA,NA,NA,NA,NA,,point,paper/map,,,fishery zone,,,,,larvae,50,,NA,,NA,,NA,NA,,yes,no,no,5,12,2015,2017,,,,,coluzzii_gambiae_m form,,morph (emerg adult),genetic/molecular
NA,no,yes,no,none,1000285,10.1186/s12936-019-2808-9,koukpo,"the current distribution and characterization
of the l1014f resistance allele of the kdr gene
in three malaria vectors (anopheles gambiae,
anopheles coluzzii, anopheles arabiensis) in benin
(west africa)",malaria journal,2019,,NA,,,benin,come,640.961.667,188.550.556,NA,NA,NA,NA,NA,NA,NA,NA,NA,NA,NA,NA,NA,NA,,point,paper/map,,,fishery zone,,,,,larvae,6,,NA,,NA,,NA,NA,,yes,no,no,5,12,2015,2017,,,,,gambiae complex,,morph (emerg adult),genetic/molecular
NA,no,yes,no,none,1000285,10.1186/s12936-019-2808-9,koukpo,"the current distribution and characterization
of the l1014f resistance allele of the kdr gene
in three malaria vectors (anopheles gambiae,
anopheles coluzzii, anopheles arabiensis) in benin
(west africa)",malaria journal,2019,,NA,,,benin,come,640.961.667,188.550.556,NA,NA,NA,NA,NA,NA,NA,NA,NA,NA,NA,NA,NA,NA,,point,paper/map,,,fishery zone,,,,,larvae,26,,NA,,NA,,NA,NA,,yes,no,no,5,12,2015,2017,,,,,coluzzii_gambiae_m form,,morph (emerg adult),genetic/molecular
NA,no,yes,no,none,1000291,10.1007/s00436-019-06213-0,seyfarth,"five years following first detection of anopheles stephensi (diptera:
culicidae) in djibouti, horn of africa: populations
establishedÃ‚Â—malaria emerging",parasitology research,2019,,NA,yes,ask for csp data,djibouti,sl 1 (plateau du heron),1.162.138.889,4.315.027.778,NA,NA,NA,NA,NA,NA,NA,NA,NA,NA,NA,NA,NA,NA,,point,paper/map,,,,na,na,na,,cdc-lt - indoor,NA,cdc-lt - outdoor,NA,,NA,,NA,NA,source did not specify cdc light traps used indoor or outdoor so i have entered both,yes,no,yes,1,12,2012,2017,,,,,stephensi,final confirmation of an. stephensi was achieved by comparing new catches with voucher specimens trapped in 2013,morph,
NA,no,yes,no,none,1000291,10.1007/s00436-019-06213-0,seyfarth,"five years following first detection of anopheles stephensi (diptera:
culicidae) in djibouti, horn of africa: populations
establishedÃ‚Â—malaria emerging",parasitology research,2019,,NA,yes,ask for csp data,djibouti,sl 2 (vicinity of the sheraton hotel),116.025,4.315.805.556,NA,NA,NA,NA,NA,NA,NA,NA,NA,NA,NA,NA,NA,NA,,point,paper/map,,,,na,na,na,,cdc-lt - indoor,NA,cdc-lt - outdoor,NA,,NA,,NA,NA,source did not specify cdc light traps used indoor or outdoor so i have entered both,yes,no,yes,1,12,2012,2017,,,,,stephensi,final confirmation of an. stephensi was achieved by comparing new catches with voucher specimens trapped in 2014,morph,
NA,no,yes,no,none,1000291,10.1007/s00436-019-06213-0,seyfarth,"five years following first detection of anopheles stephensi (diptera:
culicidae) in djibouti, horn of africa: populations
establishedÃ‚Â—malaria emerging",parasitology research,2019,,NA,yes,ask for csp data,djibouti,sl 3 (military airport area i),1.155.194.444,4.314.833.333,NA,NA,NA,NA,NA,NA,NA,NA,NA,NA,NA,NA,NA,NA,,point,paper/map,,,,na,na,na,,cdc-lt - indoor,NA,cdc-lt - outdoor,NA,,NA,,NA,NA,source did not specify cdc light traps used indoor or outdoor so i have entered both,yes,no,yes,1,12,2012,2017,,,,,stephensi,final confirmation of an. stephensi was achieved by comparing new catches with voucher specimens trapped in 2015,morph,
NA,no,yes,no,none,1000291,10.1007/s00436-019-06213-0,seyfarth,"five years following first detection of anopheles stephensi (diptera:
culicidae) in djibouti, horn of africa: populations
establishedÃ‚Â—malaria emerging",parasitology research,2019,,NA,yes,ask for csp data,djibouti,sl 4 (military/civil airport area ii),1.155.305.556,4.315.361.111,NA,NA,NA,NA,NA,NA,NA,NA,NA,NA,NA,NA,NA,NA,,point,paper/map,,,,na,na,na,,cdc-lt - indoor,NA,cdc-lt - outdoor,NA,,NA,,NA,NA,source did not specify cdc light traps used indoor or outdoor so i have entered both,yes,no,yes,1,12,2012,2017,,,,,stephensi,final confirmation of an. stephensi was achieved by comparing new catches with voucher specimens trapped in 2016,morph,
NA,no,yes,no,none,1000291,10.1007/s00436-019-06213-0,seyfarth,"five years following first detection of anopheles stephensi (diptera:
culicidae) in djibouti, horn of africa: populations
establishedÃ‚Â—malaria emerging",parasitology research,2019,,NA,yes,ask for csp data,djibouti,sl 5 (military/civil airport area iii),1.155.638.889,4.315.027.778,NA,NA,NA,NA,NA,NA,NA,NA,NA,NA,NA,NA,NA,NA,,point,paper/map,,,,na,na,na,,cdc-lt - indoor,NA,cdc-lt - outdoor,NA,,NA,,NA,NA,source did not specify cdc light traps used indoor or outdoor so i have entered both,yes,no,yes,1,12,2012,2017,,,,,stephensi,final confirmation of an. stephensi was achieved by comparing new catches with voucher specimens trapped in 2017,morph,
NA,no,yes,no,none,1000291,10.1007/s00436-019-06213-0,seyfarth,"five years following first detection of anopheles stephensi (diptera:
culicidae) in djibouti, horn of africa: populations
establishedÃ‚Â—malaria emerging",parasitology research,2019,,NA,yes,ask for csp data,djibouti,sl 6 (german embassy),1.156.472.222,4.316.416.667,NA,NA,NA,NA,NA,NA,NA,NA,NA,NA,NA,NA,NA,NA,,point,paper/map,,,,na,na,na,,cdc-lt - indoor,NA,cdc-lt - outdoor,NA,,NA,,NA,NA,source did not specify cdc light traps used indoor or outdoor so i have entered both,yes,no,yes,1,12,2012,2017,,,,,stephensi,final confirmation of an. stephensi was achieved by comparing new catches with voucher specimens trapped in 2018,morph,
NA,no,yes,no,phenotypic,1000300,10.1186/s12936-018-2633-6,agossa,"small?scale field evaluation of the efficacy
and residual effect of fludora
Ã‚Â® fusion
(mixture of clothianidin and deltamethrin)
against susceptible and resistant anopheles
gambiae populations from benin, west africa",malaria journal,2018,,NA,yes,contact author for sampling period and year information.the source only says the study duration was 11 months,benin,dangbo,6.584,25.513,NA,NA,NA,NA,NA,NA,NA,NA,NA,NA,NA,NA,NA,NA,,point,googleearth,,,i used both google erath and maps to check for the coordinates.the boundary mearuments was 3.74km therefore the area is a point,yes,combination,yes,,larvae,NA,,NA,,NA,,NA,NA,,,,,NA,NA,NA,NA,,,1200.83 mm/yr,,gambiae complex,,"Trapped mosquitoes were transported
to the laboratory and sorted using morphological criteria",
NA,no,yes,no,phenotypic,1000300,10.1186/s12936-018-2633-6,agossa,"small?scale field evaluation of the efficacy
and residual effect of fludora
Ã‚Â® fusion
(mixture of clothianidin and deltamethrin)
against susceptible and resistant anopheles
gambiae populations from benin, west africa",malaria journal,2018,,NA,yes,contact author for sampling period and year information.the source only says the study duration was 11 months,benin,dangbo,6.584,25.513,NA,NA,NA,NA,NA,NA,NA,NA,NA,NA,NA,NA,NA,NA,,point,googleearth,,,i used both google erath and maps to check for the coordinates.the boundary mearuments was 3.74km therefore the area is a point,yes,combination,yes,,larvae,NA,,NA,,NA,,NA,NA,,,,,NA,NA,NA,NA,,,1200.83 mm/yr,,gambiae complex,,"Trapped mosquitoes were transported
to the laboratory and sorted using morphological criteria",
NA,no,yes,no,phenotypic,1000300,10.1186/s12936-018-2633-6,agossa,"small?scale field evaluation of the efficacy
and residual effect of fludora
Ã‚Â® fusion
(mixture of clothianidin and deltamethrin)
against susceptible and resistant anopheles
gambiae populations from benin, west africa",malaria journal,2018,,NA,yes,contact author for sampling period and year information.the source only says the study duration was 11 months,benin,dangbo,6.584,25.513,NA,NA,NA,NA,NA,NA,NA,NA,NA,NA,NA,NA,NA,NA,,point,googleearth,,,i used both google erath and maps to check for the coordinates.the boundary mearuments was 3.74km therefore the area is a point,yes,combination,yes,,larvae,NA,,NA,,NA,,NA,NA,,,,,NA,NA,NA,NA,,,1200.83 mm/yr,,gambiae complex,,"Trapped mosquitoes were transported
to the laboratory and sorted using morphological criteria",
NA,no,yes,no,none,1002201,10.1093/jme/tjv120,Nepomichene,"Species Diversity, Abundance, and Host Preferences of
Mosquitoes (Diptera: Culicidae) in Two Different Ecotypes
of Madagascar With Recent RVFV Transmission",JOURNAL OF MEDICAL ENTOMOLOGY,2015,na,,no,,madagascar,Ambalafety,-160.453,476.456,NA,NA,NA,NA,NA,NA,NA,NA,NA,NA,NA,NA,NA,NA,,point,paper map,Mampikony district,,,na,,,,cdc-lt,NA,AB,NA,,NA,,NA,7,,yes,no,no,4,9,2011,2011,cross,,NA,April 2011 - Rainy season Sep 2011 Dry season,arabiensis,,morph,genetic/molecular
NA,no,yes,no,none,1002201,10.1093/jme/tjv120,Nepomichene,"Species Diversity, Abundance, and Host Preferences of
Mosquitoes (Diptera: Culicidae) in Two Different Ecotypes
of Madagascar With Recent RVFV Transmission",JOURNAL OF MEDICAL ENTOMOLOGY,2015,na,,no,,madagascar,Bekoratsaka,-161.069,474.939,NA,NA,NA,NA,NA,NA,NA,NA,NA,NA,NA,NA,NA,NA,,point,paper map,Mampikony district,,,na,,,,cdc-lt,NA,AB,NA,,NA,,NA,4,,yes,no,no,4,9,2011,2011,cross,,NA,April 2011 - Rainy season Sep 2011 Dry season,arabiensis,,morph,genetic/molecular
NA,no,yes,no,none,1002201,10.1093/jme/tjv120,Nepomichene,"Species Diversity, Abundance, and Host Preferences of
Mosquitoes (Diptera: Culicidae) in Two Different Ecotypes
of Madagascar With Recent RVFV Transmission",JOURNAL OF MEDICAL ENTOMOLOGY,2015,na,,no,,madagascar,Mampikony I,-160.839,476.403,NA,NA,NA,NA,NA,NA,NA,NA,NA,NA,NA,NA,NA,NA,,point,paper map,Mampikony districtf,,,na,,,,cdc-lt,NA,AB,NA,,NA,,NA,36,,yes,no,no,4,9,2011,2011,cross,,NA,April 2011 - Rainy season Sep 2011 Dry season,arabiensis,,morph,genetic/molecular
NA,no,yes,no,none,1002201,10.1093/jme/tjv120,Nepomichene,"Species Diversity, Abundance, and Host Preferences of
Mosquitoes (Diptera: Culicidae) in Two Different Ecotypes
of Madagascar With Recent RVFV Transmission",JOURNAL OF MEDICAL ENTOMOLOGY,2015,na,,no,,madagascar,Andranovory,-221.361,442.714,NA,NA,NA,NA,NA,NA,NA,NA,NA,NA,NA,NA,NA,NA,,point,paper map,Toliary II district,,,na,,,,cdc-lt,NA,AB,NA,,NA,,NA,24,,yes,no,no,3,10,2011,2011,cross,,NA,March 2011 - Rainy season Oct 2011 Dry season,arabiensis,,morph,genetic/molecular
NA,no,yes,no,none,1002201,10.1093/jme/tjv120,Nepomichene,"Species Diversity, Abundance, and Host Preferences of
Mosquitoes (Diptera: Culicidae) in Two Different Ecotypes
of Madagascar With Recent RVFV Transmission",JOURNAL OF MEDICAL ENTOMOLOGY,2015,na,,no,,madagascar,Ankilibe,-233.977,437.419,NA,NA,NA,NA,NA,NA,NA,NA,NA,NA,NA,NA,NA,NA,,point,paper map,Toliary II district,,,na,,,,cdc-lt,NA,AB,NA,,NA,,NA,0,,no,yes,no,3,10,2011,2011,cross,,NA,March 2011 - Rainy season Oct 2011 Dry season,arabiensis,,morph,genetic/molecular
NA,no,yes,no,none,1002201,10.1093/jme/tjv120,Nepomichene,"Species Diversity, Abundance, and Host Preferences of
Mosquitoes (Diptera: Culicidae) in Two Different Ecotypes
of Madagascar With Recent RVFV Transmission",JOURNAL OF MEDICAL ENTOMOLOGY,2015,na,,no,,madagascar,Ankililoaka,-227.511,437.452,NA,NA,NA,NA,NA,NA,NA,NA,NA,NA,NA,NA,NA,NA,,point,paper map,Toliary II district,,,na,,,,cdc-lt,NA,AB,NA,,NA,,NA,17,,yes,no,no,3,10,2011,2011,cross,,NA,March 2011 - Rainy season Oct 2011 Dry season,arabiensis,,morph,genetic/molecular
NA,no,yes,no,none,1002201,10.1093/jme/tjv120,Nepomichene,"Species Diversity, Abundance, and Host Preferences of
Mosquitoes (Diptera: Culicidae) in Two Different Ecotypes
of Madagascar With Recent RVFV Transmission",JOURNAL OF MEDICAL ENTOMOLOGY,2015,na,,no,,madagascar,Ambalafety,-160.453,476.456,NA,NA,NA,NA,NA,NA,NA,NA,NA,NA,NA,NA,NA,NA,,point,paper map,Mampikony district,,,na,,,,cdc-lt,NA,AB,NA,,NA,,NA,126,,yes,no,no,4,9,2011,2011,cross,,NA,April 2011 - Rainy season Sep 2011 Dry season,coustani complex,,morph,
NA,no,yes,no,none,1002201,10.1093/jme/tjv120,Nepomichene,"Species Diversity, Abundance, and Host Preferences of
Mosquitoes (Diptera: Culicidae) in Two Different Ecotypes
of Madagascar With Recent RVFV Transmission",JOURNAL OF MEDICAL ENTOMOLOGY,2015,na,,no,,madagascar,Bekoratsaka,-161.069,474.939,NA,NA,NA,NA,NA,NA,NA,NA,NA,NA,NA,NA,NA,NA,,point,paper map,Mampikony district,,,na,,,,cdc-lt,NA,AB,NA,,NA,,NA,130,,yes,no,no,4,9,2011,2011,cross,,NA,April 2011 - Rainy season Sep 2011 Dry season,coustani complex,,morph,
NA,no,yes,no,none,1002201,10.1093/jme/tjv120,Nepomichene,"Species Diversity, Abundance, and Host Preferences of
Mosquitoes (Diptera: Culicidae) in Two Different Ecotypes
of Madagascar With Recent RVFV Transmission",JOURNAL OF MEDICAL ENTOMOLOGY,2015,na,,no,,madagascar,Mampikony I,-160.839,476.403,NA,NA,NA,NA,NA,NA,NA,NA,NA,NA,NA,NA,NA,NA,,point,paper map,Mampikony districtf,,,na,,,,cdc-lt,NA,AB,NA,,NA,,NA,141,,yes,no,no,4,9,2011,2011,cross,,NA,April 2011 - Rainy season Sep 2011 Dry season,coustani complex,,morph,
NA,no,yes,no,none,1002201,10.1093/jme/tjv120,Nepomichene,"Species Diversity, Abundance, and Host Preferences of
Mosquitoes (Diptera: Culicidae) in Two Different Ecotypes
of Madagascar With Recent RVFV Transmission",JOURNAL OF MEDICAL ENTOMOLOGY,2015,na,,no,,madagascar,Andranovory,-221.361,442.714,NA,NA,NA,NA,NA,NA,NA,NA,NA,NA,NA,NA,NA,NA,,point,paper map,Toliary II district,,,na,,,,cdc-lt,NA,AB,NA,,NA,,NA,7,,yes,no,no,3,10,2011,2011,cross,,NA,March 2011 - Rainy season Oct 2011 Dry season,coustani complex,,morph,
NA,no,yes,no,none,1002201,10.1093/jme/tjv120,Nepomichene,"Species Diversity, Abundance, and Host Preferences of
Mosquitoes (Diptera: Culicidae) in Two Different Ecotypes
of Madagascar With Recent RVFV Transmission",JOURNAL OF MEDICAL ENTOMOLOGY,2015,na,,no,,madagascar,Ankilibe,-233.977,437.419,NA,NA,NA,NA,NA,NA,NA,NA,NA,NA,NA,NA,NA,NA,,point,paper map,Toliary II district,,,na,,,,cdc-lt,NA,AB,NA,,NA,,NA,2,,yes,no,no,3,10,2011,2011,cross,,NA,March 2011 - Rainy season Oct 2011 Dry season,coustani complex,,morph,
NA,no,yes,no,none,1002201,10.1093/jme/tjv120,Nepomichene,"Species Diversity, Abundance, and Host Preferences of
Mosquitoes (Diptera: Culicidae) in Two Different Ecotypes
of Madagascar With Recent RVFV Transmission",JOURNAL OF MEDICAL ENTOMOLOGY,2015,na,,no,,madagascar,Ankililoaka,-227.511,437.452,NA,NA,NA,NA,NA,NA,NA,NA,NA,NA,NA,NA,NA,NA,,point,paper map,Toliary II district,,,na,,,,cdc-lt,NA,AB,NA,,NA,,NA,34,,yes,no,no,3,10,2011,2011,cross,,NA,March 2011 - Rainy season Oct 2011 Dry season,coustani complex,,morph,
NA,no,yes,no,none,1002201,10.1093/jme/tjv120,Nepomichene,"Species Diversity, Abundance, and Host Preferences of
Mosquitoes (Diptera: Culicidae) in Two Different Ecotypes
of Madagascar With Recent RVFV Transmission",JOURNAL OF MEDICAL ENTOMOLOGY,2015,na,,no,,madagascar,Ambalafety,-160.453,476.456,NA,NA,NA,NA,NA,NA,NA,NA,NA,NA,NA,NA,NA,NA,,point,paper map,Mampikony district,,,na,,,,cdc-lt,NA,AB,NA,,NA,,NA,0,,no,yes,no,4,9,2011,2011,cross,,NA,April 2011 - Rainy season Sep 2011 Dry season,flavicosta,,morph,
NA,no,yes,no,none,1002201,10.1093/jme/tjv120,Nepomichene,"Species Diversity, Abundance, and Host Preferences of
Mosquitoes (Diptera: Culicidae) in Two Different Ecotypes
of Madagascar With Recent RVFV Transmission",JOURNAL OF MEDICAL ENTOMOLOGY,2015,na,,no,,madagascar,Bekoratsaka,-161.069,474.939,NA,NA,NA,NA,NA,NA,NA,NA,NA,NA,NA,NA,NA,NA,,point,paper map,Mampikony district,,,na,,,,cdc-lt,NA,AB,NA,,NA,,NA,6,,yes,no,no,4,9,2011,2011,cross,,NA,April 2011 - Rainy season Sep 2011 Dry season,flavicosta,,morph,
NA,no,yes,no,none,1002201,10.1093/jme/tjv120,Nepomichene,"Species Diversity, Abundance, and Host Preferences of
Mosquitoes (Diptera: Culicidae) in Two Different Ecotypes
of Madagascar With Recent RVFV Transmission",JOURNAL OF MEDICAL ENTOMOLOGY,2015,na,,no,,madagascar,Mampikony I,-160.839,476.403,NA,NA,NA,NA,NA,NA,NA,NA,NA,NA,NA,NA,NA,NA,,point,paper map,Mampikony districtf,,,na,,,,cdc-lt,NA,AB,NA,,NA,,NA,2,,yes,no,no,4,9,2011,2011,cross,,NA,April 2011 - Rainy season Sep 2011 Dry season,flavicosta,,morph,
NA,no,yes,no,none,1002201,10.1093/jme/tjv120,Nepomichene,"Species Diversity, Abundance, and Host Preferences of
Mosquitoes (Diptera: Culicidae) in Two Different Ecotypes
of Madagascar With Recent RVFV Transmission",JOURNAL OF MEDICAL ENTOMOLOGY,2015,na,,no,,madagascar,Andranovory,-221.361,442.714,NA,NA,NA,NA,NA,NA,NA,NA,NA,NA,NA,NA,NA,NA,,point,paper map,Toliary II district,,,na,,,,cdc-lt,NA,AB,NA,,NA,,NA,0,,no,yes,no,3,10,2011,2011,cross,,NA,March 2011 - Rainy season Oct 2011 Dry season,flavicosta,,morph,
NA,no,yes,no,none,1002201,10.1093/jme/tjv120,Nepomichene,"Species Diversity, Abundance, and Host Preferences of
Mosquitoes (Diptera: Culicidae) in Two Different Ecotypes
of Madagascar With Recent RVFV Transmission",JOURNAL OF MEDICAL ENTOMOLOGY,2015,na,,no,,madagascar,Ankilibe,-233.977,437.419,NA,NA,NA,NA,NA,NA,NA,NA,NA,NA,NA,NA,NA,NA,,point,paper map,Toliary II district,,,na,,,,cdc-lt,NA,AB,NA,,NA,,NA,0,,no,yes,no,3,10,2011,2011,cross,,NA,March 2011 - Rainy season Oct 2011 Dry season,flavicosta,,morph,
NA,no,yes,no,none,1002201,10.1093/jme/tjv120,Nepomichene,"Species Diversity, Abundance, and Host Preferences of
Mosquitoes (Diptera: Culicidae) in Two Different Ecotypes
of Madagascar With Recent RVFV Transmission",JOURNAL OF MEDICAL ENTOMOLOGY,2015,na,,no,,madagascar,Ankililoaka,-227.511,437.452,NA,NA,NA,NA,NA,NA,NA,NA,NA,NA,NA,NA,NA,NA,,point,paper map,Toliary II district,,,na,,,,cdc-lt,NA,AB,NA,,NA,,NA,0,,no,yes,no,3,10,2011,2011,cross,,NA,March 2011 - Rainy season Oct 2011 Dry season,flavicosta,,morph,
NA,no,yes,no,none,1002201,10.1093/jme/tjv120,Nepomichene,"Species Diversity, Abundance, and Host Preferences of
Mosquitoes (Diptera: Culicidae) in Two Different Ecotypes
of Madagascar With Recent RVFV Transmission",JOURNAL OF MEDICAL ENTOMOLOGY,2015,na,,no,,madagascar,Ambalafety,-160.453,476.456,NA,NA,NA,NA,NA,NA,NA,NA,NA,NA,NA,NA,NA,NA,,point,paper map,Mampikony district,,,na,,,,cdc-lt,NA,AB,NA,,NA,,NA,4,,yes,no,no,4,9,2011,2011,cross,,NA,April 2011 - Rainy season Sep 2011 Dry season,funestus,,morph,
NA,no,yes,no,none,1002201,10.1093/jme/tjv120,Nepomichene,"Species Diversity, Abundance, and Host Preferences of
Mosquitoes (Diptera: Culicidae) in Two Different Ecotypes
of Madagascar With Recent RVFV Transmission",JOURNAL OF MEDICAL ENTOMOLOGY,2015,na,,no,,madagascar,Bekoratsaka,-161.069,474.939,NA,NA,NA,NA,NA,NA,NA,NA,NA,NA,NA,NA,NA,NA,,point,paper map,Mampikony district,,,na,,,,cdc-lt,NA,AB,NA,,NA,,NA,3,,yes,no,no,4,9,2011,2011,cross,,NA,April 2011 - Rainy season Sep 2011 Dry season,funestus,,morph,
NA,no,yes,no,none,1002201,10.1093/jme/tjv120,Nepomichene,"Species Diversity, Abundance, and Host Preferences of
Mosquitoes (Diptera: Culicidae) in Two Different Ecotypes
of Madagascar With Recent RVFV Transmission",JOURNAL OF MEDICAL ENTOMOLOGY,2015,na,,no,,madagascar,Mampikony I,-160.839,476.403,NA,NA,NA,NA,NA,NA,NA,NA,NA,NA,NA,NA,NA,NA,,point,paper map,Mampikony districtf,,,na,,,,cdc-lt,NA,AB,NA,,NA,,NA,1,,yes,no,no,4,9,2011,2011,cross,,NA,April 2011 - Rainy season Sep 2011 Dry season,funestus,,morph,
NA,no,yes,no,none,1002201,10.1093/jme/tjv120,Nepomichene,"Species Diversity, Abundance, and Host Preferences of
Mosquitoes (Diptera: Culicidae) in Two Different Ecotypes
of Madagascar With Recent RVFV Transmission",JOURNAL OF MEDICAL ENTOMOLOGY,2015,na,,no,,madagascar,Andranovory,-221.361,442.714,NA,NA,NA,NA,NA,NA,NA,NA,NA,NA,NA,NA,NA,NA,,point,paper map,Toliary II district,,,na,,,,cdc-lt,NA,AB,NA,,NA,,NA,0,,no,yes,no,3,10,2011,2011,cross,,NA,March 2011 - Rainy season Oct 2011 Dry season,funestus,,morph,
NA,no,yes,no,none,1002201,10.1093/jme/tjv120,Nepomichene,"Species Diversity, Abundance, and Host Preferences of
Mosquitoes (Diptera: Culicidae) in Two Different Ecotypes
of Madagascar With Recent RVFV Transmission",JOURNAL OF MEDICAL ENTOMOLOGY,2015,na,,no,,madagascar,Ankilibe,-233.977,437.419,NA,NA,NA,NA,NA,NA,NA,NA,NA,NA,NA,NA,NA,NA,,point,paper map,Toliary II district,,,na,,,,cdc-lt,NA,AB,NA,,NA,,NA,0,,no,yes,no,3,10,2011,2011,cross,,NA,March 2011 - Rainy season Oct 2011 Dry season,funestus,,morph,
NA,no,yes,no,none,1002201,10.1093/jme/tjv120,Nepomichene,"Species Diversity, Abundance, and Host Preferences of
Mosquitoes (Diptera: Culicidae) in Two Different Ecotypes
of Madagascar With Recent RVFV Transmission",JOURNAL OF MEDICAL ENTOMOLOGY,2015,na,,no,,madagascar,Ankililoaka,-227.511,437.452,NA,NA,NA,NA,NA,NA,NA,NA,NA,NA,NA,NA,NA,NA,,point,paper map,Toliary II district,,,na,,,,cdc-lt,NA,AB,NA,,NA,,NA,0,,no,yes,no,3,10,2011,2011,cross,,NA,March 2011 - Rainy season Oct 2011 Dry season,funestus,,morph,
NA,no,yes,no,none,1002201,10.1093/jme/tjv120,Nepomichene,"Species Diversity, Abundance, and Host Preferences of
Mosquitoes (Diptera: Culicidae) in Two Different Ecotypes
of Madagascar With Recent RVFV Transmission",JOURNAL OF MEDICAL ENTOMOLOGY,2015,na,,no,,madagascar,Ambalafety,-160.453,476.456,NA,NA,NA,NA,NA,NA,NA,NA,NA,NA,NA,NA,NA,NA,,point,paper map,Mampikony district,,,na,,,,cdc-lt,NA,AB,NA,,NA,,NA,2,,yes,no,no,4,9,2011,2011,cross,,NA,April 2011 - Rainy season Sep 2011 Dry season,fuscicolor,,morph,
NA,no,yes,no,none,1002201,10.1093/jme/tjv120,Nepomichene,"Species Diversity, Abundance, and Host Preferences of
Mosquitoes (Diptera: Culicidae) in Two Different Ecotypes
of Madagascar With Recent RVFV Transmission",JOURNAL OF MEDICAL ENTOMOLOGY,2015,na,,no,,madagascar,Bekoratsaka,-161.069,474.939,NA,NA,NA,NA,NA,NA,NA,NA,NA,NA,NA,NA,NA,NA,,point,paper map,Mampikony district,,,na,,,,cdc-lt,NA,AB,NA,,NA,,NA,0,,no,yes,no,4,9,2011,2011,cross,,NA,April 2011 - Rainy season Sep 2011 Dry season,fuscicolor,,morph,
NA,no,yes,no,none,1002201,10.1093/jme/tjv120,Nepomichene,"Species Diversity, Abundance, and Host Preferences of
Mosquitoes (Diptera: Culicidae) in Two Different Ecotypes
of Madagascar With Recent RVFV Transmission",JOURNAL OF MEDICAL ENTOMOLOGY,2015,na,,no,,madagascar,Mampikony I,-160.839,476.403,NA,NA,NA,NA,NA,NA,NA,NA,NA,NA,NA,NA,NA,NA,,point,paper map,Mampikony districtf,,,na,,,,cdc-lt,NA,AB,NA,,NA,,NA,5,,yes,no,no,4,9,2011,2011,cross,,NA,April 2011 - Rainy season Sep 2011 Dry season,fuscicolor,,morph,
NA,no,yes,no,none,1002201,10.1093/jme/tjv120,Nepomichene,"Species Diversity, Abundance, and Host Preferences of
Mosquitoes (Diptera: Culicidae) in Two Different Ecotypes
of Madagascar With Recent RVFV Transmission",JOURNAL OF MEDICAL ENTOMOLOGY,2015,na,,no,,madagascar,Andranovory,-221.361,442.714,NA,NA,NA,NA,NA,NA,NA,NA,NA,NA,NA,NA,NA,NA,,point,paper map,Toliary II district,,,na,,,,cdc-lt,NA,AB,NA,,NA,,NA,12,,yes,no,no,3,10,2011,2011,cross,,NA,March 2011 - Rainy season Oct 2011 Dry season,fuscicolor,,morph,
NA,no,yes,no,none,1002201,10.1093/jme/tjv120,Nepomichene,"Species Diversity, Abundance, and Host Preferences of
Mosquitoes (Diptera: Culicidae) in Two Different Ecotypes
of Madagascar With Recent RVFV Transmission",JOURNAL OF MEDICAL ENTOMOLOGY,2015,na,,no,,madagascar,Ankilibe,-233.977,437.419,NA,NA,NA,NA,NA,NA,NA,NA,NA,NA,NA,NA,NA,NA,,point,paper map,Toliary II district,,,na,,,,cdc-lt,NA,AB,NA,,NA,,NA,0,,no,yes,no,3,10,2011,2011,cross,,NA,March 2011 - Rainy season Oct 2011 Dry season,fuscicolor,,morph,
NA,no,yes,no,none,1002201,10.1093/jme/tjv120,Nepomichene,"Species Diversity, Abundance, and Host Preferences of
Mosquitoes (Diptera: Culicidae) in Two Different Ecotypes
of Madagascar With Recent RVFV Transmission",JOURNAL OF MEDICAL ENTOMOLOGY,2015,na,,no,,madagascar,Ankililoaka,-227.511,437.452,NA,NA,NA,NA,NA,NA,NA,NA,NA,NA,NA,NA,NA,NA,,point,paper map,Toliary II district,,,na,,,,cdc-lt,NA,AB,NA,,NA,,NA,0,,no,yes,no,3,10,2011,2011,cross,,NA,March 2011 - Rainy season Oct 2011 Dry season,fuscicolor,,morph,
NA,no,yes,no,none,1002201,10.1093/jme/tjv120,Nepomichene,"Species Diversity, Abundance, and Host Preferences of
Mosquitoes (Diptera: Culicidae) in Two Different Ecotypes
of Madagascar With Recent RVFV Transmission",JOURNAL OF MEDICAL ENTOMOLOGY,2015,na,,no,,madagascar,Ambalafety,-160.453,476.456,NA,NA,NA,NA,NA,NA,NA,NA,NA,NA,NA,NA,NA,NA,,point,paper map,Mampikony district,,,na,,,,cdc-lt,NA,AB,NA,,NA,,NA,0,,no,yes,no,4,9,2011,2011,cross,,NA,April 2011 - Rainy season Sep 2011 Dry season,gambiae_s form,,morph,genetic/molecular
NA,no,yes,no,none,1002201,10.1093/jme/tjv120,Nepomichene,"Species Diversity, Abundance, and Host Preferences of
Mosquitoes (Diptera: Culicidae) in Two Different Ecotypes
of Madagascar With Recent RVFV Transmission",JOURNAL OF MEDICAL ENTOMOLOGY,2015,na,,no,,madagascar,Bekoratsaka,-161.069,474.939,NA,NA,NA,NA,NA,NA,NA,NA,NA,NA,NA,NA,NA,NA,,point,paper map,Mampikony district,,,na,,,,cdc-lt,NA,AB,NA,,NA,,NA,6,,no,yes,no,4,9,2011,2011,cross,,NA,April 2011 - Rainy season Sep 2011 Dry season,gambiae_s form,,morph,genetic/molecular
NA,no,yes,no,none,1002201,10.1093/jme/tjv120,Nepomichene,"Species Diversity, Abundance, and Host Preferences of
Mosquitoes (Diptera: Culicidae) in Two Different Ecotypes
of Madagascar With Recent RVFV Transmission",JOURNAL OF MEDICAL ENTOMOLOGY,2015,na,,no,,madagascar,Mampikony I,-160.839,476.403,NA,NA,NA,NA,NA,NA,NA,NA,NA,NA,NA,NA,NA,NA,,point,paper map,Mampikony districtf,,,na,,,,cdc-lt,NA,AB,NA,,NA,,NA,0,,no,yes,no,4,9,2011,2011,cross,,NA,April 2011 - Rainy season Sep 2011 Dry season,gambiae_s form,,morph,genetic/molecular
NA,no,yes,no,none,1002201,10.1093/jme/tjv120,Nepomichene,"Species Diversity, Abundance, and Host Preferences of
Mosquitoes (Diptera: Culicidae) in Two Different Ecotypes
of Madagascar With Recent RVFV Transmission",JOURNAL OF MEDICAL ENTOMOLOGY,2015,na,,no,,madagascar,Andranovory,-221.361,442.714,NA,NA,NA,NA,NA,NA,NA,NA,NA,NA,NA,NA,NA,NA,,point,paper map,Toliary II district,,,na,,,,cdc-lt,NA,AB,NA,,NA,,NA,0,,no,yes,no,3,10,2011,2011,cross,,NA,March 2011 - Rainy season Oct 2011 Dry season,gambiae_s form,,morph,genetic/molecular
NA,no,yes,no,none,1002201,10.1093/jme/tjv120,Nepomichene,"Species Diversity, Abundance, and Host Preferences of
Mosquitoes (Diptera: Culicidae) in Two Different Ecotypes
of Madagascar With Recent RVFV Transmission",JOURNAL OF MEDICAL ENTOMOLOGY,2015,na,,no,,madagascar,Ankilibe,-233.977,437.419,NA,NA,NA,NA,NA,NA,NA,NA,NA,NA,NA,NA,NA,NA,,point,paper map,Toliary II district,,,na,,,,cdc-lt,NA,AB,NA,,NA,,NA,0,,no,yes,no,3,10,2011,2011,cross,,NA,March 2011 - Rainy season Oct 2011 Dry season,gambiae_s form,,morph,genetic/molecular
NA,no,yes,no,none,1002201,10.1093/jme/tjv120,Nepomichene,"Species Diversity, Abundance, and Host Preferences of
Mosquitoes (Diptera: Culicidae) in Two Different Ecotypes
of Madagascar With Recent RVFV Transmission",JOURNAL OF MEDICAL ENTOMOLOGY,2015,na,,no,,madagascar,Ankililoaka,-227.511,437.452,NA,NA,NA,NA,NA,NA,NA,NA,NA,NA,NA,NA,NA,NA,,point,paper map,Toliary II district,,,na,,,,cdc-lt,NA,AB,NA,,NA,,NA,0,,no,yes,no,3,10,2011,2011,cross,,NA,March 2011 - Rainy season Oct 2011 Dry season,gambiae_s form,,morph,genetic/molecular
NA,no,yes,no,none,1002201,10.1093/jme/tjv120,Nepomichene,"Species Diversity, Abundance, and Host Preferences of
Mosquitoes (Diptera: Culicidae) in Two Different Ecotypes
of Madagascar With Recent RVFV Transmission",JOURNAL OF MEDICAL ENTOMOLOGY,2015,na,,no,,madagascar,Ambalafety,-160.453,476.456,NA,NA,NA,NA,NA,NA,NA,NA,NA,NA,NA,NA,NA,NA,,point,paper map,Mampikony district,,,na,,,,cdc-lt,NA,AB,NA,,NA,,NA,114,,yes,no,no,4,9,2011,2011,cross,,NA,April 2011 - Rainy season Sep 2011 Dry season,grassei,,morph,
NA,no,yes,no,none,1002201,10.1093/jme/tjv120,Nepomichene,"Species Diversity, Abundance, and Host Preferences of
Mosquitoes (Diptera: Culicidae) in Two Different Ecotypes
of Madagascar With Recent RVFV Transmission",JOURNAL OF MEDICAL ENTOMOLOGY,2015,na,,no,,madagascar,Bekoratsaka,-161.069,474.939,NA,NA,NA,NA,NA,NA,NA,NA,NA,NA,NA,NA,NA,NA,,point,paper map,Mampikony district,,,na,,,,cdc-lt,NA,AB,NA,,NA,,NA,9,,yes,no,no,4,9,2011,2011,cross,,NA,April 2011 - Rainy season Sep 2011 Dry season,grassei,,morph,
NA,no,yes,no,none,1002201,10.1093/jme/tjv120,Nepomichene,"Species Diversity, Abundance, and Host Preferences of
Mosquitoes (Diptera: Culicidae) in Two Different Ecotypes
of Madagascar With Recent RVFV Transmission",JOURNAL OF MEDICAL ENTOMOLOGY,2015,na,,no,,madagascar,Mampikony I,-160.839,476.403,NA,NA,NA,NA,NA,NA,NA,NA,NA,NA,NA,NA,NA,NA,,point,paper map,Mampikony districtf,,,na,,,,cdc-lt,NA,AB,NA,,NA,,NA,295,,yes,no,no,4,9,2011,2011,cross,,NA,April 2011 - Rainy season Sep 2011 Dry season,grassei,,morph,
NA,no,yes,no,none,1002201,10.1093/jme/tjv120,Nepomichene,"Species Diversity, Abundance, and Host Preferences of
Mosquitoes (Diptera: Culicidae) in Two Different Ecotypes
of Madagascar With Recent RVFV Transmission",JOURNAL OF MEDICAL ENTOMOLOGY,2015,na,,no,,madagascar,Andranovory,-221.361,442.714,NA,NA,NA,NA,NA,NA,NA,NA,NA,NA,NA,NA,NA,NA,,point,paper map,Toliary II district,,,na,,,,cdc-lt,NA,AB,NA,,NA,,NA,0,,no,yes,no,3,10,2011,2011,cross,,NA,March 2011 - Rainy season Oct 2011 Dry season,grassei,,morph,
NA,no,yes,no,none,1002201,10.1093/jme/tjv120,Nepomichene,"Species Diversity, Abundance, and Host Preferences of
Mosquitoes (Diptera: Culicidae) in Two Different Ecotypes
of Madagascar With Recent RVFV Transmission",JOURNAL OF MEDICAL ENTOMOLOGY,2015,na,,no,,madagascar,Ankilibe,-233.977,437.419,NA,NA,NA,NA,NA,NA,NA,NA,NA,NA,NA,NA,NA,NA,,point,paper map,Toliary II district,,,na,,,,cdc-lt,NA,AB,NA,,NA,,NA,0,,no,yes,no,3,10,2011,2011,cross,,NA,March 2011 - Rainy season Oct 2011 Dry season,grassei,,morph,
NA,no,yes,no,none,1002201,10.1093/jme/tjv120,Nepomichene,"Species Diversity, Abundance, and Host Preferences of
Mosquitoes (Diptera: Culicidae) in Two Different Ecotypes
of Madagascar With Recent RVFV Transmission",JOURNAL OF MEDICAL ENTOMOLOGY,2015,na,,no,,madagascar,Ankililoaka,-227.511,437.452,NA,NA,NA,NA,NA,NA,NA,NA,NA,NA,NA,NA,NA,NA,,point,paper map,Toliary II district,,,na,,,,cdc-lt,NA,AB,NA,,NA,,NA,0,,no,yes,no,3,10,2011,2011,cross,,NA,March 2011 - Rainy season Oct 2011 Dry season,grassei,,morph,
NA,no,yes,no,none,1002201,10.1093/jme/tjv120,Nepomichene,"Species Diversity, Abundance, and Host Preferences of
Mosquitoes (Diptera: Culicidae) in Two Different Ecotypes
of Madagascar With Recent RVFV Transmission",JOURNAL OF MEDICAL ENTOMOLOGY,2015,na,,no,,madagascar,Ambalafety,-160.453,476.456,NA,NA,NA,NA,NA,NA,NA,NA,NA,NA,NA,NA,NA,NA,,point,paper map,Mampikony district,,,na,,,,cdc-lt,NA,AB,NA,,NA,,NA,25,,yes,no,no,4,9,2011,2011,cross,,NA,April 2011 - Rainy season Sep 2011 Dry season,maculipalpis,,morph,
NA,no,yes,no,none,1002201,10.1093/jme/tjv120,Nepomichene,"Species Diversity, Abundance, and Host Preferences of
Mosquitoes (Diptera: Culicidae) in Two Different Ecotypes
of Madagascar With Recent RVFV Transmission",JOURNAL OF MEDICAL ENTOMOLOGY,2015,na,,no,,madagascar,Bekoratsaka,-161.069,474.939,NA,NA,NA,NA,NA,NA,NA,NA,NA,NA,NA,NA,NA,NA,,point,paper map,Mampikony district,,,na,,,,cdc-lt,NA,AB,NA,,NA,,NA,32,,yes,no,no,4,9,2011,2011,cross,,NA,April 2011 - Rainy season Sep 2011 Dry season,maculipalpis,,morph,
NA,no,yes,no,none,1002201,10.1093/jme/tjv120,Nepomichene,"Species Diversity, Abundance, and Host Preferences of
Mosquitoes (Diptera: Culicidae) in Two Different Ecotypes
of Madagascar With Recent RVFV Transmission",JOURNAL OF MEDICAL ENTOMOLOGY,2015,na,,no,,madagascar,Mampikony I,-160.839,476.403,NA,NA,NA,NA,NA,NA,NA,NA,NA,NA,NA,NA,NA,NA,,point,paper map,Mampikony districtf,,,na,,,,cdc-lt,NA,AB,NA,,NA,,NA,6,,yes,no,no,4,9,2011,2011,cross,,NA,April 2011 - Rainy season Sep 2011 Dry season,maculipalpis,,morph,
NA,no,yes,no,none,1002201,10.1093/jme/tjv120,Nepomichene,"Species Diversity, Abundance, and Host Preferences of
Mosquitoes (Diptera: Culicidae) in Two Different Ecotypes
of Madagascar With Recent RVFV Transmission",JOURNAL OF MEDICAL ENTOMOLOGY,2015,na,,no,,madagascar,Andranovory,-221.361,442.714,NA,NA,NA,NA,NA,NA,NA,NA,NA,NA,NA,NA,NA,NA,,point,paper map,Toliary II district,,,na,,,,cdc-lt,NA,AB,NA,,NA,,NA,0,,no,yes,no,3,10,2011,2011,cross,,NA,March 2011 - Rainy season Oct 2011 Dry season,maculipalpis,,morph,
NA,no,yes,no,none,1002201,10.1093/jme/tjv120,Nepomichene,"Species Diversity, Abundance, and Host Preferences of
Mosquitoes (Diptera: Culicidae) in Two Different Ecotypes
of Madagascar With Recent RVFV Transmission",JOURNAL OF MEDICAL ENTOMOLOGY,2015,na,,no,,madagascar,Ankilibe,-233.977,437.419,NA,NA,NA,NA,NA,NA,NA,NA,NA,NA,NA,NA,NA,NA,,point,paper map,Toliary II district,,,na,,,,cdc-lt,NA,AB,NA,,NA,,NA,2,,yes,no,no,3,10,2011,2011,cross,,NA,March 2011 - Rainy season Oct 2011 Dry season,maculipalpis,,morph,
NA,no,yes,no,none,1002201,10.1093/jme/tjv120,Nepomichene,"Species Diversity, Abundance, and Host Preferences of
Mosquitoes (Diptera: Culicidae) in Two Different Ecotypes
of Madagascar With Recent RVFV Transmission",JOURNAL OF MEDICAL ENTOMOLOGY,2015,na,,no,,madagascar,Ankililoaka,-227.511,437.452,NA,NA,NA,NA,NA,NA,NA,NA,NA,NA,NA,NA,NA,NA,,point,paper map,Toliary II district,,,na,,,,cdc-lt,NA,AB,NA,,NA,,NA,0,,no,yes,no,3,10,2011,2011,cross,,NA,March 2011 - Rainy season Oct 2011 Dry season,maculipalpis,,morph,
NA,no,yes,no,none,1002201,10.1093/jme/tjv120,Nepomichene,"Species Diversity, Abundance, and Host Preferences of
Mosquitoes (Diptera: Culicidae) in Two Different Ecotypes
of Madagascar With Recent RVFV Transmission",JOURNAL OF MEDICAL ENTOMOLOGY,2015,na,,no,,madagascar,Ambalafety,-160.453,476.456,NA,NA,NA,NA,NA,NA,NA,NA,NA,NA,NA,NA,NA,NA,,point,paper map,Mampikony district,,,na,,,,cdc-lt,NA,AB,NA,,NA,,NA,1,,yes,no,no,4,9,2011,2011,cross,,NA,April 2011 - Rainy season Sep 2011 Dry season,mascarensis,,morph,
NA,no,yes,no,none,1002201,10.1093/jme/tjv120,Nepomichene,"Species Diversity, Abundance, and Host Preferences of
Mosquitoes (Diptera: Culicidae) in Two Different Ecotypes
of Madagascar With Recent RVFV Transmission",JOURNAL OF MEDICAL ENTOMOLOGY,2015,na,,no,,madagascar,Bekoratsaka,-161.069,474.939,NA,NA,NA,NA,NA,NA,NA,NA,NA,NA,NA,NA,NA,NA,,point,paper map,Mampikony district,,,na,,,,cdc-lt,NA,AB,NA,,NA,,NA,7,,yes,no,no,4,9,2011,2011,cross,,NA,April 2011 - Rainy season Sep 2011 Dry season,mascarensis,,morph,
NA,no,yes,no,none,1002201,10.1093/jme/tjv120,Nepomichene,"Species Diversity, Abundance, and Host Preferences of
Mosquitoes (Diptera: Culicidae) in Two Different Ecotypes
of Madagascar With Recent RVFV Transmission",JOURNAL OF MEDICAL ENTOMOLOGY,2015,na,,no,,madagascar,Mampikony I,-160.839,476.403,NA,NA,NA,NA,NA,NA,NA,NA,NA,NA,NA,NA,NA,NA,,point,paper map,Mampikony districtf,,,na,,,,cdc-lt,NA,AB,NA,,NA,,NA,5,,yes,no,no,4,9,2011,2011,cross,,NA,April 2011 - Rainy season Sep 2011 Dry season,mascarensis,,morph,
NA,no,yes,no,none,1002201,10.1093/jme/tjv120,Nepomichene,"Species Diversity, Abundance, and Host Preferences of
Mosquitoes (Diptera: Culicidae) in Two Different Ecotypes
of Madagascar With Recent RVFV Transmission",JOURNAL OF MEDICAL ENTOMOLOGY,2015,na,,no,,madagascar,Andranovory,-221.361,442.714,NA,NA,NA,NA,NA,NA,NA,NA,NA,NA,NA,NA,NA,NA,,point,paper map,Toliary II district,,,na,,,,cdc-lt,NA,AB,NA,,NA,,NA,4,,yes,no,no,3,10,2011,2011,cross,,NA,March 2011 - Rainy season Oct 2011 Dry season,mascarensis,,morph,
NA,no,yes,no,none,1002201,10.1093/jme/tjv120,Nepomichene,"Species Diversity, Abundance, and Host Preferences of
Mosquitoes (Diptera: Culicidae) in Two Different Ecotypes
of Madagascar With Recent RVFV Transmission",JOURNAL OF MEDICAL ENTOMOLOGY,2015,na,,no,,madagascar,Ankilibe,-233.977,437.419,NA,NA,NA,NA,NA,NA,NA,NA,NA,NA,NA,NA,NA,NA,,point,paper map,Toliary II district,,,na,,,,cdc-lt,NA,AB,NA,,NA,,NA,0,,no,yes,no,3,10,2011,2011,cross,,NA,March 2011 - Rainy season Oct 2011 Dry season,mascarensis,,morph,
NA,no,yes,no,none,1002201,10.1093/jme/tjv120,Nepomichene,"Species Diversity, Abundance, and Host Preferences of
Mosquitoes (Diptera: Culicidae) in Two Different Ecotypes
of Madagascar With Recent RVFV Transmission",JOURNAL OF MEDICAL ENTOMOLOGY,2015,na,,no,,madagascar,Ankililoaka,-227.511,437.452,NA,NA,NA,NA,NA,NA,NA,NA,NA,NA,NA,NA,NA,NA,,point,paper map,Toliary II district,,,na,,,,cdc-lt,NA,AB,NA,,NA,,NA,0,,no,yes,no,3,10,2011,2011,cross,,NA,March 2011 - Rainy season Oct 2011 Dry season,mascarensis,,morph,
NA,no,yes,no,none,1002201,10.1093/jme/tjv120,Nepomichene,"Species Diversity, Abundance, and Host Preferences of
Mosquitoes (Diptera: Culicidae) in Two Different Ecotypes
of Madagascar With Recent RVFV Transmission",JOURNAL OF MEDICAL ENTOMOLOGY,2015,na,,no,,madagascar,Ambalafety,-160.453,476.456,NA,NA,NA,NA,NA,NA,NA,NA,NA,NA,NA,NA,NA,NA,,point,paper map,Mampikony district,,,na,,,,cdc-lt,NA,AB,NA,,NA,,NA,0,,no,yes,no,4,9,2011,2011,cross,,NA,April 2011 - Rainy season Sep 2011 Dry season,merus,,morph,genetic/molecular
NA,no,yes,no,none,1002201,10.1093/jme/tjv120,Nepomichene,"Species Diversity, Abundance, and Host Preferences of
Mosquitoes (Diptera: Culicidae) in Two Different Ecotypes
of Madagascar With Recent RVFV Transmission",JOURNAL OF MEDICAL ENTOMOLOGY,2015,na,,no,,madagascar,Bekoratsaka,-161.069,474.939,NA,NA,NA,NA,NA,NA,NA,NA,NA,NA,NA,NA,NA,NA,,point,paper map,Mampikony district,,,na,,,,cdc-lt,NA,AB,NA,,NA,,NA,0,,no,yes,no,4,9,2011,2011,cross,,NA,April 2011 - Rainy season Sep 2011 Dry season,merus,,morph,genetic/molecular
NA,no,yes,no,none,1002201,10.1093/jme/tjv120,Nepomichene,"Species Diversity, Abundance, and Host Preferences of
Mosquitoes (Diptera: Culicidae) in Two Different Ecotypes
of Madagascar With Recent RVFV Transmission",JOURNAL OF MEDICAL ENTOMOLOGY,2015,na,,no,,madagascar,Mampikony I,-160.839,476.403,NA,NA,NA,NA,NA,NA,NA,NA,NA,NA,NA,NA,NA,NA,,point,paper map,Mampikony districtf,,,na,,,,cdc-lt,NA,AB,NA,,NA,,NA,0,,no,yes,no,4,9,2011,2011,cross,,NA,April 2011 - Rainy season Sep 2011 Dry season,merus,,morph,genetic/molecular
NA,no,yes,no,none,1002201,10.1093/jme/tjv120,Nepomichene,"Species Diversity, Abundance, and Host Preferences of
Mosquitoes (Diptera: Culicidae) in Two Different Ecotypes
of Madagascar With Recent RVFV Transmission",JOURNAL OF MEDICAL ENTOMOLOGY,2015,na,,no,,madagascar,Andranovory,-221.361,442.714,NA,NA,NA,NA,NA,NA,NA,NA,NA,NA,NA,NA,NA,NA,,point,paper map,Toliary II district,,,na,,,,cdc-lt,NA,AB,NA,,NA,,NA,0,,no,yes,no,3,10,2011,2011,cross,,NA,March 2011 - Rainy season Oct 2011 Dry season,merus,,morph,genetic/molecular
NA,no,yes,no,none,1002201,10.1093/jme/tjv120,Nepomichene,"Species Diversity, Abundance, and Host Preferences of
Mosquitoes (Diptera: Culicidae) in Two Different Ecotypes
of Madagascar With Recent RVFV Transmission",JOURNAL OF MEDICAL ENTOMOLOGY,2015,na,,no,,madagascar,Ankilibe,-233.977,437.419,NA,NA,NA,NA,NA,NA,NA,NA,NA,NA,NA,NA,NA,NA,,point,paper map,Toliary II district,,,na,,,,cdc-lt,NA,AB,NA,,NA,,NA,2,,yes,no,no,3,10,2011,2011,cross,,NA,March 2011 - Rainy season Oct 2011 Dry season,merus,,morph,genetic/molecular
NA,no,yes,no,none,1002201,10.1093/jme/tjv120,Nepomichene,"Species Diversity, Abundance, and Host Preferences of
Mosquitoes (Diptera: Culicidae) in Two Different Ecotypes
of Madagascar With Recent RVFV Transmission",JOURNAL OF MEDICAL ENTOMOLOGY,2015,na,,no,,madagascar,Ankililoaka,-227.511,437.452,NA,NA,NA,NA,NA,NA,NA,NA,NA,NA,NA,NA,NA,NA,,point,paper map,Toliary II district,,,na,,,,cdc-lt,NA,AB,NA,,NA,,NA,0,,no,yes,no,3,10,2011,2011,cross,,NA,March 2011 - Rainy season Oct 2011 Dry season,merus,,morph,genetic/molecular
NA,no,yes,no,none,1002201,10.1093/jme/tjv120,Nepomichene,"Species Diversity, Abundance, and Host Preferences of
Mosquitoes (Diptera: Culicidae) in Two Different Ecotypes
of Madagascar With Recent RVFV Transmission",JOURNAL OF MEDICAL ENTOMOLOGY,2015,na,,no,,madagascar,Ambalafety,-160.453,476.456,NA,NA,NA,NA,NA,NA,NA,NA,NA,NA,NA,NA,NA,NA,,point,paper map,Mampikony district,,,na,,,,cdc-lt,NA,AB,NA,,NA,,NA,231,,yes,no,no,4,9,2011,2011,cross,,NA,April 2011 - Rainy season Sep 2011 Dry season,pauliani,,morph,
NA,no,yes,no,none,1002201,10.1093/jme/tjv120,Nepomichene,"Species Diversity, Abundance, and Host Preferences of
Mosquitoes (Diptera: Culicidae) in Two Different Ecotypes
of Madagascar With Recent RVFV Transmission",JOURNAL OF MEDICAL ENTOMOLOGY,2015,na,,no,,madagascar,Bekoratsaka,-161.069,474.939,NA,NA,NA,NA,NA,NA,NA,NA,NA,NA,NA,NA,NA,NA,,point,paper map,Mampikony district,,,na,,,,cdc-lt,NA,AB,NA,,NA,,NA,45,,yes,no,no,4,9,2011,2011,cross,,NA,April 2011 - Rainy season Sep 2011 Dry season,pauliani,,morph,
NA,no,yes,no,none,1002201,10.1093/jme/tjv120,Nepomichene,"Species Diversity, Abundance, and Host Preferences of
Mosquitoes (Diptera: Culicidae) in Two Different Ecotypes
of Madagascar With Recent RVFV Transmission",JOURNAL OF MEDICAL ENTOMOLOGY,2015,na,,no,,madagascar,Mampikony I,-160.839,476.403,NA,NA,NA,NA,NA,NA,NA,NA,NA,NA,NA,NA,NA,NA,,point,paper map,Mampikony districtf,,,na,,,,cdc-lt,NA,AB,NA,,NA,,NA,853,,yes,no,no,4,9,2011,2011,cross,,NA,April 2011 - Rainy season Sep 2011 Dry season,pauliani,,morph,
NA,no,yes,no,none,1002201,10.1093/jme/tjv120,Nepomichene,"Species Diversity, Abundance, and Host Preferences of
Mosquitoes (Diptera: Culicidae) in Two Different Ecotypes
of Madagascar With Recent RVFV Transmission",JOURNAL OF MEDICAL ENTOMOLOGY,2015,na,,no,,madagascar,Andranovory,-221.361,442.714,NA,NA,NA,NA,NA,NA,NA,NA,NA,NA,NA,NA,NA,NA,,point,paper map,Toliary II district,,,na,,,,cdc-lt,NA,AB,NA,,NA,,NA,0,,no,yes,no,3,10,2011,2011,cross,,NA,March 2011 - Rainy season Oct 2011 Dry season,pauliani,,morph,
NA,no,yes,no,none,1002201,10.1093/jme/tjv120,Nepomichene,"Species Diversity, Abundance, and Host Preferences of
Mosquitoes (Diptera: Culicidae) in Two Different Ecotypes
of Madagascar With Recent RVFV Transmission",JOURNAL OF MEDICAL ENTOMOLOGY,2015,na,,no,,madagascar,Ankilibe,-233.977,437.419,NA,NA,NA,NA,NA,NA,NA,NA,NA,NA,NA,NA,NA,NA,,point,paper map,Toliary II district,,,na,,,,cdc-lt,NA,AB,NA,,NA,,NA,0,,no,yes,no,3,10,2011,2011,cross,,NA,March 2011 - Rainy season Oct 2011 Dry season,pauliani,,morph,
NA,no,yes,no,none,1002201,10.1093/jme/tjv120,Nepomichene,"Species Diversity, Abundance, and Host Preferences of
Mosquitoes (Diptera: Culicidae) in Two Different Ecotypes
of Madagascar With Recent RVFV Transmission",JOURNAL OF MEDICAL ENTOMOLOGY,2015,na,,no,,madagascar,Ankililoaka,-227.511,437.452,NA,NA,NA,NA,NA,NA,NA,NA,NA,NA,NA,NA,NA,NA,,point,paper map,Toliary II district,,,na,,,,cdc-lt,NA,AB,NA,,NA,,NA,34,,yes,no,no,3,10,2011,2011,cross,,NA,March 2011 - Rainy season Oct 2011 Dry season,pauliani,,morph,
NA,no,yes,no,none,1002201,10.1093/jme/tjv120,Nepomichene,"Species Diversity, Abundance, and Host Preferences of
Mosquitoes (Diptera: Culicidae) in Two Different Ecotypes
of Madagascar With Recent RVFV Transmission",JOURNAL OF MEDICAL ENTOMOLOGY,2015,na,,no,,madagascar,Ambalafety,-160.453,476.456,NA,NA,NA,NA,NA,NA,NA,NA,NA,NA,NA,NA,NA,NA,,point,paper map,Mampikony district,,,na,,,,cdc-lt,NA,AB,NA,,NA,,NA,60,,yes,no,no,4,9,2011,2011,cross,,NA,April 2011 - Rainy season Sep 2011 Dry season,pharoensis,,morph,
NA,no,yes,no,none,1002201,10.1093/jme/tjv120,Nepomichene,"Species Diversity, Abundance, and Host Preferences of
Mosquitoes (Diptera: Culicidae) in Two Different Ecotypes
of Madagascar With Recent RVFV Transmission",JOURNAL OF MEDICAL ENTOMOLOGY,2015,na,,no,,madagascar,Bekoratsaka,-161.069,474.939,NA,NA,NA,NA,NA,NA,NA,NA,NA,NA,NA,NA,NA,NA,,point,paper map,Mampikony district,,,na,,,,cdc-lt,NA,AB,NA,,NA,,NA,0,,no,yes,no,4,9,2011,2011,cross,,NA,April 2011 - Rainy season Sep 2011 Dry season,pharoensis,,morph,
NA,no,yes,no,none,1002201,10.1093/jme/tjv120,Nepomichene,"Species Diversity, Abundance, and Host Preferences of
Mosquitoes (Diptera: Culicidae) in Two Different Ecotypes
of Madagascar With Recent RVFV Transmission",JOURNAL OF MEDICAL ENTOMOLOGY,2015,na,,no,,madagascar,Mampikony I,-160.839,476.403,NA,NA,NA,NA,NA,NA,NA,NA,NA,NA,NA,NA,NA,NA,,point,paper map,Mampikony districtf,,,na,,,,cdc-lt,NA,AB,NA,,NA,,NA,193,,yes,no,no,4,9,2011,2011,cross,,NA,April 2011 - Rainy season Sep 2011 Dry season,pharoensis,,morph,
NA,no,yes,no,none,1002201,10.1093/jme/tjv120,Nepomichene,"Species Diversity, Abundance, and Host Preferences of
Mosquitoes (Diptera: Culicidae) in Two Different Ecotypes
of Madagascar With Recent RVFV Transmission",JOURNAL OF MEDICAL ENTOMOLOGY,2015,na,,no,,madagascar,Andranovory,-221.361,442.714,NA,NA,NA,NA,NA,NA,NA,NA,NA,NA,NA,NA,NA,NA,,point,paper map,Toliary II district,,,na,,,,cdc-lt,NA,AB,NA,,NA,,NA,0,,no,yes,no,3,10,2011,2011,cross,,NA,March 2011 - Rainy season Oct 2011 Dry season,pharoensis,,morph,
NA,no,yes,no,none,1002201,10.1093/jme/tjv120,Nepomichene,"Species Diversity, Abundance, and Host Preferences of
Mosquitoes (Diptera: Culicidae) in Two Different Ecotypes
of Madagascar With Recent RVFV Transmission",JOURNAL OF MEDICAL ENTOMOLOGY,2015,na,,no,,madagascar,Ankilibe,-233.977,437.419,NA,NA,NA,NA,NA,NA,NA,NA,NA,NA,NA,NA,NA,NA,,point,paper map,Toliary II district,,,na,,,,cdc-lt,NA,AB,NA,,NA,,NA,0,,no,yes,no,3,10,2011,2011,cross,,NA,March 2011 - Rainy season Oct 2011 Dry season,pharoensis,,morph,
NA,no,yes,no,none,1002201,10.1093/jme/tjv120,Nepomichene,"Species Diversity, Abundance, and Host Preferences of
Mosquitoes (Diptera: Culicidae) in Two Different Ecotypes
of Madagascar With Recent RVFV Transmission",JOURNAL OF MEDICAL ENTOMOLOGY,2015,na,,no,,madagascar,Ankililoaka,-227.511,437.452,NA,NA,NA,NA,NA,NA,NA,NA,NA,NA,NA,NA,NA,NA,,point,paper map,Toliary II district,,,na,,,,cdc-lt,NA,AB,NA,,NA,,NA,1,,yes,no,no,3,10,2011,2011,cross,,NA,March 2011 - Rainy season Oct 2011 Dry season,pharoensis,,morph,
NA,no,yes,no,none,1002201,10.1093/jme/tjv120,Nepomichene,"Species Diversity, Abundance, and Host Preferences of
Mosquitoes (Diptera: Culicidae) in Two Different Ecotypes
of Madagascar With Recent RVFV Transmission",JOURNAL OF MEDICAL ENTOMOLOGY,2015,na,,no,,madagascar,Ambalafety,-160.453,476.456,NA,NA,NA,NA,NA,NA,NA,NA,NA,NA,NA,NA,NA,NA,,point,paper map,Mampikony district,,,na,,,,cdc-lt,NA,AB,NA,,NA,,NA,2,,yes,no,no,4,9,2011,2011,cross,,NA,April 2011 - Rainy season Sep 2011 Dry season,pretoriensis,,morph,
NA,no,yes,no,none,1002201,10.1093/jme/tjv120,Nepomichene,"Species Diversity, Abundance, and Host Preferences of
Mosquitoes (Diptera: Culicidae) in Two Different Ecotypes
of Madagascar With Recent RVFV Transmission",JOURNAL OF MEDICAL ENTOMOLOGY,2015,na,,no,,madagascar,Bekoratsaka,-161.069,474.939,NA,NA,NA,NA,NA,NA,NA,NA,NA,NA,NA,NA,NA,NA,,point,paper map,Mampikony district,,,na,,,,cdc-lt,NA,AB,NA,,NA,,NA,47,,yes,no,no,4,9,2011,2011,cross,,NA,April 2011 - Rainy season Sep 2011 Dry season,pretoriensis,,morph,
NA,no,yes,no,none,1002201,10.1093/jme/tjv120,Nepomichene,"Species Diversity, Abundance, and Host Preferences of
Mosquitoes (Diptera: Culicidae) in Two Different Ecotypes
of Madagascar With Recent RVFV Transmission",JOURNAL OF MEDICAL ENTOMOLOGY,2015,na,,no,,madagascar,Mampikony I,-160.839,476.403,NA,NA,NA,NA,NA,NA,NA,NA,NA,NA,NA,NA,NA,NA,,point,paper map,Mampikony districtf,,,na,,,,cdc-lt,NA,AB,NA,,NA,,NA,6,,yes,no,no,4,9,2011,2011,cross,,NA,April 2011 - Rainy season Sep 2011 Dry season,pretoriensis,,morph,
NA,no,yes,no,none,1002201,10.1093/jme/tjv120,Nepomichene,"Species Diversity, Abundance, and Host Preferences of
Mosquitoes (Diptera: Culicidae) in Two Different Ecotypes
of Madagascar With Recent RVFV Transmission",JOURNAL OF MEDICAL ENTOMOLOGY,2015,na,,no,,madagascar,Andranovory,-221.361,442.714,NA,NA,NA,NA,NA,NA,NA,NA,NA,NA,NA,NA,NA,NA,,point,paper map,Toliary II district,,,na,,,,cdc-lt,NA,AB,NA,,NA,,NA,8,,yes,no,no,3,10,2011,2011,cross,,NA,March 2011 - Rainy season Oct 2011 Dry season,pretoriensis,,morph,
NA,no,yes,no,none,1002201,10.1093/jme/tjv120,Nepomichene,"Species Diversity, Abundance, and Host Preferences of
Mosquitoes (Diptera: Culicidae) in Two Different Ecotypes
of Madagascar With Recent RVFV Transmission",JOURNAL OF MEDICAL ENTOMOLOGY,2015,na,,no,,madagascar,Ankilibe,-233.977,437.419,NA,NA,NA,NA,NA,NA,NA,NA,NA,NA,NA,NA,NA,NA,,point,paper map,Toliary II district,,,na,,,,cdc-lt,NA,AB,NA,,NA,,NA,0,,no,yes,no,3,10,2011,2011,cross,,NA,March 2011 - Rainy season Oct 2011 Dry season,pretoriensis,,morph,
NA,no,yes,no,none,1002201,10.1093/jme/tjv120,Nepomichene,"Species Diversity, Abundance, and Host Preferences of
Mosquitoes (Diptera: Culicidae) in Two Different Ecotypes
of Madagascar With Recent RVFV Transmission",JOURNAL OF MEDICAL ENTOMOLOGY,2015,na,,no,,madagascar,Ankililoaka,-227.511,437.452,NA,NA,NA,NA,NA,NA,NA,NA,NA,NA,NA,NA,NA,NA,,point,paper map,Toliary II district,,,na,,,,cdc-lt,NA,AB,NA,,NA,,NA,0,,no,yes,no,3,10,2011,2011,cross,,NA,March 2011 - Rainy season Oct 2011 Dry season,pretoriensis,,morph,
NA,no,yes,no,none,1002201,10.1093/jme/tjv120,Nepomichene,"Species Diversity, Abundance, and Host Preferences of
Mosquitoes (Diptera: Culicidae) in Two Different Ecotypes
of Madagascar With Recent RVFV Transmission",JOURNAL OF MEDICAL ENTOMOLOGY,2015,na,,no,,madagascar,Ambalafety,-160.453,476.456,NA,NA,NA,NA,NA,NA,NA,NA,NA,NA,NA,NA,NA,NA,,point,paper map,Mampikony district,,,na,,,,cdc-lt,NA,AB,NA,,NA,,NA,4,,yes,no,no,4,9,2011,2011,cross,,NA,April 2011 - Rainy season Sep 2011 Dry season,rufipes,,morph,
NA,no,yes,no,none,1002201,10.1093/jme/tjv120,Nepomichene,"Species Diversity, Abundance, and Host Preferences of
Mosquitoes (Diptera: Culicidae) in Two Different Ecotypes
of Madagascar With Recent RVFV Transmission",JOURNAL OF MEDICAL ENTOMOLOGY,2015,na,,no,,madagascar,Bekoratsaka,-161.069,474.939,NA,NA,NA,NA,NA,NA,NA,NA,NA,NA,NA,NA,NA,NA,,point,paper map,Mampikony district,,,na,,,,cdc-lt,NA,AB,NA,,NA,,NA,70,,yes,no,no,4,9,2011,2011,cross,,NA,April 2011 - Rainy season Sep 2011 Dry season,rufipes,,morph,
NA,no,yes,no,none,1002201,10.1093/jme/tjv120,Nepomichene,"Species Diversity, Abundance, and Host Preferences of
Mosquitoes (Diptera: Culicidae) in Two Different Ecotypes
of Madagascar With Recent RVFV Transmission",JOURNAL OF MEDICAL ENTOMOLOGY,2015,na,,no,,madagascar,Mampikony I,-160.839,476.403,NA,NA,NA,NA,NA,NA,NA,NA,NA,NA,NA,NA,NA,NA,,point,paper map,Mampikony districtf,,,na,,,,cdc-lt,NA,AB,NA,,NA,,NA,73,,yes,no,no,4,9,2011,2011,cross,,NA,April 2011 - Rainy season Sep 2011 Dry season,rufipes,,morph,
NA,no,yes,no,none,1002201,10.1093/jme/tjv120,Nepomichene,"Species Diversity, Abundance, and Host Preferences of
Mosquitoes (Diptera: Culicidae) in Two Different Ecotypes
of Madagascar With Recent RVFV Transmission",JOURNAL OF MEDICAL ENTOMOLOGY,2015,na,,no,,madagascar,Andranovory,-221.361,442.714,NA,NA,NA,NA,NA,NA,NA,NA,NA,NA,NA,NA,NA,NA,,point,paper map,Toliary II district,,,na,,,,cdc-lt,NA,AB,NA,,NA,,NA,31,,yes,no,no,3,10,2011,2011,cross,,NA,March 2011 - Rainy season Oct 2011 Dry season,rufipes,,morph,
NA,no,yes,no,none,1002201,10.1093/jme/tjv120,Nepomichene,"Species Diversity, Abundance, and Host Preferences of
Mosquitoes (Diptera: Culicidae) in Two Different Ecotypes
of Madagascar With Recent RVFV Transmission",JOURNAL OF MEDICAL ENTOMOLOGY,2015,na,,no,,madagascar,Ankilibe,-233.977,437.419,NA,NA,NA,NA,NA,NA,NA,NA,NA,NA,NA,NA,NA,NA,,point,paper map,Toliary II district,,,na,,,,cdc-lt,NA,AB,NA,,NA,,NA,0,,no,yes,no,3,10,2011,2011,cross,,NA,March 2011 - Rainy season Oct 2011 Dry season,rufipes,,morph,
NA,no,yes,no,none,1002201,10.1093/jme/tjv120,Nepomichene,"Species Diversity, Abundance, and Host Preferences of
Mosquitoes (Diptera: Culicidae) in Two Different Ecotypes
of Madagascar With Recent RVFV Transmission",JOURNAL OF MEDICAL ENTOMOLOGY,2015,na,,no,,madagascar,Ankililoaka,-227.511,437.452,NA,NA,NA,NA,NA,NA,NA,NA,NA,NA,NA,NA,NA,NA,,point,paper map,Toliary II district,,,na,,,,cdc-lt,NA,AB,NA,,NA,,NA,0,,no,yes,no,3,10,2011,2011,cross,,NA,March 2011 - Rainy season Oct 2011 Dry season,rufipes,,morph,
NA,no,yes,no,none,1002201,10.1093/jme/tjv120,Nepomichene,"Species Diversity, Abundance, and Host Preferences of
Mosquitoes (Diptera: Culicidae) in Two Different Ecotypes
of Madagascar With Recent RVFV Transmission",JOURNAL OF MEDICAL ENTOMOLOGY,2015,na,,no,,madagascar,Ambalafety,-160.453,476.456,NA,NA,NA,NA,NA,NA,NA,NA,NA,NA,NA,NA,NA,NA,,point,paper map,Mampikony district,,,na,,,,cdc-lt,NA,,NA,,NA,,NA,415,,yes,no,no,4,9,2011,2011,cross,,NA,April 2011 - Rainy season Sep 2011 Dry season,squamosus,,morph,
NA,no,yes,no,none,1002201,10.1093/jme/tjv120,Nepomichene,"Species Diversity, Abundance, and Host Preferences of
Mosquitoes (Diptera: Culicidae) in Two Different Ecotypes
of Madagascar With Recent RVFV Transmission",JOURNAL OF MEDICAL ENTOMOLOGY,2015,na,,no,,madagascar,Bekoratsaka,-161.069,474.939,NA,NA,NA,NA,NA,NA,NA,NA,NA,NA,NA,NA,NA,NA,,point,paper map,Mampikony district,,,na,,,,cdc-lt,NA,,NA,,NA,,NA,217,,yes,no,no,4,9,2011,2011,cross,,NA,April 2011 - Rainy season Sep 2011 Dry season,squamosus,,morph,
NA,no,yes,no,none,1002201,10.1093/jme/tjv120,Nepomichene,"Species Diversity, Abundance, and Host Preferences of
Mosquitoes (Diptera: Culicidae) in Two Different Ecotypes
of Madagascar With Recent RVFV Transmission",JOURNAL OF MEDICAL ENTOMOLOGY,2015,na,,no,,madagascar,Mampikony I,-160.839,476.403,NA,NA,NA,NA,NA,NA,NA,NA,NA,NA,NA,NA,NA,NA,,point,paper map,Mampikony districtf,,,na,,,,cdc-lt,NA,,NA,,NA,,NA,422,,yes,no,no,4,9,2011,2011,cross,,NA,April 2011 - Rainy season Sep 2011 Dry season,squamosus,,morph,
NA,no,yes,no,none,1002201,10.1093/jme/tjv120,Nepomichene,"Species Diversity, Abundance, and Host Preferences of
Mosquitoes (Diptera: Culicidae) in Two Different Ecotypes
of Madagascar With Recent RVFV Transmission",JOURNAL OF MEDICAL ENTOMOLOGY,2015,na,,no,,madagascar,Andranovory,-221.361,442.714,NA,NA,NA,NA,NA,NA,NA,NA,NA,NA,NA,NA,NA,NA,,point,paper map,Toliary II district,,,na,,,,cdc-lt,NA,,NA,,NA,,NA,3,,yes,no,no,3,10,2011,2011,cross,,NA,March 2011 - Rainy season Oct 2011 Dry season,squamosus,,morph,
NA,no,yes,no,none,1002201,10.1093/jme/tjv120,Nepomichene,"Species Diversity, Abundance, and Host Preferences of
Mosquitoes (Diptera: Culicidae) in Two Different Ecotypes
of Madagascar With Recent RVFV Transmission",JOURNAL OF MEDICAL ENTOMOLOGY,2015,na,,no,,madagascar,Ankilibe,-233.977,437.419,NA,NA,NA,NA,NA,NA,NA,NA,NA,NA,NA,NA,NA,NA,,point,paper map,Toliary II district,,,na,,,,cdc-lt,NA,,NA,,NA,,NA,0,,no,yes,no,3,10,2011,2011,cross,,NA,March 2011 - Rainy season Oct 2011 Dry season,squamosus,,morph,
NA,no,yes,no,none,1002201,10.1093/jme/tjv120,Nepomichene,"Species Diversity, Abundance, and Host Preferences of
Mosquitoes (Diptera: Culicidae) in Two Different Ecotypes
of Madagascar With Recent RVFV Transmission",JOURNAL OF MEDICAL ENTOMOLOGY,2015,na,,no,,madagascar,Ankililoaka,-227.511,437.452,NA,NA,NA,NA,NA,NA,NA,NA,NA,NA,NA,NA,NA,NA,,point,paper map,Toliary II district,,,na,,,,cdc-lt,NA,,NA,,NA,,NA,70,,yes,no,no,3,10,2011,2011,cross,,NA,March 2011 - Rainy season Oct 2011 Dry season,squamosus,,morph,
NA,no,yes,yes,none,1002203,10.1186/s13071-014-0483-9,Gone,"Comparative entomological study on ecology and behaviour of Anopheles mosquitoes in highland and lowland localities of Derashe District, southern Ethiopia",Parasites & Vectors,2014,systematic,,no,,ethiopia,Wozeka,5.75,37.43,NA,NA,NA,NA,NA,NA,NA,NA,NA,NA,NA,NA,NA,NA,within 5km,point,google maps,Derashe district,,,na,,,,larvae,NA,,NA,,NA,,NA,26,Larvae occurence in stream,yes,no,no,10,2,2011,2012,cross,,NA,There was no positive  larvae habitat identification during the rainy season(Oct to Dec) in Wozeka,christyi,,morph,
NA,no,yes,yes,none,1002203,10.1186/s13071-014-0483-9,Gone,"Comparative entomological study on ecology and behaviour of Anopheles mosquitoes in highland and lowland localities of Derashe District, southern Ethiopia",Parasites & Vectors,2014,systematic,,no,,ethiopia,Wozeka,5.75,37.43,NA,NA,NA,NA,NA,NA,NA,NA,NA,NA,NA,NA,NA,NA,within 5km,point,google maps,Derashe district,,,na,,,,larvae,NA,,NA,,NA,,NA,141,Larvae occurence in stream,yes,no,no,10,2,2011,2012,cross,,NA,There was no positive  larvae habitat identification during the rainy season(Oct to Dec) in Wozeka,arabiensis,,morph,genetic/molecular
NA,no,yes,yes,none,1002203,10.1186/s13071-014-0483-9,Gone,"Comparative entomological study on ecology and behaviour of Anopheles mosquitoes in highland and lowland localities of Derashe District, southern Ethiopia",Parasites & Vectors,2014,systematic,,no,,ethiopia,Wozeka,5.75,37.43,NA,NA,NA,NA,NA,NA,NA,NA,NA,NA,NA,NA,NA,NA,within 5km,point,google maps,Derashe district,,,na,,,,larvae,NA,,NA,,NA,,NA,1,Larvae occurence in stream,yes,no,no,10,2,2011,2012,cross,,NA,There was no positive  larvae habitat identification during the rainy season(Oct to Dec) in Wozeka,demeilloni,,morph,
NA,no,yes,yes,none,1002203,10.1186/s13071-014-0483-9,Gone,"Comparative entomological study on ecology and behaviour of Anopheles mosquitoes in highland and lowland localities of Derashe District, southern Ethiopia",Parasites & Vectors,2014,systematic,,no,,ethiopia,Wozeka,5.75,37.43,NA,NA,NA,NA,NA,NA,NA,NA,NA,NA,NA,NA,NA,NA,within 5km,point,google maps,Derashe district,,,na,,,,larvae,NA,,NA,,NA,,NA,0,Larvae occurence in stream,no,yes,no,10,2,2011,2012,cross,,NA,There was no positive  larvae habitat identification during the rainy season(Oct to Dec) in Wozeka,cinereus,,morph,
NA,no,yes,yes,none,1002203,10.1186/s13071-014-0483-9,Gone,"Comparative entomological study on ecology and behaviour of Anopheles mosquitoes in highland and lowland localities of Derashe District, southern Ethiopia",Parasites & Vectors,2014,systematic,,no,,ethiopia,Gidole,5.65,37.36,NA,NA,NA,NA,NA,NA,NA,NA,NA,NA,NA,NA,NA,NA,between 5 to 10km,point,google maps,Derashe district,,,na,,,,larvae,NA,,NA,,NA,,NA,3,Larvae occurence in stream,yes,no,no,10,2,2011,2012,cross,,NA,There was no positive  larvae habitat identification during the rainy season(Oct to Dec) in Wozeka,christyi,,morph,
NA,no,yes,yes,none,1002203,10.1186/s13071-014-0483-9,Gone,"Comparative entomological study on ecology and behaviour of Anopheles mosquitoes in highland and lowland localities of Derashe District, southern Ethiopia",Parasites & Vectors,2014,systematic,,no,,ethiopia,Gidole,5.65,37.36,NA,NA,NA,NA,NA,NA,NA,NA,NA,NA,NA,NA,NA,NA,between 5 to 10km,point,google maps,Derashe district,,,na,,,,larvae,NA,,NA,,NA,,NA,0,Larvae occurence in stream,no,yes,no,10,2,2011,2012,cross,,NA,There was no positive  larvae habitat identification during the rainy season(Oct to Dec) in Wozeka,arabiensis,,morph,genetic/molecular
NA,no,yes,yes,none,1002203,10.1186/s13071-014-0483-9,Gone,"Comparative entomological study on ecology and behaviour of Anopheles mosquitoes in highland and lowland localities of Derashe District, southern Ethiopia",Parasites & Vectors,2014,systematic,,no,,ethiopia,Gidole,5.65,37.36,NA,NA,NA,NA,NA,NA,NA,NA,NA,NA,NA,NA,NA,NA,between 5 to 10km,point,google maps,Derashe district,,,na,,,,larvae,NA,,NA,,NA,,NA,106,Larvae occurence in stream,yes,no,no,10,2,2011,2012,cross,,NA,There was no positive  larvae habitat identification during the rainy season(Oct to Dec) in Wozeka,demeilloni,,morph,
NA,no,yes,yes,none,1002203,10.1186/s13071-014-0483-9,Gone,"Comparative entomological study on ecology and behaviour of Anopheles mosquitoes in highland and lowland localities of Derashe District, southern Ethiopia",Parasites & Vectors,2014,systematic,,no,,ethiopia,Gidole,5.65,37.36,NA,NA,NA,NA,NA,NA,NA,NA,NA,NA,NA,NA,NA,NA,between 5 to 10km,point,google maps,Derashe district,,,na,,,,larvae,NA,,NA,,NA,,NA,0,Larvae occurence in stream,no,yes,no,10,2,2011,2012,cross,,NA,There was no positive  larvae habitat identification during the rainy season(Oct to Dec) in Wozeka,cinereus,,morph,
NA,no,yes,yes,none,1002203,10.1186/s13071-014-0483-9,Gone,"Comparative entomological study on ecology and behaviour of Anopheles mosquitoes in highland and lowland localities of Derashe District, southern Ethiopia",Parasites & Vectors,2014,systematic,,no,,ethiopia,Wozeka,5.75,37.43,NA,NA,NA,NA,NA,NA,NA,NA,NA,NA,NA,NA,NA,NA,within 5km,point,google maps,Derashe district,,,na,,,,larvae,NA,,NA,,NA,,NA,41,Larvae occurence in Irrigation canal,yes,no,no,10,2,2011,2012,cross,,NA,There was no positive  larvae habitat identification during the rainy season(Oct to Dec) in Wozeka,christyi,,morph,
NA,no,yes,yes,none,1002203,10.1186/s13071-014-0483-9,Gone,"Comparative entomological study on ecology and behaviour of Anopheles mosquitoes in highland and lowland localities of Derashe District, southern Ethiopia",Parasites & Vectors,2014,systematic,,no,,ethiopia,Wozeka,5.75,37.43,NA,NA,NA,NA,NA,NA,NA,NA,NA,NA,NA,NA,NA,NA,within 5km,point,google maps,Derashe district,,,na,,,,larvae,NA,,NA,,NA,,NA,9,Larvae occurence in Irrigation canal,yes,no,no,10,2,2011,2012,cross,,NA,There was no positive  larvae habitat identification during the rainy season(Oct to Dec) in Wozeka,arabiensis,,morph,genetic/molecular
NA,no,yes,yes,none,1002203,10.1186/s13071-014-0483-9,Gone,"Comparative entomological study on ecology and behaviour of Anopheles mosquitoes in highland and lowland localities of Derashe District, southern Ethiopia",Parasites & Vectors,2014,systematic,,no,,ethiopia,Wozeka,5.75,37.43,NA,NA,NA,NA,NA,NA,NA,NA,NA,NA,NA,NA,NA,NA,within 5km,point,google maps,Derashe district,,,na,,,,larvae,NA,,NA,,NA,,NA,0,Larvae occurence in Irrigation canal,no,yes,no,10,2,2011,2012,cross,,NA,There was no positive  larvae habitat identification during the rainy season(Oct to Dec) in Wozeka,demeilloni,,morph,
NA,no,yes,yes,none,1002203,10.1186/s13071-014-0483-9,Gone,"Comparative entomological study on ecology and behaviour of Anopheles mosquitoes in highland and lowland localities of Derashe District, southern Ethiopia",Parasites & Vectors,2014,systematic,,no,,ethiopia,Wozeka,5.75,37.43,NA,NA,NA,NA,NA,NA,NA,NA,NA,NA,NA,NA,NA,NA,within 5km,point,google maps,Derashe district,,,na,,,,larvae,NA,,NA,,NA,,NA,0,Larvae occurence in Irrigation canal,no,yes,no,10,2,2011,2012,cross,,NA,There was no positive  larvae habitat identification during the rainy season(Oct to Dec) in Wozeka,cinereus,,morph,
NA,no,yes,yes,none,1002203,10.1186/s13071-014-0483-9,Gone,"Comparative entomological study on ecology and behaviour of Anopheles mosquitoes in highland and lowland localities of Derashe District, southern Ethiopia",Parasites & Vectors,2014,systematic,,no,,ethiopia,Gidole,5.65,37.36,NA,NA,NA,NA,NA,NA,NA,NA,NA,NA,NA,NA,NA,NA,between 5 to 10km,point,google maps,Derashe district,,,na,,,,larvae,NA,,NA,,NA,,NA,0,Larvae occurence in Irrigation canal,no,yes,no,10,2,2011,2012,cross,,NA,There was no positive  larvae habitat identification during the rainy season(Oct to Dec) in Wozeka,christyi,,morph,
NA,no,yes,yes,none,1002203,10.1186/s13071-014-0483-9,Gone,"Comparative entomological study on ecology and behaviour of Anopheles mosquitoes in highland and lowland localities of Derashe District, southern Ethiopia",Parasites & Vectors,2014,systematic,,no,,ethiopia,Gidole,5.65,37.36,NA,NA,NA,NA,NA,NA,NA,NA,NA,NA,NA,NA,NA,NA,between 5 to 10km,point,google maps,Derashe district,,,na,,,,larvae,NA,,NA,,NA,,NA,0,Larvae occurence in Irrigation canal,no,yes,no,10,2,2011,2012,cross,,NA,There was no positive  larvae habitat identification during the rainy season(Oct to Dec) in Wozeka,arabiensis,,morph,genetic/molecular
NA,no,yes,yes,none,1002203,10.1186/s13071-014-0483-9,Gone,"Comparative entomological study on ecology and behaviour of Anopheles mosquitoes in highland and lowland localities of Derashe District, southern Ethiopia",Parasites & Vectors,2014,systematic,,no,,ethiopia,Gidole,5.65,37.36,NA,NA,NA,NA,NA,NA,NA,NA,NA,NA,NA,NA,NA,NA,between 5 to 10km,point,google maps,Derashe district,,,na,,,,larvae,NA,,NA,,NA,,NA,0,Larvae occurence in Irrigation canal,no,yes,no,10,2,2011,2012,cross,,NA,There was no positive  larvae habitat identification during the rainy season(Oct to Dec) in Wozeka,demeilloni,,morph,
NA,no,yes,yes,none,1002203,10.1186/s13071-014-0483-9,Gone,"Comparative entomological study on ecology and behaviour of Anopheles mosquitoes in highland and lowland localities of Derashe District, southern Ethiopia",Parasites & Vectors,2014,systematic,,no,,ethiopia,Gidole,5.65,37.36,NA,NA,NA,NA,NA,NA,NA,NA,NA,NA,NA,NA,NA,NA,between 5 to 10km,point,google maps,Derashe district,,,na,,,,larvae,NA,,NA,,NA,,NA,0,Larvae occurence in Irrigation canal,no,yes,no,10,2,2011,2012,cross,,NA,There was no positive  larvae habitat identification during the rainy season(Oct to Dec) in Wozeka,cinereus,,morph,
NA,no,yes,yes,none,1002203,10.1186/s13071-014-0483-9,Gone,"Comparative entomological study on ecology and behaviour of Anopheles mosquitoes in highland and lowland localities of Derashe District, southern Ethiopia",Parasites & Vectors,2014,systematic,,no,,ethiopia,Wozeka,5.75,37.43,NA,NA,NA,NA,NA,NA,NA,NA,NA,NA,NA,NA,NA,NA,within 5km,point,google maps,Derashe district,,,na,,,,larvae,NA,,NA,,NA,,NA,0,Larvae occurence in Rain pool,yes,no,no,10,2,2011,2012,cross,,NA,There was no positive  larvae habitat identification during the rainy season(Oct to Dec) in Wozeka,christyi,,morph,
NA,no,yes,yes,none,1002203,10.1186/s13071-014-0483-9,Gone,"Comparative entomological study on ecology and behaviour of Anopheles mosquitoes in highland and lowland localities of Derashe District, southern Ethiopia",Parasites & Vectors,2014,systematic,,no,,ethiopia,Wozeka,5.75,37.43,NA,NA,NA,NA,NA,NA,NA,NA,NA,NA,NA,NA,NA,NA,within 5km,point,google maps,Derashe district,,,na,,,,larvae,NA,,NA,,NA,,NA,0,Larvae occurence in Rain pool,yes,no,no,10,2,2011,2012,cross,,NA,There was no positive  larvae habitat identification during the rainy season(Oct to Dec) in Wozeka,arabiensis,,morph,genetic/molecular
NA,no,yes,yes,none,1002203,10.1186/s13071-014-0483-9,Gone,"Comparative entomological study on ecology and behaviour of Anopheles mosquitoes in highland and lowland localities of Derashe District, southern Ethiopia",Parasites & Vectors,2014,systematic,,no,,ethiopia,Wozeka,5.75,37.43,NA,NA,NA,NA,NA,NA,NA,NA,NA,NA,NA,NA,NA,NA,within 5km,point,google maps,Derashe district,,,na,,,,larvae,NA,,NA,,NA,,NA,0,Larvae occurence in Rain pool,yes,no,no,10,2,2011,2012,cross,,NA,There was no positive  larvae habitat identification during the rainy season(Oct to Dec) in Wozeka,demeilloni,,morph,
NA,no,yes,yes,none,1002203,10.1186/s13071-014-0483-9,Gone,"Comparative entomological study on ecology and behaviour of Anopheles mosquitoes in highland and lowland localities of Derashe District, southern Ethiopia",Parasites & Vectors,2014,systematic,,no,,ethiopia,Wozeka,5.75,37.43,NA,NA,NA,NA,NA,NA,NA,NA,NA,NA,NA,NA,NA,NA,within 5km,point,google maps,Derashe district,,,na,,,,larvae,NA,,NA,,NA,,NA,0,Larvae occurence in Rain pool,no,yes,no,10,2,2011,2012,cross,,NA,There was no positive  larvae habitat identification during the rainy season(Oct to Dec) in Wozeka,cinereus,,morph,
NA,no,yes,yes,none,1002203,10.1186/s13071-014-0483-9,Gone,"Comparative entomological study on ecology and behaviour of Anopheles mosquitoes in highland and lowland localities of Derashe District, southern Ethiopia",Parasites & Vectors,2014,systematic,,no,,ethiopia,Gidole,5.65,37.36,NA,NA,NA,NA,NA,NA,NA,NA,NA,NA,NA,NA,NA,NA,between 5 to 10km,point,google maps,Derashe district,,,na,,,,larvae,NA,,NA,,NA,,NA,233,Larvae occurence in Rain pool,yes,no,no,10,2,2011,2012,cross,,NA,There was no positive  larvae habitat identification during the rainy season(Oct to Dec) in Wozeka,christyi,,morph,
NA,no,yes,yes,none,1002203,10.1186/s13071-014-0483-9,Gone,"Comparative entomological study on ecology and behaviour of Anopheles mosquitoes in highland and lowland localities of Derashe District, southern Ethiopia",Parasites & Vectors,2014,systematic,,no,,ethiopia,Gidole,5.65,37.36,NA,NA,NA,NA,NA,NA,NA,NA,NA,NA,NA,NA,NA,NA,between 5 to 10km,point,google maps,Derashe district,,,na,,,,larvae,NA,,NA,,NA,,NA,27,Larvae occurence in Rain pool,no,yes,no,10,2,2011,2012,cross,,NA,There was no positive  larvae habitat identification during the rainy season(Oct to Dec) in Wozeka,arabiensis,,morph,genetic/molecular
NA,no,yes,yes,none,1002203,10.1186/s13071-014-0483-9,Gone,"Comparative entomological study on ecology and behaviour of Anopheles mosquitoes in highland and lowland localities of Derashe District, southern Ethiopia",Parasites & Vectors,2014,systematic,,no,,ethiopia,Gidole,5.65,37.36,NA,NA,NA,NA,NA,NA,NA,NA,NA,NA,NA,NA,NA,NA,between 5 to 10km,point,google maps,Derashe district,,,na,,,,larvae,NA,,NA,,NA,,NA,4,Larvae occurence in Rain pool,yes,no,no,10,2,2011,2012,cross,,NA,There was no positive  larvae habitat identification during the rainy season(Oct to Dec) in Wozeka,demeilloni,,morph,
NA,no,yes,yes,none,1002203,10.1186/s13071-014-0483-9,Gone,"Comparative entomological study on ecology and behaviour of Anopheles mosquitoes in highland and lowland localities of Derashe District, southern Ethiopia",Parasites & Vectors,2014,systematic,,no,,ethiopia,Gidole,5.65,37.36,NA,NA,NA,NA,NA,NA,NA,NA,NA,NA,NA,NA,NA,NA,between 5 to 10km,point,google maps,Derashe district,,,na,,,,larvae,NA,,NA,,NA,,NA,1,Larvae occurence in Rain pool,no,yes,no,10,2,2011,2012,cross,,NA,There was no positive  larvae habitat identification during the rainy season(Oct to Dec) in Wozeka,cinereus,,morph,
NA,no,yes,yes,none,1002203,10.1186/s13071-014-0483-9,Gone,"Comparative entomological study on ecology and behaviour of Anopheles mosquitoes in highland and lowland localities of Derashe District, southern Ethiopia",Parasites & Vectors,2014,systematic,,no,,ethiopia,Wozeka,5.75,37.43,NA,NA,NA,NA,NA,NA,NA,NA,NA,NA,NA,NA,NA,NA,within 5km,point,google maps,Derashe district,,,na,,,,larvae,NA,,NA,,NA,,NA,0,Larvae occurence in spring pool,yes,no,no,10,2,2011,2012,cross,,NA,There was no positive  larvae habitat identification during the rainy season(Oct to Dec) in Wozeka,christyi,,morph,
NA,no,yes,yes,none,1002203,10.1186/s13071-014-0483-9,Gone,"Comparative entomological study on ecology and behaviour of Anopheles mosquitoes in highland and lowland localities of Derashe District, southern Ethiopia",Parasites & Vectors,2014,systematic,,no,,ethiopia,Wozeka,5.75,37.43,NA,NA,NA,NA,NA,NA,NA,NA,NA,NA,NA,NA,NA,NA,within 5km,point,google maps,Derashe district,,,na,,,,larvae,NA,,NA,,NA,,NA,0,Larvae occurence in spring pool,yes,no,no,10,2,2011,2012,cross,,NA,There was no positive  larvae habitat identification during the rainy season(Oct to Dec) in Wozeka,arabiensis,,morph,genetic/molecular
NA,no,yes,yes,none,1002203,10.1186/s13071-014-0483-9,Gone,"Comparative entomological study on ecology and behaviour of Anopheles mosquitoes in highland and lowland localities of Derashe District, southern Ethiopia",Parasites & Vectors,2014,systematic,,no,,ethiopia,Wozeka,5.75,37.43,NA,NA,NA,NA,NA,NA,NA,NA,NA,NA,NA,NA,NA,NA,within 5km,point,google maps,Derashe district,,,na,,,,larvae,NA,,NA,,NA,,NA,0,Larvae occurence in spring pool,yes,no,no,10,2,2011,2012,cross,,NA,There was no positive  larvae habitat identification during the rainy season(Oct to Dec) in Wozeka,demeilloni,,morph,
NA,no,yes,yes,none,1002203,10.1186/s13071-014-0483-9,Gone,"Comparative entomological study on ecology and behaviour of Anopheles mosquitoes in highland and lowland localities of Derashe District, southern Ethiopia",Parasites & Vectors,2014,systematic,,no,,ethiopia,Wozeka,5.75,37.43,NA,NA,NA,NA,NA,NA,NA,NA,NA,NA,NA,NA,NA,NA,within 5km,point,google maps,Derashe district,,,na,,,,larvae,NA,,NA,,NA,,NA,0,Larvae occurence in spring pool,no,yes,no,10,2,2011,2012,cross,,NA,There was no positive  larvae habitat identification during the rainy season(Oct to Dec) in Wozeka,cinereus,,morph,
NA,no,yes,yes,none,1002203,10.1186/s13071-014-0483-9,Gone,"Comparative entomological study on ecology and behaviour of Anopheles mosquitoes in highland and lowland localities of Derashe District, southern Ethiopia",Parasites & Vectors,2014,systematic,,no,,ethiopia,Gidole,5.65,37.36,NA,NA,NA,NA,NA,NA,NA,NA,NA,NA,NA,NA,NA,NA,between 5 to 10km,point,google maps,Derashe district,,,na,,,,larvae,NA,,NA,,NA,,NA,121,Larvae occurence in spring pool,yes,no,no,10,2,2011,2012,cross,,NA,There was no positive  larvae habitat identification during the rainy season(Oct to Dec) in Wozeka,christyi,,morph,
NA,no,yes,yes,none,1002203,10.1186/s13071-014-0483-9,Gone,"Comparative entomological study on ecology and behaviour of Anopheles mosquitoes in highland and lowland localities of Derashe District, southern Ethiopia",Parasites & Vectors,2014,systematic,,no,,ethiopia,Gidole,5.65,37.36,NA,NA,NA,NA,NA,NA,NA,NA,NA,NA,NA,NA,NA,NA,between 5 to 10km,point,google maps,Derashe district,,,na,,,,larvae,NA,,NA,,NA,,NA,0,Larvae occurence in spring pool,no,yes,no,10,2,2011,2012,cross,,NA,There was no positive  larvae habitat identification during the rainy season(Oct to Dec) in Wozeka,arabiensis,,morph,genetic/molecular
NA,no,yes,yes,none,1002203,10.1186/s13071-014-0483-9,Gone,"Comparative entomological study on ecology and behaviour of Anopheles mosquitoes in highland and lowland localities of Derashe District, southern Ethiopia",Parasites & Vectors,2014,systematic,,no,,ethiopia,Gidole,5.65,37.36,NA,NA,NA,NA,NA,NA,NA,NA,NA,NA,NA,NA,NA,NA,between 5 to 10km,point,google maps,Derashe district,,,na,,,,larvae,NA,,NA,,NA,,NA,4,Larvae occurence in spring pool,yes,no,no,10,2,2011,2012,cross,,NA,There was no positive  larvae habitat identification during the rainy season(Oct to Dec) in Wozeka,demeilloni,,morph,
NA,no,yes,yes,none,1002203,10.1186/s13071-014-0483-9,Gone,"Comparative entomological study on ecology and behaviour of Anopheles mosquitoes in highland and lowland localities of Derashe District, southern Ethiopia",Parasites & Vectors,2014,systematic,,no,,ethiopia,Gidole,5.65,37.36,NA,NA,NA,NA,NA,NA,NA,NA,NA,NA,NA,NA,NA,NA,between 5 to 10km,point,google maps,Derashe district,,,na,,,,larvae,NA,,NA,,NA,,NA,6,Larvae occurence in spring pool,no,yes,no,10,2,2011,2012,cross,,NA,There was no positive  larvae habitat identification during the rainy season(Oct to Dec) in Wozeka,cinereus,,morph,
NA,no,yes,no,none,1002203,10.1186/s13071-014-0483-9,Gone,"Comparative entomological study on ecology and behaviour of Anopheles mosquitoes in highland and lowland localities of Derashe District, southern Ethiopia",Parasites & Vectors,2014,systematic,,no,,ethiopia,Wozeka,5.75,37.43,NA,NA,NA,NA,NA,NA,NA,NA,NA,NA,NA,NA,NA,NA,within 5km,point,google maps,Derashe district,,,na,,,,HRI,NA,ro (pit),NA,cdc-lt - indoor,NA,,NA,0,,yes,no,yes,10,2,2011,2012,cross,,NA,,christyi,,morph,
NA,no,yes,no,none,1002203,10.1186/s13071-014-0483-9,Gone,"Comparative entomological study on ecology and behaviour of Anopheles mosquitoes in highland and lowland localities of Derashe District, southern Ethiopia",Parasites & Vectors,2014,systematic,,no,,ethiopia,Walyte,5.73,37.42,NA,NA,NA,NA,NA,NA,NA,NA,NA,NA,NA,NA,NA,NA,between 5 to 10km,point,google maps,Derashe district,,,na,,,,HRI,NA,ro (pit),NA,cdc-lt - indoor,NA,,NA,0,,yes,no,yes,10,2,2011,2012,cross,,NA,,christyi,,morph,
NA,no,yes,no,none,1002203,10.1186/s13071-014-0483-9,Gone,"Comparative entomological study on ecology and behaviour of Anopheles mosquitoes in highland and lowland localities of Derashe District, southern Ethiopia",Parasites & Vectors,2014,systematic,,no,,ethiopia,Gidole,5.65,37.36,NA,NA,NA,NA,NA,NA,NA,NA,NA,NA,NA,NA,NA,NA,between 5 to 10km,point,google maps,Derashe district,,,na,,,,HRI,NA,ro (pit),NA,cdc-lt - indoor,NA,,NA,0,,yes,no,yes,10,2,2011,2012,cross,,NA,,christyi,,morph,
NA,no,yes,no,none,1002203,10.1186/s13071-014-0483-9,Gone,"Comparative entomological study on ecology and behaviour of Anopheles mosquitoes in highland and lowland localities of Derashe District, southern Ethiopia",Parasites & Vectors,2014,systematic,,no,,ethiopia,Wozeka,5.75,37.43,NA,NA,NA,NA,NA,NA,NA,NA,NA,NA,NA,NA,NA,NA,within 5km,point,google maps,Derashe district,,,na,,,,HRI,NA,ro (pit),NA,cdc-lt - indoor,NA,,NA,59,,yes,no,yes,10,2,2011,2012,cross,,NA,,arabiensis,,morph,genetic/molecular
NA,no,yes,no,none,1002203,10.1186/s13071-014-0483-9,Gone,"Comparative entomological study on ecology and behaviour of Anopheles mosquitoes in highland and lowland localities of Derashe District, southern Ethiopia",Parasites & Vectors,2014,systematic,,no,,ethiopia,Walyte,5.73,37.42,NA,NA,NA,NA,NA,NA,NA,NA,NA,NA,NA,NA,NA,NA,between 5 to 10km,point,google maps,Derashe district,,,na,,,,HRI,NA,ro (pit),NA,cdc-lt - indoor,NA,,NA,0,,yes,no,yes,10,2,2011,2012,cross,,NA,,arabiensis,,morph,genetic/molecular
NA,no,yes,no,none,1002203,10.1186/s13071-014-0483-9,Gone,"Comparative entomological study on ecology and behaviour of Anopheles mosquitoes in highland and lowland localities of Derashe District, southern Ethiopia",Parasites & Vectors,2014,systematic,,no,,ethiopia,Gidole,5.65,37.36,NA,NA,NA,NA,NA,NA,NA,NA,NA,NA,NA,NA,NA,NA,between 5 to 10km,point,google maps,Derashe district,,,na,,,,HRI,NA,ro (pit),NA,cdc-lt - indoor,NA,,NA,0,,yes,no,yes,10,2,2011,2012,cross,,NA,,arabiensis,,morph,genetic/molecular
NA,no,yes,no,none,1002203,10.1186/s13071-014-0483-9,Gone,"Comparative entomological study on ecology and behaviour of Anopheles mosquitoes in highland and lowland localities of Derashe District, southern Ethiopia",Parasites & Vectors,2014,systematic,,no,,ethiopia,Wozeka,5.75,37.43,NA,NA,NA,NA,NA,NA,NA,NA,NA,NA,NA,NA,NA,NA,within 5km,point,google maps,Derashe district,,,na,,,,HRI,NA,ro (pit),NA,cdc-lt - indoor,NA,,NA,6,,yes,no,yes,10,2,2011,2012,cross,,NA,,demeilloni,,morph,
NA,no,yes,no,none,1002203,10.1186/s13071-014-0483-9,Gone,"Comparative entomological study on ecology and behaviour of Anopheles mosquitoes in highland and lowland localities of Derashe District, southern Ethiopia",Parasites & Vectors,2014,systematic,,no,,ethiopia,Walyte,5.73,37.42,NA,NA,NA,NA,NA,NA,NA,NA,NA,NA,NA,NA,NA,NA,between 5 to 10km,point,google maps,Derashe district,,,na,,,,HRI,NA,ro (pit),NA,cdc-lt - indoor,NA,,NA,3,,yes,no,yes,10,2,2011,2012,cross,,NA,,demeilloni,,morph,
NA,no,yes,no,none,1002203,10.1186/s13071-014-0483-9,Gone,"Comparative entomological study on ecology and behaviour of Anopheles mosquitoes in highland and lowland localities of Derashe District, southern Ethiopia",Parasites & Vectors,2014,systematic,,no,,ethiopia,Gidole,5.65,37.36,NA,NA,NA,NA,NA,NA,NA,NA,NA,NA,NA,NA,NA,NA,between 5 to 10km,point,google maps,Derashe district,,,na,,,,HRI,NA,ro (pit),NA,cdc-lt - indoor,NA,,NA,11,,yes,no,yes,10,2,2011,2012,cross,,NA,,demeilloni,,morph,
NA,no,yes,no,none,1002203,10.1186/s13071-014-0483-9,Gone,"Comparative entomological study on ecology and behaviour of Anopheles mosquitoes in highland and lowland localities of Derashe District, southern Ethiopia",Parasites & Vectors,2014,systematic,,no,,ethiopia,Wozeka,5.75,37.43,NA,NA,NA,NA,NA,NA,NA,NA,NA,NA,NA,NA,NA,NA,within 5km,point,google maps,Derashe district,,,na,,,,HRI,NA,ro (pit),NA,cdc-lt - indoor,NA,,NA,0,,yes,no,yes,10,2,2011,2012,cross,,NA,,cinereus,,morph,
NA,no,yes,no,none,1002203,10.1186/s13071-014-0483-9,Gone,"Comparative entomological study on ecology and behaviour of Anopheles mosquitoes in highland and lowland localities of Derashe District, southern Ethiopia",Parasites & Vectors,2014,systematic,,no,,ethiopia,Walyte,5.73,37.42,NA,NA,NA,NA,NA,NA,NA,NA,NA,NA,NA,NA,NA,NA,between 5 to 10km,point,google maps,Derashe district,,,na,,,,HRI,NA,ro (pit),NA,cdc-lt - indoor,NA,,NA,1,,yes,no,yes,10,2,2011,2012,cross,,NA,,cinereus,,morph,
NA,no,yes,no,none,1002203,10.1186/s13071-014-0483-9,Gone,"Comparative entomological study on ecology and behaviour of Anopheles mosquitoes in highland and lowland localities of Derashe District, southern Ethiopia",Parasites & Vectors,2014,systematic,,no,,ethiopia,Gidole,5.65,37.36,NA,NA,NA,NA,NA,NA,NA,NA,NA,NA,NA,NA,NA,NA,between 5 to 10km,point,google maps,Derashe district,,,na,,,,HRI,NA,ro (pit),NA,cdc-lt - indoor,NA,,NA,0,,yes,no,yes,10,2,2011,2012,cross,,NA,,cinereus,,morph,
NA,no,yes,no,none,1002203,10.1186/s13071-014-0483-9,Gone,"Comparative entomological study on ecology and behaviour of Anopheles mosquitoes in highland and lowland localities of Derashe District, southern Ethiopia",Parasites & Vectors,2014,systematic,,no,,ethiopia,Wozeka,5.75,37.43,NA,NA,NA,NA,NA,NA,NA,NA,NA,NA,NA,NA,NA,NA,within 5km,point,google maps,Derashe district,,,na,,,,HRI,NA,ro (pit),NA,cdc-lt - indoor,NA,,NA,18,,yes,no,yes,10,2,2011,2012,cross,,NA,,funestus complex,,morph,
NA,no,yes,no,none,1002203,10.1186/s13071-014-0483-9,Gone,"Comparative entomological study on ecology and behaviour of Anopheles mosquitoes in highland and lowland localities of Derashe District, southern Ethiopia",Parasites & Vectors,2014,systematic,,no,,ethiopia,Walyte,5.73,37.42,NA,NA,NA,NA,NA,NA,NA,NA,NA,NA,NA,NA,NA,NA,between 5 to 10km,point,google maps,Derashe district,,,na,,,,HRI,NA,ro (pit),NA,cdc-lt - indoor,NA,,NA,0,,yes,no,yes,10,2,2011,2012,cross,,NA,,funestus complex,,morph,
NA,no,yes,no,none,1002203,10.1186/s13071-014-0483-9,Gone,"Comparative entomological study on ecology and behaviour of Anopheles mosquitoes in highland and lowland localities of Derashe District, southern Ethiopia",Parasites & Vectors,2014,systematic,,no,,ethiopia,Gidole,5.65,37.36,NA,NA,NA,NA,NA,NA,NA,NA,NA,NA,NA,NA,NA,NA,between 5 to 10km,point,google maps,Derashe district,,,na,,,,HRI,NA,ro (pit),NA,cdc-lt - indoor,NA,,NA,0,,yes,no,yes,10,2,2011,2012,cross,,NA,,funestus complex,,morph,
NA,no,yes,no,none,1002203,10.1186/s13071-014-0483-9,Gone,"Comparative entomological study on ecology and behaviour of Anopheles mosquitoes in highland and lowland localities of Derashe District, southern Ethiopia",Parasites & Vectors,2014,systematic,,no,,ethiopia,Wozeka,5.75,37.43,NA,NA,NA,NA,NA,NA,NA,NA,NA,NA,NA,NA,NA,NA,within 5km,point,google maps,Derashe district,,,na,,,,HRI,NA,ro (pit),NA,cdc-lt - indoor,NA,,NA,4,,yes,no,yes,10,2,2011,2012,cross,,NA,,pharoensis,,morph,
NA,no,yes,no,none,1002203,10.1186/s13071-014-0483-9,Gone,"Comparative entomological study on ecology and behaviour of Anopheles mosquitoes in highland and lowland localities of Derashe District, southern Ethiopia",Parasites & Vectors,2014,systematic,,no,,ethiopia,Walyte,5.73,37.42,NA,NA,NA,NA,NA,NA,NA,NA,NA,NA,NA,NA,NA,NA,between 5 to 10km,point,google maps,Derashe district,,,na,,,,HRI,NA,ro (pit),NA,cdc-lt - indoor,NA,,NA,0,,yes,no,yes,10,2,2011,2012,cross,,NA,,pharoensis,,morph,
NA,no,yes,no,none,1002203,10.1186/s13071-014-0483-9,Gone,"Comparative entomological study on ecology and behaviour of Anopheles mosquitoes in highland and lowland localities of Derashe District, southern Ethiopia",Parasites & Vectors,2014,systematic,,no,,ethiopia,Gidole,5.65,37.36,NA,NA,NA,NA,NA,NA,NA,NA,NA,NA,NA,NA,NA,NA,between 5 to 10km,point,google maps,Derashe district,,,na,,,,HRI,NA,ro (pit),NA,cdc-lt - indoor,NA,,NA,0,,yes,no,yes,10,2,2011,2012,cross,,NA,,pharoensis,,morph,
NA,no,yes,yes,phenotypic,1002204,10.1186/1471-2334-14-441,Ibrahim,High frequency of kdr L1014F is associated with pyrethroid resistance in Anopheles coluzzii in Sudan savannah of northern Nigeria,BMC Infectious Diseases,2014,na,,no,,nigeria,Auyo,12.35,99.833,NA,NA,NA,NA,NA,NA,NA,NA,NA,NA,NA,NA,NA,NA,,point,paper map,Jigawa State,,,yes,combination,yes,IRS,larvae,NA,,NA,,NA,,NA,NA,,yes,no,no,6,6,2009,2009,wet,,NA,,gambiae complex,,morph,
NA,no,yes,yes,phenotypic,1002204,10.1186/1471-2334-14-441,Ibrahim,High frequency of kdr L1014F is associated with pyrethroid resistance in Anopheles coluzzii in Sudan savannah of northern Nigeria,BMC Infectious Diseases,2014,na,,no,,nigeria,Auyo,12.35,99.833,NA,NA,NA,NA,NA,NA,NA,NA,NA,NA,NA,NA,NA,NA,,point,paper map,Jigawa State,,,yes,combination,yes,IRS,larvae,NA,,NA,,NA,,NA,NA,,yes,no,no,6,6,2009,2009,wet,,NA,,gambiae complex,,morph,
NA,no,yes,yes,phenotypic,1002204,10.1186/1471-2334-14-441,Ibrahim,High frequency of kdr L1014F is associated with pyrethroid resistance in Anopheles coluzzii in Sudan savannah of northern Nigeria,BMC Infectious Diseases,2014,na,,no,,nigeria,Auyo,12.35,99.833,NA,NA,NA,NA,NA,NA,NA,NA,NA,NA,NA,NA,NA,NA,,point,paper map,Jigawa State,,,yes,combination,yes,IRS,larvae,NA,,NA,,NA,,NA,NA,,yes,no,no,6,6,2009,2009,wet,,NA,,gambiae complex,,morph,
NA,no,yes,yes,phenotypic,1002204,10.1186/1471-2334-14-441,Ibrahim,High frequency of kdr L1014F is associated with pyrethroid resistance in Anopheles coluzzii in Sudan savannah of northern Nigeria,BMC Infectious Diseases,2014,na,,no,,nigeria,Auyo,12.35,99.833,NA,NA,NA,NA,NA,NA,NA,NA,NA,NA,NA,NA,NA,NA,,point,paper map,Jigawa State,,,yes,combination,yes,IRS,larvae,NA,,NA,,NA,,NA,NA,,yes,no,no,2,2,2011,2011,wet,,NA,,gambiae complex,,morph,
NA,no,yes,yes,phenotypic,1002204,10.1186/1471-2334-14-441,Ibrahim,High frequency of kdr L1014F is associated with pyrethroid resistance in Anopheles coluzzii in Sudan savannah of northern Nigeria,BMC Infectious Diseases,2014,na,,no,,nigeria,Bunkure,11.7,8.55,NA,NA,NA,NA,NA,NA,NA,NA,NA,NA,NA,NA,NA,NA,,point,paper map,Jigawa State,,,yes,combination,yes,IRS,larvae,NA,,NA,,NA,,NA,NA,,yes,no,no,8,8,2010,2010,wet,,NA,,gambiae complex,,morph,
NA,no,yes,yes,phenotypic,1002204,10.1186/1471-2334-14-441,Ibrahim,High frequency of kdr L1014F is associated with pyrethroid resistance in Anopheles coluzzii in Sudan savannah of northern Nigeria,BMC Infectious Diseases,2014,na,,no,,nigeria,Bunkure,11.7,8.55,NA,NA,NA,NA,NA,NA,NA,NA,NA,NA,NA,NA,NA,NA,,point,paper map,Jigawa State,,,yes,combination,yes,IRS,larvae,NA,,NA,,NA,,NA,NA,,yes,no,no,6,6,2011,2011,wet,,NA,,gambiae complex,,morph,
NA,no,yes,yes,both,1002204,10.1186/1471-2334-14-441,Ibrahim,High frequency of kdr L1014F is associated with pyrethroid resistance in Anopheles coluzzii in Sudan savannah of northern Nigeria,BMC Infectious Diseases,2014,na,,no,,nigeria,Auyo,12.35,99.833,NA,NA,NA,NA,NA,NA,NA,NA,NA,NA,NA,NA,NA,NA,,point,paper map,Jigawa State,,,yes,combination,yes,IRS,larvae,NA,,NA,,NA,,NA,NA,,yes,no,no,6,6,2009,2009,wet,,NA,,coluzzii_gambiae_m form,,morph,genetic/molecular
NA,no,yes,yes,both,1002204,10.1186/1471-2334-14-441,Ibrahim,High frequency of kdr L1014F is associated with pyrethroid resistance in Anopheles coluzzii in Sudan savannah of northern Nigeria,BMC Infectious Diseases,2014,na,,no,,nigeria,Auyo,12.35,99.833,NA,NA,NA,NA,NA,NA,NA,NA,NA,NA,NA,NA,NA,NA,,point,paper map,Jigawa State,,,yes,combination,yes,IRS,larvae,NA,,NA,,NA,,NA,NA,,yes,no,no,6,6,2009,2009,wet,,NA,,arabiensis,,morph,genetic/molecular
NA,no,yes,yes,both,1002204,10.1186/1471-2334-14-441,Ibrahim,High frequency of kdr L1014F is associated with pyrethroid resistance in Anopheles coluzzii in Sudan savannah of northern Nigeria,BMC Infectious Diseases,2014,na,,no,,nigeria,Auyo,12.35,99.833,NA,NA,NA,NA,NA,NA,NA,NA,NA,NA,NA,NA,NA,NA,,point,paper map,Jigawa State,,,yes,combination,yes,IRS,larvae,NA,,NA,,NA,,NA,NA,,yes,no,no,6,6,2009,2009,wet,,NA,,coluzzii_gambiae_m form,,morph,genetic/molecular
NA,no,yes,yes,both,1002204,10.1186/1471-2334-14-441,Ibrahim,High frequency of kdr L1014F is associated with pyrethroid resistance in Anopheles coluzzii in Sudan savannah of northern Nigeria,BMC Infectious Diseases,2014,na,,no,,nigeria,Auyo,12.35,99.833,NA,NA,NA,NA,NA,NA,NA,NA,NA,NA,NA,NA,NA,NA,,point,paper map,Jigawa State,,,yes,combination,yes,IRS,larvae,NA,,NA,,NA,,NA,NA,,yes,no,no,6,6,2009,2009,wet,,NA,,arabiensis,,morph,genetic/molecular
NA,no,yes,yes,both,1002204,10.1186/1471-2334-14-441,Ibrahim,High frequency of kdr L1014F is associated with pyrethroid resistance in Anopheles coluzzii in Sudan savannah of northern Nigeria,BMC Infectious Diseases,2014,na,,no,,nigeria,Auyo,12.35,99.833,NA,NA,NA,NA,NA,NA,NA,NA,NA,NA,NA,NA,NA,NA,,point,paper map,Jigawa State,,,yes,combination,yes,IRS,larvae,NA,,NA,,NA,,NA,NA,,yes,no,no,2,2,2011,2011,wet,,NA,,gambiae complex,,morph,
NA,no,yes,yes,none,1002205,10.1186/1756-3305-6-343,Jones,"The dynamics of pyrethroid resistance in
Anopheles arabiensis from Zanzibar and an
assessment of the underlying genetic basis",Parasites & Vectors,2013,na,,no,,tanzania,Kilimani,-6.179,39.212,NA,NA,NA,NA,NA,NA,NA,NA,NA,NA,NA,NA,NA,NA,between 5 to 10km,point,google maps,Unguja,,,yes,combination,yes,IRS,larvae,NA,,NA,,NA,,NA,13,,yes,no,no,NA,NA,2011,2011,wet,,NA,,arabiensis,,morph,genetic/molecular
NA,no,yes,yes,none,1002205,10.1186/1756-3305-6-343,Jones,"The dynamics of pyrethroid resistance in
Anopheles arabiensis from Zanzibar and an
assessment of the underlying genetic basis",Parasites & Vectors,2013,na,,no,,tanzania,Kilimani,-6.179,39.212,NA,NA,NA,NA,NA,NA,NA,NA,NA,NA,NA,NA,NA,NA,between 5 to 10km,point,google maps,Unguja,,,yes,combination,yes,IRS,larvae,NA,,NA,,NA,,NA,12,,yes,no,no,NA,NA,2011,2011,wet,,NA,,merus,,morph,genetic/molecular
NA,no,yes,yes,none,1002205,10.1186/1756-3305-6-343,Jones,"The dynamics of pyrethroid resistance in
Anopheles arabiensis from Zanzibar and an
assessment of the underlying genetic basis",Parasites & Vectors,2013,na,,no,,tanzania,Kilimani,-6.179,39.212,NA,NA,NA,NA,NA,NA,NA,NA,NA,NA,NA,NA,NA,NA,between 5 to 10km,point,google maps,Unguja,,,yes,combination,yes,IRS,larvae,NA,,NA,,NA,,NA,53,,yes,no,no,NA,NA,2011,2011,wet,,NA,,gambiae_s form,,morph,genetic/molecular
NA,no,yes,yes,none,1002205,10.1186/1756-3305-6-343,Jones,"The dynamics of pyrethroid resistance in
Anopheles arabiensis from Zanzibar and an
assessment of the underlying genetic basis",Parasites & Vectors,2013,na,,no,,tanzania,Kilimani,-6.179,39.212,NA,NA,NA,NA,NA,NA,NA,NA,NA,NA,NA,NA,NA,NA,between 5 to 10km,point,google maps,Unguja,,,yes,combination,yes,IRS,larvae,NA,,NA,,NA,,NA,0,,no,yes,no,NA,NA,2011,2011,wet,,NA,,quadriannulatus,,morph,genetic/molecular
NA,no,yes,yes,none,1002205,10.1186/1756-3305-6-343,Jones,"The dynamics of pyrethroid resistance in
Anopheles arabiensis from Zanzibar and an
assessment of the underlying genetic basis",Parasites & Vectors,2013,na,,no,,tanzania,Chwale,-5.1,39.81,NA,NA,NA,NA,NA,NA,NA,NA,NA,NA,NA,NA,NA,NA,within 5km,point,google maps,Pemba,,,yes,combination,yes,IRS,larvae,NA,,NA,,NA,,NA,23,,yes,no,no,NA,NA,2011,2011,wet,,NA,,arabiensis,,morph,genetic/molecular
NA,no,yes,yes,none,1002205,10.1186/1756-3305-6-343,Jones,"The dynamics of pyrethroid resistance in
Anopheles arabiensis from Zanzibar and an
assessment of the underlying genetic basis",Parasites & Vectors,2013,na,,no,,tanzania,Chwale,-5.1,39.81,NA,NA,NA,NA,NA,NA,NA,NA,NA,NA,NA,NA,NA,NA,within 5km,point,google maps,Pemba,,,yes,combination,yes,IRS,larvae,NA,,NA,,NA,,NA,0,,no,yes,no,NA,NA,2011,2011,wet,,NA,,merus,,morph,genetic/molecular
NA,no,yes,yes,none,1002205,10.1186/1756-3305-6-343,Jones,"The dynamics of pyrethroid resistance in
Anopheles arabiensis from Zanzibar and an
assessment of the underlying genetic basis",Parasites & Vectors,2013,na,,no,,tanzania,Chwale,-5.1,39.81,NA,NA,NA,NA,NA,NA,NA,NA,NA,NA,NA,NA,NA,NA,within 5km,point,google maps,Pemba,,,yes,combination,yes,IRS,larvae,NA,,NA,,NA,,NA,0,,no,yes,no,NA,NA,2011,2011,wet,,NA,,gambiae_s form,,morph,genetic/molecular
NA,no,yes,yes,none,1002205,10.1186/1756-3305-6-343,Jones,"The dynamics of pyrethroid resistance in
Anopheles arabiensis from Zanzibar and an
assessment of the underlying genetic basis",Parasites & Vectors,2013,na,,no,,tanzania,Chwale,-5.1,39.81,NA,NA,NA,NA,NA,NA,NA,NA,NA,NA,NA,NA,NA,NA,within 5km,point,google maps,Pemba,,,yes,combination,yes,IRS,larvae,NA,,NA,,NA,,NA,0,,no,yes,no,NA,NA,2011,2011,wet,,NA,,quadriannulatus,,morph,genetic/molecular
NA,no,yes,yes,none,1002205,10.1186/1756-3305-6-343,Jones,"The dynamics of pyrethroid resistance in
Anopheles arabiensis from Zanzibar and an
assessment of the underlying genetic basis",Parasites & Vectors,2013,na,,no,,tanzania,Kiungoni,-5.05,39.82,NA,NA,NA,NA,NA,NA,NA,NA,NA,NA,NA,NA,NA,NA,within 5km,point,google maps,Pemba,,,yes,combination,yes,IRS,larvae,NA,,NA,,NA,,NA,24,,yes,no,no,NA,NA,2011,2011,wet,,NA,,arabiensis,,morph,genetic/molecular
NA,no,yes,yes,none,1002205,10.1186/1756-3305-6-343,Jones,"The dynamics of pyrethroid resistance in
Anopheles arabiensis from Zanzibar and an
assessment of the underlying genetic basis",Parasites & Vectors,2013,na,,no,,tanzania,Kiungoni,-5.05,39.82,NA,NA,NA,NA,NA,NA,NA,NA,NA,NA,NA,NA,NA,NA,within 5km,point,google maps,Pemba,,,yes,combination,yes,IRS,larvae,NA,,NA,,NA,,NA,0,,no,yes,no,NA,NA,2011,2011,wet,,NA,,merus,,morph,genetic/molecular
NA,no,yes,yes,none,1002205,10.1186/1756-3305-6-343,Jones,"The dynamics of pyrethroid resistance in
Anopheles arabiensis from Zanzibar and an
assessment of the underlying genetic basis",Parasites & Vectors,2013,na,,no,,tanzania,Kiungoni,-5.05,39.82,NA,NA,NA,NA,NA,NA,NA,NA,NA,NA,NA,NA,NA,NA,within 5km,point,google maps,Pemba,,,yes,combination,yes,IRS,larvae,NA,,NA,,NA,,NA,0,,no,yes,no,NA,NA,2011,2011,wet,,NA,,gambiae_s form,,morph,genetic/molecular
NA,no,yes,yes,none,1002205,10.1186/1756-3305-6-343,Jones,"The dynamics of pyrethroid resistance in
Anopheles arabiensis from Zanzibar and an
assessment of the underlying genetic basis",Parasites & Vectors,2013,na,,no,,tanzania,Kiungoni,-5.05,39.82,NA,NA,NA,NA,NA,NA,NA,NA,NA,NA,NA,NA,NA,NA,within 5km,point,google maps,Pemba,,,yes,combination,yes,IRS,larvae,NA,,NA,,NA,,NA,0,,no,yes,no,NA,NA,2011,2011,wet,,NA,,quadriannulatus,,morph,genetic/molecular
NA,no,yes,yes,none,1002205,10.1186/1756-3305-6-343,Jones,"The dynamics of pyrethroid resistance in
Anopheles arabiensis from Zanzibar and an
assessment of the underlying genetic basis",Parasites & Vectors,2013,na,,no,,tanzania,Uwandani,-5.2,39.84,NA,NA,NA,NA,NA,NA,NA,NA,NA,NA,NA,NA,NA,NA,between 5 to 10km,point,google maps,Pemba,,,yes,combination,yes,IRS,larvae,NA,,NA,,NA,,NA,24,,yes,no,no,NA,NA,2011,2011,wet,,NA,,arabiensis,,morph,genetic/molecular
NA,no,yes,yes,none,1002205,10.1186/1756-3305-6-343,Jones,"The dynamics of pyrethroid resistance in
Anopheles arabiensis from Zanzibar and an
assessment of the underlying genetic basis",Parasites & Vectors,2013,na,,no,,tanzania,Uwandani,-5.2,39.84,NA,NA,NA,NA,NA,NA,NA,NA,NA,NA,NA,NA,NA,NA,between 5 to 10km,point,google maps,Pemba,,,yes,combination,yes,IRS,larvae,NA,,NA,,NA,,NA,0,,no,yes,no,NA,NA,2011,2011,wet,,NA,,merus,,morph,genetic/molecular
NA,no,yes,yes,none,1002205,10.1186/1756-3305-6-343,Jones,"The dynamics of pyrethroid resistance in
Anopheles arabiensis from Zanzibar and an
assessment of the underlying genetic basis",Parasites & Vectors,2013,na,,no,,tanzania,Uwandani,-5.2,39.84,NA,NA,NA,NA,NA,NA,NA,NA,NA,NA,NA,NA,NA,NA,between 5 to 10km,point,google maps,Pemba,,,yes,combination,yes,IRS,larvae,NA,,NA,,NA,,NA,0,,no,yes,no,NA,NA,2011,2011,wet,,NA,,gambiae_s form,,morph,genetic/molecular
NA,no,yes,yes,none,1002205,10.1186/1756-3305-6-343,Jones,"The dynamics of pyrethroid resistance in
Anopheles arabiensis from Zanzibar and an
assessment of the underlying genetic basis",Parasites & Vectors,2013,na,,no,,tanzania,Uwandani,-5.2,39.84,NA,NA,NA,NA,NA,NA,NA,NA,NA,NA,NA,NA,NA,NA,between 5 to 10km,point,google maps,Pemba,,,yes,combination,yes,IRS,larvae,NA,,NA,,NA,,NA,0,,no,yes,no,NA,NA,2011,2011,wet,,NA,,quadriannulatus,,morph,genetic/molecular
NA,no,yes,yes,none,1002205,10.1186/1756-3305-6-343,Jones,"The dynamics of pyrethroid resistance in
Anopheles arabiensis from Zanzibar and an
assessment of the underlying genetic basis",Parasites & Vectors,2013,na,,no,,tanzania,Chuini,-6.09,39.22,NA,NA,NA,NA,NA,NA,NA,NA,NA,NA,NA,NA,NA,NA,between 5 to 10km,point,google maps,Unguja,,,yes,combination,yes,IRS,larvae,NA,,NA,,NA,,NA,72,,yes,no,no,NA,NA,2012,2012,wet,,NA,,arabiensis,,morph,genetic/molecular
NA,no,yes,yes,none,1002205,10.1186/1756-3305-6-343,Jones,"The dynamics of pyrethroid resistance in
Anopheles arabiensis from Zanzibar and an
assessment of the underlying genetic basis",Parasites & Vectors,2013,na,,no,,tanzania,Chuini,-6.09,39.22,NA,NA,NA,NA,NA,NA,NA,NA,NA,NA,NA,NA,NA,NA,between 5 to 10km,point,google maps,Unguja,,,yes,combination,yes,IRS,larvae,NA,,NA,,NA,,NA,0,,no,yes,no,NA,NA,2012,2012,wet,,NA,,merus,,morph,genetic/molecular
NA,no,yes,yes,none,1002205,10.1186/1756-3305-6-343,Jones,"The dynamics of pyrethroid resistance in
Anopheles arabiensis from Zanzibar and an
assessment of the underlying genetic basis",Parasites & Vectors,2013,na,,no,,tanzania,Chuini,-6.09,39.22,NA,NA,NA,NA,NA,NA,NA,NA,NA,NA,NA,NA,NA,NA,between 5 to 10km,point,google maps,Unguja,,,yes,combination,yes,IRS,larvae,NA,,NA,,NA,,NA,0,,no,yes,no,NA,NA,2012,2012,wet,,NA,,gambiae_s form,,morph,genetic/molecular
NA,no,yes,yes,none,1002205,10.1186/1756-3305-6-343,Jones,"The dynamics of pyrethroid resistance in
Anopheles arabiensis from Zanzibar and an
assessment of the underlying genetic basis",Parasites & Vectors,2013,na,,no,,tanzania,Chuini,-6.09,39.22,NA,NA,NA,NA,NA,NA,NA,NA,NA,NA,NA,NA,NA,NA,between 5 to 10km,point,google maps,Unguja,,,yes,combination,yes,IRS,larvae,NA,,NA,,NA,,NA,0,,no,yes,no,NA,NA,2012,2012,wet,,NA,,quadriannulatus,,morph,genetic/molecular
NA,no,yes,yes,none,1002205,10.1186/1756-3305-6-343,Jones,"The dynamics of pyrethroid resistance in
Anopheles arabiensis from Zanzibar and an
assessment of the underlying genetic basis",Parasites & Vectors,2013,na,,no,,tanzania,Mwera,-7.98,39.65,NA,NA,NA,NA,NA,NA,NA,NA,NA,NA,NA,NA,NA,NA,within 5km,point,google maps,Unguja,,,yes,combination,yes,IRS,larvae,NA,,NA,,NA,,NA,110,,yes,no,no,NA,NA,2012,2012,wet,,NA,,arabiensis,,morph,genetic/molecular
NA,no,yes,yes,none,1002205,10.1186/1756-3305-6-343,Jones,"The dynamics of pyrethroid resistance in
Anopheles arabiensis from Zanzibar and an
assessment of the underlying genetic basis",Parasites & Vectors,2013,na,,no,,tanzania,Mwera,-7.98,39.65,NA,NA,NA,NA,NA,NA,NA,NA,NA,NA,NA,NA,NA,NA,within 5km,point,google maps,Unguja,,,yes,combination,yes,IRS,larvae,NA,,NA,,NA,,NA,0,,no,yes,no,NA,NA,2012,2012,wet,,NA,,merus,,morph,genetic/molecular
NA,no,yes,yes,none,1002205,10.1186/1756-3305-6-343,Jones,"The dynamics of pyrethroid resistance in
Anopheles arabiensis from Zanzibar and an
assessment of the underlying genetic basis",Parasites & Vectors,2013,na,,no,,tanzania,Mwera,-7.98,39.65,NA,NA,NA,NA,NA,NA,NA,NA,NA,NA,NA,NA,NA,NA,within 5km,point,google maps,Unguja,,,yes,combination,yes,IRS,larvae,NA,,NA,,NA,,NA,0,,no,yes,no,NA,NA,2012,2012,wet,,NA,,gambiae_s form,,morph,genetic/molecular
NA,no,yes,yes,none,1002205,10.1186/1756-3305-6-343,Jones,"The dynamics of pyrethroid resistance in
Anopheles arabiensis from Zanzibar and an
assessment of the underlying genetic basis",Parasites & Vectors,2013,na,,no,,tanzania,Mwera,-7.98,39.65,NA,NA,NA,NA,NA,NA,NA,NA,NA,NA,NA,NA,NA,NA,within 5km,point,google maps,Unguja,,,yes,combination,yes,IRS,larvae,NA,,NA,,NA,,NA,0,,no,yes,no,NA,NA,2012,2012,wet,,NA,,quadriannulatus,,morph,genetic/molecular
NA,no,yes,yes,none,1002205,10.1186/1756-3305-6-343,Jones,"The dynamics of pyrethroid resistance in
Anopheles arabiensis from Zanzibar and an
assessment of the underlying genetic basis",Parasites & Vectors,2013,na,,no,,tanzania,Tumbe,-4.95,39.79,NA,NA,NA,NA,NA,NA,NA,NA,NA,NA,NA,NA,NA,NA,within 5km,point,google maps,Pemba,,,yes,combination,yes,IRS,larvae,NA,,NA,,NA,,NA,206,,yes,no,no,NA,NA,2012,2012,wet,,NA,,arabiensis,,morph,genetic/molecular
NA,no,yes,yes,none,1002205,10.1186/1756-3305-6-343,Jones,"The dynamics of pyrethroid resistance in
Anopheles arabiensis from Zanzibar and an
assessment of the underlying genetic basis",Parasites & Vectors,2013,na,,no,,tanzania,Tumbe,-4.95,39.79,NA,NA,NA,NA,NA,NA,NA,NA,NA,NA,NA,NA,NA,NA,within 5km,point,google maps,Pemba,,,yes,combination,yes,IRS,larvae,NA,,NA,,NA,,NA,134,,yes,no,no,NA,NA,2012,2012,wet,,NA,,merus,,morph,genetic/molecular
NA,no,yes,yes,none,1002205,10.1186/1756-3305-6-343,Jones,"The dynamics of pyrethroid resistance in
Anopheles arabiensis from Zanzibar and an
assessment of the underlying genetic basis",Parasites & Vectors,2013,na,,no,,tanzania,Tumbe,-4.95,39.79,NA,NA,NA,NA,NA,NA,NA,NA,NA,NA,NA,NA,NA,NA,within 5km,point,google maps,Pemba,,,yes,combination,yes,IRS,larvae,NA,,NA,,NA,,NA,0,,no,yes,no,NA,NA,2012,2012,wet,,NA,,gambiae_s form,,morph,genetic/molecular
NA,no,yes,yes,none,1002205,10.1186/1756-3305-6-343,Jones,"The dynamics of pyrethroid resistance in
Anopheles arabiensis from Zanzibar and an
assessment of the underlying genetic basis",Parasites & Vectors,2013,na,,no,,tanzania,Tumbe,-4.95,39.79,NA,NA,NA,NA,NA,NA,NA,NA,NA,NA,NA,NA,NA,NA,within 5km,point,google maps,Pemba,,,yes,combination,yes,IRS,larvae,NA,,NA,,NA,,NA,0,,no,yes,no,NA,NA,2012,2012,wet,,NA,,quadriannulatus,,morph,genetic/molecular
NA,no,yes,yes,none,1002205,10.1186/1756-3305-6-343,Jones,"The dynamics of pyrethroid resistance in
Anopheles arabiensis from Zanzibar and an
assessment of the underlying genetic basis",Parasites & Vectors,2013,na,,no,,tanzania,Mangwena,-5.05,39.72,NA,NA,NA,NA,NA,NA,NA,NA,NA,NA,NA,NA,NA,NA,within 5km,point,google maps,Pemba,,,yes,combination,yes,IRS,larvae,NA,,NA,,NA,,NA,284,,yes,no,no,NA,NA,2012,2012,wet,,NA,,arabiensis,,morph,genetic/molecular
NA,no,yes,yes,none,1002205,10.1186/1756-3305-6-343,Jones,"The dynamics of pyrethroid resistance in
Anopheles arabiensis from Zanzibar and an
assessment of the underlying genetic basis",Parasites & Vectors,2013,na,,no,,tanzania,Mangwena,-5.05,39.72,NA,NA,NA,NA,NA,NA,NA,NA,NA,NA,NA,NA,NA,NA,within 5km,point,google maps,Pemba,,,yes,combination,yes,IRS,larvae,NA,,NA,,NA,,NA,4,,yes,no,no,NA,NA,2012,2012,wet,,NA,,merus,,morph,genetic/molecular
NA,no,yes,yes,none,1002205,10.1186/1756-3305-6-343,Jones,"The dynamics of pyrethroid resistance in
Anopheles arabiensis from Zanzibar and an
assessment of the underlying genetic basis",Parasites & Vectors,2013,na,,no,,tanzania,Mangwena,-5.05,39.72,NA,NA,NA,NA,NA,NA,NA,NA,NA,NA,NA,NA,NA,NA,within 5km,point,google maps,Pemba,,,yes,combination,yes,IRS,larvae,NA,,NA,,NA,,NA,0,,no,yes,no,NA,NA,2012,2012,wet,,NA,,gambiae_s form,,morph,genetic/molecular
NA,no,yes,yes,none,1002205,10.1186/1756-3305-6-343,Jones,"The dynamics of pyrethroid resistance in
Anopheles arabiensis from Zanzibar and an
assessment of the underlying genetic basis",Parasites & Vectors,2013,na,,no,,tanzania,Mangwena,-5.05,39.72,NA,NA,NA,NA,NA,NA,NA,NA,NA,NA,NA,NA,NA,NA,within 5km,point,google maps,Pemba,,,yes,combination,yes,IRS,larvae,NA,,NA,,NA,,NA,0,,no,yes,no,NA,NA,2012,2012,wet,,NA,,quadriannulatus,,morph,genetic/molecular
NA,no,yes,yes,none,1002205,10.1186/1756-3305-6-343,Jones,"The dynamics of pyrethroid resistance in
Anopheles arabiensis from Zanzibar and an
assessment of the underlying genetic basis",Parasites & Vectors,2013,na,,no,,tanzania,Chuini,-6.09,39.22,NA,NA,NA,NA,NA,NA,NA,NA,NA,NA,NA,NA,NA,NA,between 5 to 10km,point,google maps,Unguja,,,yes,combination,yes,,larvae,NA,,NA,,NA,,NA,102,,yes,no,no,NA,NA,2013,2013,wet,,NA,,arabiensis,,morph,genetic/molecular
NA,no,yes,yes,none,1002205,10.1186/1756-3305-6-343,Jones,"The dynamics of pyrethroid resistance in
Anopheles arabiensis from Zanzibar and an
assessment of the underlying genetic basis",Parasites & Vectors,2013,na,,no,,tanzania,Chuini,-6.09,39.22,NA,NA,NA,NA,NA,NA,NA,NA,NA,NA,NA,NA,NA,NA,between 5 to 10km,point,google maps,Unguja,,,yes,combination,yes,IRS,larvae,NA,,NA,,NA,,NA,0,,no,yes,no,NA,NA,2013,2013,wet,,NA,,merus,,morph,genetic/molecular
NA,no,yes,yes,none,1002205,10.1186/1756-3305-6-343,Jones,"The dynamics of pyrethroid resistance in
Anopheles arabiensis from Zanzibar and an
assessment of the underlying genetic basis",Parasites & Vectors,2013,na,,no,,tanzania,Chuini,-6.09,39.22,NA,NA,NA,NA,NA,NA,NA,NA,NA,NA,NA,NA,NA,NA,between 5 to 10km,point,google maps,Unguja,,,yes,combination,yes,IRS,larvae,NA,,NA,,NA,,NA,0,,no,yes,no,NA,NA,2013,2013,wet,,NA,,gambiae_s form,,morph,genetic/molecular
NA,no,yes,yes,none,1002205,10.1186/1756-3305-6-343,Jones,"The dynamics of pyrethroid resistance in
Anopheles arabiensis from Zanzibar and an
assessment of the underlying genetic basis",Parasites & Vectors,2013,na,,no,,tanzania,Chuini,-6.09,39.22,NA,NA,NA,NA,NA,NA,NA,NA,NA,NA,NA,NA,NA,NA,between 5 to 10km,point,google maps,Unguja,,,yes,combination,yes,IRS,larvae,NA,,NA,,NA,,NA,0,,no,yes,no,NA,NA,2013,2013,wet,,NA,,quadriannulatus,,morph,genetic/molecular
NA,no,yes,yes,none,1002205,10.1186/1756-3305-6-343,Jones,"The dynamics of pyrethroid resistance in
Anopheles arabiensis from Zanzibar and an
assessment of the underlying genetic basis",Parasites & Vectors,2013,na,,no,,tanzania,Mwera,-7.98,39.65,NA,NA,NA,NA,NA,NA,NA,NA,NA,NA,NA,NA,NA,NA,within 5km,point,google maps,Unguja,,,yes,combination,yes,IRS,larvae,NA,,NA,,NA,,NA,71,,yes,no,no,NA,NA,2013,2013,wet,,NA,,arabiensis,,morph,genetic/molecular
NA,no,yes,yes,none,1002205,10.1186/1756-3305-6-343,Jones,"The dynamics of pyrethroid resistance in
Anopheles arabiensis from Zanzibar and an
assessment of the underlying genetic basis",Parasites & Vectors,2013,na,,no,,tanzania,Mwera,-7.98,39.65,NA,NA,NA,NA,NA,NA,NA,NA,NA,NA,NA,NA,NA,NA,within 5km,point,google maps,Unguja,,,yes,combination,yes,IRS,larvae,NA,,NA,,NA,,NA,0,,no,yes,no,NA,NA,2013,2013,wet,,NA,,merus,,morph,genetic/molecular
NA,no,yes,yes,none,1002205,10.1186/1756-3305-6-343,Jones,"The dynamics of pyrethroid resistance in
Anopheles arabiensis from Zanzibar and an
assessment of the underlying genetic basis",Parasites & Vectors,2013,na,,no,,tanzania,Mwera,-7.98,39.65,NA,NA,NA,NA,NA,NA,NA,NA,NA,NA,NA,NA,NA,NA,within 5km,point,google maps,Unguja,,,yes,combination,yes,IRS,larvae,NA,,NA,,NA,,NA,0,,no,yes,no,NA,NA,2013,2013,wet,,NA,,gambiae_s form,,morph,genetic/molecular
NA,no,yes,yes,none,1002205,10.1186/1756-3305-6-343,Jones,"The dynamics of pyrethroid resistance in
Anopheles arabiensis from Zanzibar and an
assessment of the underlying genetic basis",Parasites & Vectors,2013,na,,no,,tanzania,Mwera,-7.98,39.65,NA,NA,NA,NA,NA,NA,NA,NA,NA,NA,NA,NA,NA,NA,within 5km,point,google maps,Unguja,,,yes,combination,yes,IRS,larvae,NA,,NA,,NA,,NA,0,,no,yes,no,NA,NA,2013,2013,wet,,NA,,quadriannulatus,,morph,genetic/molecular
NA,no,yes,yes,none,1002205,10.1186/1756-3305-6-343,Jones,"The dynamics of pyrethroid resistance in
Anopheles arabiensis from Zanzibar and an
assessment of the underlying genetic basis",Parasites & Vectors,2013,na,,no,,tanzania,Kilimani,-6.179,39.212,NA,NA,NA,NA,NA,NA,NA,NA,NA,NA,NA,NA,NA,NA,between 5 to 10km,point,google maps,Unguja,,,yes,combination,yes,IRS,larvae,NA,,NA,,NA,,NA,66,,yes,no,no,NA,NA,2013,2013,wet,,NA,,arabiensis,,morph,genetic/molecular
NA,no,yes,yes,none,1002205,10.1186/1756-3305-6-343,Jones,"The dynamics of pyrethroid resistance in
Anopheles arabiensis from Zanzibar and an
assessment of the underlying genetic basis",Parasites & Vectors,2013,na,,no,,tanzania,Kilimani,-6.179,39.212,NA,NA,NA,NA,NA,NA,NA,NA,NA,NA,NA,NA,NA,NA,between 5 to 10km,point,google maps,Unguja,,,yes,combination,yes,IRS,larvae,NA,,NA,,NA,,NA,0,,yes,no,no,NA,NA,2013,2013,wet,,NA,,merus,,morph,genetic/molecular
NA,no,yes,yes,none,1002205,10.1186/1756-3305-6-343,Jones,"The dynamics of pyrethroid resistance in
Anopheles arabiensis from Zanzibar and an
assessment of the underlying genetic basis",Parasites & Vectors,2013,na,,no,,tanzania,Kilimani,-6.179,39.212,NA,NA,NA,NA,NA,NA,NA,NA,NA,NA,NA,NA,NA,NA,between 5 to 10km,point,google maps,Unguja,,,yes,combination,yes,IRS,larvae,NA,,NA,,NA,,NA,0,,yes,no,no,NA,NA,2013,2013,wet,,NA,,gambiae_s form,,morph,genetic/molecular
NA,no,yes,yes,none,1002205,10.1186/1756-3305-6-343,Jones,"The dynamics of pyrethroid resistance in
Anopheles arabiensis from Zanzibar and an
assessment of the underlying genetic basis",Parasites & Vectors,2013,na,,no,,tanzania,Kilimani,-6.179,39.212,NA,NA,NA,NA,NA,NA,NA,NA,NA,NA,NA,NA,NA,NA,between 5 to 10km,point,google maps,Unguja,,,yes,combination,yes,IRS,larvae,NA,,NA,,NA,,NA,0,,no,yes,no,NA,NA,2013,2013,wet,,NA,,quadriannulatus,,morph,genetic/molecular
NA,no,yes,yes,none,1002205,10.1186/1756-3305-6-343,Jones,"The dynamics of pyrethroid resistance in
Anopheles arabiensis from Zanzibar and an
assessment of the underlying genetic basis",Parasites & Vectors,2013,na,,no,,tanzania,Cheju,-6.212,39.381,NA,NA,NA,NA,NA,NA,NA,NA,NA,NA,NA,NA,NA,NA,between 5 to 10km,point,google maps,Unguja,,,yes,combination,yes,IRS,larvae,NA,,NA,,NA,,NA,16,,yes,no,no,NA,NA,2013,2013,wet,,NA,,arabiensis,,morph,genetic/molecular
NA,no,yes,yes,none,1002205,10.1186/1756-3305-6-343,Jones,"The dynamics of pyrethroid resistance in
Anopheles arabiensis from Zanzibar and an
assessment of the underlying genetic basis",Parasites & Vectors,2013,na,,no,,tanzania,Cheju,-6.212,39.381,NA,NA,NA,NA,NA,NA,NA,NA,NA,NA,NA,NA,NA,NA,between 5 to 10km,point,google maps,Unguja,,,yes,combination,yes,IRS,larvae,NA,,NA,,NA,,NA,0,,yes,no,no,NA,NA,2013,2013,wet,,NA,,merus,,morph,genetic/molecular
NA,no,yes,yes,none,1002205,10.1186/1756-3305-6-343,Jones,"The dynamics of pyrethroid resistance in
Anopheles arabiensis from Zanzibar and an
assessment of the underlying genetic basis",Parasites & Vectors,2013,na,,no,,tanzania,Cheju,-6.212,39.381,NA,NA,NA,NA,NA,NA,NA,NA,NA,NA,NA,NA,NA,NA,between 5 to 10km,point,google maps,Unguja,,,yes,combination,yes,IRS,larvae,NA,,NA,,NA,,NA,6,,yes,no,no,NA,NA,2013,2013,wet,,NA,,gambiae_s form,,morph,genetic/molecular
NA,no,yes,yes,none,1002205,10.1186/1756-3305-6-343,Jones,"The dynamics of pyrethroid resistance in
Anopheles arabiensis from Zanzibar and an
assessment of the underlying genetic basis",Parasites & Vectors,2013,na,,no,,tanzania,Cheju,-6.212,39.381,NA,NA,NA,NA,NA,NA,NA,NA,NA,NA,NA,NA,NA,NA,between 5 to 10km,point,google maps,Unguja,,,yes,combination,yes,IRS,larvae,NA,,NA,,NA,,NA,6,,no,yes,no,NA,NA,2013,2013,wet,,NA,,quadriannulatus,,morph,genetic/molecular
NA,no,yes,yes,none,1002205,10.1186/1756-3305-6-343,Jones,"The dynamics of pyrethroid resistance in
Anopheles arabiensis from Zanzibar and an
assessment of the underlying genetic basis",Parasites & Vectors,2013,na,,no,,tanzania,Pujini,-5.3,39.81,NA,NA,NA,NA,NA,NA,NA,NA,NA,NA,NA,NA,NA,NA,within 5km,point,google maps,Pemba,,,yes,combination,yes,IRS,larvae,NA,,NA,,NA,,NA,75,,yes,no,no,NA,NA,2013,2013,wet,,NA,,arabiensis,,morph,genetic/molecular
NA,no,yes,yes,none,1002205,10.1186/1756-3305-6-343,Jones,"The dynamics of pyrethroid resistance in
Anopheles arabiensis from Zanzibar and an
assessment of the underlying genetic basis",Parasites & Vectors,2013,na,,no,,tanzania,Pujini,-5.3,39.81,NA,NA,NA,NA,NA,NA,NA,NA,NA,NA,NA,NA,NA,NA,within 5km,point,google maps,Pemba,,,yes,combination,yes,IRS,larvae,NA,,NA,,NA,,NA,0,,no,yes,no,NA,NA,2013,2013,wet,,NA,,merus,,morph,genetic/molecular
NA,no,yes,yes,none,1002205,10.1186/1756-3305-6-343,Jones,"The dynamics of pyrethroid resistance in
Anopheles arabiensis from Zanzibar and an
assessment of the underlying genetic basis",Parasites & Vectors,2013,na,,no,,tanzania,Pujini,-5.3,39.81,NA,NA,NA,NA,NA,NA,NA,NA,NA,NA,NA,NA,NA,NA,within 5km,point,google maps,Pemba,,,yes,combination,yes,IRS,larvae,NA,,NA,,NA,,NA,0,,no,yes,no,NA,NA,2013,2013,wet,,NA,,gambiae_s form,,morph,genetic/molecular
NA,no,yes,yes,none,1002205,10.1186/1756-3305-6-343,Jones,"The dynamics of pyrethroid resistance in
Anopheles arabiensis from Zanzibar and an
assessment of the underlying genetic basis",Parasites & Vectors,2013,na,,no,,tanzania,Pujini,-5.3,39.81,NA,NA,NA,NA,NA,NA,NA,NA,NA,NA,NA,NA,NA,NA,within 5km,point,google maps,Pemba,,,yes,combination,yes,IRS,larvae,NA,,NA,,NA,,NA,0,,no,yes,no,NA,NA,2013,2013,wet,,NA,,quadriannulatus,,morph,genetic/molecular
NA,no,yes,yes,none,1002205,10.1186/1756-3305-6-343,Jones,"The dynamics of pyrethroid resistance in
Anopheles arabiensis from Zanzibar and an
assessment of the underlying genetic basis",Parasites & Vectors,2013,na,,no,,tanzania,Kiungoni,-5.05,39.82,NA,NA,NA,NA,NA,NA,NA,NA,NA,NA,NA,NA,NA,NA,within 5km,point,google maps,Pemba,,,yes,combination,yes,IRS,larvae,NA,,NA,,NA,,NA,92,,yes,no,no,NA,NA,2013,2013,wet,,NA,,arabiensis,,morph,genetic/molecular
NA,no,yes,yes,none,1002205,10.1186/1756-3305-6-343,Jones,"The dynamics of pyrethroid resistance in
Anopheles arabiensis from Zanzibar and an
assessment of the underlying genetic basis",Parasites & Vectors,2013,na,,no,,tanzania,Kiungoni,-5.05,39.82,NA,NA,NA,NA,NA,NA,NA,NA,NA,NA,NA,NA,NA,NA,within 5km,point,google maps,Pemba,,,yes,combination,yes,IRS,larvae,NA,,NA,,NA,,NA,0,,no,yes,no,NA,NA,2013,2013,wet,,NA,,merus,,morph,genetic/molecular
NA,no,yes,yes,none,1002205,10.1186/1756-3305-6-343,Jones,"The dynamics of pyrethroid resistance in
Anopheles arabiensis from Zanzibar and an
assessment of the underlying genetic basis",Parasites & Vectors,2013,na,,no,,tanzania,Kiungoni,-5.05,39.82,NA,NA,NA,NA,NA,NA,NA,NA,NA,NA,NA,NA,NA,NA,within 5km,point,google maps,Pemba,,,yes,combination,yes,IRS,larvae,NA,,NA,,NA,,NA,0,,no,yes,no,NA,NA,2013,2013,wet,,NA,,gambiae_s form,,morph,genetic/molecular
NA,no,yes,yes,none,1002205,10.1186/1756-3305-6-343,Jones,"The dynamics of pyrethroid resistance in
Anopheles arabiensis from Zanzibar and an
assessment of the underlying genetic basis",Parasites & Vectors,2013,na,,no,,tanzania,Kiungoni,-5.05,39.82,NA,NA,NA,NA,NA,NA,NA,NA,NA,NA,NA,NA,NA,NA,within 5km,point,google maps,Pemba,,,yes,combination,yes,IRS,larvae,NA,,NA,,NA,,NA,0,,no,yes,no,NA,NA,2013,2013,wet,,NA,,quadriannulatus,,morph,genetic/molecular
NA,no,yes,yes,none,1002205,10.1186/1756-3305-6-343,Jones,"The dynamics of pyrethroid resistance in
Anopheles arabiensis from Zanzibar and an
assessment of the underlying genetic basis",Parasites & Vectors,2013,na,,no,,tanzania,Uwandani,-5.2,39.84,NA,NA,NA,NA,NA,NA,NA,NA,NA,NA,NA,NA,NA,NA,between 5 to 10km,point,google maps,Pemba,,,yes,combination,yes,IRS,larvae,NA,,NA,,NA,,NA,69,,yes,no,no,NA,NA,2013,2013,wet,,NA,,arabiensis,,morph,genetic/molecular
NA,no,yes,yes,none,1002205,10.1186/1756-3305-6-343,Jones,"The dynamics of pyrethroid resistance in
Anopheles arabiensis from Zanzibar and an
assessment of the underlying genetic basis",Parasites & Vectors,2013,na,,no,,tanzania,Uwandani,-5.2,39.84,NA,NA,NA,NA,NA,NA,NA,NA,NA,NA,NA,NA,NA,NA,between 5 to 10km,point,google maps,Pemba,,,yes,combination,yes,IRS,larvae,NA,,NA,,NA,,NA,0,,no,yes,no,NA,NA,2013,2013,wet,,NA,,merus,,morph,genetic/molecular
NA,no,yes,yes,none,1002205,10.1186/1756-3305-6-343,Jones,"The dynamics of pyrethroid resistance in
Anopheles arabiensis from Zanzibar and an
assessment of the underlying genetic basis",Parasites & Vectors,2013,na,,no,,tanzania,Uwandani,-5.2,39.84,NA,NA,NA,NA,NA,NA,NA,NA,NA,NA,NA,NA,NA,NA,between 5 to 10km,point,google maps,Pemba,,,yes,combination,yes,IRS,larvae,NA,,NA,,NA,,NA,0,,no,yes,no,NA,NA,2013,2013,wet,,NA,,gambiae_s form,,morph,genetic/molecular
NA,no,yes,yes,none,1002205,10.1186/1756-3305-6-343,Jones,"The dynamics of pyrethroid resistance in
Anopheles arabiensis from Zanzibar and an
assessment of the underlying genetic basis",Parasites & Vectors,2013,na,,no,,tanzania,Uwandani,-5.2,39.84,NA,NA,NA,NA,NA,NA,NA,NA,NA,NA,NA,NA,NA,NA,between 5 to 10km,point,google maps,Pemba,,,yes,combination,yes,IRS,larvae,NA,,NA,,NA,,NA,0,,no,yes,no,NA,NA,2013,2013,wet,,NA,,quadriannulatus,,morph,genetic/molecular
NA,no,yes,yes,none,1002205,10.1186/1756-3305-6-343,Jones,"The dynamics of pyrethroid resistance in
Anopheles arabiensis from Zanzibar and an
assessment of the underlying genetic basis",Parasites & Vectors,2013,na,,no,,tanzania,Tumbe,-4.95,39.79,NA,NA,NA,NA,NA,NA,NA,NA,NA,NA,NA,NA,NA,NA,within 5km,point,google maps,Pemba,,,yes,combination,yes,IRS,larvae,NA,,NA,,NA,,NA,70,,yes,no,no,NA,NA,2013,2013,wet,,NA,,arabiensis,,morph,genetic/molecular
NA,no,yes,yes,none,1002205,10.1186/1756-3305-6-343,Jones,"The dynamics of pyrethroid resistance in
Anopheles arabiensis from Zanzibar and an
assessment of the underlying genetic basis",Parasites & Vectors,2013,na,,no,,tanzania,Tumbe,-4.95,39.79,NA,NA,NA,NA,NA,NA,NA,NA,NA,NA,NA,NA,NA,NA,within 5km,point,google maps,Pemba,,,yes,combination,yes,IRS,larvae,NA,,NA,,NA,,NA,0,,yes,no,no,NA,NA,2013,2013,wet,,NA,,merus,,morph,genetic/molecular
NA,no,yes,yes,none,1002205,10.1186/1756-3305-6-343,Jones,"The dynamics of pyrethroid resistance in
Anopheles arabiensis from Zanzibar and an
assessment of the underlying genetic basis",Parasites & Vectors,2013,na,,no,,tanzania,Tumbe,-4.95,39.79,NA,NA,NA,NA,NA,NA,NA,NA,NA,NA,NA,NA,NA,NA,within 5km,point,google maps,Pemba,,,yes,combination,yes,IRS,larvae,NA,,NA,,NA,,NA,1,,no,yes,no,NA,NA,2013,2013,wet,,NA,,gambiae_s form,,morph,genetic/molecular
NA,no,yes,yes,none,1002205,10.1186/1756-3305-6-343,Jones,"The dynamics of pyrethroid resistance in
Anopheles arabiensis from Zanzibar and an
assessment of the underlying genetic basis",Parasites & Vectors,2013,na,,no,,tanzania,Tumbe,-4.95,39.79,NA,NA,NA,NA,NA,NA,NA,NA,NA,NA,NA,NA,NA,NA,within 5km,point,google maps,Pemba,,,yes,combination,yes,IRS,larvae,NA,,NA,,NA,,NA,0,,no,yes,no,NA,NA,2013,2013,wet,,NA,,quadriannulatus,,morph,genetic/molecular
NA,no,yes,yes,phenotypic,1002205,10.1186/1756-3305-6-343,Jones,"The dynamics of pyrethroid resistance in
Anopheles arabiensis from Zanzibar and an
assessment of the underlying genetic basis",Parasites & Vectors,2013,na,,no,,tanzania,Kilimani,-6.179,39.212,NA,NA,NA,NA,NA,NA,NA,NA,NA,NA,NA,NA,NA,NA,between 5 to 10km,point,google maps,Unguja,,,yes,combination,yes,IRS,larvae,NA,,NA,,NA,,NA,NA,,yes,no,no,NA,NA,2011,2011,wet,,NA,,gambiae_s form,,morph,genetic/molecular
NA,no,yes,yes,phenotypic,1002205,10.1186/1756-3305-6-343,Jones,"The dynamics of pyrethroid resistance in
Anopheles arabiensis from Zanzibar and an
assessment of the underlying genetic basis",Parasites & Vectors,2013,na,,no,,tanzania,Kiungoni,-5.05,39.82,NA,NA,NA,NA,NA,NA,NA,NA,NA,NA,NA,NA,NA,NA,within 5km,point,google maps,Pemba,,,yes,combination,yes,IRS,larvae,NA,,NA,,NA,,NA,NA,,yes,no,no,NA,NA,2011,2011,wet,,NA,,gambiae_s form,,morph,genetic/molecular
NA,no,yes,yes,phenotypic,1002205,10.1186/1756-3305-6-343,Jones,"The dynamics of pyrethroid resistance in
Anopheles arabiensis from Zanzibar and an
assessment of the underlying genetic basis",Parasites & Vectors,2013,na,,no,,tanzania,Chwale,-5.1,39.81,NA,NA,NA,NA,NA,NA,NA,NA,NA,NA,NA,NA,NA,NA,within 5km,point,google maps,Pemba,,,yes,combination,yes,IRS,larvae,NA,,NA,,NA,,NA,NA,,yes,no,no,NA,NA,2011,2011,wet,,NA,,gambiae_s form,,morph,genetic/molecular
NA,no,yes,yes,phenotypic,1002205,10.1186/1756-3305-6-343,Jones,"The dynamics of pyrethroid resistance in
Anopheles arabiensis from Zanzibar and an
assessment of the underlying genetic basis",Parasites & Vectors,2013,na,,no,,tanzania,Mwera,-7.98,39.65,NA,NA,NA,NA,NA,NA,NA,NA,NA,NA,NA,NA,NA,NA,within 5km,point,google maps,Unguja,,,yes,combination,yes,IRS,larvae,NA,,NA,,NA,,NA,NA,,yes,no,no,NA,NA,2012,2012,wet,,NA,,gambiae_s form,,morph,genetic/molecular
NA,no,yes,yes,phenotypic,1002205,10.1186/1756-3305-6-343,Jones,"The dynamics of pyrethroid resistance in
Anopheles arabiensis from Zanzibar and an
assessment of the underlying genetic basis",Parasites & Vectors,2013,na,,no,,tanzania,Chuini,-6.09,39.22,NA,NA,NA,NA,NA,NA,NA,NA,NA,NA,NA,NA,NA,NA,between 5 to 10km,point,google maps,Unguja,,,yes,combination,yes,IRS,larvae,NA,,NA,,NA,,NA,NA,,yes,no,no,NA,NA,2012,2012,wet,,NA,,gambiae_s form,,morph,genetic/molecular
NA,no,yes,yes,phenotypic,1002205,10.1186/1756-3305-6-343,Jones,"The dynamics of pyrethroid resistance in
Anopheles arabiensis from Zanzibar and an
assessment of the underlying genetic basis",Parasites & Vectors,2013,na,,no,,tanzania,Tumbe,-4.95,39.79,NA,NA,NA,NA,NA,NA,NA,NA,NA,NA,NA,NA,NA,NA,within 5km,point,google maps,Pemba,,,yes,combination,yes,IRS,larvae,NA,,NA,,NA,,NA,NA,,yes,no,no,NA,NA,2012,2012,wet,,NA,,gambiae_s form,,morph,genetic/molecular
NA,no,yes,yes,phenotypic,1002205,10.1186/1756-3305-6-343,Jones,"The dynamics of pyrethroid resistance in
Anopheles arabiensis from Zanzibar and an
assessment of the underlying genetic basis",Parasites & Vectors,2013,na,,no,,tanzania,Mangwena,-5.05,39.72,NA,NA,NA,NA,NA,NA,NA,NA,NA,NA,NA,NA,NA,NA,within 5km,point,google maps,Pemba,,,yes,combination,yes,IRS,larvae,NA,,NA,,NA,,NA,NA,,yes,no,no,NA,NA,2012,2012,wet,,NA,,gambiae_s form,,morph,genetic/molecular
NA,no,yes,yes,phenotypic,1002205,10.1186/1756-3305-6-343,Jones,"The dynamics of pyrethroid resistance in
Anopheles arabiensis from Zanzibar and an
assessment of the underlying genetic basis",Parasites & Vectors,2013,na,,no,,tanzania,Mwera,-7.98,39.65,NA,NA,NA,NA,NA,NA,NA,NA,NA,NA,NA,NA,NA,NA,within 5km,point,google maps,Unguja,,,yes,combination,yes,IRS,larvae,NA,,NA,,NA,,NA,NA,,yes,no,no,NA,NA,2013,2013,wet,,NA,,gambiae_s form,,morph,genetic/molecular
NA,no,yes,yes,phenotypic,1002205,10.1186/1756-3305-6-343,Jones,"The dynamics of pyrethroid resistance in
Anopheles arabiensis from Zanzibar and an
assessment of the underlying genetic basis",Parasites & Vectors,2013,na,,no,,tanzania,Mwera,-7.98,39.65,NA,NA,NA,NA,NA,NA,NA,NA,NA,NA,NA,NA,NA,NA,within 5km,point,google maps,Unguja,,,yes,combination,yes,IRS,larvae,NA,,NA,,NA,,NA,NA,,yes,no,no,NA,NA,2013,2013,wet,,NA,,gambiae_s form,,morph,genetic/molecular
NA,no,yes,yes,phenotypic,1002205,10.1186/1756-3305-6-343,Jones,"The dynamics of pyrethroid resistance in
Anopheles arabiensis from Zanzibar and an
assessment of the underlying genetic basis",Parasites & Vectors,2013,na,,no,,tanzania,Chuini,-6.09,39.22,NA,NA,NA,NA,NA,NA,NA,NA,NA,NA,NA,NA,NA,NA,between 5 to 10km,point,google maps,Unguja,,,yes,combination,yes,IRS,larvae,NA,,NA,,NA,,NA,NA,,yes,no,no,NA,NA,2013,2013,wet,,NA,,gambiae_s form,,morph,genetic/molecular
NA,no,yes,yes,phenotypic,1002205,10.1186/1756-3305-6-343,Jones,"The dynamics of pyrethroid resistance in
Anopheles arabiensis from Zanzibar and an
assessment of the underlying genetic basis",Parasites & Vectors,2013,na,,no,,tanzania,Chuini,-6.09,39.22,NA,NA,NA,NA,NA,NA,NA,NA,NA,NA,NA,NA,NA,NA,between 5 to 10km,point,google maps,Unguja,,,yes,combination,yes,IRS,larvae,NA,,NA,,NA,,NA,NA,,yes,no,no,NA,NA,2013,2013,wet,,NA,,gambiae_s form,,morph,genetic/molecular
NA,no,yes,yes,phenotypic,1002205,10.1186/1756-3305-6-343,Jones,"The dynamics of pyrethroid resistance in
Anopheles arabiensis from Zanzibar and an
assessment of the underlying genetic basis",Parasites & Vectors,2013,na,,no,,tanzania,Kilimani,-6.179,39.212,NA,NA,NA,NA,NA,NA,NA,NA,NA,NA,NA,NA,NA,NA,between 5 to 10km,point,google maps,Unguja,,,yes,combination,yes,IRS,larvae,NA,,NA,,NA,,NA,NA,,yes,no,no,NA,NA,2013,2013,wet,,NA,,gambiae_s form,,morph,genetic/molecular
NA,no,yes,yes,phenotypic,1002205,10.1186/1756-3305-6-343,Jones,"The dynamics of pyrethroid resistance in
Anopheles arabiensis from Zanzibar and an
assessment of the underlying genetic basis",Parasites & Vectors,2013,na,,no,,tanzania,Pujini,-5.3,39.81,NA,NA,NA,NA,NA,NA,NA,NA,NA,NA,NA,NA,NA,NA,within 5km,point,google maps,Pemba,,,yes,combination,yes,IRS,larvae,NA,,NA,,NA,,NA,NA,,yes,no,no,NA,NA,2013,2013,wet,,NA,,gambiae_s form,,morph,genetic/molecular
NA,no,yes,yes,phenotypic,1002205,10.1186/1756-3305-6-343,Jones,"The dynamics of pyrethroid resistance in
Anopheles arabiensis from Zanzibar and an
assessment of the underlying genetic basis",Parasites & Vectors,2013,na,,no,,tanzania,Pujini,-5.3,39.81,NA,NA,NA,NA,NA,NA,NA,NA,NA,NA,NA,NA,NA,NA,within 5km,point,google maps,Pemba,,,yes,combination,yes,IRS,larvae,NA,,NA,,NA,,NA,NA,,yes,no,no,NA,NA,2013,2013,wet,,NA,,gambiae_s form,,morph,genetic/molecular
NA,no,yes,yes,phenotypic,1002205,10.1186/1756-3305-6-343,Jones,"The dynamics of pyrethroid resistance in
Anopheles arabiensis from Zanzibar and an
assessment of the underlying genetic basis",Parasites & Vectors,2013,na,,no,,tanzania,Kiungoni,-5.05,39.82,NA,NA,NA,NA,NA,NA,NA,NA,NA,NA,NA,NA,NA,NA,within 5km,point,google maps,Pemba,,,yes,combination,yes,IRS,larvae,NA,,NA,,NA,,NA,NA,,yes,no,no,NA,NA,2013,2013,wet,,NA,,gambiae_s form,,morph,genetic/molecular
NA,no,yes,yes,phenotypic,1002205,10.1186/1756-3305-6-343,Jones,"The dynamics of pyrethroid resistance in
Anopheles arabiensis from Zanzibar and an
assessment of the underlying genetic basis",Parasites & Vectors,2013,na,,no,,tanzania,Tumbe,-4.95,39.79,NA,NA,NA,NA,NA,NA,NA,NA,NA,NA,NA,NA,NA,NA,within 5km,point,google maps,Pemba,,,yes,combination,yes,IRS,larvae,NA,,NA,,NA,,NA,NA,,yes,no,no,NA,NA,2013,2013,wet,,NA,,gambiae_s form,,morph,genetic/molecular
NA,no,yes,yes,phenotypic,1002205,10.1186/1756-3305-6-343,Jones,"The dynamics of pyrethroid resistance in
Anopheles arabiensis from Zanzibar and an
assessment of the underlying genetic basis",Parasites & Vectors,2013,na,,no,,tanzania,Uwandani,-5.2,39.84,NA,NA,NA,NA,NA,NA,NA,NA,NA,NA,NA,NA,NA,NA,between 5 to 10km,point,google maps,Pemba,,,yes,combination,yes,IRS,larvae,NA,,NA,,NA,,NA,NA,,yes,no,no,NA,NA,2013,2013,wet,,NA,,gambiae_s form,,morph,genetic/molecular
NA,no,yes,yes,phenotypic,1002205,10.1186/1756-3305-6-343,Jones,"The dynamics of pyrethroid resistance in
Anopheles arabiensis from Zanzibar and an
assessment of the underlying genetic basis",Parasites & Vectors,2013,na,,no,,tanzania,Uwandani,-5.2,39.84,NA,NA,NA,NA,NA,NA,NA,NA,NA,NA,NA,NA,NA,NA,between 5 to 10km,point,google maps,Pemba,,,yes,combination,yes,IRS,larvae,NA,,NA,,NA,,NA,NA,,yes,no,no,NA,NA,2013,2013,wet,,NA,,gambiae_s form,,morph,genetic/molecular
NA,no,yes,no,none,1002211,10.1111/j.1948-7134.2011.00174.x,Dia,"Bionomics of sympatric chromosomal forms of Anopheles funestus
(Diptera: Culicidae) ",Journal of Vector Ecology,2011,na,,no,,senegal,Kouvar,13.383,-13.627,NA,NA,NA,NA,NA,NA,NA,NA,NA,NA,NA,NA,NA,NA,,point,paper map,,,Location to Gambia river is more than 3km according too google map,na,,,,HRI,NA,ro (pit),NA,,NA,,NA,260,"An. funestus
represented, respectively, 43.5% of 260",yes,no,no,10,11,2006,2006,,wet,NA,The rainy season lasts from June to October,funestus complex,,morph,
NA,no,yes,no,none,1002211,10.1111/j.1948-7134.2011.00174.x,Dia,"Bionomics of sympatric chromosomal forms of Anopheles funestus
(Diptera: Culicidae) ",Journal of Vector Ecology,2011,na,,no,,senegal,Kouvar,13.383,-13.627,NA,NA,NA,NA,NA,NA,NA,NA,NA,NA,NA,NA,NA,NA,,point,paper map,,,Location to Gambia river is more than 3km according too google map,na,,,,HRI,NA,ro (pit),NA,,NA,,NA,180,"An. funestus
represented, respectively, 43.5% of 260",yes,no,no,10,11,2007,2007,,wet,NA,The rainy season lasts from June to October,funestus complex,,morph,
NA,no,yes,no,none,1002211,10.1111/j.1948-7134.2011.00174.x,Dia,"Bionomics of sympatric chromosomal forms of Anopheles funestus
(Diptera: Culicidae) ",Journal of Vector Ecology,2011,na,,no,,senegal,Kouvar,13.383,-13.627,NA,NA,NA,NA,NA,NA,NA,NA,NA,NA,NA,NA,NA,NA,,point,paper map,,,Location to Gambia river is more than 3km according too google map,na,,,,HRI,NA,ro (pit),NA,,NA,,NA,332,"An. funestus
represented, respectively, 43.5% of 260",yes,no,no,10,11,2008,2008,,wet,NA,The rainy season lasts from June to October,funestus complex,,morph,
NA,no,yes,no,none,1002211,10.1111/j.1948-7134.2011.00174.x,Dia,"Bionomics of sympatric chromosomal forms of Anopheles funestus
(Diptera: Culicidae) ",Journal of Vector Ecology,2011,na,,no,,senegal,Kouvar,13.383,-13.627,NA,NA,NA,NA,NA,NA,NA,NA,NA,NA,NA,NA,NA,NA,,point,paper map,,,Location to Gambia river is more than 3km according too google map,na,,,,HRI,NA,ro (pit),NA,,NA,,NA,NA,,yes,no,no,10,11,2006,2006,,wet,NA,The rainy season lasts from June to October,gambiae complex,,morph,
NA,no,yes,no,none,1002211,10.1111/j.1948-7134.2011.00174.x,Dia,"Bionomics of sympatric chromosomal forms of Anopheles funestus
(Diptera: Culicidae) ",Journal of Vector Ecology,2011,na,,no,,senegal,Kouvar,13.383,-13.627,NA,NA,NA,NA,NA,NA,NA,NA,NA,NA,NA,NA,NA,NA,,point,paper map,,,Location to Gambia river is more than 3km according too google map,na,,,,HRI,NA,ro (pit),NA,,NA,,NA,NA,,yes,no,no,10,11,2007,2007,,wet,NA,The rainy season lasts from June to October,gambiae complex,,morph,
NA,no,yes,no,none,1002211,10.1111/j.1948-7134.2011.00174.x,Dia,"Bionomics of sympatric chromosomal forms of Anopheles funestus
(Diptera: Culicidae) ",Journal of Vector Ecology,2011,na,,no,,senegal,Kouvar,13.383,-13.627,NA,NA,NA,NA,NA,NA,NA,NA,NA,NA,NA,NA,NA,NA,,point,paper map,,,Location to Gambia river is more than 3km according too google map,na,,,,HRI,NA,ro (pit),NA,,NA,,NA,NA,,yes,no,no,10,11,2008,2008,,wet,NA,The rainy season lasts from June to October,gambiae complex,,morph,
NA,no,yes,no,phenotypic,1002213,10.1371/journal.pone.0027760,Djouaka,Exploring Mechanisms of Multiple Insecticide Resistance in a Population of the Malaria Vector Anopheles funestus in Benin,Plos One,2011,na,,no,,benin,Pahou,6.38,2.23,NA,NA,NA,NA,NA,NA,NA,NA,NA,NA,NA,NA,NA,NA,,point,paper map,,,,yes,combination,yes,IRS,HRI,NA,,NA,,NA,,NA,NA,,yes,no,no,7,4,2009,2011,,cross,NA," The collection was carried
out several times between July 2009 and April 2011,hence,both seasons were included",funestus,Female species,morph,genetic/molecular
NA,no,yes,no,phenotypic,1002213,10.1371/journal.pone.0027760,Djouaka,Exploring Mechanisms of Multiple Insecticide Resistance in a Population of the Malaria Vector Anopheles funestus in Benin,Plos One,2011,na,,no,,benin,Pahou,6.38,2.23,NA,NA,NA,NA,NA,NA,NA,NA,NA,NA,NA,NA,NA,NA,,point,paper map,,,,yes,combination,yes,IRS,HRI,NA,,NA,,NA,,NA,NA,,yes,no,no,7,4,2009,2011,,cross,NA," The collection was carried
out several times between July 2009 and April 2011,hence,both seasons were included",funestus,Female species,morph,genetic/molecular
NA,no,yes,no,phenotypic,1002213,10.1371/journal.pone.0027760,Djouaka,Exploring Mechanisms of Multiple Insecticide Resistance in a Population of the Malaria Vector Anopheles funestus in Benin,Plos One,2011,na,,no,,benin,Pahou,6.38,2.23,NA,NA,NA,NA,NA,NA,NA,NA,NA,NA,NA,NA,NA,NA,,point,paper map,,,,yes,combination,yes,IRS,HRI,NA,,NA,,NA,,NA,NA,,yes,no,no,7,4,2009,2011,,cross,NA," The collection was carried
out several times between July 2009 and April 2011,hence,both seasons were included",funestus,Female species,morph,genetic/molecular
NA,no,yes,no,phenotypic,1002213,10.1371/journal.pone.0027760,Djouaka,Exploring Mechanisms of Multiple Insecticide Resistance in a Population of the Malaria Vector Anopheles funestus in Benin,Plos One,2011,na,,no,,benin,Pahou,6.38,2.23,NA,NA,NA,NA,NA,NA,NA,NA,NA,NA,NA,NA,NA,NA,,point,paper map,,,,yes,combination,yes,IRS,HRI,NA,,NA,,NA,,NA,NA,,yes,no,no,7,4,2009,2011,,cross,NA," The collection was carried
out several times between July 2009 and April 2011,hence,both seasons were included",funestus,Female species,morph,genetic/molecular
NA,no,yes,no,phenotypic,1002213,10.1371/journal.pone.0027760,Djouaka,Exploring Mechanisms of Multiple Insecticide Resistance in a Population of the Malaria Vector Anopheles funestus in Benin,Plos One,2011,na,,no,,benin,Pahou,6.38,2.23,NA,NA,NA,NA,NA,NA,NA,NA,NA,NA,NA,NA,NA,NA,,point,paper map,,,,yes,combination,yes,IRS,HRI,NA,,NA,,NA,,NA,NA,,yes,no,no,7,4,2009,2011,,cross,NA," The collection was carried
out several times between July 2009 and April 2011,hence,both seasons were included",funestus,Female species,morph,genetic/molecular
NA,no,yes,no,phenotypic,1002213,10.1371/journal.pone.0027760,Djouaka,Exploring Mechanisms of Multiple Insecticide Resistance in a Population of the Malaria Vector Anopheles funestus in Benin,Plos One,2011,na,,no,,benin,Pahou,6.38,2.23,NA,NA,NA,NA,NA,NA,NA,NA,NA,NA,NA,NA,NA,NA,,point,paper map,,,,yes,combination,yes,IRS,HRI,NA,,NA,,NA,,NA,NA,,yes,no,no,7,4,2009,2011,,cross,NA," The collection was carried
out several times between July 2009 and April 2011,hence,both seasons were included",funestus,Female species,morph,genetic/molecular
NA,no,yes,no,phenotypic,1002213,10.1371/journal.pone.0027760,Djouaka,Exploring Mechanisms of Multiple Insecticide Resistance in a Population of the Malaria Vector Anopheles funestus in Benin,Plos One,2011,na,,no,,benin,Pahou,6.38,2.23,NA,NA,NA,NA,NA,NA,NA,NA,NA,NA,NA,NA,NA,NA,,point,paper map,,,,yes,combination,yes,IRS,HRI,NA,,NA,,NA,,NA,NA,,yes,no,no,7,4,2009,2011,,cross,NA," The collection was carried
out several times between July 2009 and April 2011,hence,both seasons were included",funestus,Female species,morph,genetic/molecular
NA,no,yes,yes,none,1002219,10.1371/journal.pone.0022574,Kawada,"Multimodal Pyrethroid Resistance in Malaria Vectors, Anopheles gambiae s.s., Anopheles arabiensis, and Anopheles funestus s.s. in Western Kenya",Plos One,2011,,,,,kenya,Mirunda,-0.48,34.33,NA,NA,NA,NA,NA,NA,NA,NA,NA,NA,NA,NA,NA,NA,within 5km,point,google maps,,,,yes,combination,yes,IRS,larvae,NA,,NA,,NA,,NA,70,"Breeding place:Swamp near lake shore,Concrete pool",yes,no,no,5,7,2009,2009,,cross,NA," The rainfall pattern
in the area is bimodal, with the long rainy season occurring from
March through May, and the short rainy season occurring in
November and December. Malaria infection peaks briefly in June,
following the long rains and more steadily between September and
February",arabiensis,,morph,genetic/molecular
NA,no,yes,yes,none,1002219,10.1371/journal.pone.0022574,Kawada,"Multimodal Pyrethroid Resistance in Malaria Vectors, Anopheles gambiae s.s., Anopheles arabiensis, and Anopheles funestus s.s. in Western Kenya",Plos One,2011,,,,,kenya,Mirunda,-0.48,34.33,NA,NA,NA,NA,NA,NA,NA,NA,NA,NA,NA,NA,NA,NA,within 5km,point,google maps,,,,yes,combination,yes,IRS,larvae,NA,,NA,,NA,,NA,2,"Breeding place:Swamp near lake shore,Concrete pool",yes,no,no,5,7,2009,2009,,cross,NA," The rainfall pattern
in the area is bimodal, with the long rainy season occurring from
March through May, and the short rainy season occurring in
November and December. Malaria infection peaks briefly in June,
following the long rains and more steadily between September and
February",gambiae_s form,,morph,genetic/molecular
NA,no,yes,yes,none,1002219,10.1371/journal.pone.0022574,Kawada,"Multimodal Pyrethroid Resistance in Malaria Vectors, Anopheles gambiae s.s., Anopheles arabiensis, and Anopheles funestus s.s. in Western Kenya",Plos One,2011,,,,,kenya,Alero,-0.47,34.34,NA,NA,NA,NA,NA,NA,NA,NA,NA,NA,NA,NA,NA,NA,within 5km,point,google maps,,,,yes,combination,yes,IRS,larvae,NA,,NA,,NA,,NA,75,"Swamp,Swamp near Lake shore",yes,no,no,5,7,2009,2009,,cross,NA," The rainfall pattern
in the area is bimodal, with the long rainy season occurring from
March through May, and the short rainy season occurring in
November and December. Malaria infection peaks briefly in June,
following the long rains and more steadily between September and
February",arabiensis,,morph,genetic/molecular
NA,no,yes,yes,none,1002219,10.1371/journal.pone.0022574,Kawada,"Multimodal Pyrethroid Resistance in Malaria Vectors, Anopheles gambiae s.s., Anopheles arabiensis, and Anopheles funestus s.s. in Western Kenya",Plos One,2011,,,,,kenya,Alara,-0.37,34.72,NA,NA,NA,NA,NA,NA,NA,NA,NA,NA,NA,NA,NA,NA,within 5km,point,google maps,,,,yes,combination,yes,IRS,larvae,NA,,NA,,NA,,NA,83,,yes,no,no,5,7,2009,2009,,cross,NA," The rainfall pattern
in the area is bimodal, with the long rainy season occurring from
March through May, and the short rainy season occurring in
November and December. Malaria infection peaks briefly in June,
following the long rains and more steadily between September and
February",arabiensis,,morph,genetic/molecular
NA,no,yes,yes,none,1002219,10.1371/journal.pone.0022574,Kawada,"Multimodal Pyrethroid Resistance in Malaria Vectors, Anopheles gambiae s.s., Anopheles arabiensis, and Anopheles funestus s.s. in Western Kenya",Plos One,2011,,,,,kenya,Godariyo,-0.52,34.33,NA,NA,NA,NA,NA,NA,NA,NA,NA,NA,NA,NA,NA,NA,within 5km,point,google earth,,,,yes,combination,yes,IRS,larvae,NA,,NA,,NA,,NA,71,,yes,no,no,5,7,2009,2009,,cross,NA," The rainfall pattern
in the area is bimodal, with the long rainy season occurring from
March through May, and the short rainy season occurring in
November and December. Malaria infection peaks briefly in June,
following the long rains and more steadily between September and
February",arabiensis,,morph,genetic/molecular
NA,no,yes,yes,none,1002219,10.1371/journal.pone.0022574,Kawada,"Multimodal Pyrethroid Resistance in Malaria Vectors, Anopheles gambiae s.s., Anopheles arabiensis, and Anopheles funestus s.s. in Western Kenya",Plos One,2011,,,,,kenya,Uwi,-0.45,34.25,NA,NA,NA,NA,NA,NA,NA,NA,NA,NA,NA,NA,NA,NA,within 5km,point,google maps,,,,yes,combination,yes,IRS,larvae,NA,,NA,,NA,,NA,69,,yes,no,no,5,7,2009,2009,,cross,NA," The rainfall pattern
in the area is bimodal, with the long rainy season occurring from
March through May, and the short rainy season occurring in
November and December. Malaria infection peaks briefly in June,
following the long rains and more steadily between September and
February",arabiensis,,morph,genetic/molecular
NA,no,yes,yes,none,1002219,10.1371/journal.pone.0022574,Kawada,"Transmission du paludisme en zone de haute couverture 
en moustiquaires imprÃƒÆ’Ã‚Â©gnÃƒÆ’Ã‚Â©es dÃƒâ€šÃ‚â€™insecticide de longue durÃƒÆ’Ã‚Â©e, au centre de la CÃƒÆ’Ã‚Â´te dÃƒâ€šÃ‚â€™Ivoire",Plos One,2011,,,,,kenya,Kisamba,-0.49,34.32,NA,NA,NA,NA,NA,NA,NA,NA,NA,NA,NA,NA,NA,NA,within 5km,point,google maps,,,,yes,combination,yes,IRS,larvae,NA,,NA,,NA,,NA,17,,yes,no,no,5,7,2009,2009,,cross,NA," The rainfall pattern
in the area is bimodal, with the long rainy season occurring from
March through May, and the short rainy season occurring in
November and December. Malaria infection peaks briefly in June,
following the long rains and more steadily between September and
February",arabiensis,,morph,genetic/molecular
NA,no,yes,yes,none,1002219,10.1371/journal.pone.0022574,Kawada,"Multimodal Pyrethroid Resistance in Malaria Vectors, Anopheles gambiae s.s., Anopheles arabiensis, and Anopheles funestus s.s. in Western Kenya",Plos One,2011,,,,,kenya,Kisamba,-0.49,34.32,NA,NA,NA,NA,NA,NA,NA,NA,NA,NA,NA,NA,NA,NA,within 5km,point,google earth,,,,yes,combination,yes,IRS,larvae,NA,,NA,,NA,,NA,1,,yes,no,no,5,7,2009,2009,,cross,NA," The rainfall pattern
in the area is bimodal, with the long rainy season occurring from
March through May, and the short rainy season occurring in
November and December. Malaria infection peaks briefly in June,
following the long rains and more steadily between September and
February",gambiae_s form,,morph,genetic/molecular
NA,no,yes,yes,none,1002219,10.1371/journal.pone.0022574,Kawada,"Multimodal Pyrethroid Resistance in Malaria Vectors, Anopheles gambiae s.s., Anopheles arabiensis, and Anopheles funestus s.s. in Western Kenya",Plos One,2011,,,,,kenya,Obambo,-0.495,34.3,NA,NA,NA,NA,NA,NA,NA,NA,NA,NA,NA,NA,NA,NA,within 5km,point,google maps,,,,yes,combination,yes,IRS,larvae,NA,,NA,,NA,,NA,14,,yes,no,no,5,7,2009,2009,,cross,NA," The rainfall pattern
in the area is bimodal, with the long rainy season occurring from
March through May, and the short rainy season occurring in
November and December. Malaria infection peaks briefly in June,
following the long rains and more steadily between September and
February",arabiensis,,morph,genetic/molecular
NA,no,yes,yes,none,1002219,10.1371/journal.pone.0022574,Kawada,"Multimodal Pyrethroid Resistance in Malaria Vectors, Anopheles gambiae s.s., Anopheles arabiensis, and Anopheles funestus s.s. in Western Kenya",Plos One,2011,,,,,kenya,Obambo,-0.495,34.3,NA,NA,NA,NA,NA,NA,NA,NA,NA,NA,NA,NA,NA,NA,within 5km,point,google maps,,,,yes,combination,yes,IRS,larvae,NA,,NA,,NA,,NA,1,,yes,no,no,5,7,2009,2009,,cross,NA," The rainfall pattern
in the area is bimodal, with the long rainy season occurring from
March through May, and the short rainy season occurring in
November and December. Malaria infection peaks briefly in June,
following the long rains and more steadily between September and
February",gambiae_s form,,morph,genetic/molecular
NA,no,yes,yes,none,1002219,10.1371/journal.pone.0022574,Kawada,"Multimodal Pyrethroid Resistance in Malaria Vectors, Anopheles gambiae s.s., Anopheles arabiensis, and Anopheles funestus s.s. in Western Kenya",Plos One,2011,,,,,kenya,Waondo,-0.51,34.32,NA,NA,NA,NA,NA,NA,NA,NA,NA,NA,NA,NA,NA,NA,between 5 to 10km,point,google maps,,,,yes,combination,yes,IRS,larvae,NA,,NA,,NA,,NA,29,,yes,no,no,5,7,2009,2009,,cross,NA," The rainfall pattern
in the area is bimodal, with the long rainy season occurring from
March through May, and the short rainy season occurring in
November and December. Malaria infection peaks briefly in June,
following the long rains and more steadily between September and
February",arabiensis,,morph,genetic/molecular
NA,no,yes,yes,none,1002219,10.1371/journal.pone.0022574,Kawada,"Multimodal Pyrethroid Resistance in Malaria Vectors, Anopheles gambiae s.s., Anopheles arabiensis, and Anopheles funestus s.s. in Western Kenya",Plos One,2011,,,,,kenya,Kamsama,-0.5099,34.319,NA,NA,NA,NA,NA,NA,NA,NA,NA,NA,NA,NA,NA,NA,within 5km,point,google maps,,,,yes,combination,yes,IRS,larvae,NA,,NA,,NA,,NA,20,,yes,no,no,5,7,2009,2009,,cross,NA," The rainfall pattern
in the area is bimodal, with the long rainy season occurring from
March through May, and the short rainy season occurring in
November and December. Malaria infection peaks briefly in June,
following the long rains and more steadily between September and
February",arabiensis,,morph,genetic/molecular
NA,no,yes,yes,none,1002219,10.1371/journal.pone.0022574,Kawada,"Multimodal Pyrethroid Resistance in Malaria Vectors, Anopheles gambiae s.s., Anopheles arabiensis, and Anopheles funestus s.s. in Western Kenya",Plos One,2011,,,,,kenya,Lwara,-0.499,34.367,NA,NA,NA,NA,NA,NA,NA,NA,NA,NA,NA,NA,NA,NA,within 5km,point,google maps,,,Coordinates - Lwala,yes,combination,yes,IRS,larvae,NA,,NA,,NA,,NA,80,,yes,no,no,5,7,2009,2009,,cross,NA," The rainfall pattern
in the area is bimodal, with the long rainy season occurring from
March through May, and the short rainy season occurring in
November and December. Malaria infection peaks briefly in June,
following the long rains and more steadily between September and
February",arabiensis,,morph,genetic/molecular
NA,no,yes,yes,none,1002219,10.1371/journal.pone.0022574,Kawada,"Multimodal Pyrethroid Resistance in Malaria Vectors, Anopheles gambiae s.s., Anopheles arabiensis, and Anopheles funestus s.s. in Western Kenya",Plos One,2011,,,,,kenya,Nyamaji,-0.491,34.399,NA,NA,NA,NA,NA,NA,NA,NA,NA,NA,NA,NA,NA,NA,within 5km,point,google maps,,,,yes,combination,yes,IRS,larvae,NA,,NA,,NA,,NA,20,,yes,no,no,5,7,2009,2009,,cross,NA," The rainfall pattern
in the area is bimodal, with the long rainy season occurring from
March through May, and the short rainy season occurring in
November and December. Malaria infection peaks briefly in June,
following the long rains and more steadily between September and
February",arabiensis,,morph,genetic/molecular
NA,no,yes,yes,phenotypic,1002219,10.1371/journal.pone.0022574,Kawada,"Multimodal Pyrethroid Resistance in Malaria Vectors, Anopheles gambiae s.s., Anopheles arabiensis, and Anopheles funestus s.s. in Western Kenya",Plos One,2011,,,,,kenya,ICIPE,-0.43,34.21,NA,NA,NA,NA,NA,NA,NA,NA,NA,NA,NA,NA,NA,NA,,,,,,"Laboratory colony reared in ICIPE since the collection at Lwanda, Mbita in 2002.",yes,combination,yes,IRS,HRI,NA,,NA,,NA,,NA,NA,,yes,no,no,10,3,2009,2011,,cross,NA," The rainfall pattern
in the area is bimodal, with the long rainy season occurring from
March through May, and the short rainy season occurring in
November and December. Malaria infection peaks briefly in June,
following the long rains and more steadily between September and
February",gambiae_s form,,morph,genetic/molecular
NA,no,yes,yes,phenotypic,1002219,10.1371/journal.pone.0022574,Kawada,"Multimodal Pyrethroid Resistance in Malaria Vectors, Anopheles gambiae s.s., Anopheles arabiensis, and Anopheles funestus s.s. in Western Kenya",Plos One,2011,,,,,kenya,ICIPE,-0.43,34.21,NA,NA,NA,NA,NA,NA,NA,NA,NA,NA,NA,NA,NA,NA,,,,,,"Laboratory colony reared in ICIPE since the collection at Lwanda, Mbita in 2002.",yes,combination,yes,IRS,HRI,NA,,NA,,NA,,NA,NA,,yes,no,no,10,3,2009,2011,,cross,NA," The rainfall pattern
in the area is bimodal, with the long rainy season occurring from
March through May, and the short rainy season occurring in
November and December. Malaria infection peaks briefly in June,
following the long rains and more steadily between September and
February",gambiae_s form,,morph,genetic/molecular
NA,no,yes,yes,genotypic,1002219,10.1371/journal.pone.0022574,Kawada,"Multimodal Pyrethroid Resistance in Malaria Vectors, Anopheles gambiae s.s., Anopheles arabiensis, and Anopheles funestus s.s. in Western Kenya",Plos One,2011,,,,,kenya,Kisamba,-0.49,34.32,NA,NA,NA,NA,NA,NA,NA,NA,NA,NA,NA,NA,NA,NA,within 5km,point,google earth,,,,yes,combination,yes,IRS,larvae,NA,,NA,,NA,,NA,NA,,yes,no,no,5,7,2009,2009,,cross,NA," The rainfall pattern
in the area is bimodal, with the long rainy season occurring from
March through May, and the short rainy season occurring in
November and December. Malaria infection peaks briefly in June,
following the long rains and more steadily between September and
February",gambiae_s form,,morph,genetic/molecular
NA,no,yes,yes,genotypic,1002219,10.1371/journal.pone.0022574,Kawada,"Multimodal Pyrethroid Resistance in Malaria Vectors, Anopheles gambiae s.s., Anopheles arabiensis, and Anopheles funestus s.s. in Western Kenya",Plos One,2011,,,,,kenya,Obambo,-0.495,34.3,NA,NA,NA,NA,NA,NA,NA,NA,NA,NA,NA,NA,NA,NA,within 5km,point,google maps,,,,yes,combination,yes,IRS,larvae,NA,,NA,,NA,,NA,NA,,yes,no,no,5,7,2009,2009,,cross,NA," The rainfall pattern
in the area is bimodal, with the long rainy season occurring from
March through May, and the short rainy season occurring in
November and December. Malaria infection peaks briefly in June,
following the long rains and more steadily between September and
February",gambiae_s form,,morph,genetic/molecular
NA,no,yes,yes,genotypic,1002219,10.1371/journal.pone.0022574,Kawada,"Multimodal Pyrethroid Resistance in Malaria Vectors, Anopheles gambiae s.s., Anopheles arabiensis, and Anopheles funestus s.s. in Western Kenya",Plos One,2011,,,,,kenya,Mirunda,-0.48,34.33,NA,NA,NA,NA,NA,NA,NA,NA,NA,NA,NA,NA,NA,NA,within 5km,point,google maps,,,,yes,combination,yes,IRS,larvae,NA,,NA,,NA,,NA,NA,,yes,no,no,5,7,2009,2009,,cross,NA," The rainfall pattern
in the area is bimodal, with the long rainy season occurring from
March through May, and the short rainy season occurring in
November and December. Malaria infection peaks briefly in June,
following the long rains and more steadily between September and
February",arabiensis,,morph,genetic/molecular
NA,no,yes,yes,genotypic,1002219,10.1371/journal.pone.0022574,Kawada,"Multimodal Pyrethroid Resistance in Malaria Vectors, Anopheles gambiae s.s., Anopheles arabiensis, and Anopheles funestus s.s. in Western Kenya",Plos One,2011,,,,,kenya,Alero,-0.47,34.34,NA,NA,NA,NA,NA,NA,NA,NA,NA,NA,NA,NA,NA,NA,within 5km,point,google maps,,,,yes,combination,yes,IRS,larvae,NA,,NA,,NA,,NA,NA,,yes,no,no,5,7,2009,2009,,cross,NA," The rainfall pattern
in the area is bimodal, with the long rainy season occurring from
March through May, and the short rainy season occurring in
November and December. Malaria infection peaks briefly in June,
following the long rains and more steadily between September and
February",arabiensis,,morph,genetic/molecular
NA,no,yes,yes,genotypic,1002219,10.1371/journal.pone.0022574,Kawada,"Multimodal Pyrethroid Resistance in Malaria Vectors, Anopheles gambiae s.s., Anopheles arabiensis, and Anopheles funestus s.s. in Western Kenya",Plos One,2011,,,,,kenya,Alara,-0.37,34.72,NA,NA,NA,NA,NA,NA,NA,NA,NA,NA,NA,NA,NA,NA,within 5km,point,google maps,,,,yes,combination,yes,IRS,larvae,NA,,NA,,NA,,NA,NA,,yes,no,no,5,7,2009,2009,,cross,NA," The rainfall pattern
in the area is bimodal, with the long rainy season occurring from
March through May, and the short rainy season occurring in
November and December. Malaria infection peaks briefly in June,
following the long rains and more steadily between September and
February",arabiensis,,morph,genetic/molecular
NA,no,yes,yes,genotypic,1002219,10.1371/journal.pone.0022574,Kawada,"Multimodal Pyrethroid Resistance in Malaria Vectors, Anopheles gambiae s.s., Anopheles arabiensis, and Anopheles funestus s.s. in Western Kenya",Plos One,2011,,,,,kenya,Godariyo,-0.52,34.33,NA,NA,NA,NA,NA,NA,NA,NA,NA,NA,NA,NA,NA,NA,within 5km,point,google earth,,,,yes,combination,yes,IRS,larvae,NA,,NA,,NA,,NA,NA,,yes,no,no,5,7,2009,2009,,cross,NA," The rainfall pattern
in the area is bimodal, with the long rainy season occurring from
March through May, and the short rainy season occurring in
November and December. Malaria infection peaks briefly in June,
following the long rains and more steadily between September and
February",arabiensis,,morph,genetic/molecular
NA,no,yes,yes,genotypic,1002219,10.1371/journal.pone.0022574,Kawada,"Multimodal Pyrethroid Resistance in Malaria Vectors, Anopheles gambiae s.s., Anopheles arabiensis, and Anopheles funestus s.s. in Western Kenya",Plos One,2011,,,,,kenya,Uwi,-0.45,34.25,NA,NA,NA,NA,NA,NA,NA,NA,NA,NA,NA,NA,NA,NA,within 5km,point,google maps,,,,yes,combination,yes,IRS,larvae,NA,,NA,,NA,,NA,NA,,yes,no,no,5,7,2009,2009,,cross,NA," The rainfall pattern
in the area is bimodal, with the long rainy season occurring from
March through May, and the short rainy season occurring in
November and December. Malaria infection peaks briefly in June,
following the long rains and more steadily between September and
February",arabiensis,,morph,genetic/molecular
NA,no,yes,yes,genotypic,1002219,10.1371/journal.pone.0022574,Kawada,"Multimodal Pyrethroid Resistance in Malaria Vectors, Anopheles gambiae s.s., Anopheles arabiensis, and Anopheles funestus s.s. in Western Kenya",Plos One,2011,,,,,kenya,Kisamba,-0.49,34.32,NA,NA,NA,NA,NA,NA,NA,NA,NA,NA,NA,NA,NA,NA,within 5km,point,google maps,,,,yes,combination,yes,IRS,larvae,NA,,NA,,NA,,NA,NA,,yes,no,no,5,7,2009,2009,,cross,NA," The rainfall pattern
in the area is bimodal, with the long rainy season occurring from
March through May, and the short rainy season occurring in
November and December. Malaria infection peaks briefly in June,
following the long rains and more steadily between September and
February",arabiensis,,morph,genetic/molecular
NA,no,yes,yes,genotypic,1002219,10.1371/journal.pone.0022574,Kawada,"Multimodal Pyrethroid Resistance in Malaria Vectors, Anopheles gambiae s.s., Anopheles arabiensis, and Anopheles funestus s.s. in Western Kenya",Plos One,2011,,,,,kenya,Obambo,-0.495,34.3,NA,NA,NA,NA,NA,NA,NA,NA,NA,NA,NA,NA,NA,NA,within 5km,point,google maps,,,,yes,combination,yes,IRS,larvae,NA,,NA,,NA,,NA,NA,,yes,no,no,5,7,2009,2009,,cross,NA," The rainfall pattern
in the area is bimodal, with the long rainy season occurring from
March through May, and the short rainy season occurring in
November and December. Malaria infection peaks briefly in June,
following the long rains and more steadily between September and
February",arabiensis,,morph,genetic/molecular
NA,no,yes,yes,genotypic,1002219,10.1371/journal.pone.0022574,Kawada,"Multimodal Pyrethroid Resistance in Malaria Vectors, Anopheles gambiae s.s., Anopheles arabiensis, and Anopheles funestus s.s. in Western Kenya",Plos One,2011,,,,,kenya,Waondo,-0.51,34.32,NA,NA,NA,NA,NA,NA,NA,NA,NA,NA,NA,NA,NA,NA,between 5 to 10km,point,google maps,,,,yes,combination,yes,IRS,larvae,NA,,NA,,NA,,NA,NA,,yes,no,no,5,7,2009,2009,,cross,NA," The rainfall pattern
in the area is bimodal, with the long rainy season occurring from
March through May, and the short rainy season occurring in
November and December. Malaria infection peaks briefly in June,
following the long rains and more steadily between September and
February",arabiensis,,morph,genetic/molecular
NA,no,yes,yes,genotypic,1002219,10.1371/journal.pone.0022574,Kawada,"Multimodal Pyrethroid Resistance in Malaria Vectors, Anopheles gambiae s.s., Anopheles arabiensis, and Anopheles funestus s.s. in Western Kenya",Plos One,2011,,,,,kenya,Kamsama,-0.5099,34.319,NA,NA,NA,NA,NA,NA,NA,NA,NA,NA,NA,NA,NA,NA,within 5km,point,google maps,,,,yes,combination,yes,IRS,larvae,NA,,NA,,NA,,NA,NA,,yes,no,no,5,7,2009,2009,,cross,NA," The rainfall pattern
in the area is bimodal, with the long rainy season occurring from
March through May, and the short rainy season occurring in
November and December. Malaria infection peaks briefly in June,
following the long rains and more steadily between September and
February",arabiensis,,morph,genetic/molecular
NA,no,yes,yes,genotypic,1002219,10.1371/journal.pone.0022574,Kawada,"Multimodal Pyrethroid Resistance in Malaria Vectors, Anopheles gambiae s.s., Anopheles arabiensis, and Anopheles funestus s.s. in Western Kenya",Plos One,2011,,,,,kenya,Lwara,-0.499,34.367,NA,NA,NA,NA,NA,NA,NA,NA,NA,NA,NA,NA,NA,NA,within 5km,point,google maps,,,Coordinates - Lwala,yes,combination,yes,IRS,larvae,NA,,NA,,NA,,NA,NA,,yes,no,no,5,7,2009,2009,,cross,NA," The rainfall pattern
in the area is bimodal, with the long rainy season occurring from
March through May, and the short rainy season occurring in
November and December. Malaria infection peaks briefly in June,
following the long rains and more steadily between September and
February",arabiensis,,morph,genetic/molecular
NA,no,yes,yes,genotypic,1002219,10.1371/journal.pone.0022574,Kawada,"Multimodal Pyrethroid Resistance in Malaria Vectors, Anopheles gambiae s.s., Anopheles arabiensis, and Anopheles funestus s.s. in Western Kenya",Plos One,2011,,,,,kenya,Nyamaji,-0.491,34.399,NA,NA,NA,NA,NA,NA,NA,NA,NA,NA,NA,NA,NA,NA,within 5km,point,google maps,,,,yes,combination,yes,IRS,larvae,NA,,NA,,NA,,NA,NA,,yes,no,no,5,7,2009,2009,,cross,NA," The rainfall pattern
in the area is bimodal, with the long rainy season occurring from
March through May, and the short rainy season occurring in
November and December. Malaria infection peaks briefly in June,
following the long rains and more steadily between September and
February",arabiensis,,morph,genetic/molecular
NA,no,yes,yes,genotypic,1002219,10.1371/journal.pone.0022574,Kawada,"Multimodal Pyrethroid Resistance in Malaria Vectors, Anopheles gambiae s.s., Anopheles arabiensis, and Anopheles funestus s.s. in Western Kenya",Plos One,2011,,,,,kenya,Alero,-0.47,34.34,NA,NA,NA,NA,NA,NA,NA,NA,NA,NA,NA,NA,NA,NA,within 5km,point,google maps,,,,yes,combination,yes,IRS,HRI,NA,,NA,,NA,,NA,NA,,yes,no,no,5,7,2009,2009,,cross,NA," The rainfall pattern
in the area is bimodal, with the long rainy season occurring from
March through May, and the short rainy season occurring in
November and December. Malaria infection peaks briefly in June,
following the long rains and more steadily between September and
February",arabiensis,,morph,genetic/molecular
NA,no,yes,yes,genotypic,1002219,10.1371/journal.pone.0022574,Kawada,"Multimodal Pyrethroid Resistance in Malaria Vectors, Anopheles gambiae s.s., Anopheles arabiensis, and Anopheles funestus s.s. in Western Kenya",Plos One,2011,,,,,kenya,Uwi,-0.45,34.25,NA,NA,NA,NA,NA,NA,NA,NA,NA,NA,NA,NA,NA,NA,within 5km,point,google maps,,,,yes,combination,yes,IRS,HRI,NA,,NA,,NA,,NA,NA,,yes,no,no,5,7,2009,2009,,cross,NA," The rainfall pattern
in the area is bimodal, with the long rainy season occurring from
March through May, and the short rainy season occurring in
November and December. Malaria infection peaks briefly in June,
following the long rains and more steadily between September and
February",arabiensis,,morph,genetic/molecular
NA,no,yes,yes,genotypic,1002219,10.1371/journal.pone.0022574,Kawada,"Multimodal Pyrethroid Resistance in Malaria Vectors, Anopheles gambiae s.s., Anopheles arabiensis, and Anopheles funestus s.s. in Western Kenya",Plos One,2011,,,,,kenya,Lwanda,0.069,34.247,NA,NA,NA,NA,NA,NA,NA,NA,NA,NA,NA,NA,NA,NA,within 5km,point,google maps,,,,yes,combination,yes,IRS,HRI,NA,,NA,,NA,,NA,NA,,yes,no,no,5,7,2009,2009,,cross,NA," The rainfall pattern
in the area is bimodal, with the long rainy season occurring from
March through May, and the short rainy season occurring in
November and December. Malaria infection peaks briefly in June,
following the long rains and more steadily between September and
February",arabiensis,,morph,genetic/molecular
NA,no,yes,yes,genotypic,1002219,10.1371/journal.pone.0022574,Kawada,"Multimodal Pyrethroid Resistance in Malaria Vectors, Anopheles gambiae s.s., Anopheles arabiensis, and Anopheles funestus s.s. in Western Kenya",Plos One,2011,,,,,kenya,Lwanda,0.069,34.247,NA,NA,NA,NA,NA,NA,NA,NA,NA,NA,NA,NA,NA,NA,within 5km,point,google maps,,,,yes,combination,yes,IRS,HRI,NA,,NA,,NA,,NA,NA,,yes,no,no,5,7,2009,2009,,cross,NA," The rainfall pattern
in the area is bimodal, with the long rainy season occurring from
March through May, and the short rainy season occurring in
November and December. Malaria infection peaks briefly in June,
following the long rains and more steadily between September and
February",gambiae_s form,,morph,genetic/molecular
NA,no,yes,yes,genotypic,1002219,10.1371/journal.pone.0022574,Kawada,"Multimodal Pyrethroid Resistance in Malaria Vectors, Anopheles gambiae s.s., Anopheles arabiensis, and Anopheles funestus s.s. in Western Kenya",Plos One,2011,,,,,kenya,Mirunda,-0.48,34.33,NA,NA,NA,NA,NA,NA,NA,NA,NA,NA,NA,NA,NA,NA,within 5km,point,google maps,,,,yes,combination,yes,IRS,HRI,NA,,NA,,NA,,NA,NA,,yes,no,no,5,7,2009,2009,,cross,NA," The rainfall pattern
in the area is bimodal, with the long rainy season occurring from
March through May, and the short rainy season occurring in
November and December. Malaria infection peaks briefly in June,
following the long rains and more steadily between September and
February",funestus,,morph,genetic/molecular
NA,no,yes,yes,genotypic,1002219,10.1371/journal.pone.0022574,Kawada,"Multimodal Pyrethroid Resistance in Malaria Vectors, Anopheles gambiae s.s., Anopheles arabiensis, and Anopheles funestus s.s. in Western Kenya",Plos One,2011,,,,,kenya,Alero,-0.47,34.34,NA,NA,NA,NA,NA,NA,NA,NA,NA,NA,NA,NA,NA,NA,within 5km,point,google maps,,,,yes,combination,yes,IRS,HRI,NA,,NA,,NA,,NA,NA,,yes,no,no,5,7,2009,2009,,cross,NA," The rainfall pattern
in the area is bimodal, with the long rainy season occurring from
March through May, and the short rainy season occurring in
November and December. Malaria infection peaks briefly in June,
following the long rains and more steadily between September and
February",funestus,,morph,genetic/molecular
NA,no,yes,yes,genotypic,1002219,10.1371/journal.pone.0022574,Kawada,"Multimodal Pyrethroid Resistance in Malaria Vectors, Anopheles gambiae s.s., Anopheles arabiensis, and Anopheles funestus s.s. in Western Kenya",Plos One,2011,,,,,kenya,Lwanda,0.069,34.247,NA,NA,NA,NA,NA,NA,NA,NA,NA,NA,NA,NA,NA,NA,within 5km,point,google maps,,,,yes,combination,yes,IRS,HRI,NA,,NA,,NA,,NA,NA,,yes,no,no,5,7,2009,2009,,cross,NA," The rainfall pattern
in the area is bimodal, with the long rainy season occurring from
March through May, and the short rainy season occurring in
November and December. Malaria infection peaks briefly in June,
following the long rains and more steadily between September and
February",funestus,,morph,genetic/molecular
NA,no,yes,yes,genotypic,1002219,10.1371/journal.pone.0022574,Kawada,"Multimodal Pyrethroid Resistance in Malaria Vectors, Anopheles gambiae s.s., Anopheles arabiensis, and Anopheles funestus s.s. in Western Kenya",Plos One,2011,,,,,kenya,Mirunda,-0.48,34.33,NA,NA,NA,NA,NA,NA,NA,NA,NA,NA,NA,NA,NA,NA,within 5km,point,google maps,,,,yes,combination,yes,IRS,HRI,NA,,NA,,NA,,NA,NA,,yes,no,no,5,7,2009,2009,,cross,NA," The rainfall pattern
in the area is bimodal, with the long rainy season occurring from
March through May, and the short rainy season occurring in
November and December. Malaria infection peaks briefly in June,
following the long rains and more steadily between September and
February",rivulorum,,morph,genetic/molecular
NA,no,yes,yes,genotypic,1002219,10.1371/journal.pone.0022574,Kawada,"Multimodal Pyrethroid Resistance in Malaria Vectors, Anopheles gambiae s.s., Anopheles arabiensis, and Anopheles funestus s.s. in Western Kenya",Plos One,2011,,,,,kenya,Lwanda,0.069,34.247,NA,NA,NA,NA,NA,NA,NA,NA,NA,NA,NA,NA,NA,NA,within 5km,point,google maps,,,,yes,combination,yes,IRS,HRI,NA,,NA,,NA,,NA,NA,,yes,no,no,5,7,2009,2009,,cross,NA," The rainfall pattern
in the area is bimodal, with the long rainy season occurring from
March through May, and the short rainy season occurring in
November and December. Malaria infection peaks briefly in June,
following the long rains and more steadily between September and
February",rivulorum,,morph,genetic/molecular
NA,no,yes,no,phenotypic,1002220,10.1186/1756-3305-4-154,Himeidan,"Extensive permethrin and DDT resistance in
Anopheles arabiensis from eastern and central
Sudan",Parasites & Vectors,2011,na,,no,,sudan,Sennar Town,13.17,33.92,NA,NA,NA,NA,NA,NA,NA,NA,NA,NA,NA,NA,NA,NA,,point,paper map,Sennar State,,,yes,combination,yes,IRS,larvae,NA,,NA,,NA,,NA,NA,,yes,no,no,7,11,2009,2009,,wet,NA,Rainy season (July - October).,gambiae complex,,morph (emerg adult),
NA,no,yes,no,phenotypic,1002220,10.1186/1756-3305-4-154,Himeidan,"Extensive permethrin and DDT resistance in
Anopheles arabiensis from eastern and central
Sudan",Parasites & Vectors,2011,na,,no,,sudan,Mayirno,13.78,34.1,NA,NA,NA,NA,NA,NA,NA,NA,NA,NA,NA,NA,NA,NA,,point,paper map,Sennar State,,,yes,combination,yes,IRS,larvae,NA,,NA,,NA,,NA,NA,,yes,no,no,7,11,2009,2009,,wet,NA,Rainy season (July - October).,gambiae complex,,morph (emerg adult),
NA,no,yes,no,phenotypic,1002220,10.1186/1756-3305-4-154,Himeidan,"Extensive permethrin and DDT resistance in
Anopheles arabiensis from eastern and central
Sudan",Parasites & Vectors,2011,na,,no,,sudan,Damazin,11.82,34.35,NA,NA,NA,NA,NA,NA,NA,NA,NA,NA,NA,NA,NA,NA,,point,paper map,Blue Nile State,,,yes,combination,yes,IRS,larvae,NA,,NA,,NA,,NA,NA,,yes,no,no,7,11,2009,2009,,wet,NA,Rainy season (July - October).,gambiae complex,,morph (emerg adult),
NA,no,yes,no,phenotypic,1002220,10.1186/1756-3305-4-154,Himeidan,"Extensive permethrin and DDT resistance in
Anopheles arabiensis from eastern and central
Sudan",Parasites & Vectors,2011,na,,no,,sudan,Kosti,13.23,33.12,NA,NA,NA,NA,NA,NA,NA,NA,NA,NA,NA,NA,NA,NA,,point,paper map,White Nile State,,,yes,combination,yes,IRS,larvae,NA,,NA,,NA,,NA,NA,,yes,no,no,7,11,2009,2009,,wet,NA,Rainy season (July - October).,gambiae complex,,morph (emerg adult),
NA,no,yes,no,phenotypic,1002220,10.1186/1756-3305-4-154,Himeidan,"Extensive permethrin and DDT resistance in
Anopheles arabiensis from eastern and central
Sudan",Parasites & Vectors,2011,na,,no,,sudan,Al Shuwak,14.7,36.42,NA,NA,NA,NA,NA,NA,NA,NA,NA,NA,NA,NA,NA,NA,,point,paper map,Gadaref State,,,yes,combination,yes,IRS,larvae,NA,,NA,,NA,,NA,NA,,yes,no,no,7,11,2009,2009,,wet,NA,Rainy season (July - October).,gambiae complex,,morph (emerg adult),
NA,no,yes,no,phenotypic,1002220,10.1186/1756-3305-4-154,Himeidan,"Extensive permethrin and DDT resistance in
Anopheles arabiensis from eastern and central
Sudan",Parasites & Vectors,2011,na,,no,,sudan,Al Faw,14.32,35.63,NA,NA,NA,NA,NA,NA,NA,NA,NA,NA,NA,NA,NA,NA,,point,paper map,Gadaref State,,,yes,combination,yes,IRS,larvae,NA,,NA,,NA,,NA,NA,,yes,no,no,7,11,2009,2009,,wet,NA,Rainy season (July - October).,gambiae complex,,morph (emerg adult),
NA,no,yes,no,phenotypic,1002220,10.1186/1756-3305-4-154,Himeidan,"Extensive permethrin and DDT resistance in
Anopheles arabiensis from eastern and central
Sudan",Parasites & Vectors,2011,na,,no,,sudan,Sennar Town,13.17,33.92,NA,NA,NA,NA,NA,NA,NA,NA,NA,NA,NA,NA,NA,NA,,point,paper map,Sennar State,,,yes,itn,yes,,larvae,NA,,NA,,NA,,NA,NA,,yes,no,no,7,11,2009,2009,,wet,NA,Rainy season (July - October).,gambiae complex,,morph (emerg adult),
NA,no,yes,no,phenotypic,1002220,10.1186/1756-3305-4-154,Himeidan,"Extensive permethrin and DDT resistance in
Anopheles arabiensis from eastern and central
Sudan",Parasites & Vectors,2011,na,,no,,sudan,Mayirno,13.78,34.1,NA,NA,NA,NA,NA,NA,NA,NA,NA,NA,NA,NA,NA,NA,,point,paper map,Sennar State,,,yes,itn,yes,,larvae,NA,,NA,,NA,,NA,NA,,yes,no,no,7,11,2009,2009,,wet,NA,Rainy season (July - October).,gambiae complex,,morph (emerg adult),
NA,no,yes,no,phenotypic,1002220,10.1186/1756-3305-4-154,Himeidan,"Extensive permethrin and DDT resistance in
Anopheles arabiensis from eastern and central
Sudan",Parasites & Vectors,2011,na,,no,,sudan,Damazin,11.82,34.35,NA,NA,NA,NA,NA,NA,NA,NA,NA,NA,NA,NA,NA,NA,,point,paper map,Blue Nile State,,,yes,itn,yes,,larvae,NA,,NA,,NA,,NA,NA,,yes,no,no,7,11,2009,2009,,wet,NA,Rainy season (July - October).,gambiae complex,,morph (emerg adult),
NA,no,yes,no,phenotypic,1002220,10.1186/1756-3305-4-154,Himeidan,"Extensive permethrin and DDT resistance in
Anopheles arabiensis from eastern and central
Sudan",Parasites & Vectors,2011,na,,no,,sudan,Kosti,13.23,33.12,NA,NA,NA,NA,NA,NA,NA,NA,NA,NA,NA,NA,NA,NA,,point,paper map,White Nile State,,,yes,itn,yes,,larvae,NA,,NA,,NA,,NA,NA,,yes,no,no,7,11,2009,2009,,wet,NA,Rainy season (July - October).,gambiae complex,,morph (emerg adult),
NA,no,yes,no,phenotypic,1002220,10.1186/1756-3305-4-154,Himeidan,"Extensive permethrin and DDT resistance in
Anopheles arabiensis from eastern and central
Sudan",Parasites & Vectors,2011,na,,no,,sudan,Al Shuwak,14.7,36.42,NA,NA,NA,NA,NA,NA,NA,NA,NA,NA,NA,NA,NA,NA,,point,paper map,Gadaref State,,,yes,itn,yes,,larvae,NA,,NA,,NA,,NA,NA,,yes,no,no,7,11,2009,2009,,wet,NA,Rainy season (July - October).,gambiae complex,,morph (emerg adult),
NA,no,yes,no,both,1002220,10.1186/1756-3305-4-154,Himeidan,"Extensive permethrin and DDT resistance in
Anopheles arabiensis from eastern and central
Sudan",Parasites & Vectors,2011,na,,no,,sudan,Mayirno,13.78,34.1,NA,NA,NA,NA,NA,NA,NA,NA,NA,NA,NA,NA,NA,NA,,point,paper map,Sennar State,,,yes,combination,yes,IRS,larvae,NA,,NA,,NA,,NA,NA,,yes,no,no,7,11,2009,2009,,wet,NA,Rainy season (July - October).,gambiae complex,,morph (emerg adult),
NA,no,yes,no,both,1002220,10.1186/1756-3305-4-154,Himeidan,"Extensive permethrin and DDT resistance in
Anopheles arabiensis from eastern and central
Sudan",Parasites & Vectors,2011,na,,no,,sudan,Mayirno,13.78,34.1,NA,NA,NA,NA,NA,NA,NA,NA,NA,NA,NA,NA,NA,NA,,point,paper map,Sennar State,,,yes,combination,yes,IRS,larvae,NA,,NA,,NA,,NA,NA,,yes,no,no,7,11,2009,2009,,wet,NA,Rainy season (July - October).,gambiae complex,,morph (emerg adult),
NA,no,yes,no,both,1002220,10.1186/1756-3305-4-154,Himeidan,"Extensive permethrin and DDT resistance in
Anopheles arabiensis from eastern and central
Sudan",Parasites & Vectors,2011,na,,no,,sudan,Mayirno,13.78,34.1,NA,NA,NA,NA,NA,NA,NA,NA,NA,NA,NA,NA,NA,NA,,point,paper map,Sennar State,,,yes,combination,yes,IRS,larvae,NA,,NA,,NA,,NA,NA,,yes,no,no,7,11,2009,2009,,wet,NA,Rainy season (July - October).,gambiae complex,,morph (emerg adult),
NA,no,yes,no,both,1002220,10.1186/1756-3305-4-154,Himeidan,"Extensive permethrin and DDT resistance in
Anopheles arabiensis from eastern and central
Sudan",Parasites & Vectors,2011,na,,no,,sudan,Mayirno,13.78,34.1,NA,NA,NA,NA,NA,NA,NA,NA,NA,NA,NA,NA,NA,NA,,point,paper map,Sennar State,,,yes,combination,yes,IRS,larvae,NA,,NA,,NA,,NA,NA,,yes,no,no,7,11,2009,2009,,wet,NA,Rainy season (July - October).,gambiae complex,,morph (emerg adult),
NA,no,yes,no,both,1002220,10.1186/1756-3305-4-154,Himeidan,"Extensive permethrin and DDT resistance in
Anopheles arabiensis from eastern and central
Sudan",Parasites & Vectors,2011,na,,no,,sudan,Sennar Town,13.17,33.92,NA,NA,NA,NA,NA,NA,NA,NA,NA,NA,NA,NA,NA,NA,,point,paper map,Sennar State,,,yes,itn,yes,,larvae,NA,,NA,,NA,,NA,NA,,yes,no,no,7,11,2009,2009,,wet,NA,Rainy season (July - October).,gambiae complex,,morph (emerg adult),
NA,no,yes,no,both,1002220,10.1186/1756-3305-4-154,Himeidan,"Extensive permethrin and DDT resistance in
Anopheles arabiensis from eastern and central
Sudan",Parasites & Vectors,2011,na,,no,,sudan,Sennar Town,13.17,33.92,NA,NA,NA,NA,NA,NA,NA,NA,NA,NA,NA,NA,NA,NA,,point,paper map,Sennar State,,,yes,itn,yes,,larvae,NA,,NA,,NA,,NA,NA,,yes,no,no,7,11,2009,2009,,wet,NA,Rainy season (July - October).,gambiae complex,,morph (emerg adult),
NA,no,yes,no,both,1002220,10.1186/1756-3305-4-154,Himeidan,"Extensive permethrin and DDT resistance in
Anopheles arabiensis from eastern and central
Sudan",Parasites & Vectors,2011,na,,no,,sudan,Sennar Town,13.17,33.92,NA,NA,NA,NA,NA,NA,NA,NA,NA,NA,NA,NA,NA,NA,,point,paper map,Sennar State,,,yes,combination,yes,IRS,larvae,NA,,NA,,NA,,NA,NA,,yes,no,no,7,11,2009,2009,,wet,NA,Rainy season (July - October).,gambiae complex,,morph (emerg adult),
NA,no,yes,no,both,1002220,10.1186/1756-3305-4-154,Himeidan,"Extensive permethrin and DDT resistance in
Anopheles arabiensis from eastern and central
Sudan",Parasites & Vectors,2011,na,,no,,sudan,Sennar Town,13.17,33.92,NA,NA,NA,NA,NA,NA,NA,NA,NA,NA,NA,NA,NA,NA,,point,paper map,Sennar State,,,yes,combination,yes,IRS,larvae,NA,,NA,,NA,,NA,NA,,yes,no,no,7,11,2009,2009,,wet,NA,Rainy season (July - October).,gambiae complex,,morph (emerg adult),
NA,no,yes,no,both,1002220,10.1186/1756-3305-4-154,Himeidan,"Extensive permethrin and DDT resistance in
Anopheles arabiensis from eastern and central
Sudan",Parasites & Vectors,2011,na,,no,,sudan,Kosti,13.23,33.12,NA,NA,NA,NA,NA,NA,NA,NA,NA,NA,NA,NA,NA,NA,,point,paper map,Sennar State,,,yes,itn,yes,,larvae,NA,,NA,,NA,,NA,NA,,yes,no,no,7,11,2009,2009,,wet,NA,Rainy season (July - October).,gambiae complex,,morph (emerg adult),
NA,no,yes,no,both,1002220,10.1186/1756-3305-4-154,Himeidan,"Extensive permethrin and DDT resistance in
Anopheles arabiensis from eastern and central
Sudan",Parasites & Vectors,2011,na,,no,,sudan,Kosti,13.23,33.12,NA,NA,NA,NA,NA,NA,NA,NA,NA,NA,NA,NA,NA,NA,,point,paper map,Sennar State,,,yes,itn,yes,,larvae,NA,,NA,,NA,,NA,NA,,yes,no,no,7,11,2009,2009,,wet,NA,Rainy season (July - October).,gambiae complex,,morph (emerg adult),
NA,no,yes,no,both,1002220,10.1186/1756-3305-4-154,Himeidan,"Extensive permethrin and DDT resistance in
Anopheles arabiensis from eastern and central
Sudan",Parasites & Vectors,2011,na,,no,,sudan,Kosti,13.23,33.12,NA,NA,NA,NA,NA,NA,NA,NA,NA,NA,NA,NA,NA,NA,,point,paper map,Sennar State,,,yes,combination,yes,IRS,larvae,NA,,NA,,NA,,NA,NA,,yes,no,no,7,11,2009,2009,,wet,NA,Rainy season (July - October).,gambiae complex,,morph (emerg adult),
NA,no,yes,no,both,1002220,10.1186/1756-3305-4-154,Himeidan,"Extensive permethrin and DDT resistance in
Anopheles arabiensis from eastern and central
Sudan",Parasites & Vectors,2011,na,,no,,sudan,Kosti,13.23,33.12,NA,NA,NA,NA,NA,NA,NA,NA,NA,NA,NA,NA,NA,NA,,point,paper map,Sennar State,,,yes,combination,yes,IRS,larvae,NA,,NA,,NA,,NA,NA,,yes,no,no,7,11,2009,2009,,wet,NA,Rainy season (July - October).,gambiae complex,,morph (emerg adult),
NA,no,yes,no,both,1002220,10.1186/1756-3305-4-154,Himeidan,"Extensive permethrin and DDT resistance in
Anopheles arabiensis from eastern and central
Sudan",Parasites & Vectors,2011,na,,no,,sudan,Damazin,11.82,34.35,NA,NA,NA,NA,NA,NA,NA,NA,NA,NA,NA,NA,NA,NA,,point,paper map,Sennar State,,,yes,itn,yes,,larvae,NA,,NA,,NA,,NA,NA,,yes,no,no,7,11,2009,2009,,wet,NA,Rainy season (July - October).,gambiae complex,,morph (emerg adult),
NA,no,yes,no,both,1002220,10.1186/1756-3305-4-154,Himeidan,"Extensive permethrin and DDT resistance in
Anopheles arabiensis from eastern and central
Sudan",Parasites & Vectors,2011,na,,no,,sudan,Damazin,11.82,34.35,NA,NA,NA,NA,NA,NA,NA,NA,NA,NA,NA,NA,NA,NA,,point,paper map,Sennar State,,,yes,itn,yes,,larvae,NA,,NA,,NA,,NA,NA,,yes,no,no,7,11,2009,2009,,wet,NA,Rainy season (July - October).,gambiae complex,,morph (emerg adult),
NA,no,yes,no,both,1002220,10.1186/1756-3305-4-154,Himeidan,"Extensive permethrin and DDT resistance in
Anopheles arabiensis from eastern and central
Sudan",Parasites & Vectors,2011,na,,no,,sudan,Al Shuwak,14.7,36.42,NA,NA,NA,NA,NA,NA,NA,NA,NA,NA,NA,NA,NA,NA,,point,paper map,Sennar State,,,yes,itn,yes,,larvae,NA,,NA,,NA,,NA,NA,,yes,no,no,7,11,2009,2009,,wet,NA,Rainy season (July - October).,gambiae complex,,morph (emerg adult),
NA,no,yes,no,both,1002220,10.1186/1756-3305-4-154,Himeidan,"Extensive permethrin and DDT resistance in
Anopheles arabiensis from eastern and central
Sudan",Parasites & Vectors,2011,na,,no,,sudan,Al Shuwak,14.7,36.42,NA,NA,NA,NA,NA,NA,NA,NA,NA,NA,NA,NA,NA,NA,,point,paper map,Sennar State,,,yes,itn,yes,,larvae,NA,,NA,,NA,,NA,NA,,yes,no,no,7,11,2009,2009,,wet,NA,Rainy season (July - October).,gambiae complex,,morph (emerg adult),
NA,no,yes,no,both,1002220,10.1186/1756-3305-4-154,Himeidan,"Extensive permethrin and DDT resistance in
Anopheles arabiensis from eastern and central
Sudan",Parasites & Vectors,2011,na,,no,,sudan,Al Shuwak,14.7,36.42,NA,NA,NA,NA,NA,NA,NA,NA,NA,NA,NA,NA,NA,NA,,point,paper map,Sennar State,,,yes,combination,yes,IRS,larvae,NA,,NA,,NA,,NA,NA,,yes,no,no,7,11,2009,2009,,wet,NA,Rainy season (July - October).,gambiae complex,,morph (emerg adult),
NA,no,yes,no,both,1002220,10.1186/1756-3305-4-154,Himeidan,"Extensive permethrin and DDT resistance in
Anopheles arabiensis from eastern and central
Sudan",Parasites & Vectors,2011,na,,no,,sudan,Khartoum,15.55,32.52,15.53,32.5,NA,NA,NA,NA,NA,NA,NA,NA,NA,NA,NA,NA,,point,paper map,Sennar State,,,yes,itn,yes,,larvae,NA,,NA,,NA,,NA,NA,,yes,no,no,7,11,2009,2009,,wet,NA,Rainy season (July - October).,gambiae complex,,morph (emerg adult),
NA,no,yes,yes,none,1002221,10.1186/1756-3305-4-130,Imbahale,"Development of environmental tools for
anopheline larval control",Parasites & Vectors,2011,na,,no,,kenya,Nyalenda,-0.1,34.77,NA,NA,NA,NA,NA,NA,NA,NA,NA,NA,NA,NA,NA,NA,,point,paper map,,,,na,,,,larvae,NA,,NA,,NA,,NA,22,,yes,no,no,NA,NA,2007,2007,,,NA,,gambiae complex,,morph (larval),
NA,no,yes,yes,none,1002221,10.1186/1756-3305-4-130,Imbahale,"Development of environmental tools for
anopheline larval control",Parasites & Vectors,2011,na,,no,,kenya,Nyalenda,-0.1,34.77,NA,NA,NA,NA,NA,NA,NA,NA,NA,NA,NA,NA,NA,NA,,point,paper map,,,,na,,,,larvae,NA,,NA,,NA,,NA,13,,yes,no,no,NA,NA,2007,2007,,,NA,,funestus complex,,morph (larval),
NA,no,yes,yes,none,1002221,10.1186/1756-3305-4-130,Imbahale,"Development of environmental tools for
anopheline larval control",Parasites & Vectors,2011,na,,no,,kenya,Nyalenda,-0.1,34.77,NA,NA,NA,NA,NA,NA,NA,NA,NA,NA,NA,NA,NA,NA,,point,paper map,,,,na,,,,larvae,NA,,NA,,NA,,NA,208,,yes,no,no,NA,NA,2007,2007,,,NA,,coustani,,morph (larval),
NA,no,yes,yes,none,1002222,10.1186/1756-3305-4-125,Harris,"A simple and efficient tool for trapping gravid
Anopheles at breeding sites",Parasites & Vectors,2011,na,,no,,tanzania,Namwawala,-8.1,36.6,NA,NA,NA,NA,NA,NA,NA,NA,NA,NA,NA,NA,NA,NA,,point,paper map,,,,na,,,,larvae,NA,,NA,,NA,,NA,54,,yes,no,no,2,2,2011,2011,dry,,NA,,arabiensis,,morph (larval),genetic/molecular
NA,no,yes,yes,none,1002222,10.1186/1756-3305-4-125,Harris,"A simple and efficient tool for trapping gravid
Anopheles at breeding sites",Parasites & Vectors,2011,na,,no,,tanzania,Namwawala,-8.1,36.6,NA,NA,NA,NA,NA,NA,NA,NA,NA,NA,NA,NA,NA,NA,,point,paper map,,,,na,,,,larvae,NA,,NA,,NA,,NA,1,,yes,no,no,2,2,2011,2011,dry,,NA,,gambiae_s form,"Other 16 mosquitoes did not amplify to either gambiae
complex or funestus group",morph (larval),genetic/molecular
NA,no,yes,no,none,1002223,10.1242/jeb.054668,Huestis,Variation in metabolic rate of Anopheles gambiae and A. arabiensis in a Sahelian village,The Journal of Experimental Biology,2011,na,,no,,mali,MPiabougou,13.6,-73.167,NA,NA,NA,NA,NA,NA,NA,NA,NA,NA,NA,NA,NA,NA,,point,paper map,,,,na,,,,HRI,NA,,NA,,NA,,NA,35,,yes,no,no,10,11,2009,2009,wet,,NA,,arabiensis,Unfed female,morph,genetic/molecular
NA,no,yes,no,none,1002223,10.1242/jeb.054668,Huestis,Variation in metabolic rate of Anopheles gambiae and A. arabiensis in a Sahelian village,The Journal of Experimental Biology,2011,na,,no,,mali,MPiabougou,13.6,-73.167,NA,NA,NA,NA,NA,NA,NA,NA,NA,NA,NA,NA,NA,NA,,point,paper map,,,,na,,,,HRI,NA,,NA,,NA,,NA,5,,yes,no,no,10,11,2009,2009,wet,,NA,,coluzzii_gambiae_m form,Unfed female,morph,genetic/molecular
NA,no,yes,no,none,1002223,10.1242/jeb.054668,Huestis,Variation in metabolic rate of Anopheles gambiae and A. arabiensis in a Sahelian village,The Journal of Experimental Biology,2011,na,,no,,mali,MPiabougou,13.6,-73.167,NA,NA,NA,NA,NA,NA,NA,NA,NA,NA,NA,NA,NA,NA,,point,paper map,,,,na,,,,HRI,NA,,NA,,NA,,NA,1,,yes,no,no,10,11,2009,2009,wet,,NA,,gambiae_s form,Unfed female,morph,genetic/molecular
NA,no,yes,no,none,1002223,10.1242/jeb.054668,Huestis,Variation in metabolic rate of Anopheles gambiae and A. arabiensis in a Sahelian village,The Journal of Experimental Biology,2011,na,,no,,mali,MPiabougou,13.6,-73.167,NA,NA,NA,NA,NA,NA,NA,NA,NA,NA,NA,NA,NA,NA,,point,paper map,,,,na,,,,HRI,NA,,NA,,NA,,NA,48,,yes,no,no,10,11,2009,2009,wet,,NA,,arabiensis,Blood-fed female,morph,genetic/molecular
NA,no,yes,no,none,1002223,10.1242/jeb.054668,Huestis,Variation in metabolic rate of Anopheles gambiae and A. arabiensis in a Sahelian village,The Journal of Experimental Biology,2011,na,,no,,mali,MPiabougou,13.6,-73.167,NA,NA,NA,NA,NA,NA,NA,NA,NA,NA,NA,NA,NA,NA,,point,paper map,,,,na,,,,HRI,NA,,NA,,NA,,NA,13,,yes,no,no,10,11,2009,2009,wet,,NA,,coluzzii_gambiae_m form,Blood-fed female,morph,genetic/molecular
NA,no,yes,no,none,1002223,10.1242/jeb.054668,Huestis,Variation in metabolic rate of Anopheles gambiae and A. arabiensis in a Sahelian village,The Journal of Experimental Biology,2011,na,,no,,mali,MPiabougou,13.6,-73.167,NA,NA,NA,NA,NA,NA,NA,NA,NA,NA,NA,NA,NA,NA,,point,paper map,,,,na,,,,HRI,NA,,NA,,NA,,NA,6,,yes,no,no,10,11,2009,2009,wet,,NA,,gambiae_s form,Blood-fed female,morph,genetic/molecular
NA,no,yes,no,none,1002223,10.1242/jeb.054668,Huestis,Variation in metabolic rate of Anopheles gambiae and A. arabiensis in a Sahelian village,The Journal of Experimental Biology,2011,na,,no,,mali,MPiabougou,13.6,-73.167,NA,NA,NA,NA,NA,NA,NA,NA,NA,NA,NA,NA,NA,NA,,point,paper map,,,,na,,,,HRI,NA,,NA,,NA,,NA,60,,yes,no,no,10,11,2009,2009,wet,,NA,,arabiensis,Gravid female,morph,genetic/molecular
NA,no,yes,no,none,1002223,10.1242/jeb.054668,Huestis,Variation in metabolic rate of Anopheles gambiae and A. arabiensis in a Sahelian village,The Journal of Experimental Biology,2011,na,,no,,mali,MPiabougou,13.6,-73.167,NA,NA,NA,NA,NA,NA,NA,NA,NA,NA,NA,NA,NA,NA,,point,paper map,,,,na,,,,HRI,NA,,NA,,NA,,NA,6,,yes,no,no,10,11,2009,2009,wet,,NA,,coluzzii_gambiae_m form,Gravid female,morph,genetic/molecular
NA,no,yes,no,none,1002223,10.1242/jeb.054668,Huestis,Variation in metabolic rate of Anopheles gambiae and A. arabiensis in a Sahelian village,The Journal of Experimental Biology,2011,na,,no,,mali,MPiabougou,13.6,-73.167,NA,NA,NA,NA,NA,NA,NA,NA,NA,NA,NA,NA,NA,NA,,point,paper map,,,,na,,,,HRI,NA,,NA,,NA,,NA,6,,yes,no,no,10,11,2009,2009,wet,,NA,,gambiae_s form,Gravid female,morph,genetic/molecular
NA,yes,yes,yes,none,1002225,10.1186/1756-3305-4-107,Hunt,"Insecticide resistance in malaria vector mosquitoes
at four localities in Ghana, West AfricA",Parasites & Vectors,2011,,,,,ghana,Obuasi,61.933,-16.581,NA,NA,NA,NA,NA,NA,NA,NA,NA,NA,NA,NA,NA,NA,,point,paper map,,,,yes,itn,yes,,HRI,NA,,NA,,NA,,NA,181,,yes,no,no,7,7,2010,2010,wet,,NA,,funestus,,morph,genetic/molecular
NA,no,yes,yes,none,1002225,10.1186/1756-3305-4-107,Hunt,"Insecticide resistance in malaria vector mosquitoes
at four localities in Ghana, West AfricA",Parasites & Vectors,2011,,,,,ghana,Obuasi,61.933,-16.581,NA,NA,NA,NA,NA,NA,NA,NA,NA,NA,NA,NA,NA,NA,,point,paper map,,,,yes,itn,yes,,HRI,NA,,NA,,NA,,NA,0,,no,yes,no,7,7,2010,2010,wet,,NA,,arabiensis,,morph,genetic/molecular
NA,no,yes,yes,none,1002225,10.1186/1756-3305-4-107,Hunt,"Insecticide resistance in malaria vector mosquitoes
at four localities in Ghana, West AfricA",Parasites & Vectors,2011,,,,,ghana,Obuasi,61.933,-16.581,NA,NA,NA,NA,NA,NA,NA,NA,NA,NA,NA,NA,NA,NA,,point,paper map,,,,yes,itn,yes,,HRI,NA,,NA,,NA,,NA,633,,yes,no,no,7,7,2010,2010,wet,,NA,,gambiae_s form,,morph,genetic/molecular
NA,no,yes,yes,none,1002225,10.1186/1756-3305-4-107,Hunt,"Insecticide resistance in malaria vector mosquitoes
at four localities in Ghana, West AfricA",Parasites & Vectors,2011,,,,,ghana,Obuasi,61.933,-16.581,NA,NA,NA,NA,NA,NA,NA,NA,NA,NA,NA,NA,NA,NA,,point,paper map,,,,yes,itn,yes,,HRI,NA,,NA,,NA,,NA,160,,yes,no,no,7,7,2010,2010,wet,,NA,,gambiae_s form,,morph,genetic/molecular
NA,yes,yes,yes,none,1002225,10.1186/1756-3305-4-107,Hunt,"Insecticide resistance in malaria vector mosquitoes
at four localities in Ghana, West AfricA",Parasites & Vectors,2011,,,,,ghana,Obuasi,61.933,-16.581,NA,NA,NA,NA,NA,NA,NA,NA,NA,NA,NA,NA,NA,NA,,point,paper map,,,,yes,itn,yes,,HRI,NA,,NA,,NA,,NA,0,,no,yes,no,7,7,2010,2010,wet,,NA,,coluzzii_gambiae_m form,,morph,genetic/molecular
NA,no,yes,yes,none,1002225,10.1186/1756-3305-4-107,Hunt,"Insecticide resistance in malaria vector mosquitoes
at four localities in Ghana, West AfricA",Parasites & Vectors,2011,,,,,ghana,Obuasi,61.933,-16.581,NA,NA,NA,NA,NA,NA,NA,NA,NA,NA,NA,NA,NA,NA,,point,paper map,,,,yes,itn,yes,,HRI,NA,,NA,,NA,,NA,0,,no,yes,no,7,7,2010,2010,wet,,NA,,gambiae complex,,morph,genetic/molecular
NA,yes,yes,yes,none,1002225,10.1186/1756-3305-4-107,Hunt,"Insecticide resistance in malaria vector mosquitoes
at four localities in Ghana, West AfricA",Parasites & Vectors,2011,,,,,ghana,Tarkwa,5.3,-19.922,NA,NA,NA,NA,NA,NA,NA,NA,NA,NA,NA,NA,NA,NA,,point,paper map,,,,yes,itn,yes,,HRI,NA,,NA,,NA,,NA,78,,yes,no,no,5,3,2007,2009,wet,,NA,"Sampling was done in May 2007 and March
2009",funestus,,morph,genetic/molecular
NA,no,yes,yes,none,1002225,10.1186/1756-3305-4-107,Hunt,"Insecticide resistance in malaria vector mosquitoes
at four localities in Ghana, West AfricA",Parasites & Vectors,2011,,,,,ghana,Tarkwa,5.3,-19.922,NA,NA,NA,NA,NA,NA,NA,NA,NA,NA,NA,NA,NA,NA,,point,paper map,,,,yes,itn,yes,,HRI,NA,,NA,,NA,,NA,0,,no,yes,no,5,3,2007,2009,wet,,NA,"Sampling was done in May 2007 and March
2009",arabiensis,,morph,genetic/molecular
NA,yes,yes,yes,none,1002225,10.1186/1756-3305-4-107,Hunt,"Insecticide resistance in malaria vector mosquitoes
at four localities in Ghana, West AfricA",Parasites & Vectors,2011,,,,,ghana,Tarkwa,5.3,-19.922,NA,NA,NA,NA,NA,NA,NA,NA,NA,NA,NA,NA,NA,NA,,point,paper map,,,,yes,itn,yes,,HRI,NA,,NA,,NA,,NA,475,,yes,no,no,5,3,2007,2009,wet,,NA,"Sampling was done in May 2007 and March
2009",gambiae_s form,,morph,genetic/molecular
NA,yes,yes,yes,none,1002225,10.1186/1756-3305-4-107,Hunt,"Insecticide resistance in malaria vector mosquitoes
at four localities in Ghana, West AfricA",Parasites & Vectors,2011,,,,,ghana,Tarkwa,5.3,-19.922,NA,NA,NA,NA,NA,NA,NA,NA,NA,NA,NA,NA,NA,NA,,point,paper map,,,,yes,itn,yes,,HRI,NA,,NA,,NA,,NA,417,,yes,no,no,5,3,2007,2009,wet,,NA,"Sampling was done in May 2007 and March
2009",gambiae_s form,,morph,genetic/molecular
NA,yes,yes,yes,none,1002225,10.1186/1756-3305-4-107,Hunt,"Insecticide resistance in malaria vector mosquitoes
at four localities in Ghana, West AfricA",Parasites & Vectors,2011,,,,,ghana,Tarkwa,5.3,-19.922,NA,NA,NA,NA,NA,NA,NA,NA,NA,NA,NA,NA,NA,NA,,point,paper map,,,,yes,itn,yes,,HRI,NA,,NA,,NA,,NA,38,,yes,no,no,5,3,2007,2009,wet,,NA,"Sampling was done in May 2007 and March
2009",coluzzii_gambiae_m form,,morph,genetic/molecular
NA,no,yes,yes,none,1002225,10.1186/1756-3305-4-107,Hunt,"Insecticide resistance in malaria vector mosquitoes
at four localities in Ghana, West AfricA",Parasites & Vectors,2011,,,,,ghana,Tarkwa,5.3,-19.922,NA,NA,NA,NA,NA,NA,NA,NA,NA,NA,NA,NA,NA,NA,,point,paper map,,,,yes,itn,yes,,HRI,NA,,NA,,NA,,NA,4,,yes,no,no,5,3,2007,2009,wet,,NA,"Sampling was done in May 2007 and March
2009",gambiae complex,,morph,genetic/molecular
NA,yes,yes,yes,none,1002225,10.1186/1756-3305-4-107,Hunt,"Insecticide resistance in malaria vector mosquitoes
at four localities in Ghana, West AfricA",Parasites & Vectors,2011,,,,,ghana,Ahafo,70.258,-23.408,NA,NA,NA,NA,NA,NA,NA,NA,NA,NA,NA,NA,NA,NA,,point,paper map,,,,yes,itn,yes,,HRI,NA,,NA,,NA,,NA,34,,yes,no,no,12,6,2006,2008,wet,,NA,"Sampling was done in  December 2006 and June
2008.",funestus,,morph,genetic/molecular
NA,no,yes,yes,none,1002225,10.1186/1756-3305-4-107,Hunt,"Insecticide resistance in malaria vector mosquitoes
at four localities in Ghana, West AfricA",Parasites & Vectors,2011,,,,,ghana,Ahafo,70.258,-23.408,NA,NA,NA,NA,NA,NA,NA,NA,NA,NA,NA,NA,NA,NA,,point,paper map,,,,yes,itn,yes,,HRI,NA,,NA,,NA,,NA,1,,yes,no,no,12,6,2006,2008,wet,,NA,"Sampling was done in  December 2006 and June
2008.",arabiensis,,morph,genetic/molecular
NA,yes,yes,yes,none,1002225,10.1186/1756-3305-4-107,Hunt,"Insecticide resistance in malaria vector mosquitoes
at four localities in Ghana, West AfricA",Parasites & Vectors,2011,,,,,ghana,Ahafo,70.258,-23.408,NA,NA,NA,NA,NA,NA,NA,NA,NA,NA,NA,NA,NA,NA,,point,paper map,,,,yes,itn,yes,,HRI,NA,,NA,,NA,,NA,461,,yes,no,no,12,6,2006,2008,wet,,NA,"Sampling was done in  December 2006 and June
2008.",gambiae_s form,,morph,genetic/molecular
NA,yes,yes,yes,none,1002225,10.1186/1756-3305-4-107,Hunt,"Insecticide resistance in malaria vector mosquitoes
at four localities in Ghana, West AfricA",Parasites & Vectors,2011,,,,,ghana,Ahafo,70.258,-23.408,NA,NA,NA,NA,NA,NA,NA,NA,NA,NA,NA,NA,NA,NA,,point,paper map,,,,yes,itn,yes,,HRI,NA,,NA,,NA,,NA,205,,yes,no,no,12,6,2006,2008,wet,,NA,"Sampling was done in  December 2006 and June
2008.",gambiae_s form,,morph,genetic/molecular
NA,yes,yes,yes,none,1002225,10.1186/1756-3305-4-107,Hunt,"Insecticide resistance in malaria vector mosquitoes
at four localities in Ghana, West AfricA",Parasites & Vectors,2011,,,,,ghana,Ahafo,70.258,-23.408,NA,NA,NA,NA,NA,NA,NA,NA,NA,NA,NA,NA,NA,NA,,point,paper map,,,,yes,itn,yes,,HRI,NA,,NA,,NA,,NA,15,,yes,no,no,12,6,2006,2008,wet,,NA,"Sampling was done in  December 2006 and June
2008.",coluzzii_gambiae_m form,,morph,genetic/molecular
NA,no,yes,yes,none,1002225,10.1186/1756-3305-4-107,Hunt,"Insecticide resistance in malaria vector mosquitoes
at four localities in Ghana, West AfricA",Parasites & Vectors,2011,,,,,ghana,Ahafo,70.258,-23.408,NA,NA,NA,NA,NA,NA,NA,NA,NA,NA,NA,NA,NA,NA,,point,paper map,,,,yes,itn,yes,,HRI,NA,,NA,,NA,,NA,0,,no,yes,no,12,6,2006,2008,wet,,NA,"Sampling was done in  December 2006 and June
2008.",gambiae complex,,morph,genetic/molecular
NA,yes,yes,yes,none,1002225,10.1186/1756-3305-4-107,Hunt,"Insecticide resistance in malaria vector mosquitoes
at four localities in Ghana, West AfricA",Parasites & Vectors,2011,,,,,ghana,Akyem,6.34,-1.01,NA,NA,NA,NA,NA,NA,NA,NA,NA,NA,NA,NA,NA,NA,,point,paper map,,,,yes,itn,yes,,HRI,NA,,NA,,NA,,NA,100,,yes,no,no,6,6,2006,2006,wet,,NA,Sampling was done in June 2006,funestus,,morph,genetic/molecular
NA,no,yes,yes,none,1002225,10.1186/1756-3305-4-107,Hunt,"Insecticide resistance in malaria vector mosquitoes
at four localities in Ghana, West AfricA",Parasites & Vectors,2011,,,,,ghana,Akyem,6.34,-1.01,NA,NA,NA,NA,NA,NA,NA,NA,NA,NA,NA,NA,NA,NA,,point,paper map,,,,yes,itn,yes,,HRI,NA,,NA,,NA,,NA,0,,no,yes,no,6,6,2006,2006,wet,,NA,Sampling was done in June 2006,arabiensis,,morph,genetic/molecular
NA,yes,yes,yes,none,1002225,10.1186/1756-3305-4-107,Hunt,"Insecticide resistance in malaria vector mosquitoes
at four localities in Ghana, West AfricA",Parasites & Vectors,2011,,,,,ghana,Akyem,6.34,-1.01,NA,NA,NA,NA,NA,NA,NA,NA,NA,NA,NA,NA,NA,NA,,point,paper map,,,,yes,itn,yes,,HRI,NA,,NA,,NA,,NA,134,,yes,no,no,6,6,2006,2006,wet,,NA,Sampling was done in June 2006,gambiae_s form,,morph,genetic/molecular
NA,no,yes,yes,none,1002225,10.1186/1756-3305-4-107,Hunt,"Insecticide resistance in malaria vector mosquitoes
at four localities in Ghana, West AfricA",Parasites & Vectors,2011,,,,,ghana,Akyem,6.34,-1.01,NA,NA,NA,NA,NA,NA,NA,NA,NA,NA,NA,NA,NA,NA,,point,paper map,,,,yes,itn,yes,,HRI,NA,,NA,,NA,,NA,23,,yes,no,no,6,6,2006,2006,wet,,NA,Sampling was done in June 2006,gambiae_s form,,morph,genetic/molecular
NA,no,yes,yes,none,1002225,10.1186/1756-3305-4-107,Hunt,"Insecticide resistance in malaria vector mosquitoes
at four localities in Ghana, West AfricA",Parasites & Vectors,2011,,,,,ghana,Akyem,6.34,-1.01,NA,NA,NA,NA,NA,NA,NA,NA,NA,NA,NA,NA,NA,NA,,point,paper map,,,,yes,itn,yes,,HRI,NA,,NA,,NA,,NA,0,,no,yes,no,6,6,2006,2006,wet,,NA,Sampling was done in June 2006,coluzzii_gambiae_m form,,morph,genetic/molecular
NA,no,yes,yes,none,1002225,10.1186/1756-3305-4-107,Hunt,"Insecticide resistance in malaria vector mosquitoes
at four localities in Ghana, West AfricA",Parasites & Vectors,2011,,,,,ghana,Akyem,6.34,-1.01,NA,NA,NA,NA,NA,NA,NA,NA,NA,NA,NA,NA,NA,NA,,point,paper map,,,,yes,itn,yes,,HRI,NA,,NA,,NA,,NA,0,,no,yes,no,6,6,2006,2006,wet,,NA,Sampling was done in June 2006,gambiae complex,,morph,genetic/molecular
NA,no,yes,yes,phenotypic,1002225,10.1186/1756-3305-4-107,Hunt,"Insecticide resistance in malaria vector mosquitoes
at four localities in Ghana, West AfricA",Parasites & Vectors,2011,,,,,ghana,Obuasi,61.933,-16.581,NA,NA,NA,NA,NA,NA,NA,NA,NA,NA,NA,NA,NA,NA,,point,paper map,,,,yes,itn,yes,,HRI,NA,,NA,,NA,,NA,NA,,yes,no,no,7,7,2010,2010,wet,,NA,,gambiae_s form,,morph,genetic/molecular
NA,no,yes,yes,phenotypic,1002225,10.1186/1756-3305-4-107,Hunt,"Insecticide resistance in malaria vector mosquitoes
at four localities in Ghana, West AfricA",Parasites & Vectors,2011,,,,,ghana,Obuasi,61.933,-16.581,NA,NA,NA,NA,NA,NA,NA,NA,NA,NA,NA,NA,NA,NA,,point,paper map,,,,yes,itn,yes,,HRI,NA,,NA,,NA,,NA,NA,,yes,no,no,7,7,2010,2010,wet,,NA,,gambiae_s form,,morph,genetic/molecular
NA,no,yes,yes,phenotypic,1002225,10.1186/1756-3305-4-107,Hunt,"Insecticide resistance in malaria vector mosquitoes
at four localities in Ghana, West AfricA",Parasites & Vectors,2011,,,,,ghana,Obuasi,61.933,-16.581,NA,NA,NA,NA,NA,NA,NA,NA,NA,NA,NA,NA,NA,NA,,point,paper map,,,,yes,itn,yes,,HRI,NA,,NA,,NA,,NA,NA,,yes,no,no,7,7,2010,2010,wet,,NA,,gambiae_s form,,morph,genetic/molecular
NA,no,yes,yes,phenotypic,1002225,10.1186/1756-3305-4-107,Hunt,"Insecticide resistance in malaria vector mosquitoes
at four localities in Ghana, West AfricA",Parasites & Vectors,2011,,,,,ghana,Obuasi,61.933,-16.581,NA,NA,NA,NA,NA,NA,NA,NA,NA,NA,NA,NA,NA,NA,,point,paper map,,,,yes,itn,yes,,HRI,NA,,NA,,NA,,NA,NA,,yes,no,no,7,7,2010,2010,wet,,NA,,gambiae_s form,,morph,genetic/molecular
NA,no,yes,yes,phenotypic,1002225,10.1186/1756-3305-4-107,Hunt,"Insecticide resistance in malaria vector mosquitoes
at four localities in Ghana, West AfricA",Parasites & Vectors,2011,,,,,ghana,Obuasi,61.933,-16.581,NA,NA,NA,NA,NA,NA,NA,NA,NA,NA,NA,NA,NA,NA,,point,paper map,,,,yes,itn,yes,,HRI,NA,,NA,,NA,,NA,NA,,yes,no,no,7,7,2010,2010,wet,,NA,,gambiae_s form,,morph,genetic/molecular
NA,no,yes,yes,phenotypic,1002225,10.1186/1756-3305-4-107,Hunt,"Insecticide resistance in malaria vector mosquitoes
at four localities in Ghana, West AfricA",Parasites & Vectors,2011,,,,,ghana,Obuasi,61.933,-16.581,NA,NA,NA,NA,NA,NA,NA,NA,NA,NA,NA,NA,NA,NA,,point,paper map,,,,yes,itn,yes,,HRI,NA,,NA,,NA,,NA,NA,,yes,no,no,7,7,2010,2010,wet,,NA,,gambiae_s form,,morph,genetic/molecular
NA,no,yes,yes,phenotypic,1002225,10.1186/1756-3305-4-107,Hunt,"Insecticide resistance in malaria vector mosquitoes
at four localities in Ghana, West AfricA",Parasites & Vectors,2011,,,,,ghana,Obuasi,61.933,-16.581,NA,NA,NA,NA,NA,NA,NA,NA,NA,NA,NA,NA,NA,NA,,point,paper map,,,,yes,itn,yes,,HRI,NA,,NA,,NA,,NA,NA,,yes,no,no,7,7,2010,2010,wet,,NA,,gambiae_s form,,morph,genetic/molecular
NA,no,yes,yes,phenotypic,1002225,10.1186/1756-3305-4-107,Hunt,"Insecticide resistance in malaria vector mosquitoes
at four localities in Ghana, West AfricA",Parasites & Vectors,2011,,,,,ghana,Obuasi,61.933,-16.581,NA,NA,NA,NA,NA,NA,NA,NA,NA,NA,NA,NA,NA,NA,,point,paper map,,,,yes,itn,yes,,HRI,NA,,NA,,NA,,NA,NA,,yes,no,no,7,7,2010,2010,wet,,NA,,gambiae_s form,,morph,genetic/molecular
NA,no,yes,yes,phenotypic,1002225,10.1186/1756-3305-4-107,Hunt,"Insecticide resistance in malaria vector mosquitoes
at four localities in Ghana, West AfricA",Parasites & Vectors,2011,,,,,ghana,Tarkwa,5.3,-19.922,NA,NA,NA,NA,NA,NA,NA,NA,NA,NA,NA,NA,NA,NA,,point,paper map,,,,yes,itn,yes,,HRI,NA,,NA,,NA,,NA,NA,,yes,no,no,5,3,2007,2009,wet,,NA,"Sampling was done in May 2007 and March
2009",gambiae_s form,,morph,genetic/molecular
NA,no,yes,yes,phenotypic,1002225,10.1186/1756-3305-4-107,Hunt,"Insecticide resistance in malaria vector mosquitoes
at four localities in Ghana, West AfricA",Parasites & Vectors,2011,,,,,ghana,Tarkwa,5.3,-19.922,NA,NA,NA,NA,NA,NA,NA,NA,NA,NA,NA,NA,NA,NA,,point,paper map,,,,yes,itn,yes,,HRI,NA,,NA,,NA,,NA,NA,,yes,no,no,5,3,2007,2009,wet,,NA,"Sampling was done in May 2007 and March
2009",gambiae_s form,,morph,genetic/molecular
NA,no,yes,yes,phenotypic,1002225,10.1186/1756-3305-4-107,Hunt,"Insecticide resistance in malaria vector mosquitoes
at four localities in Ghana, West AfricA",Parasites & Vectors,2011,,,,,ghana,Tarkwa,5.3,-19.922,NA,NA,NA,NA,NA,NA,NA,NA,NA,NA,NA,NA,NA,NA,,point,paper map,,,,yes,itn,yes,,HRI,NA,,NA,,NA,,NA,NA,,yes,no,no,5,3,2007,2009,wet,,NA,"Sampling was done in May 2007 and March
2009",gambiae_s form,,morph,genetic/molecular
NA,no,yes,yes,phenotypic,1002225,10.1186/1756-3305-4-107,Hunt,"Insecticide resistance in malaria vector mosquitoes
at four localities in Ghana, West AfricA",Parasites & Vectors,2011,,,,,ghana,Tarkwa,5.3,-19.922,NA,NA,NA,NA,NA,NA,NA,NA,NA,NA,NA,NA,NA,NA,,point,paper map,,,,yes,itn,yes,,HRI,NA,,NA,,NA,,NA,NA,,yes,no,no,5,3,2007,2009,wet,,NA,"Sampling was done in May 2007 and March
2009",gambiae_s form,,morph,genetic/molecular
NA,no,yes,yes,phenotypic,1002225,10.1186/1756-3305-4-107,Hunt,"Insecticide resistance in malaria vector mosquitoes
at four localities in Ghana, West AfricA",Parasites & Vectors,2011,,,,,ghana,Tarkwa,5.3,-19.922,NA,NA,NA,NA,NA,NA,NA,NA,NA,NA,NA,NA,NA,NA,,point,paper map,,,,yes,itn,yes,,HRI,NA,,NA,,NA,,NA,NA,,yes,no,no,5,3,2007,2009,wet,,NA,"Sampling was done in May 2007 and March
2009",gambiae_s form,,morph,genetic/molecular
NA,no,yes,yes,phenotypic,1002225,10.1186/1756-3305-4-107,Hunt,"Insecticide resistance in malaria vector mosquitoes
at four localities in Ghana, West AfricA",Parasites & Vectors,2011,,,,,ghana,Akyem,6.34,-1.01,NA,NA,NA,NA,NA,NA,NA,NA,NA,NA,NA,NA,NA,NA,,point,paper map,,,,yes,itn,yes,,HRI,NA,,NA,,NA,,NA,NA,,yes,no,no,6,6,2006,2006,wet,,NA,Sampling was done in June 2006,gambiae_s form,,morph,genetic/molecular
NA,no,yes,yes,phenotypic,1002225,10.1186/1756-3305-4-107,Hunt,"Insecticide resistance in malaria vector mosquitoes
at four localities in Ghana, West AfricA",Parasites & Vectors,2011,,,,,ghana,Akyem,6.34,-1.01,NA,NA,NA,NA,NA,NA,NA,NA,NA,NA,NA,NA,NA,NA,,point,paper map,,,,yes,itn,yes,,HRI,NA,,NA,,NA,,NA,NA,,yes,no,no,6,6,2006,2006,wet,,NA,Sampling was done in June 2006,gambiae_s form,,morph,genetic/molecular
NA,no,yes,yes,phenotypic,1002225,10.1186/1756-3305-4-107,Hunt,"Insecticide resistance in malaria vector mosquitoes
at four localities in Ghana, West AfricA",Parasites & Vectors,2011,,,,,ghana,Akyem,6.34,-1.01,NA,NA,NA,NA,NA,NA,NA,NA,NA,NA,NA,NA,NA,NA,,point,paper map,,,,yes,itn,yes,,HRI,NA,,NA,,NA,,NA,NA,,yes,no,no,6,6,2006,2006,wet,,NA,Sampling was done in June 2006,gambiae_s form,,morph,genetic/molecular
NA,no,yes,yes,phenotypic,1002225,10.1186/1756-3305-4-107,Hunt,"Insecticide resistance in malaria vector mosquitoes
at four localities in Ghana, West AfricA",Parasites & Vectors,2011,,,,,ghana,Akyem,6.34,-1.01,NA,NA,NA,NA,NA,NA,NA,NA,NA,NA,NA,NA,NA,NA,,point,paper map,,,,yes,itn,yes,,HRI,NA,,NA,,NA,,NA,NA,,yes,no,no,6,6,2006,2006,wet,,NA,Sampling was done in June 2006,gambiae_s form,,morph,genetic/molecular
NA,no,yes,yes,phenotypic,1002225,10.1186/1756-3305-4-107,Hunt,"Insecticide resistance in malaria vector mosquitoes
at four localities in Ghana, West AfricA",Parasites & Vectors,2011,,,,,ghana,Akyem,6.34,-1.01,NA,NA,NA,NA,NA,NA,NA,NA,NA,NA,NA,NA,NA,NA,,point,paper map,,,,yes,itn,yes,,HRI,NA,,NA,,NA,,NA,NA,,yes,no,no,6,6,2006,2006,wet,,NA,Sampling was done in June 2006,gambiae_s form,,morph,genetic/molecular
NA,no,yes,yes,phenotypic,1002225,10.1186/1756-3305-4-107,Hunt,"Insecticide resistance in malaria vector mosquitoes
at four localities in Ghana, West AfricA",Parasites & Vectors,2011,,,,,ghana,Ahafo,70.258,-23.408,NA,NA,NA,NA,NA,NA,NA,NA,NA,NA,NA,NA,NA,NA,,point,paper map,,,,yes,itn,yes,,HRI,NA,,NA,,NA,,NA,NA,,yes,no,no,12,6,2006,2008,wet,,NA,"Sampling was done in  December 2006 and June
2008.",gambiae_s form,,morph,genetic/molecular
NA,no,yes,yes,phenotypic,1002225,10.1186/1756-3305-4-107,Hunt,"Insecticide resistance in malaria vector mosquitoes
at four localities in Ghana, West AfricA",Parasites & Vectors,2011,,,,,ghana,Ahafo,70.258,-23.408,NA,NA,NA,NA,NA,NA,NA,NA,NA,NA,NA,NA,NA,NA,,point,paper map,,,,yes,itn,yes,,HRI,NA,,NA,,NA,,NA,NA,,yes,no,no,12,6,2006,2008,wet,,NA,"Sampling was done in  December 2006 and June
2008.",gambiae_s form,,morph,genetic/molecular
NA,no,yes,yes,phenotypic,1002225,10.1186/1756-3305-4-107,Hunt,"Insecticide resistance in malaria vector mosquitoes
at four localities in Ghana, West AfricA",Parasites & Vectors,2011,,,,,ghana,Ahafo,70.258,-23.408,NA,NA,NA,NA,NA,NA,NA,NA,NA,NA,NA,NA,NA,NA,,point,paper map,,,,yes,itn,yes,,HRI,NA,,NA,,NA,,NA,NA,,yes,no,no,12,6,2006,2008,wet,,NA,"Sampling was done in  December 2006 and June
2008.",gambiae_s form,,morph,genetic/molecular
NA,no,yes,yes,phenotypic,1002225,10.1186/1756-3305-4-107,Hunt,"Insecticide resistance in malaria vector mosquitoes
at four localities in Ghana, West AfricA",Parasites & Vectors,2011,,,,,ghana,Ahafo,70.258,-23.408,NA,NA,NA,NA,NA,NA,NA,NA,NA,NA,NA,NA,NA,NA,,point,paper map,,,,yes,itn,yes,,HRI,NA,,NA,,NA,,NA,NA,,yes,no,no,12,6,2006,2008,wet,,NA,"Sampling was done in  December 2006 and June
2008.",gambiae_s form,,morph,genetic/molecular
NA,no,yes,yes,phenotypic,1002225,10.1186/1756-3305-4-107,Hunt,"Insecticide resistance in malaria vector mosquitoes
at four localities in Ghana, West AfricA",Parasites & Vectors,2011,,,,,ghana,Ahafo,70.258,-23.408,NA,NA,NA,NA,NA,NA,NA,NA,NA,NA,NA,NA,NA,NA,,point,paper map,,,,yes,itn,yes,,HRI,NA,,NA,,NA,,NA,NA,,yes,no,no,12,6,2006,2008,wet,,NA,"Sampling was done in  December 2006 and June
2008.",gambiae_s form,,morph,genetic/molecular
NA,no,yes,yes,phenotypic,1002225,10.1186/1756-3305-4-107,Hunt,"Insecticide resistance in malaria vector mosquitoes
at four localities in Ghana, West AfricA",Parasites & Vectors,2011,,,,,ghana,Ahafo,70.258,-23.408,NA,NA,NA,NA,NA,NA,NA,NA,NA,NA,NA,NA,NA,NA,,point,paper map,,,,yes,itn,yes,,HRI,NA,,NA,,NA,,NA,NA,,yes,no,no,12,6,2006,2008,wet,,NA,"Sampling was done in  December 2006 and June
2008.",gambiae_s form,,morph,genetic/molecular
NA,no,yes,yes,phenotypic,1002225,10.1186/1756-3305-4-107,Hunt,"Insecticide resistance in malaria vector mosquitoes
at four localities in Ghana, West AfricA",Parasites & Vectors,2011,,,,,ghana,Ahafo,70.258,-23.408,NA,NA,NA,NA,NA,NA,NA,NA,NA,NA,NA,NA,NA,NA,,point,paper map,,,,yes,itn,yes,,HRI,NA,,NA,,NA,,NA,NA,,yes,no,no,12,6,2006,2008,wet,,NA,"Sampling was done in  December 2006 and June
2008.",gambiae_s form,,morph,genetic/molecular
NA,no,yes,yes,phenotypic,1002225,10.1186/1756-3305-4-107,Hunt,"Insecticide resistance in malaria vector mosquitoes
at four localities in Ghana, West AfricA",Parasites & Vectors,2011,,,,,ghana,Ahafo,70.258,-23.408,NA,NA,NA,NA,NA,NA,NA,NA,NA,NA,NA,NA,NA,NA,,point,paper map,,,,yes,itn,yes,,HRI,NA,,NA,,NA,,NA,NA,,yes,no,no,12,6,2006,2008,wet,,NA,"Sampling was done in  December 2006 and June
2008.",gambiae_s form,,morph,genetic/molecular
NA,no,yes,yes,genotypic,1002225,10.1186/1756-3305-4-107,Hunt,"Insecticide resistance in malaria vector mosquitoes
at four localities in Ghana, West AfricA",Parasites & Vectors,2011,,,,,ghana,Obuasi,61.933,-16.581,NA,NA,NA,NA,NA,NA,NA,NA,NA,NA,NA,NA,NA,NA,,point,paper map,,,,yes,itn,yes,,HRI,NA,,NA,,NA,,NA,NA,,yes,no,no,7,7,2010,2010,wet,,NA,,gambiae_s form,,morph,genetic/molecular
NA,no,yes,yes,genotypic,1002225,10.1186/1756-3305-4-107,Hunt,"Insecticide resistance in malaria vector mosquitoes
at four localities in Ghana, West AfricA",Parasites & Vectors,2011,,,,,ghana,Ahafo,70.258,-23.408,NA,NA,NA,NA,NA,NA,NA,NA,NA,NA,NA,NA,NA,NA,,point,paper map,,,,yes,itn,yes,,HRI,NA,,NA,,NA,,NA,NA,,yes,no,no,12,6,2006,2008,wet,,NA,,gambiae_s form,,morph,genetic/molecular
NA,no,yes,yes,genotypic,1002225,10.1186/1756-3305-4-107,Hunt,"Insecticide resistance in malaria vector mosquitoes
at four localities in Ghana, West AfricA",Parasites & Vectors,2011,,,,,ghana,Akyem,6.34,-1.01,NA,NA,NA,NA,NA,NA,NA,NA,NA,NA,NA,NA,NA,NA,,point,paper map,,,,yes,itn,yes,,HRI,NA,,NA,,NA,,NA,NA,,yes,no,no,6,6,2006,2006,wet,,NA,,gambiae_s form,,morph,genetic/molecular
NA,no,yes,yes,genotypic,1002225,10.1186/1756-3305-4-107,Hunt,"Insecticide resistance in malaria vector mosquitoes
at four localities in Ghana, West AfricA",Parasites & Vectors,2011,,,,,ghana,Tarkwa,5.3,-19.922,NA,NA,NA,NA,NA,NA,NA,NA,NA,NA,NA,NA,NA,NA,,point,paper map,,,,yes,itn,yes,,HRI,NA,,NA,,NA,,NA,NA,,yes,no,no,5,3,2007,2009,wet,,NA,,gambiae_s form,,morph,genetic/molecular
NA,no,yes,no,none,1002226,10.1111/j.1365-2915.2011.00957.x.,Gimonneau,"Larval habitat segregation between the molecular forms of the
mosquito, Anopheles gambiae in a rice field area of Burkina
Faso, West Africa",NIH-Public Access,2012,na,,no,,burkina faso,Bama,113.833,-4.4,NA,NA,NA,NA,NA,NA,NA,NA,NA,NA,NA,NA,NA,NA,,point,paper map,,,,na,,,,cdc-lt - outdoor,NA,,NA,,NA,,NA,773,,yes,no,no,6,11,2009,2009,wet,,NA,,gambiae complex,,morph,
NA,no,yes,no,none,1002226,10.1111/j.1365-2915.2011.00957.x.,Gimonneau,"Larval habitat segregation between the molecular forms of the
mosquito, Anopheles gambiae in a rice field area of Burkina
Faso, West Africa",NIH-Public Access,2012,na,,no,,burkina faso,Bama,113.833,-4.4,NA,NA,NA,NA,NA,NA,NA,NA,NA,NA,NA,NA,NA,NA,,point,paper map,,,,na,,,,cdc-lt - outdoor,NA,,NA,,NA,,NA,NA,,yes,no,no,6,11,2009,2009,wet,,NA,,gambiae_s form,Accounted for 55% of the specimens collected,morph,genetic/molecular
NA,no,yes,no,none,1002226,10.1111/j.1365-2915.2011.00957.x.,Gimonneau,"Larval habitat segregation between the molecular forms of the
mosquito, Anopheles gambiae in a rice field area of Burkina
Faso, West Africa",NIH-Public Access,2012,na,,no,,burkina faso,Bama,113.833,-4.4,NA,NA,NA,NA,NA,NA,NA,NA,NA,NA,NA,NA,NA,NA,,point,paper map,,,,na,,,,cdc-lt - outdoor,NA,,NA,,NA,,NA,NA,,yes,no,no,6,11,2009,2009,wet,,NA,,coluzzii_gambiae_m form,Accounted for 31% of the specimens collected,morph,genetic/molecular
NA,no,yes,no,none,1002226,10.1111/j.1365-2915.2011.00957.x.,Gimonneau,"Larval habitat segregation between the molecular forms of the
mosquito, Anopheles gambiae in a rice field area of Burkina
Faso, West Africa",NIH-Public Access,2012,na,,no,,burkina faso,Bama,113.833,-4.4,NA,NA,NA,NA,NA,NA,NA,NA,NA,NA,NA,NA,NA,NA,,point,paper map,,,,na,,,,cdc-lt - outdoor,NA,,NA,,NA,,NA,NA,,yes,no,no,6,11,2009,2009,wet,,NA,,arabiensis,Accounted for 14% of the specimens collected,morph,genetic/molecular
NA,no,yes,no,none,1002226,10.1111/j.1365-2915.2011.00957.x.,Gimonneau,"Larval habitat segregation between the molecular forms of the
mosquito, Anopheles gambiae in a rice field area of Burkina
Faso, West Africa",NIH-Public Access,2012,na,,no,,burkina faso,Bama,113.833,-4.4,NA,NA,NA,NA,NA,NA,NA,NA,NA,NA,NA,NA,NA,NA,,point,paper map,,,,na,,,,cdc-lt - outdoor,NA,,NA,,NA,,NA,0,,no,yes,no,6,11,2009,2009,wet,,NA,,gambiae_s form_m form,None found,,
NA,no,yes,no,phenotypic,1002227,10.1603/ME09286,Fuseini,"The Efficacy of ACTELLIC 50 EC, Pirimiphos Methyl, for Indoor
Residual Spraying in Ahafo, Ghana: Area of High Vector
Resistance to Pyrethroids and Organochlorines",JOURNAL OF MEDICAL ENTOMOLOGY,2011,na,,no,,ghana,Kenyasi,6.982,-2.391,NA,NA,NA,NA,NA,NA,NA,NA,NA,NA,NA,NA,NA,NA,greater than 10km,wide area,google maps,Brong Ahafo,AsutiÃƒÂž,,yes,irs,no,IRS,HRI,NA,,NA,,NA,,NA,NA,,yes,no,no,6,6,2008,2008,wet,,NA,,gambiae complex,,morph,
NA,no,yes,no,phenotypic,1002227,10.1603/ME09286,Fuseini,"The Efficacy of ACTELLIC 50 EC, Pirimiphos Methyl, for Indoor
Residual Spraying in Ahafo, Ghana: Area of High Vector
Resistance to Pyrethroids and Organochlorines",JOURNAL OF MEDICAL ENTOMOLOGY,2011,no,,no,,ghana,Kenyasi,6.982,-2.391,NA,NA,NA,NA,NA,NA,NA,NA,NA,NA,NA,NA,NA,NA,greater than 10km,wide area,google maps,Brong Ahafo,AsutiÃƒÂž,,yes,irs,no,IRS,HRI,NA,,NA,,NA,,NA,NA,,yes,no,no,6,6,2008,2008,wet,,NA,,gambiae complex,,morph,
NA,no,yes,no,phenotypic,1002227,10.1603/ME09286,Fuseini,"The Efficacy of ACTELLIC 50 EC, Pirimiphos Methyl, for Indoor
Residual Spraying in Ahafo, Ghana: Area of High Vector
Resistance to Pyrethroids and Organochlorines",JOURNAL OF MEDICAL ENTOMOLOGY,2011,no,,no,,ghana,Kenyasi,6.982,-2.391,NA,NA,NA,NA,NA,NA,NA,NA,NA,NA,NA,NA,NA,NA,greater than 10km,wide area,google maps,Brong Ahafo,AsutiÃƒÂž,,yes,irs,no,IRS,HRI,NA,,NA,,NA,,NA,NA,,yes,no,no,6,6,2008,2008,wet,,NA,,gambiae complex,,morph,
NA,no,yes,no,phenotypic,1002227,10.1603/ME09286,Fuseini,"The Efficacy of ACTELLIC 50 EC, Pirimiphos Methyl, for Indoor
Residual Spraying in Ahafo, Ghana: Area of High Vector
Resistance to Pyrethroids and Organochlorines",JOURNAL OF MEDICAL ENTOMOLOGY,2011,no,,no,,ghana,Kenyasi,6.982,-2.391,NA,NA,NA,NA,NA,NA,NA,NA,NA,NA,NA,NA,NA,NA,greater than 10km,wide area,google maps,Brong Ahafo,AsutiÃƒÂž,,yes,irs,no,IRS,HRI,NA,,NA,,NA,,NA,NA,,yes,no,no,6,6,2008,2008,wet,,NA,,gambiae complex,,morph,
NA,no,yes,no,phenotypic,1002227,10.1603/ME09286,Fuseini,"The Efficacy of ACTELLIC 50 EC, Pirimiphos Methyl, for Indoor
Residual Spraying in Ahafo, Ghana: Area of High Vector
Resistance to Pyrethroids and Organochlorines",JOURNAL OF MEDICAL ENTOMOLOGY,2011,no,,no,,ghana,Kenyasi,6.982,-2.391,NA,NA,NA,NA,NA,NA,NA,NA,NA,NA,NA,NA,NA,NA,greater than 10km,wide area,google maps,Brong Ahafo,AsutiÃƒÂž,,yes,irs,no,IRS,HRI,NA,,NA,,NA,,NA,NA,,yes,no,no,6,6,2008,2008,wet,,NA,,gambiae complex,,morph,
NA,no,yes,no,phenotypic,1002227,10.1603/ME09286,Fuseini,"The Efficacy of ACTELLIC 50 EC, Pirimiphos Methyl, for Indoor
Residual Spraying in Ahafo, Ghana: Area of High Vector
Resistance to Pyrethroids and Organochlorines",JOURNAL OF MEDICAL ENTOMOLOGY,2011,no,,no,,ghana,Kenyasi,6.982,-2.391,NA,NA,NA,NA,NA,NA,NA,NA,NA,NA,NA,NA,NA,NA,greater than 10km,wide area,google maps,Brong Ahafo,AsutiÃƒÂž,,yes,irs,no,IRS,HRI,NA,,NA,,NA,,NA,NA,,yes,no,no,6,6,2008,2008,wet,,NA,,gambiae complex,,morph,
NA,no,yes,no,phenotypic,1002227,10.1603/ME09286,Fuseini,"The Efficacy of ACTELLIC 50 EC, Pirimiphos Methyl, for Indoor
Residual Spraying in Ahafo, Ghana: Area of High Vector
Resistance to Pyrethroids and Organochlorines",JOURNAL OF MEDICAL ENTOMOLOGY,2011,no,,no,,ghana,Kenyasi,6.982,-2.391,NA,NA,NA,NA,NA,NA,NA,NA,NA,NA,NA,NA,NA,NA,greater than 10km,wide area,google maps,Brong Ahafo,AsutiÃƒÂž,,yes,irs,no,IRS,HRI,NA,,NA,,NA,,NA,NA,,yes,no,no,6,6,2008,2008,wet,,NA,,gambiae complex,,morph,
NA,no,yes,no,phenotypic,1002227,10.1603/ME09286,Fuseini,"The Efficacy of ACTELLIC 50 EC, Pirimiphos Methyl, for Indoor
Residual Spraying in Ahafo, Ghana: Area of High Vector
Resistance to Pyrethroids and Organochlorines",JOURNAL OF MEDICAL ENTOMOLOGY,2011,no,,no,,ghana,Kenyasi,6.982,-2.391,NA,NA,NA,NA,NA,NA,NA,NA,NA,NA,NA,NA,NA,NA,greater than 10km,wide area,google maps,Brong Ahafo,AsutiÃƒÂž,,yes,irs,no,IRS,HRI,NA,,NA,,NA,,NA,NA,,yes,no,no,6,6,2008,2008,wet,,NA,,gambiae complex,,morph,
NA,no,yes,yes,none,1002228,10.1186/1475-2875-10-81,Imbahale,"A longitudinal study on Anopheles mosquito
larval abundance in distinct geographical and
environmental settings in western Kenya",Malaria Journal,2011,na,,no,,kenya,Fort Tenan,-0.2,353.333,NA,NA,NA,NA,NA,NA,NA,NA,NA,NA,NA,NA,NA,NA,,point,paper map,Kericho,,,na,,,,larvae,NA,,NA,,NA,,NA,12,,yes,no,no,3,3,2006,2008,wet,,NA,,gambiae_s form,,morph,genetic/molecular
NA,no,yes,yes,none,1002228,10.1186/1475-2875-10-81,Imbahale,"A longitudinal study on Anopheles mosquito
larval abundance in distinct geographical and
environmental settings in western Kenya",Malaria Journal,2011,na,,no,,kenya,Fort Tenan,-0.2,353.333,NA,NA,NA,NA,NA,NA,NA,NA,NA,NA,NA,NA,NA,NA,,point,paper map,Kericho,,,na,,,,larvae,NA,,NA,,NA,,NA,29,,yes,no,no,3,3,2006,2008,wet,,NA,,arabiensis,,morph,genetic/molecular
NA,no,yes,yes,none,1002228,10.1186/1475-2875-10-81,Imbahale,"A longitudinal study on Anopheles mosquito
larval abundance in distinct geographical and
environmental settings in western Kenya",Malaria Journal,2011,na,,no,,kenya,Fort Tenan,-0.2,353.333,NA,NA,NA,NA,NA,NA,NA,NA,NA,NA,NA,NA,NA,NA,,point,paper map,Kericho,,,na,,,,larvae,NA,,NA,,NA,,NA,4,,yes,no,no,3,3,2006,2008,wet,,NA,,funestus,,morph,genetic/molecular
NA,no,yes,yes,none,1002228,10.1186/1475-2875-10-81,Imbahale,"A longitudinal study on Anopheles mosquito
larval abundance in distinct geographical and
environmental settings in western Kenya",Malaria Journal,2011,na,,no,,kenya,Fort Tenan,-0.2,353.333,NA,NA,NA,NA,NA,NA,NA,NA,NA,NA,NA,NA,NA,NA,,point,paper map,Kericho,,,na,,,,larvae,NA,,NA,,NA,,NA,83,,yes,no,no,3,3,2006,2008,wet,,NA,,coustani,,morph,genetic/molecular
NA,no,yes,yes,none,1002228,10.1186/1475-2875-10-81,Imbahale,"A longitudinal study on Anopheles mosquito
larval abundance in distinct geographical and
environmental settings in western Kenya",Malaria Journal,2011,na,,no,,kenya,Fort Tenan,-0.2,353.333,NA,NA,NA,NA,NA,NA,NA,NA,NA,NA,NA,NA,NA,NA,,point,paper map,Kericho,,,na,,,,larvae,NA,,NA,,NA,,NA,18,,yes,no,no,3,3,2006,2008,wet,,NA,,christyi,Other non vector anophelines were 183,morph,genetic/molecular
NA,no,yes,yes,none,1002228,10.1186/1475-2875-10-81,Imbahale,"A longitudinal study on Anopheles mosquito
larval abundance in distinct geographical and
environmental settings in western Kenya",Malaria Journal,2011,na,,no,,kenya,Lunyerere,0.1,347.167,NA,NA,NA,NA,NA,NA,NA,NA,NA,NA,NA,NA,NA,NA,,point,paper map,Vihiga,,,na,,,,larvae,NA,,NA,,NA,,NA,289,,yes,no,no,3,3,2006,2008,wet,,NA,,gambiae_s form,,morph,genetic/molecular
NA,no,yes,yes,none,1002228,10.1186/1475-2875-10-81,Imbahale,"A longitudinal study on Anopheles mosquito
larval abundance in distinct geographical and
environmental settings in western Kenya",Malaria Journal,2011,na,,no,,kenya,Lunyerere,0.1,347.167,NA,NA,NA,NA,NA,NA,NA,NA,NA,NA,NA,NA,NA,NA,,point,paper map,Vihiga,,,na,,,,larvae,NA,,NA,,NA,,NA,21,,yes,no,no,3,3,2006,2008,wet,,NA,,arabiensis,,morph,genetic/molecular
NA,no,yes,yes,none,1002228,10.1186/1475-2875-10-81,Imbahale,"A longitudinal study on Anopheles mosquito
larval abundance in distinct geographical and
environmental settings in western Kenya",Malaria Journal,2011,na,,no,,kenya,Lunyerere,0.1,347.167,NA,NA,NA,NA,NA,NA,NA,NA,NA,NA,NA,NA,NA,NA,,point,paper map,Vihiga,,,na,,,,larvae,NA,,NA,,NA,,NA,154,,yes,no,no,3,3,2006,2008,wet,,NA,,funestus,,morph,genetic/molecular
NA,no,yes,yes,none,1002228,10.1186/1475-2875-10-81,Imbahale,"A longitudinal study on Anopheles mosquito
larval abundance in distinct geographical and
environmental settings in western Kenya",Malaria Journal,2011,na,,no,,kenya,Lunyerere,0.1,347.167,NA,NA,NA,NA,NA,NA,NA,NA,NA,NA,NA,NA,NA,NA,,point,paper map,Vihiga,,,na,,,,larvae,NA,,NA,,NA,,NA,29,,yes,no,no,3,3,2006,2008,wet,,NA,,coustani,,morph,genetic/molecular
NA,no,yes,yes,none,1002228,10.1186/1475-2875-10-81,Imbahale,"A longitudinal study on Anopheles mosquito
larval abundance in distinct geographical and
environmental settings in western Kenya",Malaria Journal,2011,na,,no,,kenya,Lunyerere,0.1,347.167,NA,NA,NA,NA,NA,NA,NA,NA,NA,NA,NA,NA,NA,NA,,point,paper map,Vihiga,,,na,,,,larvae,NA,,NA,,NA,,NA,0,,no,yes,no,3,3,2006,2008,wet,,NA,,christyi,Other non vector anophelines were 79,morph,genetic/molecular
NA,no,yes,yes,none,1002228,10.1186/1475-2875-10-81,Imbahale,"A longitudinal study on Anopheles mosquito
larval abundance in distinct geographical and
environmental settings in western Kenya",Malaria Journal,2011,na,,no,,kenya,Nyalenda,-0.1,347.667,NA,NA,NA,NA,NA,NA,NA,NA,NA,NA,NA,NA,NA,NA,,point,paper map,Kisumu,,,na,,,,larvae,NA,,NA,,NA,,NA,18,,yes,no,no,3,3,2006,2008,wet,,NA,,gambiae_s form,,morph,genetic/molecular
NA,no,yes,yes,none,1002228,10.1186/1475-2875-10-81,Imbahale,"A longitudinal study on Anopheles mosquito
larval abundance in distinct geographical and
environmental settings in western Kenya",Malaria Journal,2011,na,,no,,kenya,Nyalenda,-0.1,347.667,NA,NA,NA,NA,NA,NA,NA,NA,NA,NA,NA,NA,NA,NA,,point,paper map,Kisumu,,,na,,,,larvae,NA,,NA,,NA,,NA,231,,yes,no,no,3,3,2006,2008,wet,,NA,,arabiensis,,morph,genetic/molecular
NA,no,yes,yes,none,1002228,10.1186/1475-2875-10-81,Imbahale,"A longitudinal study on Anopheles mosquito
larval abundance in distinct geographical and
environmental settings in western Kenya",Malaria Journal,2011,na,,no,,kenya,Nyalenda,-0.1,347.667,NA,NA,NA,NA,NA,NA,NA,NA,NA,NA,NA,NA,NA,NA,,point,paper map,Kisumu,,,na,,,,larvae,NA,,NA,,NA,,NA,0,,no,yes,no,3,3,2006,2008,wet,,NA,,funestus,,morph,genetic/molecular
NA,no,yes,yes,none,1002228,10.1186/1475-2875-10-81,Imbahale,"A longitudinal study on Anopheles mosquito
larval abundance in distinct geographical and
environmental settings in western Kenya",Malaria Journal,2011,na,,no,,kenya,Nyalenda,-0.1,347.667,NA,NA,NA,NA,NA,NA,NA,NA,NA,NA,NA,NA,NA,NA,,point,paper map,Kisumu,,,na,,,,larvae,NA,,NA,,NA,,NA,46,,yes,no,no,3,3,2006,2008,wet,,NA,,coustani,,morph,genetic/molecular
NA,no,yes,yes,none,1002228,10.1186/1475-2875-10-81,Imbahale,"A longitudinal study on Anopheles mosquito
larval abundance in distinct geographical and
environmental settings in western Kenya",Malaria Journal,2011,na,,no,,kenya,Nyalenda,-0.1,347.667,NA,NA,NA,NA,NA,NA,NA,NA,NA,NA,NA,NA,NA,NA,,point,paper map,Kisumu,,,na,,,,larvae,NA,,NA,,NA,,NA,0,,no,yes,no,3,3,2006,2008,wet,,NA,,christyi,Other non vector anophelines were 90,morph,genetic/molecular
NA,no,yes,no,none,1002232,10.4269/ajtmh.18-0875,Hast,"Risk Factors for Household Vector Abundance Using Indoor CDC Light Traps in a High
Malaria Transmission Area of Northern Zambi",The American Society of Tropical Medicine and Hygiene,2019,cluster,,no,"1 ÃƒÂ— 1 km
grid was overlaid on the study area.",zambia,Nchelenge,-9.35,28.74,NA,NA,NA,NA,NA,NA,NA,NA,NA,NA,NA,NA,NA,NA,between 5 to 10km,point,google maps,Luapula,,,yes,combination,yes,IRS,cdc-lt - indoor,12365,,NA,,NA,,NA,12365,,yes,no,no,4,7,2012,2017,cross,,NA,,funestus complex,,morph,
NA,no,yes,no,none,1002232,10.4269/ajtmh.18-0875,Hast,"Risk Factors for Household Vector Abundance Using Indoor CDC Light Traps in a High
Malaria Transmission Area of Northern Zambi",The American Society of Tropical Medicine and Hygiene,2019,cluster,,no,"1 ÃƒÂ— 1 km
grid was overlaid on the study area.",zambia,Nchelenge,-9.35,28.74,NA,NA,NA,NA,NA,NA,NA,NA,NA,NA,NA,NA,NA,NA,between 5 to 10km,point,google maps,Luapula,,,yes,combination,yes,IRS,cdc-lt - indoor,1371,,NA,,NA,,NA,1371,,yes,no,no,4,7,2012,2017,cross,,NA,,gambiae complex,,morph,
NA,no,yes,no,none,1002232,10.4269/ajtmh.18-0875,Hast,"Risk Factors for Household Vector Abundance Using Indoor CDC Light Traps in a High
Malaria Transmission Area of Northern Zambi",The American Society of Tropical Medicine and Hygiene,2019,cluster,,no,"1 ÃƒÂ— 1 km
grid was overlaid on the study area.",zambia,Nchelenge,-9.35,28.74,NA,NA,NA,NA,NA,NA,NA,NA,NA,NA,NA,NA,NA,NA,between 5 to 10km,point,google maps,Luapula,,,yes,combination,yes,IRS,cdc-lt - indoor,43,,NA,,NA,,NA,43,,yes,no,no,4,7,2012,2017,cross,,NA,,coustani,,morph,
NA,no,yes,no,none,1002232,10.4269/ajtmh.18-0875,Hast,"Risk Factors for Household Vector Abundance Using Indoor CDC Light Traps in a High
Malaria Transmission Area of Northern Zambi",The American Society of Tropical Medicine and Hygiene,2019,cluster,,no,"1 ÃƒÂ— 1 km
grid was overlaid on the study area.",zambia,Nchelenge,-9.35,28.74,NA,NA,NA,NA,NA,NA,NA,NA,NA,NA,NA,NA,NA,NA,between 5 to 10km,point,google maps,Luapula,,,yes,combination,yes,IRS,cdc-lt - indoor,1,,NA,,NA,,NA,1,,yes,no,no,4,7,2012,2017,cross,,NA,,maculipalpis,,morph,
NA,yes,yes,no,genotypic,1002233,10.1186/s12936-019-2759-1,Hanemaaijer,"Introgression between Anopheles gambiae
and Anopheles coluzzii in Burkina Faso and its 
associations with kdr resistance and Plasmodium
infection",Malaria Journal,2019,,,,,burkina faso,Biron Badala,126.072,-35.455,NA,NA,NA,NA,NA,NA,NA,NA,NA,NA,NA,NA,NA,NA,,point,paper map,Nouna,Kossi,,yes,itn,yes,,,NA,,NA,,NA,,NA,1,Sampling  occurence method not mentioned,yes,no,no,NA,NA,2012,2012,,,NA,,arabiensis,,genetic/molecular,
NA,yes,yes,no,genotypic,1002233,10.1186/s12936-019-2759-1,Hanemaaijer,"Introgression between Anopheles gambiae
and Anopheles coluzzii in Burkina Faso and its 
associations with kdr resistance and Plasmodium
infection",Malaria Journal,2019,,,,,burkina faso,Biron Badala,126.072,-35.455,NA,NA,NA,NA,NA,NA,NA,NA,NA,NA,NA,NA,NA,NA,,point,paper map,Nouna,Kossi,,yes,itn,yes,,,NA,,NA,,NA,,NA,0,Sampling  occurence method not mentioned,no,yes,no,NA,NA,2012,2012,,,NA,,coluzzii_gambiae_m form,"Pure""""",genetic/molecular,
NA,yes,yes,no,genotypic,1002233,10.1186/s12936-019-2759-1,Hanemaaijer,"Introgression between Anopheles gambiae
and Anopheles coluzzii in Burkina Faso and its 
associations with kdr resistance and Plasmodium
infection",Malaria Journal,2019,,,,,burkina faso,Biron Badala,126.072,-35.455,NA,NA,NA,NA,NA,NA,NA,NA,NA,NA,NA,NA,NA,NA,,point,paper map,Nouna,Kossi,,yes,itn,yes,,,NA,,NA,,NA,,NA,9,Sampling  occurence method not mentioned,yes,no,no,NA,NA,2012,2012,,,NA,,coluzzii_gambiae_m form,"""""Introgressed""""",genetic/molecular,
NA,yes,yes,no,genotypic,1002233,10.1186/s12936-019-2759-1,Hanemaaijer,"Introgression between Anopheles gambiae
and Anopheles coluzzii in Burkina Faso and its 
associations with kdr resistance and Plasmodium
infection",Malaria Journal,2019,,,,,burkina faso,Biron Badala,126.072,-35.455,NA,NA,NA,NA,NA,NA,NA,NA,NA,NA,NA,NA,NA,NA,,point,paper map,Nouna,Kossi,,yes,itn,yes,,,NA,,NA,,NA,,NA,0,Sampling  occurence method not mentioned,no,yes,no,NA,NA,2012,2012,,,NA,,gambiae_s form,,genetic/molecular,
NA,yes,yes,no,genotypic,1002233,10.1186/s12936-019-2759-1,Hanemaaijer,"Introgression between Anopheles gambiae
and Anopheles coluzzii in Burkina Faso and its 
associations with kdr resistance and Plasmodium
infection",Malaria Journal,2019,,,,,burkina faso,Biron Marka,125.739,-36.336,NA,NA,NA,NA,NA,NA,NA,NA,NA,NA,NA,NA,NA,NA,,point,paper map,Nouna,Kossi,,yes,itn,yes,,,NA,,NA,,NA,,NA,1,Sampling  occurence method not mentioned,yes,no,no,NA,NA,2012,2012,,,NA,,arabiensis,,genetic/molecular,
NA,yes,yes,no,genotypic,1002233,10.1186/s12936-019-2759-1,Hanemaaijer,"Introgression between Anopheles gambiae
and Anopheles coluzzii in Burkina Faso and its 
associations with kdr resistance and Plasmodium
infection",Malaria Journal,2019,,,,,burkina faso,Biron Marka,125.739,-36.336,NA,NA,NA,NA,NA,NA,NA,NA,NA,NA,NA,NA,NA,NA,,point,paper map,Nouna,Kossi,,yes,itn,yes,,,NA,,NA,,NA,,NA,1,Sampling  occurence method not mentioned,yes,no,no,NA,NA,2012,2012,,,NA,,coluzzii_gambiae_m form,"Pure""""",genetic/molecular,
NA,yes,yes,no,genotypic,1002233,10.1186/s12936-019-2759-1,Hanemaaijer,"Introgression between Anopheles gambiae
and Anopheles coluzzii in Burkina Faso and its 
associations with kdr resistance and Plasmodium
infection",Malaria Journal,2019,,,,,burkina faso,Biron Marka,125.739,-36.336,NA,NA,NA,NA,NA,NA,NA,NA,NA,NA,NA,NA,NA,NA,,point,paper map,Nouna,Kossi,,yes,itn,yes,,,NA,,NA,,NA,,NA,8,Sampling  occurence method not mentioned,yes,no,no,NA,NA,2012,2012,,,NA,,coluzzii_gambiae_m form,"""""Introgressed""""",genetic/molecular,
NA,yes,yes,no,genotypic,1002233,10.1186/s12936-019-2759-1,Hanemaaijer,"Introgression between Anopheles gambiae
and Anopheles coluzzii in Burkina Faso and its 
associations with kdr resistance and Plasmodium
infection",Malaria Journal,2019,,,,,burkina faso,Biron Marka,125.739,-36.336,NA,NA,NA,NA,NA,NA,NA,NA,NA,NA,NA,NA,NA,NA,,point,paper map,Nouna,Kossi,,yes,itn,yes,,,NA,,NA,,NA,,NA,0,Sampling  occurence method not mentioned,no,yes,no,NA,NA,2012,2012,,,NA,,gambiae_s form,,genetic/molecular,
NA,yes,yes,no,genotypic,1002233,10.1186/s12936-019-2759-1,Hanemaaijer,"Introgression between Anopheles gambiae
and Anopheles coluzzii in Burkina Faso and its 
associations with kdr resistance and Plasmodium
infection",Malaria Journal,2019,,,,,burkina faso,Bourasso,126.337,-37.126,NA,NA,NA,NA,NA,NA,NA,NA,NA,NA,NA,NA,NA,NA,,point,paper map,Nouna,Kossi,,yes,itn,yes,,,NA,,NA,,NA,,NA,5,Sampling  occurence method not mentioned,yes,no,no,NA,NA,2012,2012,,,NA,,arabiensis,,genetic/molecular,
NA,yes,yes,no,genotypic,1002233,10.1186/s12936-019-2759-1,Hanemaaijer,"Introgression between Anopheles gambiae
and Anopheles coluzzii in Burkina Faso and its 
associations with kdr resistance and Plasmodium
infection",Malaria Journal,2019,,,,,burkina faso,Bourasso,126.337,-37.126,NA,NA,NA,NA,NA,NA,NA,NA,NA,NA,NA,NA,NA,NA,,point,paper map,Nouna,Kossi,,yes,itn,yes,,,NA,,NA,,NA,,NA,0,Sampling  occurence method not mentioned,no,yes,no,NA,NA,2012,2012,,,NA,,coluzzii_gambiae_m form,"Pure""""",genetic/molecular,
NA,yes,yes,no,genotypic,1002233,10.1186/s12936-019-2759-1,Hanemaaijer,"Introgression between Anopheles gambiae
and Anopheles coluzzii in Burkina Faso and its 
associations with kdr resistance and Plasmodium
infection",Malaria Journal,2019,,,,,burkina faso,Bourasso,126.337,-37.126,NA,NA,NA,NA,NA,NA,NA,NA,NA,NA,NA,NA,NA,NA,,point,paper map,Nouna,Kossi,,yes,itn,yes,,,NA,,NA,,NA,,NA,5,Sampling  occurence method not mentioned,yes,no,no,NA,NA,2012,2012,,,NA,,coluzzii_gambiae_m form,"""""Introgressed""""",genetic/molecular,
NA,yes,yes,no,genotypic,1002233,10.1186/s12936-019-2759-1,Hanemaaijer,"Introgression between Anopheles gambiae
and Anopheles coluzzii in Burkina Faso and its 
associations with kdr resistance and Plasmodium
infection",Malaria Journal,2019,,,,,burkina faso,Bourasso,126.337,-37.126,NA,NA,NA,NA,NA,NA,NA,NA,NA,NA,NA,NA,NA,NA,,point,paper map,Nouna,Kossi,,yes,itn,yes,,,NA,,NA,,NA,,NA,0,Sampling  occurence method not mentioned,no,yes,no,NA,NA,2012,2012,,,NA,,gambiae_s form,,genetic/molecular,
NA,yes,yes,no,genotypic,1002233,10.1186/s12936-019-2759-1,Hanemaaijer,"Introgression between Anopheles gambiae
and Anopheles coluzzii in Burkina Faso and its 
associations with kdr resistance and Plasmodium
infection",Malaria Journal,2019,,,,,burkina faso,Cisse,12.896,-37.355,NA,NA,NA,NA,NA,NA,NA,NA,NA,NA,NA,NA,NA,NA,,point,paper map,Nouna,Kossi,,yes,itn,yes,,,NA,,NA,,NA,,NA,1,Sampling  occurence method not mentioned,yes,no,no,NA,NA,2012,2012,,,NA,,arabiensis,,genetic/molecular,
NA,yes,yes,no,genotypic,1002233,10.1186/s12936-019-2759-1,Hanemaaijer,"Introgression between Anopheles gambiae
and Anopheles coluzzii in Burkina Faso and its 
associations with kdr resistance and Plasmodium
infection",Malaria Journal,2019,,,,,burkina faso,Cisse,12.896,-37.355,NA,NA,NA,NA,NA,NA,NA,NA,NA,NA,NA,NA,NA,NA,,point,paper map,Nouna,Kossi,,yes,itn,yes,,,NA,,NA,,NA,,NA,2,Sampling  occurence method not mentioned,yes,no,no,NA,NA,2012,2012,,,NA,,coluzzii_gambiae_m form,"Pure""""",genetic/molecular,
NA,yes,yes,no,genotypic,1002233,10.1186/s12936-019-2759-1,Hanemaaijer,"Introgression between Anopheles gambiae
and Anopheles coluzzii in Burkina Faso and its 
associations with kdr resistance and Plasmodium
infection",Malaria Journal,2019,,,,,burkina faso,Cisse,12.896,-37.355,NA,NA,NA,NA,NA,NA,NA,NA,NA,NA,NA,NA,NA,NA,,point,paper map,Nouna,Kossi,,yes,itn,yes,,,NA,,NA,,NA,,NA,7,Sampling  occurence method not mentioned,yes,no,no,NA,NA,2012,2012,,,NA,,coluzzii_gambiae_m form,"""""Introgressed""""",genetic/molecular,
NA,yes,yes,no,genotypic,1002233,10.1186/s12936-019-2759-1,Hanemaaijer,"Introgression between Anopheles gambiae
and Anopheles coluzzii in Burkina Faso and its 
associations with kdr resistance and Plasmodium
infection",Malaria Journal,2019,,,,,burkina faso,Cisse,12.896,-37.355,NA,NA,NA,NA,NA,NA,NA,NA,NA,NA,NA,NA,NA,NA,,point,paper map,Nouna,Kossi,,yes,itn,yes,,,NA,,NA,,NA,,NA,0,Sampling  occurence method not mentioned,no,yes,no,NA,NA,2012,2012,,,NA,,gambiae_s form,,genetic/molecular,
NA,yes,yes,no,genotypic,1002233,10.1186/s12936-019-2759-1,Hanemaaijer,"Introgression between Anopheles gambiae
and Anopheles coluzzii in Burkina Faso and its 
associations with kdr resistance and Plasmodium
infection",Malaria Journal,2019,,,,,burkina faso,Goni,125.792,-39.627,NA,NA,NA,NA,NA,NA,NA,NA,NA,NA,NA,NA,NA,NA,,point,paper map,Nouna,Kossi,,yes,itn,yes,,,NA,,NA,,NA,,NA,0,Sampling  occurence method not mentioned,no,yes,no,NA,NA,2012,2012,,,NA,,arabiensis,,genetic/molecular,
NA,yes,yes,no,genotypic,1002233,10.1186/s12936-019-2759-1,Hanemaaijer,"Introgression between Anopheles gambiae
and Anopheles coluzzii in Burkina Faso and its 
associations with kdr resistance and Plasmodium
infection",Malaria Journal,2019,,,,,burkina faso,Goni,125.792,-39.627,NA,NA,NA,NA,NA,NA,NA,NA,NA,NA,NA,NA,NA,NA,,point,paper map,Nouna,Kossi,,yes,itn,yes,,,NA,,NA,,NA,,NA,0,Sampling  occurence method not mentioned,no,yes,no,NA,NA,2012,2012,,,NA,,coluzzii_gambiae_m form,"Pure""""",genetic/molecular,
NA,yes,yes,no,genotypic,1002233,10.1186/s12936-019-2759-1,Hanemaaijer,"Introgression between Anopheles gambiae
and Anopheles coluzzii in Burkina Faso and its 
associations with kdr resistance and Plasmodium
infection",Malaria Journal,2019,,,,,burkina faso,Goni,125.792,-39.627,NA,NA,NA,NA,NA,NA,NA,NA,NA,NA,NA,NA,NA,NA,,point,paper map,Nouna,Kossi,,yes,itn,yes,,,NA,,NA,,NA,,NA,10,Sampling  occurence method not mentioned,yes,no,no,NA,NA,2012,2012,,,NA,,coluzzii_gambiae_m form,"""""Introgressed""""",genetic/molecular,
NA,yes,yes,no,genotypic,1002233,10.1186/s12936-019-2759-1,Hanemaaijer,"Introgression between Anopheles gambiae
and Anopheles coluzzii in Burkina Faso and its 
associations with kdr resistance and Plasmodium
infection",Malaria Journal,2019,,,,,burkina faso,Goni,125.792,-39.627,NA,NA,NA,NA,NA,NA,NA,NA,NA,NA,NA,NA,NA,NA,,point,paper map,Nouna,Kossi,,yes,itn,yes,,,NA,,NA,,NA,,NA,0,Sampling  occurence method not mentioned,no,yes,no,NA,NA,2012,2012,,,NA,,gambiae_s form,,genetic/molecular,
NA,yes,yes,no,genotypic,1002233,10.1186/s12936-019-2759-1,Hanemaaijer,"Introgression between Anopheles gambiae
and Anopheles coluzzii in Burkina Faso and its 
associations with kdr resistance and Plasmodium
infection",Malaria Journal,2019,,,,,burkina faso,Kamadena,123.759,-35.297,NA,NA,NA,NA,NA,NA,NA,NA,NA,NA,NA,NA,NA,NA,,point,paper map,Nouna,Kossi,,yes,itn,yes,,,NA,,NA,,NA,,NA,3,Sampling  occurence method not mentioned,yes,no,no,NA,NA,2012,2012,,,NA,,arabiensis,,genetic/molecular,
NA,yes,yes,no,genotypic,1002233,10.1186/s12936-019-2759-1,Hanemaaijer,"Introgression between Anopheles gambiae
and Anopheles coluzzii in Burkina Faso and its 
associations with kdr resistance and Plasmodium
infection",Malaria Journal,2019,,,,,burkina faso,Kamadena,123.759,-35.297,NA,NA,NA,NA,NA,NA,NA,NA,NA,NA,NA,NA,NA,NA,,point,paper map,Nouna,Kossi,,yes,itn,yes,,,NA,,NA,,NA,,NA,2,Sampling  occurence method not mentioned,yes,no,no,NA,NA,2012,2012,,,NA,,coluzzii_gambiae_m form,"Pure""""",genetic/molecular,
NA,yes,yes,no,genotypic,1002233,10.1186/s12936-019-2759-1,Hanemaaijer,"Introgression between Anopheles gambiae
and Anopheles coluzzii in Burkina Faso and its 
associations with kdr resistance and Plasmodium
infection",Malaria Journal,2019,,,,,burkina faso,Kamadena,123.759,-35.297,NA,NA,NA,NA,NA,NA,NA,NA,NA,NA,NA,NA,NA,NA,,point,paper map,Nouna,Kossi,,yes,itn,yes,,,NA,,NA,,NA,,NA,4,Sampling  occurence method not mentioned,yes,no,no,NA,NA,2012,2012,,,NA,,coluzzii_gambiae_m form,"""""Introgressed""""",genetic/molecular,
NA,yes,yes,no,genotypic,1002233,10.1186/s12936-019-2759-1,Hanemaaijer,"Introgression between Anopheles gambiae
and Anopheles coluzzii in Burkina Faso and its 
associations with kdr resistance and Plasmodium
infection",Malaria Journal,2019,,,,,burkina faso,Kamadena,123.759,-35.297,NA,NA,NA,NA,NA,NA,NA,NA,NA,NA,NA,NA,NA,NA,,point,paper map,Nouna,Kossi,,yes,itn,yes,,,NA,,NA,,NA,,NA,1,Sampling  occurence method not mentioned,yes,yes,no,NA,NA,2012,2012,,,NA,,gambiae_s form,,genetic/molecular,
NA,yes,yes,no,genotypic,1002233,10.1186/s12936-019-2759-1,Hanemaaijer,"Introgression between Anopheles gambiae
and Anopheles coluzzii in Burkina Faso and its 
associations with kdr resistance and Plasmodium
infection",Malaria Journal,2019,,,,,burkina faso,Kansara,126.907,-37.842,NA,NA,NA,NA,NA,NA,NA,NA,NA,NA,NA,NA,NA,NA,,point,paper map,Nouna,Kossi,,yes,itn,yes,,,NA,,NA,,NA,,NA,1,Sampling  occurence method not mentioned,yes,no,no,NA,NA,2012,2012,,,NA,,arabiensis,,genetic/molecular,
NA,yes,yes,no,genotypic,1002233,10.1186/s12936-019-2759-1,Hanemaaijer,"Introgression between Anopheles gambiae
and Anopheles coluzzii in Burkina Faso and its 
associations with kdr resistance and Plasmodium
infection",Malaria Journal,2019,,,,,burkina faso,Kansara,126.907,-37.842,NA,NA,NA,NA,NA,NA,NA,NA,NA,NA,NA,NA,NA,NA,,point,paper map,Nouna,Kossi,,yes,itn,yes,,,NA,,NA,,NA,,NA,2,Sampling  occurence method not mentioned,yes,yes,no,NA,NA,2012,2012,,,NA,,coluzzii_gambiae_m form,"Pure""""",genetic/molecular,
NA,yes,yes,no,genotypic,1002233,10.1186/s12936-019-2759-1,Hanemaaijer,"Introgression between Anopheles gambiae
and Anopheles coluzzii in Burkina Faso and its 
associations with kdr resistance and Plasmodium
infection",Malaria Journal,2019,,,,,burkina faso,Kansara,126.907,-37.842,NA,NA,NA,NA,NA,NA,NA,NA,NA,NA,NA,NA,NA,NA,,point,paper map,Nouna,Kossi,,yes,itn,yes,,,NA,,NA,,NA,,NA,7,Sampling  occurence method not mentioned,yes,no,no,NA,NA,2012,2012,,,NA,,coluzzii_gambiae_m form,"""""Introgressed""""",genetic/molecular,
NA,yes,yes,no,genotypic,1002233,10.1186/s12936-019-2759-1,Hanemaaijer,"Introgression between Anopheles gambiae
and Anopheles coluzzii in Burkina Faso and its 
associations with kdr resistance and Plasmodium
infection",Malaria Journal,2019,,,,,burkina faso,Kansara,126.907,-37.842,NA,NA,NA,NA,NA,NA,NA,NA,NA,NA,NA,NA,NA,NA,,point,paper map,Nouna,Kossi,,yes,itn,yes,,,NA,,NA,,NA,,NA,0,Sampling  occurence method not mentioned,no,yes,no,NA,NA,2012,2012,,,NA,,gambiae_s form,,genetic/molecular,
NA,yes,yes,no,genotypic,1002233,10.1186/s12936-019-2759-1,Hanemaaijer,"Introgression between Anopheles gambiae
and Anopheles coluzzii in Burkina Faso and its 
associations with kdr resistance and Plasmodium
infection",Malaria Journal,2019,,,,,burkina faso,Kodougou,125.183,-36.078,NA,NA,NA,NA,NA,NA,NA,NA,NA,NA,NA,NA,NA,NA,,point,paper map,Nouna,Kossi,,yes,itn,yes,,,NA,,NA,,NA,,NA,3,Sampling  occurence method not mentioned,yes,no,no,NA,NA,2012,2012,,,NA,,arabiensis,,genetic/molecular,
NA,yes,yes,no,genotypic,1002233,10.1186/s12936-019-2759-1,Hanemaaijer,"Introgression between Anopheles gambiae
and Anopheles coluzzii in Burkina Faso and its 
associations with kdr resistance and Plasmodium
infection",Malaria Journal,2019,,,,,burkina faso,Kodougou,125.183,-36.078,NA,NA,NA,NA,NA,NA,NA,NA,NA,NA,NA,NA,NA,NA,,point,paper map,Nouna,Kossi,,yes,itn,yes,,,NA,,NA,,NA,,NA,0,Sampling  occurence method not mentioned,no,yes,no,NA,NA,2012,2012,,,NA,,coluzzii_gambiae_m form,"Pure""""",genetic/molecular,
NA,yes,yes,no,genotypic,1002233,10.1186/s12936-019-2759-1,Hanemaaijer,"Introgression between Anopheles gambiae
and Anopheles coluzzii in Burkina Faso and its 
associations with kdr resistance and Plasmodium
infection",Malaria Journal,2019,,,,,burkina faso,Kodougou,125.183,-36.078,NA,NA,NA,NA,NA,NA,NA,NA,NA,NA,NA,NA,NA,NA,,point,paper map,Nouna,Kossi,,yes,itn,yes,,,NA,,NA,,NA,,NA,7,Sampling  occurence method not mentioned,yes,no,no,NA,NA,2012,2012,,,NA,,coluzzii_gambiae_m form,"""""Introgressed""""",genetic/molecular,
NA,yes,yes,no,genotypic,1002233,10.1186/s12936-019-2759-1,Hanemaaijer,"Introgression between Anopheles gambiae
and Anopheles coluzzii in Burkina Faso and its 
associations with kdr resistance and Plasmodium
infection",Malaria Journal,2019,,,,,burkina faso,Kodougou,125.183,-36.078,NA,NA,NA,NA,NA,NA,NA,NA,NA,NA,NA,NA,NA,NA,,point,paper map,Nouna,Kossi,,yes,itn,yes,,,NA,,NA,,NA,,NA,0,Sampling  occurence method not mentioned,no,yes,no,NA,NA,2012,2012,,,NA,,gambiae_s form,,genetic/molecular,
NA,yes,yes,no,genotypic,1002233,10.1186/s12936-019-2759-1,Hanemaaijer,"Introgression between Anopheles gambiae
and Anopheles coluzzii in Burkina Faso and its 
associations with kdr resistance and Plasmodium
infection",Malaria Journal,2019,,,,,burkina faso,Konkuini,126.717,-37.854,NA,NA,NA,NA,NA,NA,NA,NA,NA,NA,NA,NA,NA,NA,,point,paper map,Nouna,Kossi,,yes,itn,yes,,,NA,,NA,,NA,,NA,3,Sampling  occurence method not mentioned,yes,no,no,NA,NA,2012,2012,,,NA,,arabiensis,,genetic/molecular,
NA,yes,yes,no,genotypic,1002233,10.1186/s12936-019-2759-1,Hanemaaijer,"Introgression between Anopheles gambiae
and Anopheles coluzzii in Burkina Faso and its 
associations with kdr resistance and Plasmodium
infection",Malaria Journal,2019,,,,,burkina faso,Konkuini,126.717,-37.854,NA,NA,NA,NA,NA,NA,NA,NA,NA,NA,NA,NA,NA,NA,,point,paper map,Nouna,Kossi,,yes,itn,yes,,,NA,,NA,,NA,,NA,0,Sampling  occurence method not mentioned,no,yes,no,NA,NA,2012,2012,,,NA,,coluzzii_gambiae_m form,"Pure""""",genetic/molecular,
NA,yes,yes,no,genotypic,1002233,10.1186/s12936-019-2759-1,Hanemaaijer,"Introgression between Anopheles gambiae
and Anopheles coluzzii in Burkina Faso and its 
associations with kdr resistance and Plasmodium
infection",Malaria Journal,2019,,,,,burkina faso,Konkuini,126.717,-37.854,NA,NA,NA,NA,NA,NA,NA,NA,NA,NA,NA,NA,NA,NA,,point,paper map,Nouna,Kossi,,yes,itn,yes,,,NA,,NA,,NA,,NA,7,Sampling  occurence method not mentioned,yes,no,no,NA,NA,2012,2012,,,NA,,coluzzii_gambiae_m form,"""""Introgressed""""",genetic/molecular,
NA,yes,yes,no,genotypic,1002233,10.1186/s12936-019-2759-1,Hanemaaijer,"Introgression between Anopheles gambiae
and Anopheles coluzzii in Burkina Faso and its 
associations with kdr resistance and Plasmodium
infection",Malaria Journal,2019,,,,,burkina faso,Konkuini,126.717,-37.854,NA,NA,NA,NA,NA,NA,NA,NA,NA,NA,NA,NA,NA,NA,,point,paper map,Nouna,Kossi,,yes,itn,yes,,,NA,,NA,,NA,,NA,0,Sampling  occurence method not mentioned,no,yes,no,NA,NA,2012,2012,,,NA,,gambiae_s form,,genetic/molecular,
NA,yes,yes,no,genotypic,1002233,10.1186/s12936-019-2759-1,Hanemaaijer,"Introgression between Anopheles gambiae
and Anopheles coluzzii in Burkina Faso and its 
associations with kdr resistance and Plasmodium
infection",Malaria Journal,2019,,,,,burkina faso,Tissi,128.492,-37.323,NA,NA,NA,NA,NA,NA,NA,NA,NA,NA,NA,NA,NA,NA,,point,paper map,Nouna,Kossi,,yes,itn,yes,,,NA,,NA,,NA,,NA,1,Sampling  occurence method not mentioned,yes,no,no,NA,NA,2012,2012,,,NA,,arabiensis,,genetic/molecular,
NA,yes,yes,no,genotypic,1002233,10.1186/s12936-019-2759-1,Hanemaaijer,"Introgression between Anopheles gambiae
and Anopheles coluzzii in Burkina Faso and its 
associations with kdr resistance and Plasmodium
infection",Malaria Journal,2019,,,,,burkina faso,Tissi,128.492,-37.323,NA,NA,NA,NA,NA,NA,NA,NA,NA,NA,NA,NA,NA,NA,,point,paper map,Nouna,Kossi,,yes,itn,yes,,,NA,,NA,,NA,,NA,1,Sampling  occurence method not mentioned,yes,no,no,NA,NA,2012,2012,,,NA,,coluzzii_gambiae_m form,"Pure""""",genetic/molecular,
NA,yes,yes,no,genotypic,1002233,10.1186/s12936-019-2759-1,Hanemaaijer,"Introgression between Anopheles gambiae
and Anopheles coluzzii in Burkina Faso and its 
associations with kdr resistance and Plasmodium
infection",Malaria Journal,2019,,,,,burkina faso,Tissi,128.492,-37.323,NA,NA,NA,NA,NA,NA,NA,NA,NA,NA,NA,NA,NA,NA,,point,paper map,Nouna,Kossi,,yes,itn,yes,,,NA,,NA,,NA,,NA,3,Sampling  occurence method not mentioned,yes,no,no,NA,NA,2012,2012,,,NA,,coluzzii_gambiae_m form,"""""Introgressed""""",genetic/molecular,
NA,yes,yes,no,genotypic,1002233,10.1186/s12936-019-2759-1,Hanemaaijer,"Introgression between Anopheles gambiae
and Anopheles coluzzii in Burkina Faso and its 
associations with kdr resistance and Plasmodium
infection",Malaria Journal,2019,,,,,burkina faso,Tissi,128.492,-37.323,NA,NA,NA,NA,NA,NA,NA,NA,NA,NA,NA,NA,NA,NA,,point,paper map,Nouna,Kossi,,yes,itn,yes,,,NA,,NA,,NA,,NA,0,Sampling  occurence method not mentioned,no,yes,no,NA,NA,2012,2012,,,NA,,gambiae_s form,,genetic/molecular,
NA,yes,yes,no,none,1002234,10.1186/s12936-019-2747-5,Epopa,"Seasonal malaria vector and transmission 
dynamics in western Burkina Fas",Malaria Journal,2019,,,,,burkina faso,Bana,11.236.667,-4.477.778,NA,NA,NA,NA,NA,NA,NA,NA,NA,NA,NA,NA,NA,NA,,point,paper map,Houet,,,yes,combination,yes,IRS,hlc - out,1991,hlc - in,933,,NA,,NA,2924,,yes,no,no,8,8,2012,2012,,,NA,,gambiae complex,,morph,
NA,yes,yes,no,none,1002234,10.1186/s12936-019-2747-5,Epopa,"Seasonal malaria vector and transmission 
dynamics in western Burkina Fas",Malaria Journal,2019,,,,,burkina faso,Souroukoudingan,11.235.278,-45.336.389,NA,NA,NA,NA,NA,NA,NA,NA,NA,NA,NA,NA,NA,NA,,point,paper map,Houet,,,yes,combination,yes,IRS,hlc - out,727,hlc - in,658,,NA,,NA,1385,,yes,no,no,8,8,2012,2012,,,NA,,gambiae complex,,morph,
NA,no,yes,no,none,1002234,10.1186/s12936-019-2747-5,Epopa,"Seasonal malaria vector and transmission 
dynamics in western Burkina Fas",Malaria Journal,2019,,,,,burkina faso,Pala,11.150.556,-4.423.333,NA,NA,NA,NA,NA,NA,NA,NA,NA,NA,NA,NA,NA,NA,,point,paper map,Houet,,,yes,combination,yes,IRS,hlc - out,368,hlc - in,521,,NA,,NA,889,,yes,no,no,8,8,2012,2012,,,NA,,gambiae complex,,morph,
NA,yes,yes,no,none,1002234,10.1186/s12936-019-2747-5,Epopa,"Seasonal malaria vector and transmission 
dynamics in western Burkina Fas",Malaria Journal,2019,,,,,burkina faso,Bana,11.236.667,-4.477.778,NA,NA,NA,NA,NA,NA,NA,NA,NA,NA,NA,NA,NA,NA,,point,paper map,Houet,,,yes,combination,yes,IRS,hlc - out,2768,hlc - in,1559,,NA,,NA,4327,,yes,no,no,9,9,2012,2012,,,NA,,gambiae complex,,morph,
NA,yes,yes,no,none,1002234,10.1186/s12936-019-2747-5,Epopa,"Seasonal malaria vector and transmission 
dynamics in western Burkina Fas",Malaria Journal,2019,,,,,burkina faso,Souroukoudingan,11.235.278,-45.336.389,NA,NA,NA,NA,NA,NA,NA,NA,NA,NA,NA,NA,NA,NA,,point,paper map,Houet,,,yes,combination,yes,IRS,hlc - out,1062,hlc - in,1169,,NA,,NA,2231,,yes,no,no,9,9,2012,2012,,,NA,,gambiae complex,,morph,
NA,yes,yes,no,none,1002234,10.1186/s12936-019-2747-5,Epopa,"Seasonal malaria vector and transmission 
dynamics in western Burkina Fas",Malaria Journal,2019,,,,,burkina faso,Pala,11.150.556,-4.423.333,NA,NA,NA,NA,NA,NA,NA,NA,NA,NA,NA,NA,NA,NA,,point,paper map,Houet,,,yes,combination,yes,IRS,hlc - out,474,hlc - in,698,,NA,,NA,1172,,yes,no,no,9,9,2012,2012,,,NA,,gambiae complex,,morph,
NA,yes,yes,no,none,1002234,10.1186/s12936-019-2747-5,Epopa,"Seasonal malaria vector and transmission 
dynamics in western Burkina Fas",Malaria Journal,2019,,,,,burkina faso,Bana,11.236.667,-4.477.778,NA,NA,NA,NA,NA,NA,NA,NA,NA,NA,NA,NA,NA,NA,,point,paper map,Houet,,,yes,combination,yes,IRS,hlc - out,2781,hlc - in,1987,,NA,,NA,4768,,yes,no,no,10,10,2012,2012,,,NA,,gambiae complex,,morph,
NA,yes,yes,no,none,1002234,10.1186/s12936-019-2747-5,Epopa,"Seasonal malaria vector and transmission 
dynamics in western Burkina Fas",Malaria Journal,2019,,,,,burkina faso,Souroukoudingan,11.235.278,-45.336.389,NA,NA,NA,NA,NA,NA,NA,NA,NA,NA,NA,NA,NA,NA,,point,paper map,Houet,,,yes,combination,yes,IRS,hlc - out,196,hlc - in,192,,NA,,NA,388,,yes,no,no,10,10,2012,2012,,,NA,,gambiae complex,,morph,
NA,yes,yes,no,none,1002234,10.1186/s12936-019-2747-5,Epopa,"Seasonal malaria vector and transmission 
dynamics in western Burkina Fas",Malaria Journal,2019,,,,,burkina faso,Pala,11.150.556,-4.423.333,NA,NA,NA,NA,NA,NA,NA,NA,NA,NA,NA,NA,NA,NA,,point,paper map,Houet,,,yes,combination,yes,IRS,hlc - out,158,hlc - in,237,,NA,,NA,395,,yes,no,no,10,10,2012,2012,,,NA,,gambiae complex,,morph,
NA,yes,yes,no,none,1002234,10.1186/s12936-019-2747-5,Epopa,"Seasonal malaria vector and transmission 
dynamics in western Burkina Fas",Malaria Journal,2019,,,,,burkina faso,Bana,11.236.667,-4.477.778,NA,NA,NA,NA,NA,NA,NA,NA,NA,NA,NA,NA,NA,NA,,point,paper map,Houet,,,yes,combination,yes,IRS,hlc - out,309,hlc - in,191,,NA,,NA,500,,yes,no,no,11,11,2012,2012,,,NA,,gambiae complex,,morph,
NA,yes,yes,no,none,1002234,10.1186/s12936-019-2747-5,Epopa,"Seasonal malaria vector and transmission 
dynamics in western Burkina Fas",Malaria Journal,2019,,,,,burkina faso,Souroukoudingan,11.235.278,-45.336.389,NA,NA,NA,NA,NA,NA,NA,NA,NA,NA,NA,NA,NA,NA,,point,paper map,Houet,,,yes,combination,yes,IRS,hlc - out,68,hlc - in,78,,NA,,NA,146,,yes,no,no,11,11,2012,2012,,,NA,,gambiae complex,,morph,
NA,yes,yes,no,none,1002234,10.1186/s12936-019-2747-5,Epopa,"Seasonal malaria vector and transmission 
dynamics in western Burkina Fas",Malaria Journal,2019,,,,,burkina faso,Pala,11.150.556,-4.423.333,NA,NA,NA,NA,NA,NA,NA,NA,NA,NA,NA,NA,NA,NA,,point,paper map,Houet,,,yes,combination,yes,IRS,hlc - out,191,hlc - in,313,,NA,,NA,504,,yes,no,no,11,11,2012,2012,,,NA,,gambiae complex,,morph,
NA,yes,yes,no,none,1002234,10.1186/s12936-019-2747-5,Epopa,"Seasonal malaria vector and transmission 
dynamics in western Burkina Fas",Malaria Journal,2019,,,,,burkina faso,Bana,11.236.667,-4.477.778,NA,NA,NA,NA,NA,NA,NA,NA,NA,NA,NA,NA,NA,NA,,point,paper map,Houet,,,yes,combination,yes,IRS,hlc - out,19,hlc - in,56,,NA,,NA,75,,yes,no,no,12,12,2012,2012,,,NA,,gambiae complex,,morph,
NA,yes,yes,no,none,1002234,10.1186/s12936-019-2747-5,Epopa,"Seasonal malaria vector and transmission 
dynamics in western Burkina Fas",Malaria Journal,2019,,,,,burkina faso,Souroukoudingan,11.235.278,-45.336.389,NA,NA,NA,NA,NA,NA,NA,NA,NA,NA,NA,NA,NA,NA,,point,paper map,Houet,,,yes,combination,yes,IRS,hlc - out,1,hlc - in,6,,NA,,NA,7,,yes,no,no,12,12,2012,2012,,,NA,,gambiae complex,,morph,
NA,yes,yes,no,none,1002234,10.1186/s12936-019-2747-5,Epopa,"Seasonal malaria vector and transmission 
dynamics in western Burkina Fas",Malaria Journal,2019,,,,,burkina faso,Pala,11.150.556,-4.423.333,NA,NA,NA,NA,NA,NA,NA,NA,NA,NA,NA,NA,NA,NA,,point,paper map,Houet,,,yes,combination,yes,IRS,hlc - out,66,hlc - in,91,,NA,,NA,157,,yes,no,no,12,12,2012,2012,,,NA,,gambiae complex,,morph,
NA,yes,yes,no,none,1002234,10.1186/s12936-019-2747-5,Epopa,"Seasonal malaria vector and transmission 
dynamics in western Burkina Fas",Malaria Journal,2019,,,,,burkina faso,Bana,11.236.667,-4.477.778,NA,NA,NA,NA,NA,NA,NA,NA,NA,NA,NA,NA,NA,NA,,point,paper map,Houet,,,yes,combination,yes,IRS,hlc - out,53,hlc - in,71,,NA,,NA,124,,yes,no,no,3,3,2013,2013,,,NA,,gambiae complex,,morph,
NA,no,yes,no,none,1002234,10.1186/s12936-019-2747-5,Epopa,"Seasonal malaria vector and transmission 
dynamics in western Burkina Fas",Malaria Journal,2019,,,,,burkina faso,Souroukoudingan,11.235.278,-45.336.389,NA,NA,NA,NA,NA,NA,NA,NA,NA,NA,NA,NA,NA,NA,,point,paper map,Houet,,,yes,combination,yes,IRS,hlc - out,1,hlc - in,0,,NA,,NA,1,,yes,no,no,3,3,2013,2013,,,NA,,gambiae complex,,morph,
NA,yes,yes,no,none,1002234,10.1186/s12936-019-2747-5,Epopa,"Seasonal malaria vector and transmission 
dynamics in western Burkina Fas",Malaria Journal,2019,,,,,burkina faso,Pala,11.150.556,-4.423.333,NA,NA,NA,NA,NA,NA,NA,NA,NA,NA,NA,NA,NA,NA,,point,paper map,Houet,,,yes,combination,yes,IRS,hlc - out,29,hlc - in,27,,NA,,NA,56,,yes,no,no,3,3,2013,2013,,,NA,,gambiae complex,,morph,
NA,yes,yes,no,none,1002234,10.1186/s12936-019-2747-5,Epopa,"Seasonal malaria vector and transmission 
dynamics in western Burkina Fas",Malaria Journal,2019,,,,,burkina faso,Bana,11.236.667,-4.477.778,NA,NA,NA,NA,NA,NA,NA,NA,NA,NA,NA,NA,NA,NA,,point,paper map,Houet,,,yes,combination,yes,IRS,hlc - out,164,hlc - in,202,,NA,,NA,366,,yes,no,no,4,4,2013,2013,,,NA,,gambiae complex,,morph,
NA,yes,yes,no,none,1002234,10.1186/s12936-019-2747-5,Epopa,"Seasonal malaria vector and transmission 
dynamics in western Burkina Fas",Malaria Journal,2019,,,,,burkina faso,Souroukoudingan,11.235.278,-45.336.389,NA,NA,NA,NA,NA,NA,NA,NA,NA,NA,NA,NA,NA,NA,,point,paper map,Houet,,,yes,combination,yes,IRS,hlc - out,0,hlc - in,0,,NA,,NA,0,,yes,no,no,4,4,2013,2013,,,NA,,gambiae complex,,morph,
NA,yes,yes,no,none,1002234,10.1186/s12936-019-2747-5,Epopa,"Seasonal malaria vector and transmission 
dynamics in western Burkina Fas",Malaria Journal,2019,,,,,burkina faso,Pala,11.150.556,-4.423.333,NA,NA,NA,NA,NA,NA,NA,NA,NA,NA,NA,NA,NA,NA,,point,paper map,Houet,,,yes,combination,yes,IRS,hlc - out,83,hlc - in,129,,NA,,NA,212,,yes,no,no,4,4,2013,2013,,,NA,,gambiae complex,,morph,
NA,yes,yes,no,none,1002234,10.1186/s12936-019-2747-5,Epopa,"Seasonal malaria vector and transmission 
dynamics in western Burkina Fas",Malaria Journal,2019,,,,,burkina faso,Bana,11.236.667,-4.477.778,NA,NA,NA,NA,NA,NA,NA,NA,NA,NA,NA,NA,NA,NA,,point,paper map,Houet,,,yes,combination,yes,IRS,hlc - out,152,hlc - in,104,,NA,,NA,256,,yes,no,no,6,6,2013,2013,,,NA,,gambiae complex,,morph,
NA,yes,yes,no,none,1002234,10.1186/s12936-019-2747-5,Epopa,"Seasonal malaria vector and transmission 
dynamics in western Burkina Fas",Malaria Journal,2019,,,,,burkina faso,Souroukoudingan,11.235.278,-45.336.389,NA,NA,NA,NA,NA,NA,NA,NA,NA,NA,NA,NA,NA,NA,,point,paper map,Houet,,,yes,combination,yes,IRS,hlc - out,4,hlc - in,5,,NA,,NA,9,,yes,no,no,6,6,2013,2013,,,NA,,gambiae complex,,morph,
NA,yes,yes,no,none,1002234,10.1186/s12936-019-2747-5,Epopa,"Seasonal malaria vector and transmission 
dynamics in western Burkina Fas",Malaria Journal,2019,,,,,burkina faso,Pala,11.150.556,-4.423.333,NA,NA,NA,NA,NA,NA,NA,NA,NA,NA,NA,NA,NA,NA,,point,paper map,Houet,,,yes,combination,yes,IRS,hlc - out,67,hlc - in,270,,NA,,NA,337,,yes,no,no,6,6,2013,2013,,,NA,,gambiae complex,,morph,
NA,yes,yes,no,none,1002234,10.1186/s12936-019-2747-5,Epopa,"Seasonal malaria vector and transmission 
dynamics in western Burkina Fas",Malaria Journal,2019,,,,,burkina faso,Bana,11.236.667,-4.477.778,NA,NA,NA,NA,NA,NA,NA,NA,NA,NA,NA,NA,NA,NA,,point,paper map,Houet,,,yes,combination,yes,IRS,hlc - out,1363,hlc - in,1328,,NA,,NA,2691,,yes,no,no,7,7,2013,2013,,,NA,,gambiae complex,,morph,
NA,yes,yes,no,none,1002234,10.1186/s12936-019-2747-5,Epopa,"Seasonal malaria vector and transmission 
dynamics in western Burkina Fas",Malaria Journal,2019,,,,,burkina faso,Souroukoudingan,11.235.278,-45.336.389,NA,NA,NA,NA,NA,NA,NA,NA,NA,NA,NA,NA,NA,NA,,point,paper map,Houet,,,yes,combination,yes,IRS,hlc - out,42,hlc - in,68,,NA,,NA,110,,yes,no,no,7,7,2013,2013,,,NA,,gambiae complex,,morph,
NA,yes,yes,no,none,1002234,10.1186/s12936-019-2747-5,Epopa,"Seasonal malaria vector and transmission 
dynamics in western Burkina Fas",Malaria Journal,2019,,,,,burkina faso,Pala,11.150.556,-4.423.333,NA,NA,NA,NA,NA,NA,NA,NA,NA,NA,NA,NA,NA,NA,,point,paper map,Houet,,,yes,combination,yes,IRS,hlc - out,225,hlc - in,409,,NA,,NA,634,,yes,no,no,7,7,2013,2013,,,NA,,gambiae complex,,morph,
NA,yes,yes,no,none,1002234,10.1186/s12936-019-2747-5,Epopa,"Seasonal malaria vector and transmission 
dynamics in western Burkina Fas",Malaria Journal,2019,,,,,burkina faso,Bana,11.236.667,-4.477.778,NA,NA,NA,NA,NA,NA,NA,NA,NA,NA,NA,NA,NA,NA,,point,paper map,Houet,,,yes,combination,yes,IRS,hlc - out,888,hlc - in,775,,NA,,NA,1663,,yes,no,no,8,8,2013,2013,,,NA,,gambiae complex,,morph,
NA,yes,yes,no,none,1002234,10.1186/s12936-019-2747-5,Epopa,"Seasonal malaria vector and transmission 
dynamics in western Burkina Fas",Malaria Journal,2019,,,,,burkina faso,Souroukoudingan,11.235.278,-45.336.389,NA,NA,NA,NA,NA,NA,NA,NA,NA,NA,NA,NA,NA,NA,,point,paper map,Houet,,,yes,combination,yes,IRS,hlc - out,536,hlc - in,747,,NA,,NA,1283,,yes,no,no,8,8,2013,2013,,,NA,,gambiae complex,,morph,
NA,yes,yes,no,none,1002234,10.1186/s12936-019-2747-5,Epopa,"Seasonal malaria vector and transmission 
dynamics in western Burkina Fas",Malaria Journal,2019,,,,,burkina faso,Pala,11.150.556,-4.423.333,NA,NA,NA,NA,NA,NA,NA,NA,NA,NA,NA,NA,NA,NA,,point,paper map,Houet,,,yes,combination,yes,IRS,hlc - out,632,hlc - in,903,,NA,,NA,1535,,yes,no,no,8,8,2013,2013,,,NA,,gambiae complex,,morph,
NA,yes,yes,no,none,1002234,10.1186/s12936-019-2747-5,Epopa,"Seasonal malaria vector and transmission 
dynamics in western Burkina Fas",Malaria Journal,2019,,,,,burkina faso,Bana,11.236.667,-4.477.778,NA,NA,NA,NA,NA,NA,NA,NA,NA,NA,NA,NA,NA,NA,,point,paper map,Houet,,,yes,combination,yes,IRS,hlc - out,3351,hlc - in,3461,,NA,,NA,6812,,yes,no,no,9,9,2013,2013,,,NA,,gambiae complex,,morph,
NA,yes,yes,no,none,1002234,10.1186/s12936-019-2747-5,Epopa,"Seasonal malaria vector and transmission 
dynamics in western Burkina Fas",Malaria Journal,2019,,,,,burkina faso,Souroukoudingan,11.235.278,-45.336.389,NA,NA,NA,NA,NA,NA,NA,NA,NA,NA,NA,NA,NA,NA,,point,paper map,Houet,,,yes,combination,yes,IRS,hlc - out,1333,hlc - in,1932,,NA,,NA,3265,,yes,no,no,9,9,2013,2013,,,NA,,gambiae complex,,morph,
NA,no,yes,no,none,1002234,10.1186/s12936-019-2747-5,Epopa,"Seasonal malaria vector and transmission 
dynamics in western Burkina Fas",Malaria Journal,2019,,,,,burkina faso,Pala,11.150.556,-4.423.333,NA,NA,NA,NA,NA,NA,NA,NA,NA,NA,NA,NA,NA,NA,,point,paper map,Houet,,,yes,combination,yes,IRS,hlc - out,577,hlc - in,1046,,NA,,NA,1623,,yes,no,no,9,9,2013,2013,,,NA,,gambiae complex,,morph,
NA,yes,yes,no,none,1002234,10.1186/s12936-019-2747-5,Epopa,"Seasonal malaria vector and transmission 
dynamics in western Burkina Fas",Malaria Journal,2019,,,,,burkina faso,Bana,11.236.667,-4.477.778,NA,NA,NA,NA,NA,NA,NA,NA,NA,NA,NA,NA,NA,NA,,point,paper map,Houet,,,yes,combination,yes,IRS,hlc - out,2563,hlc - in,2161,,NA,,NA,4724,,yes,no,no,10,10,2013,2013,,,NA,,gambiae complex,,morph,
NA,yes,yes,no,none,1002234,10.1186/s12936-019-2747-5,Epopa,"Seasonal malaria vector and transmission 
dynamics in western Burkina Fas",Malaria Journal,2019,,,,,burkina faso,Souroukoudingan,11.235.278,-45.336.389,NA,NA,NA,NA,NA,NA,NA,NA,NA,NA,NA,NA,NA,NA,,point,paper map,Houet,,,yes,combination,yes,IRS,hlc - out,225,hlc - in,324,,NA,,NA,549,,yes,no,no,10,10,2013,2013,,,NA,,gambiae complex,,morph,
NA,no,yes,no,none,1002234,10.1186/s12936-019-2747-5,Epopa,"Seasonal malaria vector and transmission 
dynamics in western Burkina Fas",Malaria Journal,2019,,,,,burkina faso,Pala,11.150.556,-4.423.333,NA,NA,NA,NA,NA,NA,NA,NA,NA,NA,NA,NA,NA,NA,,point,paper map,Houet,,,yes,combination,yes,IRS,hlc - out,441,hlc - in,580,,NA,,NA,1021,,yes,no,no,10,10,2013,2013,,,NA,,gambiae complex,,morph,
NA,yes,yes,no,none,1002234,10.1186/s12936-019-2747-5,Epopa,"Seasonal malaria vector and transmission 
dynamics in western Burkina Fas",Malaria Journal,2019,,,,,burkina faso,Bana,11.236.667,-4.477.778,NA,NA,NA,NA,NA,NA,NA,NA,NA,NA,NA,NA,NA,NA,,point,paper map,Houet,,,yes,combination,yes,IRS,hlc - out,112,hlc - in,122,,NA,,NA,234,,yes,no,no,11,11,2013,2013,,,NA,,gambiae complex,,morph,
NA,yes,yes,no,none,1002234,10.1186/s12936-019-2747-5,Epopa,"Seasonal malaria vector and transmission 
dynamics in western Burkina Fas",Malaria Journal,2019,,,,,burkina faso,Souroukoudingan,11.235.278,-45.336.389,NA,NA,NA,NA,NA,NA,NA,NA,NA,NA,NA,NA,NA,NA,,point,paper map,Houet,,,yes,combination,yes,IRS,hlc - out,15,hlc - in,39,,NA,,NA,54,,yes,no,no,11,11,2013,2013,,,NA,,gambiae complex,,morph,
NA,yes,yes,no,none,1002234,10.1186/s12936-019-2747-5,Epopa,"Seasonal malaria vector and transmission 
dynamics in western Burkina Fas",Malaria Journal,2019,,,,,burkina faso,Pala,11.150.556,-4.423.333,NA,NA,NA,NA,NA,NA,NA,NA,NA,NA,NA,NA,NA,NA,,point,paper map,Houet,,,yes,combination,yes,IRS,hlc - out,61,hlc - in,68,,NA,,NA,129,,yes,no,no,11,11,2013,2013,,,NA,,gambiae complex,,morph,
NA,yes,yes,no,none,1002234,10.1186/s12936-019-2747-5,Epopa,"Seasonal malaria vector and transmission 
dynamics in western Burkina Fas",Malaria Journal,2019,,,,,burkina faso,Bana,11.236.667,-4.477.778,NA,NA,NA,NA,NA,NA,NA,NA,NA,NA,NA,NA,NA,NA,,point,paper map,Houet,,,yes,combination,yes,IRS,hlc - out,2,hlc - in,3,,NA,,NA,5,,yes,no,no,12,12,2013,2013,,,NA,,gambiae complex,,morph,
NA,yes,yes,no,none,1002234,10.1186/s12936-019-2747-5,Epopa,"Seasonal malaria vector and transmission 
dynamics in western Burkina Fas",Malaria Journal,2019,,,,,burkina faso,Souroukoudingan,11.235.278,-45.336.389,NA,NA,NA,NA,NA,NA,NA,NA,NA,NA,NA,NA,NA,NA,,point,paper map,Houet,,,yes,combination,yes,IRS,hlc - out,1,hlc - in,1,,NA,,NA,2,,yes,no,no,12,12,2013,2013,,,NA,,gambiae complex,,morph,
NA,yes,yes,no,none,1002234,10.1186/s12936-019-2747-5,Epopa,"Seasonal malaria vector and transmission 
dynamics in western Burkina Fas",Malaria Journal,2019,,,,,burkina faso,Pala,11.150.556,-4.423.333,NA,NA,NA,NA,NA,NA,NA,NA,NA,NA,NA,NA,NA,NA,,point,paper map,Houet,,,yes,combination,yes,IRS,hlc - out,2,hlc - in,24,,NA,,NA,26,,yes,no,no,12,12,2013,2014,,,NA,,gambiae complex,,morph,
NA,yes,yes,no,none,1002234,10.1186/s12936-019-2747-5,Epopa,"Seasonal malaria vector and transmission 
dynamics in western Burkina Fas",Malaria Journal,2019,,,,,burkina faso,Bana,11.236.667,-4.477.778,NA,NA,NA,NA,NA,NA,NA,NA,NA,NA,NA,NA,NA,NA,,point,paper map,Houet,,,yes,combination,yes,IRS,hlc - out,2,hlc - in,5,,NA,,NA,7,,yes,no,no,1,1,2014,2014,,,NA,,gambiae complex,,morph,
NA,no,yes,no,none,1002234,10.1186/s12936-019-2747-5,Epopa,"Seasonal malaria vector and transmission 
dynamics in western Burkina Fas",Malaria Journal,2019,,,,,burkina faso,Souroukoudingan,11.235.278,-45.336.389,NA,NA,NA,NA,NA,NA,NA,NA,NA,NA,NA,NA,NA,NA,,point,paper map,Houet,,,yes,combination,yes,IRS,hlc - out,0,hlc - in,0,,NA,,NA,0,,yes,no,no,1,1,2014,2014,,,NA,,gambiae complex,,morph,
NA,yes,yes,no,none,1002234,10.1186/s12936-019-2747-5,Epopa,"Seasonal malaria vector and transmission 
dynamics in western Burkina Fas",Malaria Journal,2019,,,,,burkina faso,Pala,11.150.556,-4.423.333,NA,NA,NA,NA,NA,NA,NA,NA,NA,NA,NA,NA,NA,NA,,point,paper map,Houet,,,yes,combination,yes,IRS,hlc - out,14,hlc - in,31,,NA,,NA,45,,yes,no,no,1,1,2014,2014,,,NA,,gambiae complex,,morph,
NA,yes,yes,no,none,1002234,10.1186/s12936-019-2747-5,Epopa,"Seasonal malaria vector and transmission 
dynamics in western Burkina Fas",Malaria Journal,2019,,,,,burkina faso,Bana,11.236.667,-4.477.778,NA,NA,NA,NA,NA,NA,NA,NA,NA,NA,NA,NA,NA,NA,,point,paper map,Houet,,,yes,combination,yes,IRS,hlc - out,7,hlc - in,2,,NA,,NA,9,,yes,no,no,2,2,2014,2014,,,NA,,gambiae complex,,morph,
NA,no,yes,no,none,1002234,10.1186/s12936-019-2747-5,Epopa,"Seasonal malaria vector and transmission 
dynamics in western Burkina Fas",Malaria Journal,2019,,,,,burkina faso,Souroukoudingan,11.235.278,-45.336.389,NA,NA,NA,NA,NA,NA,NA,NA,NA,NA,NA,NA,NA,NA,,point,paper map,Houet,,,yes,combination,yes,IRS,hlc - out,0,hlc - in,2,,NA,,NA,2,,yes,no,no,2,2,2014,2014,,,NA,,gambiae complex,,morph,
NA,yes,yes,no,none,1002234,10.1186/s12936-019-2747-5,Epopa,"Seasonal malaria vector and transmission 
dynamics in western Burkina Fas",Malaria Journal,2019,,,,,burkina faso,Pala,11.150.556,-4.423.333,NA,NA,NA,NA,NA,NA,NA,NA,NA,NA,NA,NA,NA,NA,,point,paper map,Houet,,,yes,combination,yes,IRS,hlc - out,44,hlc - in,58,,NA,,NA,102,,yes,no,no,2,2,2014,2014,,,NA,,gambiae complex,,morph,
NA,yes,yes,no,none,1002234,10.1186/s12936-019-2747-5,Epopa,"Seasonal malaria vector and transmission 
dynamics in western Burkina Fas",Malaria Journal,2019,,,,,burkina faso,Bana,11.236.667,-4.477.778,NA,NA,NA,NA,NA,NA,NA,NA,NA,NA,NA,NA,NA,NA,,point,paper map,Houet,,,yes,combination,yes,IRS,hlc - out,11,hlc - in,12,,NA,,NA,23,,yes,no,no,3,3,2014,2014,,,NA,,gambiae complex,,morph,
NA,yes,yes,no,none,1002234,10.1186/s12936-019-2747-5,Epopa,"Seasonal malaria vector and transmission 
dynamics in western Burkina Fas",Malaria Journal,2019,,,,,burkina faso,Souroukoudingan,11.235.278,-45.336.389,NA,NA,NA,NA,NA,NA,NA,NA,NA,NA,NA,NA,NA,NA,,point,paper map,Houet,,,yes,combination,yes,IRS,hlc - out,0,hlc - in,0,,NA,,NA,0,,yes,no,no,3,3,2014,2014,,,NA,,gambiae complex,,morph,
NA,yes,yes,no,none,1002234,10.1186/s12936-019-2747-5,Epopa,"Seasonal malaria vector and transmission 
dynamics in western Burkina Fas",Malaria Journal,2019,,,,,burkina faso,Pala,11.150.556,-4.423.333,NA,NA,NA,NA,NA,NA,NA,NA,NA,NA,NA,NA,NA,NA,,point,paper map,Houet,,,yes,combination,yes,IRS,hlc - out,24,hlc - in,44,,NA,,NA,68,,yes,no,no,3,3,2014,2014,,,NA,,gambiae complex,,morph,
NA,yes,yes,no,none,1002234,10.1186/s12936-019-2747-5,Epopa,"Seasonal malaria vector and transmission 
dynamics in western Burkina Fas",Malaria Journal,2019,,,,,burkina faso,Bana,11.236.667,-4.477.778,NA,NA,NA,NA,NA,NA,NA,NA,NA,NA,NA,NA,NA,NA,,point,paper map,Houet,,,yes,combination,yes,IRS,hlc - out,144,hlc - in,131,,NA,,NA,275,,yes,no,no,4,4,2014,2014,,,NA,,gambiae complex,,morph,
NA,no,yes,no,none,1002234,10.1186/s12936-019-2747-5,Epopa,"Seasonal malaria vector and transmission 
dynamics in western Burkina Fas",Malaria Journal,2019,,,,,burkina faso,Souroukoudingan,11.235.278,-45.336.389,NA,NA,NA,NA,NA,NA,NA,NA,NA,NA,NA,NA,NA,NA,,point,paper map,Houet,,,yes,combination,yes,IRS,hlc - out,0,hlc - in,2,,NA,,NA,2,,yes,no,no,4,4,2014,2014,,,NA,,gambiae complex,,morph,
NA,yes,yes,no,none,1002234,10.1186/s12936-019-2747-5,Epopa,"Seasonal malaria vector and transmission 
dynamics in western Burkina Fas",Malaria Journal,2019,,,,,burkina faso,Pala,11.150.556,-4.423.333,NA,NA,NA,NA,NA,NA,NA,NA,NA,NA,NA,NA,NA,NA,,point,paper map,Houet,,,yes,combination,yes,IRS,hlc - out,52,hlc - in,87,,NA,,NA,139,,yes,no,no,4,4,2014,2014,,,NA,,gambiae complex,,morph,
NA,yes,yes,no,none,1002234,10.1186/s12936-019-2747-5,Epopa,"Seasonal malaria vector and transmission 
dynamics in western Burkina Fas",Malaria Journal,2019,,,,,burkina faso,Bana,11.236.667,-4.477.778,NA,NA,NA,NA,NA,NA,NA,NA,NA,NA,NA,NA,NA,NA,,point,paper map,Houet,,,yes,combination,yes,IRS,hlc - out,198,hlc - in,146,,NA,,NA,344,,yes,no,no,5,5,2014,2014,,,NA,,gambiae complex,,morph,
NA,no,yes,no,none,1002234,10.1186/s12936-019-2747-5,Epopa,"Seasonal malaria vector and transmission 
dynamics in western Burkina Fas",Malaria Journal,2019,,,,,burkina faso,Souroukoudingan,11.235.278,-45.336.389,NA,NA,NA,NA,NA,NA,NA,NA,NA,NA,NA,NA,NA,NA,,point,paper map,Houet,,,yes,combination,yes,IRS,hlc - out,33,hlc - in,71,,NA,,NA,104,,yes,no,no,5,5,2014,2014,,,NA,,gambiae complex,,morph,
NA,yes,yes,no,none,1002234,10.1186/s12936-019-2747-5,Epopa,"Seasonal malaria vector and transmission 
dynamics in western Burkina Fas",Malaria Journal,2019,,,,,burkina faso,Pala,11.150.556,-4.423.333,NA,NA,NA,NA,NA,NA,NA,NA,NA,NA,NA,NA,NA,NA,,point,paper map,Houet,,,yes,combination,yes,IRS,hlc - out,463,hlc - in,472,,NA,,NA,935,,yes,no,no,5,5,2014,2014,,,NA,,gambiae complex,,morph,
NA,yes,yes,no,none,1002234,10.1186/s12936-019-2747-5,Epopa,"Seasonal malaria vector and transmission 
dynamics in western Burkina Fas",Malaria Journal,2019,,,,,burkina faso,Bana,11.236.667,-4.477.778,NA,NA,NA,NA,NA,NA,NA,NA,NA,NA,NA,NA,NA,NA,,point,paper map,Houet,,,yes,combination,yes,IRS,hlc - out,380,hlc - in,584,,NA,,NA,964,,yes,no,no,6,6,2014,2014,,,NA,,gambiae complex,,morph,
NA,yes,yes,no,none,1002234,10.1186/s12936-019-2747-5,Epopa,"Seasonal malaria vector and transmission 
dynamics in western Burkina Fas",Malaria Journal,2019,,,,,burkina faso,Souroukoudingan,11.235.278,-45.336.389,NA,NA,NA,NA,NA,NA,NA,NA,NA,NA,NA,NA,NA,NA,,point,paper map,Houet,,,yes,combination,yes,IRS,hlc - out,58,hlc - in,171,,NA,,NA,229,,yes,no,no,6,6,2014,2014,,,NA,,gambiae complex,,morph,
NA,yes,yes,no,none,1002234,10.1186/s12936-019-2747-5,Epopa,"Seasonal malaria vector and transmission 
dynamics in western Burkina Fas",Malaria Journal,2019,,,,,burkina faso,Pala,11.150.556,-4.423.333,NA,NA,NA,NA,NA,NA,NA,NA,NA,NA,NA,NA,NA,NA,,point,paper map,Houet,,,yes,combination,yes,IRS,hlc - out,174,hlc - in,244,,NA,,NA,418,,yes,no,no,6,6,2014,2014,,,NA,,gambiae complex,,morph,
NA,yes,yes,no,none,1002234,10.1186/s12936-019-2747-5,Epopa,"Seasonal malaria vector and transmission 
dynamics in western Burkina Fas",Malaria Journal,2019,,,,,burkina faso,Bana,11.236.667,-4.477.778,NA,NA,NA,NA,NA,NA,NA,NA,NA,NA,NA,NA,NA,NA,,point,paper map,Houet,,,yes,combination,yes,IRS,hlc - out,295,hlc - in,275,,NA,,NA,570,,yes,no,no,7,7,2014,2014,,,NA,,gambiae complex,,morph,
NA,yes,yes,no,none,1002234,10.1186/s12936-019-2747-5,Epopa,"Seasonal malaria vector and transmission 
dynamics in western Burkina Fas",Malaria Journal,2019,,,,,burkina faso,Souroukoudingan,11.235.278,-45.336.389,NA,NA,NA,NA,NA,NA,NA,NA,NA,NA,NA,NA,NA,NA,,point,paper map,Houet,,,yes,combination,yes,IRS,hlc - out,74,hlc - in,209,,NA,,NA,283,,yes,no,no,7,7,2014,2014,,,NA,,gambiae complex,,morph,
NA,yes,yes,no,none,1002234,10.1186/s12936-019-2747-5,Epopa,"Seasonal malaria vector and transmission 
dynamics in western Burkina Fas",Malaria Journal,2019,,,,,burkina faso,Pala,11.150.556,-4.423.333,NA,NA,NA,NA,NA,NA,NA,NA,NA,NA,NA,NA,NA,NA,,point,paper map,Houet,,,yes,combination,yes,IRS,hlc - out,353,hlc - in,489,,NA,,NA,842,,yes,no,no,7,7,2014,2014,,,NA,,gambiae complex,,morph,
NA,yes,yes,no,none,1002234,10.1186/s12936-019-2747-5,Epopa,"Seasonal malaria vector and transmission 
dynamics in western Burkina Fas",Malaria Journal,2019,,,,,burkina faso,Bana,11.236.667,-4.477.778,NA,NA,NA,NA,NA,NA,NA,NA,NA,NA,NA,NA,NA,NA,,point,paper map,Houet,,,yes,combination,yes,IRS,hlc - out,699,hlc - in,746,,NA,,NA,1445,,yes,no,no,8,8,2014,2014,,,NA,,gambiae complex,,morph,
NA,yes,yes,no,none,1002234,10.1186/s12936-019-2747-5,Epopa,"Seasonal malaria vector and transmission 
dynamics in western Burkina Fas",Malaria Journal,2019,,,,,burkina faso,Souroukoudingan,11.235.278,-45.336.389,NA,NA,NA,NA,NA,NA,NA,NA,NA,NA,NA,NA,NA,NA,,point,paper map,Houet,,,yes,combination,yes,IRS,hlc - out,461,hlc - in,836,,NA,,NA,1297,,yes,no,no,8,8,2014,2014,,,NA,,gambiae complex,,morph,
NA,yes,yes,no,none,1002234,10.1186/s12936-019-2747-5,Epopa,"Seasonal malaria vector and transmission 
dynamics in western Burkina Fas",Malaria Journal,2019,,,,,burkina faso,Pala,11.150.556,-4.423.333,NA,NA,NA,NA,NA,NA,NA,NA,NA,NA,NA,NA,NA,NA,,point,paper map,Houet,,,yes,combination,yes,IRS,hlc - out,349,hlc - in,358,,NA,,NA,707,,yes,no,no,8,8,2014,2014,,,NA,,gambiae complex,,morph,
NA,yes,yes,no,none,1002234,10.1186/s12936-019-2747-5,Epopa,"Seasonal malaria vector and transmission 
dynamics in western Burkina Fas",Malaria Journal,2019,,,,,burkina faso,Bana,11.236.667,-4.477.778,NA,NA,NA,NA,NA,NA,NA,NA,NA,NA,NA,NA,NA,NA,,point,paper map,Houet,,,yes,combination,yes,IRS,hlc - out,3171,hlc - in,2242,,NA,,NA,5413,,yes,no,no,9,9,2014,2014,,,NA,,gambiae complex,,morph,
NA,yes,yes,no,none,1002234,10.1186/s12936-019-2747-5,Epopa,"Seasonal malaria vector and transmission 
dynamics in western Burkina Fas",Malaria Journal,2019,,,,,burkina faso,Souroukoudingan,11.235.278,-45.336.389,NA,NA,NA,NA,NA,NA,NA,NA,NA,NA,NA,NA,NA,NA,,point,paper map,Houet,,,yes,combination,yes,IRS,hlc - out,1682,hlc - in,1794,,NA,,NA,3476,,yes,no,no,9,9,2014,2014,,,NA,,gambiae complex,,morph,
NA,yes,yes,no,none,1002234,10.1186/s12936-019-2747-5,Epopa,"Seasonal malaria vector and transmission 
dynamics in western Burkina Fas",Malaria Journal,2019,,,,,burkina faso,Pala,11.150.556,-4.423.333,NA,NA,NA,NA,NA,NA,NA,NA,NA,NA,NA,NA,NA,NA,,point,paper map,Houet,,,yes,combination,yes,IRS,hlc - out,975,hlc - in,920,,NA,,NA,1895,,yes,no,no,9,9,2014,2014,,,NA,,gambiae complex,,morph,
NA,yes,yes,no,none,1002234,10.1186/s12936-019-2747-5,Epopa,"Seasonal malaria vector and transmission 
dynamics in western Burkina Fas",Malaria Journal,2019,,,,,burkina faso,Bana,11.236.667,-4.477.778,NA,NA,NA,NA,NA,NA,NA,NA,NA,NA,NA,NA,NA,NA,,point,paper map,Houet,,,yes,combination,yes,IRS,hlc - out,1364,hlc - in,1409,,NA,,NA,3043,,yes,no,no,10,10,2014,2014,,,NA,,gambiae complex,,morph,
NA,yes,yes,no,none,1002234,10.1186/s12936-019-2747-5,Epopa,"Seasonal malaria vector and transmission 
dynamics in western Burkina Fas",Malaria Journal,2019,,,,,burkina faso,Souroukoudingan,11.235.278,-45.336.389,NA,NA,NA,NA,NA,NA,NA,NA,NA,NA,NA,NA,NA,NA,,point,paper map,Houet,,,yes,combination,yes,IRS,hlc - out,260,hlc - in,349,,NA,,NA,609,,yes,no,no,10,10,2014,2014,,,NA,,gambiae complex,,morph,
NA,yes,yes,no,none,1002234,10.1186/s12936-019-2747-5,Epopa,"Seasonal malaria vector and transmission 
dynamics in western Burkina Fas",Malaria Journal,2019,,,,,burkina faso,Pala,11.150.556,-4.423.333,NA,NA,NA,NA,NA,NA,NA,NA,NA,NA,NA,NA,NA,NA,,point,paper map,Houet,,,yes,combination,yes,IRS,hlc - out,532,hlc - in,407,,NA,,NA,939,,yes,no,no,10,10,2014,2014,,,NA,,gambiae complex,,morph,
NA,yes,yes,no,none,1002234,10.1186/s12936-019-2747-5,Epopa,"Seasonal malaria vector and transmission 
dynamics in western Burkina Fas",Malaria Journal,2019,,,,,burkina faso,Bana,11.236.667,-4.477.778,NA,NA,NA,NA,NA,NA,NA,NA,NA,NA,NA,NA,NA,NA,,point,paper map,Houet,,,yes,combination,yes,IRS,hlc - out,43,hlc - in,50,,NA,,NA,93,,yes,no,no,11,11,2014,2014,,,NA,,gambiae complex,,morph,
NA,yes,yes,no,none,1002234,10.1186/s12936-019-2747-5,Epopa,"Seasonal malaria vector and transmission 
dynamics in western Burkina Fas",Malaria Journal,2019,,,,,burkina faso,Souroukoudingan,11.235.278,-45.336.389,NA,NA,NA,NA,NA,NA,NA,NA,NA,NA,NA,NA,NA,NA,,point,paper map,Houet,,,yes,combination,yes,IRS,hlc - out,17,hlc - in,12,,NA,,NA,29,,yes,no,no,11,11,2014,2014,,,NA,,gambiae complex,,morph,
NA,yes,yes,no,none,1002234,10.1186/s12936-019-2747-5,Epopa,"Seasonal malaria vector and transmission 
dynamics in western Burkina Fas",Malaria Journal,2019,,,,,burkina faso,Pala,11.150.556,-4.423.333,NA,NA,NA,NA,NA,NA,NA,NA,NA,NA,NA,NA,NA,NA,,point,paper map,Houet,,,yes,combination,yes,IRS,hlc - out,189,hlc - in,168,,NA,,NA,357,,yes,no,no,11,11,2014,2014,,,NA,,gambiae complex,,morph,
NA,yes,yes,no,none,1002234,10.1186/s12936-019-2747-5,Epopa,"Seasonal malaria vector and transmission 
dynamics in western Burkina Fas",Malaria Journal,2019,,,,,burkina faso,Bana,11.236.667,-4.477.778,NA,NA,NA,NA,NA,NA,NA,NA,NA,NA,NA,NA,NA,NA,,point,paper map,Houet,,,yes,combination,yes,IRS,hlc - out,0,hlc - in,4,,NA,,NA,4,,yes,no,no,12,12,2014,2014,,,NA,,gambiae complex,,morph,
NA,no,yes,no,none,1002234,10.1186/s12936-019-2747-5,Epopa,"Seasonal malaria vector and transmission 
dynamics in western Burkina Fas",Malaria Journal,2019,,,,,burkina faso,Souroukoudingan,11.235.278,-45.336.389,NA,NA,NA,NA,NA,NA,NA,NA,NA,NA,NA,NA,NA,NA,,point,paper map,Houet,,,yes,combination,yes,IRS,hlc - out,1,hlc - in,0,,NA,,NA,1,,yes,no,no,12,12,2014,2014,,,NA,,gambiae complex,,morph,
NA,yes,yes,no,none,1002234,10.1186/s12936-019-2747-5,Epopa,"Seasonal malaria vector and transmission 
dynamics in western Burkina Fas",Malaria Journal,2019,,,,,burkina faso,Pala,11.150.556,-4.423.333,NA,NA,NA,NA,NA,NA,NA,NA,NA,NA,NA,NA,NA,NA,,point,paper map,Houet,,,yes,combination,yes,IRS,hlc - out,250,hlc - in,475,,NA,,NA,725,,yes,no,no,12,12,2014,2014,,,NA,,gambiae complex,,morph,
NA,no,yes,no,none,1002234,10.1186/s12936-019-2747-5,Epopa,"Seasonal malaria vector and transmission 
dynamics in western Burkina Fas",Malaria Journal,2019,,,,,burkina faso,Bana,11.236.667,-4.477.778,NA,NA,NA,NA,NA,NA,NA,NA,NA,NA,NA,NA,NA,NA,,point,paper map,Houet,,,yes,combination,yes,IRS,hlc - out,1,hlc - in,1,,NA,,NA,2,,yes,no,no,1,1,2015,2015,,,NA,,gambiae complex,,morph,
NA,no,yes,no,none,1002234,10.1186/s12936-019-2747-5,Epopa,"Seasonal malaria vector and transmission 
dynamics in western Burkina Fas",Malaria Journal,2019,,,,,burkina faso,Souroukoudingan,11.235.278,-45.336.389,NA,NA,NA,NA,NA,NA,NA,NA,NA,NA,NA,NA,NA,NA,,point,paper map,Houet,,,yes,combination,yes,IRS,hlc - out,0,hlc - in,0,,NA,,NA,0,,yes,no,no,1,1,2015,2015,,,NA,,gambiae complex,,morph,
NA,no,yes,no,none,1002234,10.1186/s12936-019-2747-5,Epopa,"Seasonal malaria vector and transmission 
dynamics in western Burkina Fas",Malaria Journal,2019,,,,,burkina faso,Pala,11.150.556,-4.423.333,NA,NA,NA,NA,NA,NA,NA,NA,NA,NA,NA,NA,NA,NA,,point,paper map,Houet,,,yes,combination,yes,IRS,hlc - out,22,hlc - in,47,,NA,,NA,69,,yes,no,no,1,1,2015,2015,,,NA,,gambiae complex,,morph,
NA,no,yes,no,none,1002234,10.1186/s12936-019-2747-5,Epopa,"Seasonal malaria vector and transmission 
dynamics in western Burkina Fas",Malaria Journal,2019,,,,,burkina faso,Bana,11.236.667,-4.477.778,NA,NA,NA,NA,NA,NA,NA,NA,NA,NA,NA,NA,NA,NA,,point,paper map,Houet,,,yes,combination,yes,IRS,hlc - out,0,hlc - in,0,,NA,,NA,0,,yes,no,no,2,2,2015,2015,,,NA,,gambiae complex,,morph,
NA,no,yes,no,none,1002234,10.1186/s12936-019-2747-5,Epopa,"Seasonal malaria vector and transmission 
dynamics in western Burkina Fas",Malaria Journal,2019,,,,,burkina faso,Souroukoudingan,11.235.278,-45.336.389,NA,NA,NA,NA,NA,NA,NA,NA,NA,NA,NA,NA,NA,NA,,point,paper map,Houet,,,yes,combination,yes,IRS,hlc - out,0,hlc - in,0,,NA,,NA,0,,yes,no,no,2,2,2015,2015,,,NA,,gambiae complex,,morph,
NA,no,yes,no,none,1002234,10.1186/s12936-019-2747-5,Epopa,"Seasonal malaria vector and transmission 
dynamics in western Burkina Fas",Malaria Journal,2019,,,,,burkina faso,Pala,11.150.556,-4.423.333,NA,NA,NA,NA,NA,NA,NA,NA,NA,NA,NA,NA,NA,NA,,point,paper map,Houet,,,yes,combination,yes,IRS,hlc - out,173,hlc - in,120,,NA,,NA,293,,yes,no,no,2,2,2015,2015,,,NA,,gambiae complex,,morph,
NA,yes,yes,no,none,1002234,10.1186/s12936-019-2747-5,Epopa,"Seasonal malaria vector and transmission 
dynamics in western Burkina Fas",Malaria Journal,2019,,,,,burkina faso,Bana,11.236.667,-4.477.778,NA,NA,NA,NA,NA,NA,NA,NA,NA,NA,NA,NA,NA,NA,,point,paper map,Houet,,,yes,combination,yes,IRS,hlc - out,13,hlc - in,34,,NA,,NA,47,,yes,no,no,3,3,2015,2015,,,NA,,gambiae complex,,morph,
NA,yes,yes,no,none,1002234,10.1186/s12936-019-2747-5,Epopa,"Seasonal malaria vector and transmission 
dynamics in western Burkina Fas",Malaria Journal,2019,,,,,burkina faso,Souroukoudingan,11.235.278,-45.336.389,NA,NA,NA,NA,NA,NA,NA,NA,NA,NA,NA,NA,NA,NA,,point,paper map,Houet,,,yes,combination,yes,IRS,hlc - out,4,hlc - in,1,,NA,,NA,5,,yes,no,no,3,3,2015,2015,,,NA,,gambiae complex,,morph,
NA,yes,yes,no,none,1002234,10.1186/s12936-019-2747-5,Epopa,"Seasonal malaria vector and transmission 
dynamics in western Burkina Fas",Malaria Journal,2019,,,,,burkina faso,Pala,11.150.556,-4.423.333,NA,NA,NA,NA,NA,NA,NA,NA,NA,NA,NA,NA,NA,NA,,point,paper map,Houet,,,yes,combination,yes,IRS,hlc - out,131,hlc - in,152,,NA,,NA,283,,yes,no,no,3,3,2015,2015,,,NA,,gambiae complex,,morph,
NA,yes,yes,no,none,1002234,10.1186/s12936-019-2747-5,Epopa,"Seasonal malaria vector and transmission 
dynamics in western Burkina Fas",Malaria Journal,2019,,,,,burkina faso,Bana,11.236.667,-4.477.778,NA,NA,NA,NA,NA,NA,NA,NA,NA,NA,NA,NA,NA,NA,,point,paper map,Houet,,,yes,combination,yes,IRS,hlc - out,85,hlc - in,85,,NA,,NA,170,,yes,no,no,4,4,2015,2015,,,NA,,gambiae complex,,morph,
NA,no,yes,no,none,1002234,10.1186/s12936-019-2747-5,Epopa,"Seasonal malaria vector and transmission 
dynamics in western Burkina Fas",Malaria Journal,2019,,,,,burkina faso,Souroukoudingan,11.235.278,-45.336.389,NA,NA,NA,NA,NA,NA,NA,NA,NA,NA,NA,NA,NA,NA,,point,paper map,Houet,,,yes,combination,yes,IRS,hlc - out,0,hlc - in,1,,NA,,NA,1,,yes,no,no,4,4,2015,2015,,,NA,,gambiae complex,,morph,
NA,yes,yes,no,none,1002234,10.1186/s12936-019-2747-5,Epopa,"Seasonal malaria vector and transmission 
dynamics in western Burkina Fas",Malaria Journal,2019,,,,,burkina faso,Pala,11.150.556,-4.423.333,NA,NA,NA,NA,NA,NA,NA,NA,NA,NA,NA,NA,NA,NA,,point,paper map,Houet,,,yes,combination,yes,IRS,hlc - out,118,hlc - in,75,,NA,,NA,193,,yes,no,no,4,4,2015,2015,,,NA,,gambiae complex,,morph,
NA,yes,yes,no,none,1002234,10.1186/s12936-019-2747-5,Epopa,"Seasonal malaria vector and transmission 
dynamics in western Burkina Fas",Malaria Journal,2019,,,,,burkina faso,Bana,11.236.667,-4.477.778,NA,NA,NA,NA,NA,NA,NA,NA,NA,NA,NA,NA,NA,NA,,point,paper map,Houet,,,yes,combination,yes,IRS,hlc - out,76,hlc - in,148,,NA,,NA,224,,yes,no,no,5,5,2015,2015,,,NA,,gambiae complex,,morph,
NA,no,yes,no,none,1002234,10.1186/s12936-019-2747-5,Epopa,"Seasonal malaria vector and transmission 
dynamics in western Burkina Fas",Malaria Journal,2019,,,,,burkina faso,Souroukoudingan,11.235.278,-45.336.389,NA,NA,NA,NA,NA,NA,NA,NA,NA,NA,NA,NA,NA,NA,,point,paper map,Houet,,,yes,combination,yes,IRS,hlc - out,1,hlc - in,1,,NA,,NA,2,,yes,no,no,5,5,2015,2015,,,NA,,gambiae complex,,morph,
NA,yes,yes,no,none,1002234,10.1186/s12936-019-2747-5,Epopa,"Seasonal malaria vector and transmission 
dynamics in western Burkina Fas",Malaria Journal,2019,,,,,burkina faso,Pala,11.150.556,-4.423.333,NA,NA,NA,NA,NA,NA,NA,NA,NA,NA,NA,NA,NA,NA,,point,paper map,Houet,,,yes,combination,yes,IRS,hlc - out,126,hlc - in,127,,NA,,NA,253,,yes,no,no,5,5,2015,2015,,,NA,,gambiae complex,,morph,
NA,yes,yes,no,none,1002234,10.1186/s12936-019-2747-5,Epopa,"Seasonal malaria vector and transmission 
dynamics in western Burkina Fas",Malaria Journal,2019,,,,,burkina faso,Bana,11.236.667,-4.477.778,NA,NA,NA,NA,NA,NA,NA,NA,NA,NA,NA,NA,NA,NA,,point,paper map,Houet,,,yes,combination,yes,IRS,hlc - out,296,hlc - in,512,,NA,,NA,808,,yes,no,no,6,6,2015,2015,,,NA,,gambiae complex,,morph,
NA,yes,yes,no,none,1002234,10.1186/s12936-019-2747-5,Epopa,"Seasonal malaria vector and transmission 
dynamics in western Burkina Fas",Malaria Journal,2019,,,,,burkina faso,Souroukoudingan,11.235.278,-45.336.389,NA,NA,NA,NA,NA,NA,NA,NA,NA,NA,NA,NA,NA,NA,,point,paper map,Houet,,,yes,combination,yes,IRS,hlc - out,29,hlc - in,55,,NA,,NA,84,,yes,no,no,6,6,2015,2015,,,NA,,gambiae complex,,morph,
NA,yes,yes,no,none,1002234,10.1186/s12936-019-2747-5,Epopa,"Seasonal malaria vector and transmission 
dynamics in western Burkina Fas",Malaria Journal,2019,,,,,burkina faso,Pala,11.150.556,-4.423.333,NA,NA,NA,NA,NA,NA,NA,NA,NA,NA,NA,NA,NA,NA,,point,paper map,Houet,,,yes,combination,yes,IRS,hlc - out,152,hlc - in,223,,NA,,NA,375,,yes,no,no,6,6,2015,2015,,,NA,,gambiae complex,,morph,
NA,no,yes,no,none,1002234,10.1186/s12936-019-2747-5,Epopa,"Seasonal malaria vector and transmission 
dynamics in western Burkina Fas",Malaria Journal,2019,,,,,burkina faso,Bana,11.236.667,-4.477.778,NA,NA,NA,NA,NA,NA,NA,NA,NA,NA,NA,NA,NA,NA,,point,paper map,Houet,,,yes,combination,yes,IRS,hlc - out,1047,hlc - in,1599,,NA,,NA,2646,,yes,no,no,7,7,2015,2015,,,NA,,gambiae complex,,morph,
NA,no,yes,no,none,1002234,10.1186/s12936-019-2747-5,Epopa,"Seasonal malaria vector and transmission 
dynamics in western Burkina Fas",Malaria Journal,2019,,,,,burkina faso,Souroukoudingan,11.235.278,-45.336.389,NA,NA,NA,NA,NA,NA,NA,NA,NA,NA,NA,NA,NA,NA,,point,paper map,Houet,,,yes,combination,yes,IRS,hlc - out,146,hlc - in,330,,NA,,NA,476,,yes,no,no,7,7,2015,2015,,,NA,,gambiae complex,,morph,
NA,no,yes,no,none,1002234,10.1186/s12936-019-2747-5,Epopa,"Seasonal malaria vector and transmission 
dynamics in western Burkina Fas",Malaria Journal,2019,,,,,burkina faso,Pala,11.150.556,-4.423.333,NA,NA,NA,NA,NA,NA,NA,NA,NA,NA,NA,NA,NA,NA,,point,paper map,Houet,,,yes,combination,yes,IRS,hlc - out,180,hlc - in,310,,NA,,NA,490,,yes,no,no,7,7,2015,2015,,,NA,,gambiae complex,,morph,
NA,no,yes,no,none,1002234,10.1186/s12936-019-2747-5,Epopa,"Seasonal malaria vector and transmission 
dynamics in western Burkina Fas",Malaria Journal,2019,,,,,burkina faso,Bana,11.236.667,-4.477.778,NA,NA,NA,NA,NA,NA,NA,NA,NA,NA,NA,NA,NA,NA,,point,paper map,Houet,,,yes,combination,yes,IRS,hlc - out,1432,hlc - in,1769,,NA,,NA,3201,,yes,no,no,8,8,2015,2015,,,NA,,gambiae complex,,morph,
NA,no,yes,no,none,1002234,10.1186/s12936-019-2747-5,Epopa,"Seasonal malaria vector and transmission 
dynamics in western Burkina Fas",Malaria Journal,2019,,,,,burkina faso,Souroukoudingan,11.235.278,-45.336.389,NA,NA,NA,NA,NA,NA,NA,NA,NA,NA,NA,NA,NA,NA,,point,paper map,Houet,,,yes,combination,yes,IRS,hlc - out,1575,hlc - in,1654,,NA,,NA,3229,,yes,no,no,8,8,2015,2015,,,NA,,gambiae complex,,morph,
NA,no,yes,no,none,1002234,10.1186/s12936-019-2747-5,Epopa,"Seasonal malaria vector and transmission 
dynamics in western Burkina Fas",Malaria Journal,2019,,,,,burkina faso,Pala,11.150.556,-4.423.333,NA,NA,NA,NA,NA,NA,NA,NA,NA,NA,NA,NA,NA,NA,,point,paper map,Houet,,,yes,combination,yes,IRS,hlc - out,612,hlc - in,707,,NA,,NA,1319,,yes,no,no,8,8,2015,2015,,,NA,,gambiae complex,,morph,
NA,no,yes,no,none,1002234,10.1186/s12936-019-2747-5,Epopa,"Seasonal malaria vector and transmission 
dynamics in western Burkina Fas",Malaria Journal,2019,,,,,burkina faso,Bana,11.236.667,-4.477.778,NA,NA,NA,NA,NA,NA,NA,NA,NA,NA,NA,NA,NA,NA,,point,paper map,Houet,,,yes,combination,yes,IRS,hlc - out,3286,hlc - in,3125,,NA,,NA,6411,,yes,no,no,10,10,2015,2015,,,NA,,gambiae complex,,morph,
NA,no,yes,no,none,1002234,10.1186/s12936-019-2747-5,Epopa,"Seasonal malaria vector and transmission 
dynamics in western Burkina Fas",Malaria Journal,2019,,,,,burkina faso,Souroukoudingan,11.235.278,-45.336.389,NA,NA,NA,NA,NA,NA,NA,NA,NA,NA,NA,NA,NA,NA,,point,paper map,Houet,,,yes,combination,yes,IRS,hlc - out,652,hlc - in,711,,NA,,NA,1363,,yes,no,no,10,10,2015,2015,,,NA,,gambiae complex,,morph,
NA,no,yes,no,none,1002234,10.1186/s12936-019-2747-5,Epopa,"Seasonal malaria vector and transmission 
dynamics in western Burkina Fas",Malaria Journal,2019,,,,,burkina faso,Pala,11.150.556,-4.423.333,NA,NA,NA,NA,NA,NA,NA,NA,NA,NA,NA,NA,NA,NA,,point,paper map,Houet,,,yes,combination,yes,IRS,hlc - out,1313,hlc - in,1964,,NA,,NA,3277,,yes,no,no,10,10,2015,2015,,,NA,,gambiae complex,,morph,
NA,no,yes,no,none,1002234,10.1186/s12936-019-2747-5,Epopa,"Seasonal malaria vector and transmission 
dynamics in western Burkina Fas",Malaria Journal,2019,,,,,burkina faso,Bana,11.236.667,-4.477.778,NA,NA,NA,NA,NA,NA,NA,NA,NA,NA,NA,NA,NA,NA,,point,paper map,Houet,,,yes,combination,yes,IRS,hlc - out,112,hlc - in,142,,NA,,NA,254,,yes,no,no,11,11,2015,2015,,,NA,,gambiae complex,,morph,
NA,no,yes,no,none,1002234,10.1186/s12936-019-2747-5,Epopa,"Seasonal malaria vector and transmission 
dynamics in western Burkina Fas",Malaria Journal,2019,,,,,burkina faso,Souroukoudingan,11.235.278,-45.336.389,NA,NA,NA,NA,NA,NA,NA,NA,NA,NA,NA,NA,NA,NA,,point,paper map,Houet,,,yes,combination,yes,IRS,hlc - out,13,hlc - in,66,,NA,,NA,79,,yes,no,no,11,11,2015,2015,,,NA,,gambiae complex,,morph,
NA,no,yes,no,none,1002234,10.1186/s12936-019-2747-5,Epopa,"Seasonal malaria vector and transmission 
dynamics in western Burkina Fas",Malaria Journal,2019,,,,,burkina faso,Pala,11.150.556,-4.423.333,NA,NA,NA,NA,NA,NA,NA,NA,NA,NA,NA,NA,NA,NA,,point,paper map,Houet,,,yes,combination,yes,IRS,hlc - out,810,hlc - in,711,,NA,,NA,1521,,yes,no,no,11,11,2015,2015,,,NA,,gambiae complex,,morph,
NA,no,yes,no,none,1002234,10.1186/s12936-019-2747-5,Epopa,"Seasonal malaria vector and transmission 
dynamics in western Burkina Fas",Malaria Journal,2019,,,,,burkina faso,Bana,11.236.667,-4.477.778,NA,NA,NA,NA,NA,NA,NA,NA,NA,NA,NA,NA,NA,NA,,point,paper map,Houet,,,yes,combination,yes,IRS,HRI,NA,,NA,,NA,,NA,605,(Use of Pyrethrum spray catches-PSC),yes,no,no,7,7,2012,2012,,,NA,,gambiae complex,,morph,
NA,no,yes,no,none,1002234,10.1186/s12936-019-2747-5,Epopa,"Seasonal malaria vector and transmission 
dynamics in western Burkina Fas",Malaria Journal,2019,,,,,burkina faso,Bana,11.236.667,-4.477.778,NA,NA,NA,NA,NA,NA,NA,NA,NA,NA,NA,NA,NA,NA,,point,paper map,Houet,,,yes,combination,yes,IRS,HRI,NA,,NA,,NA,,NA,NA,(Use of Pyrethrum spray catches-PSC),yes,no,no,7,7,2012,2012,,,NA,,funestus,,morph,genetic/molecular
NA,no,yes,no,none,1002234,10.1186/s12936-019-2747-5,Epopa,"Seasonal malaria vector and transmission 
dynamics in western Burkina Fas",Malaria Journal,2019,,,,,burkina faso,Bana,11.236.667,-4.477.778,NA,NA,NA,NA,NA,NA,NA,NA,NA,NA,NA,NA,NA,NA,,point,paper map,Houet,,,yes,combination,yes,IRS,HRI,NA,,NA,,NA,,NA,NA,(Use of Pyrethrum spray catches-PSC),yes,no,no,7,7,2012,2012,,,NA,,nili,,morph,genetic/molecular
NA,no,yes,no,none,1002234,10.1186/s12936-019-2747-5,Epopa,"Seasonal malaria vector and transmission 
dynamics in western Burkina Fas",Malaria Journal,2019,,,,,burkina faso,Souroukoudingan,11.235.278,-45.336.389,NA,NA,NA,NA,NA,NA,NA,NA,NA,NA,NA,NA,NA,NA,,point,paper map,Houet,,,yes,combination,yes,IRS,HRI,NA,,NA,,NA,,NA,202,(Use of Pyrethrum spray catches-PSC),yes,no,no,7,7,2012,2012,,,NA,,gambiae complex,,morph,
NA,no,yes,no,none,1002234,10.1186/s12936-019-2747-5,Epopa,"Seasonal malaria vector and transmission 
dynamics in western Burkina Fas",Malaria Journal,2019,,,,,burkina faso,Souroukoudingan,11.235.278,-45.336.389,NA,NA,NA,NA,NA,NA,NA,NA,NA,NA,NA,NA,NA,NA,,point,paper map,Houet,,,yes,combination,yes,IRS,HRI,NA,,NA,,NA,,NA,0,(Use of Pyrethrum spray catches-PSC),no,yes,no,7,7,2012,2012,,,NA,,funestus,,morph,genetic/molecular
NA,no,yes,no,none,1002234,10.1186/s12936-019-2747-5,Epopa,"Seasonal malaria vector and transmission 
dynamics in western Burkina Fas",Malaria Journal,2019,,,,,burkina faso,Souroukoudingan,11.235.278,-45.336.389,NA,NA,NA,NA,NA,NA,NA,NA,NA,NA,NA,NA,NA,NA,,point,paper map,Houet,,,yes,combination,yes,IRS,HRI,NA,,NA,,NA,,NA,0,(Use of Pyrethrum spray catches-PSC),no,yes,no,7,7,2012,2012,,,NA,,nili,,morph,genetic/molecular
NA,no,yes,no,none,1002234,10.1186/s12936-019-2747-5,Epopa,"Seasonal malaria vector and transmission 
dynamics in western Burkina Fas",Malaria Journal,2019,,,,,burkina faso,Pala,11.150.556,-4.423.333,NA,NA,NA,NA,NA,NA,NA,NA,NA,NA,NA,NA,NA,NA,,point,paper map,Houet,,,yes,combination,yes,IRS,HRI,NA,,NA,,NA,,NA,191,(Use of Pyrethrum spray catches-PSC),yes,no,no,7,7,2012,2012,,,NA,,gambiae complex,,morph,
NA,no,yes,no,none,1002234,10.1186/s12936-019-2747-5,Epopa,"Seasonal malaria vector and transmission 
dynamics in western Burkina Fas",Malaria Journal,2019,,,,,burkina faso,Pala,11.150.556,-4.423.333,NA,NA,NA,NA,NA,NA,NA,NA,NA,NA,NA,NA,NA,NA,,point,paper map,Houet,,,yes,combination,yes,IRS,HRI,NA,,NA,,NA,,NA,0,(Use of Pyrethrum spray catches-PSC),no,yes,no,7,7,2012,2012,,,NA,,funestus,,morph,genetic/molecular
NA,no,yes,no,none,1002234,10.1186/s12936-019-2747-5,Epopa,"Seasonal malaria vector and transmission 
dynamics in western Burkina Fas",Malaria Journal,2019,,,,,burkina faso,Pala,11.150.556,-4.423.333,NA,NA,NA,NA,NA,NA,NA,NA,NA,NA,NA,NA,NA,NA,,point,paper map,Houet,,,yes,combination,yes,IRS,HRI,NA,,NA,,NA,,NA,0,(Use of Pyrethrum spray catches-PSC),no,yes,no,7,7,2012,2012,,,NA,,nili,,morph,genetic/molecular
NA,no,yes,no,none,1002234,10.1186/s12936-019-2747-5,Epopa,"Seasonal malaria vector and transmission 
dynamics in western Burkina Fas",Malaria Journal,2019,,,,,burkina faso,Bana,11.236.667,-4.477.778,NA,NA,NA,NA,NA,NA,NA,NA,NA,NA,NA,NA,NA,NA,,point,paper map,Houet,,,yes,combination,yes,IRS,HRI,NA,,NA,,NA,,NA,1672,(Use of Pyrethrum spray catches-PSC),yes,no,no,8,8,2012,2012,,,NA,,gambiae complex,,morph,
NA,no,yes,no,none,1002234,10.1186/s12936-019-2747-5,Epopa,"Seasonal malaria vector and transmission 
dynamics in western Burkina Fas",Malaria Journal,2019,,,,,burkina faso,Bana,11.236.667,-4.477.778,NA,NA,NA,NA,NA,NA,NA,NA,NA,NA,NA,NA,NA,NA,,point,paper map,Houet,,,yes,combination,yes,IRS,HRI,NA,,NA,,NA,,NA,0,(Use of Pyrethrum spray catches-PSC),no,yes,no,8,8,2012,2012,,,NA,,funestus,,morph,genetic/molecular
NA,no,yes,no,none,1002234,10.1186/s12936-019-2747-5,Epopa,"Seasonal malaria vector and transmission 
dynamics in western Burkina Fas",Malaria Journal,2019,,,,,burkina faso,Bana,11.236.667,-4.477.778,NA,NA,NA,NA,NA,NA,NA,NA,NA,NA,NA,NA,NA,NA,,point,paper map,Houet,,,yes,combination,yes,IRS,HRI,NA,,NA,,NA,,NA,0,(Use of Pyrethrum spray catches-PSC),no,yes,no,8,8,2012,2012,,,NA,,nili,,morph,genetic/molecular
NA,no,yes,no,none,1002234,10.1186/s12936-019-2747-5,Epopa,"Seasonal malaria vector and transmission 
dynamics in western Burkina Fas",Malaria Journal,2019,,,,,burkina faso,Souroukoudingan,11.235.278,-45.336.389,NA,NA,NA,NA,NA,NA,NA,NA,NA,NA,NA,NA,NA,NA,,point,paper map,Houet,,,yes,combination,yes,IRS,HRI,NA,,NA,,NA,,NA,729,(Use of Pyrethrum spray catches-PSC),no,yes,no,8,8,2012,2012,,,NA,,gambiae complex,,morph,
NA,no,yes,no,none,1002234,10.1186/s12936-019-2747-5,Epopa,"Seasonal malaria vector and transmission 
dynamics in western Burkina Fas",Malaria Journal,2019,,,,,burkina faso,Souroukoudingan,11.235.278,-45.336.389,NA,NA,NA,NA,NA,NA,NA,NA,NA,NA,NA,NA,NA,NA,,point,paper map,Houet,,,yes,combination,yes,IRS,HRI,NA,,NA,,NA,,NA,NA,(Use of Pyrethrum spray catches-PSC),yes,no,no,8,8,2012,2012,,,NA,,funestus,,morph,genetic/molecular
NA,no,yes,no,none,1002234,10.1186/s12936-019-2747-5,Epopa,"Seasonal malaria vector and transmission 
dynamics in western Burkina Fas",Malaria Journal,2019,,,,,burkina faso,Souroukoudingan,11.235.278,-45.336.389,NA,NA,NA,NA,NA,NA,NA,NA,NA,NA,NA,NA,NA,NA,,point,paper map,Houet,,,yes,combination,yes,IRS,HRI,NA,,NA,,NA,,NA,NA,(Use of Pyrethrum spray catches-PSC),yes,no,no,8,8,2012,2012,,,NA,,nili,,morph,genetic/molecular
NA,no,yes,no,none,1002234,10.1186/s12936-019-2747-5,Epopa,"Seasonal malaria vector and transmission 
dynamics in western Burkina Fas",Malaria Journal,2019,,,,,burkina faso,Pala,11.150.556,-4.423.333,NA,NA,NA,NA,NA,NA,NA,NA,NA,NA,NA,NA,NA,NA,,point,paper map,Houet,,,yes,combination,yes,IRS,HRI,NA,,NA,,NA,,NA,323,(Use of Pyrethrum spray catches-PSC),yes,no,no,8,8,2012,2012,,,NA,,gambiae complex,,morph,
NA,no,yes,no,none,1002234,10.1186/s12936-019-2747-5,Epopa,"Seasonal malaria vector and transmission 
dynamics in western Burkina Fas",Malaria Journal,2019,,,,,burkina faso,Pala,11.150.556,-4.423.333,NA,NA,NA,NA,NA,NA,NA,NA,NA,NA,NA,NA,NA,NA,,point,paper map,Houet,,,yes,combination,yes,IRS,HRI,NA,,NA,,NA,,NA,0,(Use of Pyrethrum spray catches-PSC),no,yes,no,8,8,2012,2012,,,NA,,funestus,,morph,genetic/molecular
NA,no,yes,no,none,1002234,10.1186/s12936-019-2747-5,Epopa,"Seasonal malaria vector and transmission 
dynamics in western Burkina Fas",Malaria Journal,2019,,,,,burkina faso,Pala,11.150.556,-4.423.333,NA,NA,NA,NA,NA,NA,NA,NA,NA,NA,NA,NA,NA,NA,,point,paper map,Houet,,,yes,combination,yes,IRS,HRI,NA,,NA,,NA,,NA,0,(Use of Pyrethrum spray catches-PSC),no,yes,no,8,8,2012,2012,,,NA,,nili,,morph,genetic/molecular
NA,no,yes,no,none,1002234,10.1186/s12936-019-2747-5,Epopa,"Seasonal malaria vector and transmission 
dynamics in western Burkina Fas",Malaria Journal,2019,,,,,burkina faso,Bana,11.236.667,-4.477.778,NA,NA,NA,NA,NA,NA,NA,NA,NA,NA,NA,NA,NA,NA,,point,paper map,Houet,,,yes,combination,yes,IRS,HRI,NA,,NA,,NA,,NA,1357,(Use of Pyrethrum spray catches-PSC),yes,no,no,9,9,2012,2012,,,NA,,gambiae complex,,morph,
NA,no,yes,no,none,1002234,10.1186/s12936-019-2747-5,Epopa,"Seasonal malaria vector and transmission 
dynamics in western Burkina Fas",Malaria Journal,2019,,,,,burkina faso,Bana,11.236.667,-4.477.778,NA,NA,NA,NA,NA,NA,NA,NA,NA,NA,NA,NA,NA,NA,,point,paper map,Houet,,,yes,combination,yes,IRS,HRI,NA,,NA,,NA,,NA,0,(Use of Pyrethrum spray catches-PSC),no,yes,no,9,9,2012,2012,,,NA,,funestus,,morph,genetic/molecular
NA,no,yes,no,none,1002234,10.1186/s12936-019-2747-5,Epopa,"Seasonal malaria vector and transmission 
dynamics in western Burkina Fas",Malaria Journal,2019,,,,,burkina faso,Bana,11.236.667,-4.477.778,NA,NA,NA,NA,NA,NA,NA,NA,NA,NA,NA,NA,NA,NA,,point,paper map,Houet,,,yes,combination,yes,IRS,HRI,NA,,NA,,NA,,NA,0,(Use of Pyrethrum spray catches-PSC),no,yes,no,9,9,2012,2012,,,NA,,nili,,morph,genetic/molecular
NA,no,yes,no,none,1002234,10.1186/s12936-019-2747-5,Epopa,"Seasonal malaria vector and transmission 
dynamics in western Burkina Fas",Malaria Journal,2019,,,,,burkina faso,Souroukoudingan,11.235.278,-45.336.389,NA,NA,NA,NA,NA,NA,NA,NA,NA,NA,NA,NA,NA,NA,,point,paper map,Houet,,,yes,combination,yes,IRS,HRI,NA,,NA,,NA,,NA,542,(Use of Pyrethrum spray catches-PSC),no,yes,no,9,9,2012,2012,,,NA,,gambiae complex,,morph,
NA,no,yes,no,none,1002234,10.1186/s12936-019-2747-5,Epopa,"Seasonal malaria vector and transmission 
dynamics in western Burkina Fas",Malaria Journal,2019,,,,,burkina faso,Souroukoudingan,11.235.278,-45.336.389,NA,NA,NA,NA,NA,NA,NA,NA,NA,NA,NA,NA,NA,NA,,point,paper map,Houet,,,yes,combination,yes,IRS,HRI,NA,,NA,,NA,,NA,NA,(Use of Pyrethrum spray catches-PSC),yes,no,no,9,9,2012,2012,,,NA,,funestus,,morph,genetic/molecular
NA,no,yes,no,none,1002234,10.1186/s12936-019-2747-5,Epopa,"Seasonal malaria vector and transmission 
dynamics in western Burkina Fas",Malaria Journal,2019,,,,,burkina faso,Souroukoudingan,11.235.278,-45.336.389,NA,NA,NA,NA,NA,NA,NA,NA,NA,NA,NA,NA,NA,NA,,point,paper map,Houet,,,yes,combination,yes,IRS,HRI,NA,,NA,,NA,,NA,NA,(Use of Pyrethrum spray catches-PSC),yes,no,no,9,9,2012,2012,,,NA,,nili,,morph,genetic/molecular
NA,no,yes,no,none,1002234,10.1186/s12936-019-2747-5,Epopa,"Seasonal malaria vector and transmission 
dynamics in western Burkina Fas",Malaria Journal,2019,,,,,burkina faso,Pala,11.150.556,-4.423.333,NA,NA,NA,NA,NA,NA,NA,NA,NA,NA,NA,NA,NA,NA,,point,paper map,Houet,,,yes,combination,yes,IRS,HRI,NA,,NA,,NA,,NA,319,(Use of Pyrethrum spray catches-PSC),yes,no,no,9,9,2012,2012,,,NA,,gambiae complex,,morph,
NA,no,yes,no,none,1002234,10.1186/s12936-019-2747-5,Epopa,"Seasonal malaria vector and transmission 
dynamics in western Burkina Fas",Malaria Journal,2019,,,,,burkina faso,Pala,11.150.556,-4.423.333,NA,NA,NA,NA,NA,NA,NA,NA,NA,NA,NA,NA,NA,NA,,point,paper map,Houet,,,yes,combination,yes,IRS,HRI,NA,,NA,,NA,,NA,0,(Use of Pyrethrum spray catches-PSC),no,yes,no,9,9,2012,2012,,,NA,,funestus,,morph,genetic/molecular
NA,no,yes,no,none,1002234,10.1186/s12936-019-2747-5,Epopa,"Seasonal malaria vector and transmission 
dynamics in western Burkina Fas",Malaria Journal,2019,,,,,burkina faso,Pala,11.150.556,-4.423.333,NA,NA,NA,NA,NA,NA,NA,NA,NA,NA,NA,NA,NA,NA,,point,paper map,Houet,,,yes,combination,yes,IRS,HRI,NA,,NA,,NA,,NA,0,(Use of Pyrethrum spray catches-PSC),no,yes,no,9,9,2012,2012,,,NA,,nili,,morph,genetic/molecular
NA,no,yes,no,none,1002234,10.1186/s12936-019-2747-5,Epopa,"Seasonal malaria vector and transmission 
dynamics in western Burkina Fas",Malaria Journal,2019,,,,,burkina faso,Bana,11.236.667,-4.477.778,NA,NA,NA,NA,NA,NA,NA,NA,NA,NA,NA,NA,NA,NA,,point,paper map,Houet,,,yes,combination,yes,IRS,HRI,NA,,NA,,NA,,NA,1078,(Use of Pyrethrum spray catches-PSC),yes,no,no,10,10,2012,2012,,,NA,,gambiae complex,,morph,
NA,no,yes,no,none,1002234,10.1186/s12936-019-2747-5,Epopa,"Seasonal malaria vector and transmission 
dynamics in western Burkina Fas",Malaria Journal,2019,,,,,burkina faso,Bana,11.236.667,-4.477.778,NA,NA,NA,NA,NA,NA,NA,NA,NA,NA,NA,NA,NA,NA,,point,paper map,Houet,,,yes,combination,yes,IRS,HRI,NA,,NA,,NA,,NA,0,(Use of Pyrethrum spray catches-PSC),no,yes,no,10,10,2012,2012,,,NA,,funestus,,morph,genetic/molecular
NA,no,yes,no,none,1002234,10.1186/s12936-019-2747-5,Epopa,"Seasonal malaria vector and transmission 
dynamics in western Burkina Fas",Malaria Journal,2019,,,,,burkina faso,Bana,11.236.667,-4.477.778,NA,NA,NA,NA,NA,NA,NA,NA,NA,NA,NA,NA,NA,NA,,point,paper map,Houet,,,yes,combination,yes,IRS,HRI,NA,,NA,,NA,,NA,0,(Use of Pyrethrum spray catches-PSC),no,yes,no,10,10,2012,2012,,,NA,,nili,,morph,genetic/molecular
NA,no,yes,no,none,1002234,10.1186/s12936-019-2747-5,Epopa,"Seasonal malaria vector and transmission 
dynamics in western Burkina Fas",Malaria Journal,2019,,,,,burkina faso,Souroukoudingan,11.235.278,-45.336.389,NA,NA,NA,NA,NA,NA,NA,NA,NA,NA,NA,NA,NA,NA,,point,paper map,Houet,,,yes,combination,yes,IRS,HRI,NA,,NA,,NA,,NA,609,(Use of Pyrethrum spray catches-PSC),yes,no,no,10,10,2012,2012,,,NA,,gambiae complex,,morph,
NA,no,yes,no,none,1002234,10.1186/s12936-019-2747-5,Epopa,"Seasonal malaria vector and transmission 
dynamics in western Burkina Fas",Malaria Journal,2019,,,,,burkina faso,Souroukoudingan,11.235.278,-45.336.389,NA,NA,NA,NA,NA,NA,NA,NA,NA,NA,NA,NA,NA,NA,,point,paper map,Houet,,,yes,combination,yes,IRS,HRI,NA,,NA,,NA,,NA,0,(Use of Pyrethrum spray catches-PSC),no,yes,no,10,10,2012,2012,,,NA,,funestus,,morph,genetic/molecular
NA,no,yes,no,none,1002234,10.1186/s12936-019-2747-5,Epopa,"Seasonal malaria vector and transmission 
dynamics in western Burkina Fas",Malaria Journal,2019,,,,,burkina faso,Souroukoudingan,11.235.278,-45.336.389,NA,NA,NA,NA,NA,NA,NA,NA,NA,NA,NA,NA,NA,NA,,point,paper map,Houet,,,yes,combination,yes,IRS,HRI,NA,,NA,,NA,,NA,0,(Use of Pyrethrum spray catches-PSC),no,yes,no,10,10,2012,2012,,,NA,,nili,,morph,genetic/molecular
NA,no,yes,no,none,1002234,10.1186/s12936-019-2747-5,Epopa,"Seasonal malaria vector and transmission 
dynamics in western Burkina Fas",Malaria Journal,2019,,,,,burkina faso,Pala,11.150.556,-4.423.333,NA,NA,NA,NA,NA,NA,NA,NA,NA,NA,NA,NA,NA,NA,,point,paper map,Houet,,,yes,combination,yes,IRS,HRI,NA,,NA,,NA,,NA,392,(Use of Pyrethrum spray catches-PSC),yes,no,no,10,10,2012,2012,,,NA,,gambiae complex,,morph,
NA,no,yes,no,none,1002234,10.1186/s12936-019-2747-5,Epopa,"Seasonal malaria vector and transmission 
dynamics in western Burkina Fas",Malaria Journal,2019,,,,,burkina faso,Pala,11.150.556,-4.423.333,NA,NA,NA,NA,NA,NA,NA,NA,NA,NA,NA,NA,NA,NA,,point,paper map,Houet,,,yes,combination,yes,IRS,HRI,NA,,NA,,NA,,NA,0,(Use of Pyrethrum spray catches-PSC),no,yes,no,10,10,2012,2012,,,NA,,funestus,,morph,genetic/molecular
NA,no,yes,no,none,1002234,10.1186/s12936-019-2747-5,Epopa,"Seasonal malaria vector and transmission 
dynamics in western Burkina Fas",Malaria Journal,2019,,,,,burkina faso,Pala,11.150.556,-4.423.333,NA,NA,NA,NA,NA,NA,NA,NA,NA,NA,NA,NA,NA,NA,,point,paper map,Houet,,,yes,combination,yes,IRS,HRI,NA,,NA,,NA,,NA,0,(Use of Pyrethrum spray catches-PSC),no,yes,no,10,10,2012,2012,,,NA,,nili,,morph,genetic/molecular
NA,no,yes,no,none,1002234,10.1186/s12936-019-2747-5,Epopa,"Seasonal malaria vector and transmission 
dynamics in western Burkina Fas",Malaria Journal,2019,,,,,burkina faso,Bana,11.236.667,-4.477.778,NA,NA,NA,NA,NA,NA,NA,NA,NA,NA,NA,NA,NA,NA,,point,paper map,Houet,,,yes,combination,yes,IRS,HRI,NA,,NA,,NA,,NA,101,(Use of Pyrethrum spray catches-PSC),yes,no,no,11,11,2012,2012,,,NA,,gambiae complex,,morph,
NA,no,yes,no,none,1002234,10.1186/s12936-019-2747-5,Epopa,"Seasonal malaria vector and transmission 
dynamics in western Burkina Fas",Malaria Journal,2019,,,,,burkina faso,Bana,11.236.667,-4.477.778,NA,NA,NA,NA,NA,NA,NA,NA,NA,NA,NA,NA,NA,NA,,point,paper map,Houet,,,yes,combination,yes,IRS,HRI,NA,,NA,,NA,,NA,0,(Use of Pyrethrum spray catches-PSC),no,yes,no,11,11,2012,2012,,,NA,,funestus,,morph,genetic/molecular
NA,no,yes,no,none,1002234,10.1186/s12936-019-2747-5,Epopa,"Seasonal malaria vector and transmission 
dynamics in western Burkina Fas",Malaria Journal,2019,,,,,burkina faso,Bana,11.236.667,-4.477.778,NA,NA,NA,NA,NA,NA,NA,NA,NA,NA,NA,NA,NA,NA,,point,paper map,Houet,,,yes,combination,yes,IRS,HRI,NA,,NA,,NA,,NA,0,(Use of Pyrethrum spray catches-PSC),no,yes,no,11,11,2012,2012,,,NA,,nili,,morph,genetic/molecular
NA,no,yes,no,none,1002234,10.1186/s12936-019-2747-5,Epopa,"Seasonal malaria vector and transmission 
dynamics in western Burkina Fas",Malaria Journal,2019,,,,,burkina faso,Souroukoudingan,11.235.278,-45.336.389,NA,NA,NA,NA,NA,NA,NA,NA,NA,NA,NA,NA,NA,NA,,point,paper map,Houet,,,yes,combination,yes,IRS,HRI,NA,,NA,,NA,,NA,159,(Use of Pyrethrum spray catches-PSC),yes,no,no,11,11,2012,2012,,,NA,,gambiae complex,,morph,
NA,no,yes,no,none,1002234,10.1186/s12936-019-2747-5,Epopa,"Seasonal malaria vector and transmission 
dynamics in western Burkina Fas",Malaria Journal,2019,,,,,burkina faso,Souroukoudingan,11.235.278,-45.336.389,NA,NA,NA,NA,NA,NA,NA,NA,NA,NA,NA,NA,NA,NA,,point,paper map,Houet,,,yes,combination,yes,IRS,HRI,NA,,NA,,NA,,NA,0,(Use of Pyrethrum spray catches-PSC),no,yes,no,11,11,2012,2012,,,NA,,funestus,,morph,genetic/molecular
NA,no,yes,no,none,1002234,10.1186/s12936-019-2747-5,Epopa,"Seasonal malaria vector and transmission 
dynamics in western Burkina Fas",Malaria Journal,2019,,,,,burkina faso,Souroukoudingan,11.235.278,-45.336.389,NA,NA,NA,NA,NA,NA,NA,NA,NA,NA,NA,NA,NA,NA,,point,paper map,Houet,,,yes,combination,yes,IRS,HRI,NA,,NA,,NA,,NA,0,(Use of Pyrethrum spray catches-PSC),no,yes,no,11,11,2012,2012,,,NA,,nili,,morph,genetic/molecular
NA,no,yes,no,none,1002234,10.1186/s12936-019-2747-5,Epopa,"Seasonal malaria vector and transmission 
dynamics in western Burkina Fas",Malaria Journal,2019,,,,,burkina faso,Pala,11.150.556,-4.423.333,NA,NA,NA,NA,NA,NA,NA,NA,NA,NA,NA,NA,NA,NA,,point,paper map,Houet,,,yes,combination,yes,IRS,HRI,NA,,NA,,NA,,NA,407,(Use of Pyrethrum spray catches-PSC),yes,no,no,11,11,2012,2012,,,NA,,gambiae complex,,morph,
NA,no,yes,no,none,1002234,10.1186/s12936-019-2747-5,Epopa,"Seasonal malaria vector and transmission 
dynamics in western Burkina Fas",Malaria Journal,2019,,,,,burkina faso,Pala,11.150.556,-4.423.333,NA,NA,NA,NA,NA,NA,NA,NA,NA,NA,NA,NA,NA,NA,,point,paper map,Houet,,,yes,combination,yes,IRS,HRI,NA,,NA,,NA,,NA,NA,(Use of Pyrethrum spray catches-PSC),yes,no,no,11,11,2012,2012,,,NA,,funestus,,morph,genetic/molecular
NA,no,yes,no,none,1002234,10.1186/s12936-019-2747-5,Epopa,"Seasonal malaria vector and transmission 
dynamics in western Burkina Fas",Malaria Journal,2019,,,,,burkina faso,Pala,11.150.556,-4.423.333,NA,NA,NA,NA,NA,NA,NA,NA,NA,NA,NA,NA,NA,NA,,point,paper map,Houet,,,yes,combination,yes,IRS,HRI,NA,,NA,,NA,,NA,NA,(Use of Pyrethrum spray catches-PSC),yes,no,no,11,11,2012,2012,,,NA,,nili,,morph,genetic/molecular
NA,no,yes,no,none,1002234,10.1186/s12936-019-2747-5,Epopa,"Seasonal malaria vector and transmission 
dynamics in western Burkina Fas",Malaria Journal,2019,,,,,burkina faso,Bana,11.236.667,-4.477.778,NA,NA,NA,NA,NA,NA,NA,NA,NA,NA,NA,NA,NA,NA,,point,paper map,Houet,,,yes,combination,yes,IRS,HRI,NA,,NA,,NA,,NA,39,(Use of Pyrethrum spray catches-PSC),yes,no,no,12,12,2012,2012,,,NA,,gambiae complex,,morph,
NA,no,yes,no,none,1002234,10.1186/s12936-019-2747-5,Epopa,"Seasonal malaria vector and transmission 
dynamics in western Burkina Fas",Malaria Journal,2019,,,,,burkina faso,Bana,11.236.667,-4.477.778,NA,NA,NA,NA,NA,NA,NA,NA,NA,NA,NA,NA,NA,NA,,point,paper map,Houet,,,yes,combination,yes,IRS,HRI,NA,,NA,,NA,,NA,NA,(Use of Pyrethrum spray catches-PSC),yes,no,no,12,12,2012,2012,,,NA,,funestus,,morph,genetic/molecular
NA,no,yes,no,none,1002234,10.1186/s12936-019-2747-5,Epopa,"Seasonal malaria vector and transmission 
dynamics in western Burkina Fas",Malaria Journal,2019,,,,,burkina faso,Bana,11.236.667,-4.477.778,NA,NA,NA,NA,NA,NA,NA,NA,NA,NA,NA,NA,NA,NA,,point,paper map,Houet,,,yes,combination,yes,IRS,HRI,NA,,NA,,NA,,NA,NA,(Use of Pyrethrum spray catches-PSC),yes,no,no,12,12,2012,2012,,,NA,,nili,,morph,genetic/molecular
NA,no,yes,no,none,1002234,10.1186/s12936-019-2747-5,Epopa,"Seasonal malaria vector and transmission 
dynamics in western Burkina Fas",Malaria Journal,2019,,,,,burkina faso,Souroukoudingan,11.235.278,-45.336.389,NA,NA,NA,NA,NA,NA,NA,NA,NA,NA,NA,NA,NA,NA,,point,paper map,Houet,,,yes,combination,yes,IRS,HRI,NA,,NA,,NA,,NA,20,(Use of Pyrethrum spray catches-PSC),no,yes,no,12,12,2012,2012,,,NA,,gambiae complex,,morph,
NA,no,yes,no,none,1002234,10.1186/s12936-019-2747-5,Epopa,"Seasonal malaria vector and transmission 
dynamics in western Burkina Fas",Malaria Journal,2019,,,,,burkina faso,Souroukoudingan,11.235.278,-45.336.389,NA,NA,NA,NA,NA,NA,NA,NA,NA,NA,NA,NA,NA,NA,,point,paper map,Houet,,,yes,combination,yes,IRS,HRI,NA,,NA,,NA,,NA,0,(Use of Pyrethrum spray catches-PSC),no,yes,no,12,12,2012,2012,,,NA,,funestus,,morph,genetic/molecular
NA,no,yes,no,none,1002234,10.1186/s12936-019-2747-5,Epopa,"Seasonal malaria vector and transmission 
dynamics in western Burkina Fas",Malaria Journal,2019,,,,,burkina faso,Souroukoudingan,11.235.278,-45.336.389,NA,NA,NA,NA,NA,NA,NA,NA,NA,NA,NA,NA,NA,NA,,point,paper map,Houet,,,yes,combination,yes,IRS,HRI,NA,,NA,,NA,,NA,0,(Use of Pyrethrum spray catches-PSC),no,yes,no,12,12,2012,2012,,,NA,,nili,,morph,genetic/molecular
NA,no,yes,no,none,1002234,10.1186/s12936-019-2747-5,Epopa,"Seasonal malaria vector and transmission 
dynamics in western Burkina Fas",Malaria Journal,2019,,,,,burkina faso,Pala,11.150.556,-4.423.333,NA,NA,NA,NA,NA,NA,NA,NA,NA,NA,NA,NA,NA,NA,,point,paper map,Houet,,,yes,combination,yes,IRS,HRI,NA,,NA,,NA,,NA,152,(Use of Pyrethrum spray catches-PSC),yes,no,no,12,12,2012,2012,,,NA,,gambiae complex,,morph,
NA,no,yes,no,none,1002234,10.1186/s12936-019-2747-5,Epopa,"Seasonal malaria vector and transmission 
dynamics in western Burkina Fas",Malaria Journal,2019,,,,,burkina faso,Pala,11.150.556,-4.423.333,NA,NA,NA,NA,NA,NA,NA,NA,NA,NA,NA,NA,NA,NA,,point,paper map,Houet,,,yes,combination,yes,IRS,HRI,NA,,NA,,NA,,NA,0,(Use of Pyrethrum spray catches-PSC),no,yes,no,12,12,2012,2012,,,NA,,funestus,,morph,genetic/molecular
NA,no,yes,no,none,1002234,10.1186/s12936-019-2747-5,Epopa,"Seasonal malaria vector and transmission 
dynamics in western Burkina Fas",Malaria Journal,2019,,,,,burkina faso,Pala,11.150.556,-4.423.333,NA,NA,NA,NA,NA,NA,NA,NA,NA,NA,NA,NA,NA,NA,,point,paper map,Houet,,,yes,combination,yes,IRS,HRI,NA,,NA,,NA,,NA,0,(Use of Pyrethrum spray catches-PSC),no,yes,no,12,12,2012,2012,,,NA,,nili,,morph,genetic/molecular
NA,no,yes,no,none,1002234,10.1186/s12936-019-2747-5,Epopa,"Seasonal malaria vector and transmission 
dynamics in western Burkina Fas",Malaria Journal,2019,,,,,burkina faso,Bana,11.236.667,-4.477.778,NA,NA,NA,NA,NA,NA,NA,NA,NA,NA,NA,NA,NA,NA,,point,paper map,Houet,,,yes,combination,yes,IRS,HRI,NA,,NA,,NA,,NA,253,(Use of Pyrethrum spray catches-PSC),yes,no,no,3,3,2013,2013,,,NA,,gambiae complex,,morph,
NA,no,yes,no,none,1002234,10.1186/s12936-019-2747-5,Epopa,"Seasonal malaria vector and transmission 
dynamics in western Burkina Fas",Malaria Journal,2019,,,,,burkina faso,Bana,11.236.667,-4.477.778,NA,NA,NA,NA,NA,NA,NA,NA,NA,NA,NA,NA,NA,NA,,point,paper map,Houet,,,yes,combination,yes,IRS,HRI,NA,,NA,,NA,,NA,NA,(Use of Pyrethrum spray catches-PSC),yes,no,no,3,3,2013,2013,,,NA,,funestus,,morph,genetic/molecular
NA,no,yes,no,none,1002234,10.1186/s12936-019-2747-5,Epopa,"Seasonal malaria vector and transmission 
dynamics in western Burkina Fas",Malaria Journal,2019,,,,,burkina faso,Bana,11.236.667,-4.477.778,NA,NA,NA,NA,NA,NA,NA,NA,NA,NA,NA,NA,NA,NA,,point,paper map,Houet,,,yes,combination,yes,IRS,HRI,NA,,NA,,NA,,NA,NA,(Use of Pyrethrum spray catches-PSC),yes,no,no,3,3,2013,2013,,,NA,,nili,,morph,genetic/molecular
NA,no,yes,no,none,1002234,10.1186/s12936-019-2747-5,Epopa,"Seasonal malaria vector and transmission 
dynamics in western Burkina Fas",Malaria Journal,2019,,,,,burkina faso,Souroukoudingan,11.235.278,-45.336.389,NA,NA,NA,NA,NA,NA,NA,NA,NA,NA,NA,NA,NA,NA,,point,paper map,Houet,,,yes,combination,yes,IRS,HRI,NA,,NA,,NA,,NA,81,(Use of Pyrethrum spray catches-PSC),no,yes,no,3,3,2013,2013,,,NA,,gambiae complex,,morph,
NA,no,yes,no,none,1002234,10.1186/s12936-019-2747-5,Epopa,"Seasonal malaria vector and transmission 
dynamics in western Burkina Fas",Malaria Journal,2019,,,,,burkina faso,Souroukoudingan,11.235.278,-45.336.389,NA,NA,NA,NA,NA,NA,NA,NA,NA,NA,NA,NA,NA,NA,,point,paper map,Houet,,,yes,combination,yes,IRS,HRI,NA,,NA,,NA,,NA,NA,(Use of Pyrethrum spray catches-PSC),no,yes,no,3,3,2013,2013,,,NA,,funestus,,morph,genetic/molecular
NA,no,yes,no,none,1002234,10.1186/s12936-019-2747-5,Epopa,"Seasonal malaria vector and transmission 
dynamics in western Burkina Fas",Malaria Journal,2019,,,,,burkina faso,Souroukoudingan,11.235.278,-45.336.389,NA,NA,NA,NA,NA,NA,NA,NA,NA,NA,NA,NA,NA,NA,,point,paper map,Houet,,,yes,combination,yes,IRS,HRI,NA,,NA,,NA,,NA,NA,(Use of Pyrethrum spray catches-PSC),no,yes,no,3,3,2013,2013,,,NA,,nili,,morph,genetic/molecular
NA,no,yes,no,none,1002234,10.1186/s12936-019-2747-5,Epopa,"Seasonal malaria vector and transmission 
dynamics in western Burkina Fas",Malaria Journal,2019,,,,,burkina faso,Pala,11.150.556,-4.423.333,NA,NA,NA,NA,NA,NA,NA,NA,NA,NA,NA,NA,NA,NA,,point,paper map,Houet,,,yes,combination,yes,IRS,HRI,NA,,NA,,NA,,NA,91,(Use of Pyrethrum spray catches-PSC),yes,no,no,3,3,2013,2013,,,NA,,gambiae complex,,morph,
NA,no,yes,no,none,1002234,10.1186/s12936-019-2747-5,Epopa,"Seasonal malaria vector and transmission 
dynamics in western Burkina Fas",Malaria Journal,2019,,,,,burkina faso,Pala,11.150.556,-4.423.333,NA,NA,NA,NA,NA,NA,NA,NA,NA,NA,NA,NA,NA,NA,,point,paper map,Houet,,,yes,combination,yes,IRS,HRI,NA,,NA,,NA,,NA,0,(Use of Pyrethrum spray catches-PSC),no,yes,no,3,3,2013,2013,,,NA,,funestus,,morph,genetic/molecular
NA,no,yes,no,none,1002234,10.1186/s12936-019-2747-5,Epopa,"Seasonal malaria vector and transmission 
dynamics in western Burkina Fas",Malaria Journal,2019,,,,,burkina faso,Pala,11.150.556,-4.423.333,NA,NA,NA,NA,NA,NA,NA,NA,NA,NA,NA,NA,NA,NA,,point,paper map,Houet,,,yes,combination,yes,IRS,HRI,NA,,NA,,NA,,NA,0,(Use of Pyrethrum spray catches-PSC),no,yes,no,3,3,2013,2013,,,NA,,nili,,morph,genetic/molecular
NA,no,yes,no,none,1002234,10.1186/s12936-019-2747-5,Epopa,"Seasonal malaria vector and transmission 
dynamics in western Burkina Fas",Malaria Journal,2019,,,,,burkina faso,Bana,11.236.667,-4.477.778,NA,NA,NA,NA,NA,NA,NA,NA,NA,NA,NA,NA,NA,NA,,point,paper map,Houet,,,yes,combination,yes,IRS,HRI,NA,,NA,,NA,,NA,160,(Use of Pyrethrum spray catches-PSC),yes,no,no,4,4,2013,2013,,,NA,,gambiae complex,,morph,
NA,no,yes,no,none,1002234,10.1186/s12936-019-2747-5,Epopa,"Seasonal malaria vector and transmission 
dynamics in western Burkina Fas",Malaria Journal,2019,,,,,burkina faso,Bana,11.236.667,-4.477.778,NA,NA,NA,NA,NA,NA,NA,NA,NA,NA,NA,NA,NA,NA,,point,paper map,Houet,,,yes,combination,yes,IRS,HRI,NA,,NA,,NA,,NA,NA,(Use of Pyrethrum spray catches-PSC),yes,no,no,4,4,2013,2013,,,NA,,funestus,,morph,genetic/molecular
NA,no,yes,no,none,1002234,10.1186/s12936-019-2747-5,Epopa,"Seasonal malaria vector and transmission 
dynamics in western Burkina Fas",Malaria Journal,2019,,,,,burkina faso,Bana,11.236.667,-4.477.778,NA,NA,NA,NA,NA,NA,NA,NA,NA,NA,NA,NA,NA,NA,,point,paper map,Houet,,,yes,combination,yes,IRS,HRI,NA,,NA,,NA,,NA,NA,(Use of Pyrethrum spray catches-PSC),yes,no,no,4,4,2013,2013,,,NA,,nili,,morph,genetic/molecular
NA,no,yes,no,none,1002234,10.1186/s12936-019-2747-5,Epopa,"Seasonal malaria vector and transmission 
dynamics in western Burkina Fas",Malaria Journal,2019,,,,,burkina faso,Souroukoudingan,11.235.278,-45.336.389,NA,NA,NA,NA,NA,NA,NA,NA,NA,NA,NA,NA,NA,NA,,point,paper map,Houet,,,yes,combination,yes,IRS,HRI,NA,,NA,,NA,,NA,11,(Use of Pyrethrum spray catches-PSC),no,yes,no,4,4,2013,2013,,,NA,,gambiae complex,,morph,
NA,no,yes,no,none,1002234,10.1186/s12936-019-2747-5,Epopa,"Seasonal malaria vector and transmission 
dynamics in western Burkina Fas",Malaria Journal,2019,,,,,burkina faso,Souroukoudingan,11.235.278,-45.336.389,NA,NA,NA,NA,NA,NA,NA,NA,NA,NA,NA,NA,NA,NA,,point,paper map,Houet,,,yes,combination,yes,IRS,HRI,NA,,NA,,NA,,NA,0,(Use of Pyrethrum spray catches-PSC),no,yes,no,4,4,2013,2013,,,NA,,funestus,,morph,genetic/molecular
NA,no,yes,no,none,1002234,10.1186/s12936-019-2747-5,Epopa,"Seasonal malaria vector and transmission 
dynamics in western Burkina Fas",Malaria Journal,2019,,,,,burkina faso,Souroukoudingan,11.235.278,-45.336.389,NA,NA,NA,NA,NA,NA,NA,NA,NA,NA,NA,NA,NA,NA,,point,paper map,Houet,,,yes,combination,yes,IRS,HRI,NA,,NA,,NA,,NA,0,(Use of Pyrethrum spray catches-PSC),no,yes,no,4,4,2013,2013,,,NA,,nili,,morph,genetic/molecular
NA,no,yes,no,none,1002234,10.1186/s12936-019-2747-5,Epopa,"Seasonal malaria vector and transmission 
dynamics in western Burkina Fas",Malaria Journal,2019,,,,,burkina faso,Pala,11.150.556,-4.423.333,NA,NA,NA,NA,NA,NA,NA,NA,NA,NA,NA,NA,NA,NA,,point,paper map,Houet,,,yes,combination,yes,IRS,HRI,NA,,NA,,NA,,NA,327,(Use of Pyrethrum spray catches-PSC),yes,no,no,4,4,2013,2013,,,NA,,gambiae complex,,morph,
NA,no,yes,no,none,1002234,10.1186/s12936-019-2747-5,Epopa,"Seasonal malaria vector and transmission 
dynamics in western Burkina Fas",Malaria Journal,2019,,,,,burkina faso,Pala,11.150.556,-4.423.333,NA,NA,NA,NA,NA,NA,NA,NA,NA,NA,NA,NA,NA,NA,,point,paper map,Houet,,,yes,combination,yes,IRS,HRI,NA,,NA,,NA,,NA,NA,(Use of Pyrethrum spray catches-PSC),no,yes,no,4,4,2013,2013,,,NA,,funestus,,morph,genetic/molecular
NA,no,yes,no,none,1002234,10.1186/s12936-019-2747-5,Epopa,"Seasonal malaria vector and transmission 
dynamics in western Burkina Fas",Malaria Journal,2019,,,,,burkina faso,Pala,11.150.556,-4.423.333,NA,NA,NA,NA,NA,NA,NA,NA,NA,NA,NA,NA,NA,NA,,point,paper map,Houet,,,yes,combination,yes,IRS,HRI,NA,,NA,,NA,,NA,NA,(Use of Pyrethrum spray catches-PSC),no,yes,no,4,4,2013,2013,,,NA,,nili,,morph,genetic/molecular
NA,no,yes,no,none,1002234,10.1186/s12936-019-2747-5,Epopa,"Seasonal malaria vector and transmission 
dynamics in western Burkina Fas",Malaria Journal,2019,,,,,burkina faso,Bana,11.236.667,-4.477.778,NA,NA,NA,NA,NA,NA,NA,NA,NA,NA,NA,NA,NA,NA,,point,paper map,Houet,,,yes,combination,yes,IRS,HRI,NA,,NA,,NA,,NA,148,(Use of Pyrethrum spray catches-PSC),yes,no,no,6,6,2013,2013,,,NA,,gambiae complex,,morph,
NA,no,yes,no,none,1002234,10.1186/s12936-019-2747-5,Epopa,"Seasonal malaria vector and transmission 
dynamics in western Burkina Fas",Malaria Journal,2019,,,,,burkina faso,Bana,11.236.667,-4.477.778,NA,NA,NA,NA,NA,NA,NA,NA,NA,NA,NA,NA,NA,NA,,point,paper map,Houet,,,yes,combination,yes,IRS,HRI,NA,,NA,,NA,,NA,0,(Use of Pyrethrum spray catches-PSC),no,yes,no,6,6,2013,2013,,,NA,,funestus,,morph,genetic/molecular
NA,no,yes,no,none,1002234,10.1186/s12936-019-2747-5,Epopa,"Seasonal malaria vector and transmission 
dynamics in western Burkina Fas",Malaria Journal,2019,,,,,burkina faso,Bana,11.236.667,-4.477.778,NA,NA,NA,NA,NA,NA,NA,NA,NA,NA,NA,NA,NA,NA,,point,paper map,Houet,,,yes,combination,yes,IRS,HRI,NA,,NA,,NA,,NA,0,(Use of Pyrethrum spray catches-PSC),no,yes,no,6,6,2013,2013,,,NA,,nili,,morph,genetic/molecular
NA,no,yes,no,none,1002234,10.1186/s12936-019-2747-5,Epopa,"Seasonal malaria vector and transmission 
dynamics in western Burkina Fas",Malaria Journal,2019,,,,,burkina faso,Souroukoudingan,11.235.278,-45.336.389,NA,NA,NA,NA,NA,NA,NA,NA,NA,NA,NA,NA,NA,NA,,point,paper map,Houet,,,yes,combination,yes,IRS,HRI,NA,,NA,,NA,,NA,77,(Use of Pyrethrum spray catches-PSC),no,yes,no,6,6,2013,2013,,,NA,,gambiae complex,,morph,
NA,no,yes,no,none,1002234,10.1186/s12936-019-2747-5,Epopa,"Seasonal malaria vector and transmission 
dynamics in western Burkina Fas",Malaria Journal,2019,,,,,burkina faso,Souroukoudingan,11.235.278,-45.336.389,NA,NA,NA,NA,NA,NA,NA,NA,NA,NA,NA,NA,NA,NA,,point,paper map,Houet,,,yes,combination,yes,IRS,HRI,NA,,NA,,NA,,NA,0,(Use of Pyrethrum spray catches-PSC),no,yes,no,6,6,2013,2013,,,NA,,funestus,,morph,genetic/molecular
NA,no,yes,no,none,1002234,10.1186/s12936-019-2747-5,Epopa,"Seasonal malaria vector and transmission 
dynamics in western Burkina Fas",Malaria Journal,2019,,,,,burkina faso,Souroukoudingan,11.235.278,-45.336.389,NA,NA,NA,NA,NA,NA,NA,NA,NA,NA,NA,NA,NA,NA,,point,paper map,Houet,,,yes,combination,yes,IRS,HRI,NA,,NA,,NA,,NA,0,(Use of Pyrethrum spray catches-PSC),no,yes,no,6,6,2013,2013,,,NA,,nili,,morph,genetic/molecular
NA,no,yes,no,none,1002234,10.1186/s12936-019-2747-5,Epopa,"Seasonal malaria vector and transmission 
dynamics in western Burkina Fas",Malaria Journal,2019,,,,,burkina faso,Pala,11.150.556,-4.423.333,NA,NA,NA,NA,NA,NA,NA,NA,NA,NA,NA,NA,NA,NA,,point,paper map,Houet,,,yes,combination,yes,IRS,HRI,NA,,NA,,NA,,NA,276,(Use of Pyrethrum spray catches-PSC),yes,no,no,6,6,2013,2013,,,NA,,gambiae complex,,morph,
NA,no,yes,no,none,1002234,10.1186/s12936-019-2747-5,Epopa,"Seasonal malaria vector and transmission 
dynamics in western Burkina Fas",Malaria Journal,2019,,,,,burkina faso,Pala,11.150.556,-4.423.333,NA,NA,NA,NA,NA,NA,NA,NA,NA,NA,NA,NA,NA,NA,,point,paper map,Houet,,,yes,combination,yes,IRS,HRI,NA,,NA,,NA,,NA,0,(Use of Pyrethrum spray catches-PSC),no,yes,no,6,6,2013,2013,,,NA,,funestus,,morph,genetic/molecular
NA,no,yes,no,none,1002234,10.1186/s12936-019-2747-5,Epopa,"Seasonal malaria vector and transmission 
dynamics in western Burkina Fas",Malaria Journal,2019,,,,,burkina faso,Pala,11.150.556,-4.423.333,NA,NA,NA,NA,NA,NA,NA,NA,NA,NA,NA,NA,NA,NA,,point,paper map,Houet,,,yes,combination,yes,IRS,HRI,NA,,NA,,NA,,NA,0,(Use of Pyrethrum spray catches-PSC),no,yes,no,6,6,2013,2013,,,NA,,nili,,morph,genetic/molecular
NA,no,yes,no,none,1002234,10.1186/s12936-019-2747-5,Epopa,"Seasonal malaria vector and transmission 
dynamics in western Burkina Fas",Malaria Journal,2019,,,,,burkina faso,Bana,11.236.667,-4.477.778,NA,NA,NA,NA,NA,NA,NA,NA,NA,NA,NA,NA,NA,NA,,point,paper map,Houet,,,yes,combination,yes,IRS,HRI,NA,,NA,,NA,,NA,414,(Use of Pyrethrum spray catches-PSC),yes,no,no,7,7,2013,2013,,,NA,,gambiae complex,,morph,
NA,no,yes,no,none,1002234,10.1186/s12936-019-2747-5,Epopa,"Seasonal malaria vector and transmission 
dynamics in western Burkina Fas",Malaria Journal,2019,,,,,burkina faso,Bana,11.236.667,-4.477.778,NA,NA,NA,NA,NA,NA,NA,NA,NA,NA,NA,NA,NA,NA,,point,paper map,Houet,,,yes,combination,yes,IRS,HRI,NA,,NA,,NA,,NA,0,(Use of Pyrethrum spray catches-PSC),no,yes,no,7,7,2013,2013,,,NA,,funestus,,morph,genetic/molecular
NA,no,yes,no,none,1002234,10.1186/s12936-019-2747-5,Epopa,"Seasonal malaria vector and transmission 
dynamics in western Burkina Fas",Malaria Journal,2019,,,,,burkina faso,Bana,11.236.667,-4.477.778,NA,NA,NA,NA,NA,NA,NA,NA,NA,NA,NA,NA,NA,NA,,point,paper map,Houet,,,yes,combination,yes,IRS,HRI,NA,,NA,,NA,,NA,0,(Use of Pyrethrum spray catches-PSC),no,yes,no,7,7,2013,2013,,,NA,,nili,,morph,genetic/molecular
NA,no,yes,no,none,1002234,10.1186/s12936-019-2747-5,Epopa,"Seasonal malaria vector and transmission 
dynamics in western Burkina Fas",Malaria Journal,2019,,,,,burkina faso,Souroukoudingan,11.235.278,-45.336.389,NA,NA,NA,NA,NA,NA,NA,NA,NA,NA,NA,NA,NA,NA,,point,paper map,Houet,,,yes,combination,yes,IRS,HRI,NA,,NA,,NA,,NA,316,(Use of Pyrethrum spray catches-PSC),no,yes,no,7,7,2013,2013,,,NA,,gambiae complex,,morph,
NA,no,yes,no,none,1002234,10.1186/s12936-019-2747-5,Epopa,"Seasonal malaria vector and transmission 
dynamics in western Burkina Fas",Malaria Journal,2019,,,,,burkina faso,Souroukoudingan,11.235.278,-45.336.389,NA,NA,NA,NA,NA,NA,NA,NA,NA,NA,NA,NA,NA,NA,,point,paper map,Houet,,,yes,combination,yes,IRS,HRI,NA,,NA,,NA,,NA,0,(Use of Pyrethrum spray catches-PSC),no,yes,no,7,7,2013,2013,,,NA,,funestus,,morph,genetic/molecular
NA,no,yes,no,none,1002234,10.1186/s12936-019-2747-5,Epopa,"Seasonal malaria vector and transmission 
dynamics in western Burkina Fas",Malaria Journal,2019,,,,,burkina faso,Souroukoudingan,11.235.278,-45.336.389,NA,NA,NA,NA,NA,NA,NA,NA,NA,NA,NA,NA,NA,NA,,point,paper map,Houet,,,yes,combination,yes,IRS,HRI,NA,,NA,,NA,,NA,0,(Use of Pyrethrum spray catches-PSC),no,yes,no,7,7,2013,2013,,,NA,,nili,,morph,genetic/molecular
NA,no,yes,no,none,1002234,10.1186/s12936-019-2747-5,Epopa,"Seasonal malaria vector and transmission 
dynamics in western Burkina Fas",Malaria Journal,2019,,,,,burkina faso,Pala,11.150.556,-4.423.333,NA,NA,NA,NA,NA,NA,NA,NA,NA,NA,NA,NA,NA,NA,,point,paper map,Houet,,,yes,combination,yes,IRS,HRI,NA,,NA,,NA,,NA,489,(Use of Pyrethrum spray catches-PSC),yes,no,no,7,7,2013,2013,,,NA,,gambiae complex,,morph,
NA,no,yes,no,none,1002234,10.1186/s12936-019-2747-5,Epopa,"Seasonal malaria vector and transmission 
dynamics in western Burkina Fas",Malaria Journal,2019,,,,,burkina faso,Pala,11.150.556,-4.423.333,NA,NA,NA,NA,NA,NA,NA,NA,NA,NA,NA,NA,NA,NA,,point,paper map,Houet,,,yes,combination,yes,IRS,HRI,NA,,NA,,NA,,NA,0,(Use of Pyrethrum spray catches-PSC),no,yes,no,7,7,2013,2013,,,NA,,funestus,,morph,genetic/molecular
NA,no,yes,no,none,1002234,10.1186/s12936-019-2747-5,Epopa,"Seasonal malaria vector and transmission 
dynamics in western Burkina Fas",Malaria Journal,2019,,,,,burkina faso,Pala,11.150.556,-4.423.333,NA,NA,NA,NA,NA,NA,NA,NA,NA,NA,NA,NA,NA,NA,,point,paper map,Houet,,,yes,combination,yes,IRS,HRI,NA,,NA,,NA,,NA,0,(Use of Pyrethrum spray catches-PSC),no,yes,no,7,7,2013,2013,,,NA,,nili,,morph,genetic/molecular
NA,no,yes,no,none,1002234,10.1186/s12936-019-2747-5,Epopa,"Seasonal malaria vector and transmission 
dynamics in western Burkina Fas",Malaria Journal,2019,,,,,burkina faso,Bana,11.236.667,-4.477.778,NA,NA,NA,NA,NA,NA,NA,NA,NA,NA,NA,NA,NA,NA,,point,paper map,Houet,,,yes,combination,yes,IRS,HRI,NA,,NA,,NA,,NA,184,(Use of Pyrethrum spray catches-PSC),yes,no,no,8,8,2013,2013,,,NA,,gambiae complex,,morph,
NA,no,yes,no,none,1002234,10.1186/s12936-019-2747-5,Epopa,"Seasonal malaria vector and transmission 
dynamics in western Burkina Fas",Malaria Journal,2019,,,,,burkina faso,Bana,11.236.667,-4.477.778,NA,NA,NA,NA,NA,NA,NA,NA,NA,NA,NA,NA,NA,NA,,point,paper map,Houet,,,yes,combination,yes,IRS,HRI,NA,,NA,,NA,,NA,0,(Use of Pyrethrum spray catches-PSC),no,yes,no,8,8,2013,2013,,,NA,,funestus,,morph,genetic/molecular
NA,no,yes,no,none,1002234,10.1186/s12936-019-2747-5,Epopa,"Seasonal malaria vector and transmission 
dynamics in western Burkina Fas",Malaria Journal,2019,,,,,burkina faso,Bana,11.236.667,-4.477.778,NA,NA,NA,NA,NA,NA,NA,NA,NA,NA,NA,NA,NA,NA,,point,paper map,Houet,,,yes,combination,yes,IRS,HRI,NA,,NA,,NA,,NA,0,(Use of Pyrethrum spray catches-PSC),no,yes,no,8,8,2013,2013,,,NA,,nili,,morph,genetic/molecular
NA,no,yes,no,none,1002234,10.1186/s12936-019-2747-5,Epopa,"Seasonal malaria vector and transmission 
dynamics in western Burkina Fas",Malaria Journal,2019,,,,,burkina faso,Souroukoudingan,11.235.278,-45.336.389,NA,NA,NA,NA,NA,NA,NA,NA,NA,NA,NA,NA,NA,NA,,point,paper map,Houet,,,yes,combination,yes,IRS,HRI,NA,,NA,,NA,,NA,156,(Use of Pyrethrum spray catches-PSC),no,yes,no,8,8,2013,2013,,,NA,,gambiae complex,,morph,
NA,no,yes,no,none,1002234,10.1186/s12936-019-2747-5,Epopa,"Seasonal malaria vector and transmission 
dynamics in western Burkina Fas",Malaria Journal,2019,,,,,burkina faso,Souroukoudingan,11.235.278,-45.336.389,NA,NA,NA,NA,NA,NA,NA,NA,NA,NA,NA,NA,NA,NA,,point,paper map,Houet,,,yes,combination,yes,IRS,HRI,NA,,NA,,NA,,NA,0,(Use of Pyrethrum spray catches-PSC),no,yes,no,8,8,2013,2013,,,NA,,funestus,,morph,genetic/molecular
NA,no,yes,no,none,1002234,10.1186/s12936-019-2747-5,Epopa,"Seasonal malaria vector and transmission 
dynamics in western Burkina Fas",Malaria Journal,2019,,,,,burkina faso,Souroukoudingan,11.235.278,-45.336.389,NA,NA,NA,NA,NA,NA,NA,NA,NA,NA,NA,NA,NA,NA,,point,paper map,Houet,,,yes,combination,yes,IRS,HRI,NA,,NA,,NA,,NA,0,(Use of Pyrethrum spray catches-PSC),no,yes,no,8,8,2013,2013,,,NA,,nili,,morph,genetic/molecular
NA,no,yes,no,none,1002234,10.1186/s12936-019-2747-5,Epopa,"Seasonal malaria vector and transmission 
dynamics in western Burkina Fas",Malaria Journal,2019,,,,,burkina faso,Pala,11.150.556,-4.423.333,NA,NA,NA,NA,NA,NA,NA,NA,NA,NA,NA,NA,NA,NA,,point,paper map,Houet,,,yes,combination,yes,IRS,HRI,NA,,NA,,NA,,NA,180,(Use of Pyrethrum spray catches-PSC),yes,no,no,8,8,2013,2013,,,NA,,gambiae complex,,morph,
NA,no,yes,no,none,1002234,10.1186/s12936-019-2747-5,Epopa,"Seasonal malaria vector and transmission 
dynamics in western Burkina Fas",Malaria Journal,2019,,,,,burkina faso,Pala,11.150.556,-4.423.333,NA,NA,NA,NA,NA,NA,NA,NA,NA,NA,NA,NA,NA,NA,,point,paper map,Houet,,,yes,combination,yes,IRS,HRI,NA,,NA,,NA,,NA,0,(Use of Pyrethrum spray catches-PSC),no,yes,no,8,8,2013,2013,,,NA,,funestus,,morph,genetic/molecular
NA,no,yes,no,none,1002234,10.1186/s12936-019-2747-5,Epopa,"Seasonal malaria vector and transmission 
dynamics in western Burkina Fas",Malaria Journal,2019,,,,,burkina faso,Pala,11.150.556,-4.423.333,NA,NA,NA,NA,NA,NA,NA,NA,NA,NA,NA,NA,NA,NA,,point,paper map,Houet,,,yes,combination,yes,IRS,HRI,NA,,NA,,NA,,NA,0,(Use of Pyrethrum spray catches-PSC),no,yes,no,8,8,2013,2013,,,NA,,nili,,morph,genetic/molecular
NA,no,yes,no,none,1002234,10.1186/s12936-019-2747-5,Epopa,"Seasonal malaria vector and transmission 
dynamics in western Burkina Fas",Malaria Journal,2019,,,,,burkina faso,Bana,11.236.667,-4.477.778,NA,NA,NA,NA,NA,NA,NA,NA,NA,NA,NA,NA,NA,NA,,point,paper map,Houet,,,yes,combination,yes,IRS,HRI,NA,,NA,,NA,,NA,1041,(Use of Pyrethrum spray catches-PSC),yes,no,no,9,9,2013,2013,,,NA,,gambiae complex,,morph,
NA,no,yes,no,none,1002234,10.1186/s12936-019-2747-5,Epopa,"Seasonal malaria vector and transmission 
dynamics in western Burkina Fas",Malaria Journal,2019,,,,,burkina faso,Bana,11.236.667,-4.477.778,NA,NA,NA,NA,NA,NA,NA,NA,NA,NA,NA,NA,NA,NA,,point,paper map,Houet,,,yes,combination,yes,IRS,HRI,NA,,NA,,NA,,NA,NA,(Use of Pyrethrum spray catches-PSC),yes,no,no,9,9,2013,2013,,,NA,,funestus,,morph,genetic/molecular
NA,no,yes,no,none,1002234,10.1186/s12936-019-2747-5,Epopa,"Seasonal malaria vector and transmission 
dynamics in western Burkina Fas",Malaria Journal,2019,,,,,burkina faso,Bana,11.236.667,-4.477.778,NA,NA,NA,NA,NA,NA,NA,NA,NA,NA,NA,NA,NA,NA,,point,paper map,Houet,,,yes,combination,yes,IRS,HRI,NA,,NA,,NA,,NA,NA,(Use of Pyrethrum spray catches-PSC),yes,no,no,9,9,2013,2013,,,NA,,nili,,morph,genetic/molecular
NA,no,yes,no,none,1002234,10.1186/s12936-019-2747-5,Epopa,"Seasonal malaria vector and transmission 
dynamics in western Burkina Fas",Malaria Journal,2019,,,,,burkina faso,Souroukoudingan,11.235.278,-45.336.389,NA,NA,NA,NA,NA,NA,NA,NA,NA,NA,NA,NA,NA,NA,,point,paper map,Houet,,,yes,combination,yes,IRS,HRI,NA,,NA,,NA,,NA,366,(Use of Pyrethrum spray catches-PSC),no,yes,no,9,9,2013,2013,,,NA,,gambiae complex,,morph,
NA,no,yes,no,none,1002234,10.1186/s12936-019-2747-5,Epopa,"Seasonal malaria vector and transmission 
dynamics in western Burkina Fas",Malaria Journal,2019,,,,,burkina faso,Souroukoudingan,11.235.278,-45.336.389,NA,NA,NA,NA,NA,NA,NA,NA,NA,NA,NA,NA,NA,NA,,point,paper map,Houet,,,yes,combination,yes,IRS,HRI,NA,,NA,,NA,,NA,NA,(Use of Pyrethrum spray catches-PSC),yes,no,no,9,9,2013,2013,,,NA,,funestus,,morph,genetic/molecular
NA,no,yes,no,none,1002234,10.1186/s12936-019-2747-5,Epopa,"Seasonal malaria vector and transmission 
dynamics in western Burkina Fas",Malaria Journal,2019,,,,,burkina faso,Souroukoudingan,11.235.278,-45.336.389,NA,NA,NA,NA,NA,NA,NA,NA,NA,NA,NA,NA,NA,NA,,point,paper map,Houet,,,yes,combination,yes,IRS,HRI,NA,,NA,,NA,,NA,NA,(Use of Pyrethrum spray catches-PSC),yes,no,no,9,9,2013,2013,,,NA,,nili,,morph,genetic/molecular
NA,no,yes,no,none,1002234,10.1186/s12936-019-2747-5,Epopa,"Seasonal malaria vector and transmission 
dynamics in western Burkina Fas",Malaria Journal,2019,,,,,burkina faso,Pala,11.150.556,-4.423.333,NA,NA,NA,NA,NA,NA,NA,NA,NA,NA,NA,NA,NA,NA,,point,paper map,Houet,,,yes,combination,yes,IRS,HRI,NA,,NA,,NA,,NA,745,(Use of Pyrethrum spray catches-PSC),yes,no,no,9,9,2013,2013,,,NA,,gambiae complex,,morph,
NA,no,yes,no,none,1002234,10.1186/s12936-019-2747-5,Epopa,"Seasonal malaria vector and transmission 
dynamics in western Burkina Fas",Malaria Journal,2019,,,,,burkina faso,Pala,11.150.556,-4.423.333,NA,NA,NA,NA,NA,NA,NA,NA,NA,NA,NA,NA,NA,NA,,point,paper map,Houet,,,yes,combination,yes,IRS,HRI,NA,,NA,,NA,,NA,0,(Use of Pyrethrum spray catches-PSC),no,yes,no,9,9,2013,2013,,,NA,,funestus,,morph,genetic/molecular
NA,no,yes,no,none,1002234,10.1186/s12936-019-2747-5,Epopa,"Seasonal malaria vector and transmission 
dynamics in western Burkina Fas",Malaria Journal,2019,,,,,burkina faso,Pala,11.150.556,-4.423.333,NA,NA,NA,NA,NA,NA,NA,NA,NA,NA,NA,NA,NA,NA,,point,paper map,Houet,,,yes,combination,yes,IRS,HRI,NA,,NA,,NA,,NA,0,(Use of Pyrethrum spray catches-PSC),no,yes,no,9,9,2013,2013,,,NA,,nili,,morph,genetic/molecular
NA,no,yes,no,none,1002234,10.1186/s12936-019-2747-5,Epopa,"Seasonal malaria vector and transmission 
dynamics in western Burkina Fas",Malaria Journal,2019,,,,,burkina faso,Bana,11.236.667,-4.477.778,NA,NA,NA,NA,NA,NA,NA,NA,NA,NA,NA,NA,NA,NA,,point,paper map,Houet,,,yes,combination,yes,IRS,HRI,NA,,NA,,NA,,NA,654,(Use of Pyrethrum spray catches-PSC),yes,no,no,10,10,2013,2013,,,NA,,gambiae complex,,morph,
NA,no,yes,no,none,1002234,10.1186/s12936-019-2747-5,Epopa,"Seasonal malaria vector and transmission 
dynamics in western Burkina Fas",Malaria Journal,2019,,,,,burkina faso,Bana,11.236.667,-4.477.778,NA,NA,NA,NA,NA,NA,NA,NA,NA,NA,NA,NA,NA,NA,,point,paper map,Houet,,,yes,combination,yes,IRS,HRI,NA,,NA,,NA,,NA,NA,(Use of Pyrethrum spray catches-PSC),yes,no,no,10,10,2013,2013,,,NA,,funestus,,morph,genetic/molecular
NA,no,yes,no,none,1002234,10.1186/s12936-019-2747-5,Epopa,"Seasonal malaria vector and transmission 
dynamics in western Burkina Fas",Malaria Journal,2019,,,,,burkina faso,Bana,11.236.667,-4.477.778,NA,NA,NA,NA,NA,NA,NA,NA,NA,NA,NA,NA,NA,NA,,point,paper map,Houet,,,yes,combination,yes,IRS,HRI,NA,,NA,,NA,,NA,NA,(Use of Pyrethrum spray catches-PSC),yes,no,no,10,10,2013,2013,,,NA,,nili,,morph,genetic/molecular
NA,no,yes,no,none,1002234,10.1186/s12936-019-2747-5,Epopa,"Seasonal malaria vector and transmission 
dynamics in western Burkina Fas",Malaria Journal,2019,,,,,burkina faso,Souroukoudingan,11.235.278,-45.336.389,NA,NA,NA,NA,NA,NA,NA,NA,NA,NA,NA,NA,NA,NA,,point,paper map,Houet,,,yes,combination,yes,IRS,HRI,NA,,NA,,NA,,NA,214,(Use of Pyrethrum spray catches-PSC),yes,no,no,10,10,2013,2013,,,NA,,gambiae complex,,morph,
NA,no,yes,no,none,1002234,10.1186/s12936-019-2747-5,Epopa,"Seasonal malaria vector and transmission 
dynamics in western Burkina Fas",Malaria Journal,2019,,,,,burkina faso,Souroukoudingan,11.235.278,-45.336.389,NA,NA,NA,NA,NA,NA,NA,NA,NA,NA,NA,NA,NA,NA,,point,paper map,Houet,,,yes,combination,yes,IRS,HRI,NA,,NA,,NA,,NA,NA,(Use of Pyrethrum spray catches-PSC),yes,no,no,10,10,2013,2013,,,NA,,funestus,,morph,genetic/molecular
NA,no,yes,no,none,1002234,10.1186/s12936-019-2747-5,Epopa,"Seasonal malaria vector and transmission 
dynamics in western Burkina Fas",Malaria Journal,2019,,,,,burkina faso,Souroukoudingan,11.235.278,-45.336.389,NA,NA,NA,NA,NA,NA,NA,NA,NA,NA,NA,NA,NA,NA,,point,paper map,Houet,,,yes,combination,yes,IRS,HRI,NA,,NA,,NA,,NA,NA,(Use of Pyrethrum spray catches-PSC),yes,no,no,10,10,2013,2013,,,NA,,nili,,morph,genetic/molecular
NA,no,yes,no,none,1002234,10.1186/s12936-019-2747-5,Epopa,"Seasonal malaria vector and transmission 
dynamics in western Burkina Fas",Malaria Journal,2019,,,,,burkina faso,Pala,11.150.556,-4.423.333,NA,NA,NA,NA,NA,NA,NA,NA,NA,NA,NA,NA,NA,NA,,point,paper map,Houet,,,yes,combination,yes,IRS,HRI,NA,,NA,,NA,,NA,829,(Use of Pyrethrum spray catches-PSC),yes,no,no,10,10,2013,2013,,,NA,,gambiae complex,,morph,
NA,no,yes,no,none,1002234,10.1186/s12936-019-2747-5,Epopa,"Seasonal malaria vector and transmission 
dynamics in western Burkina Fas",Malaria Journal,2019,,,,,burkina faso,Pala,11.150.556,-4.423.333,NA,NA,NA,NA,NA,NA,NA,NA,NA,NA,NA,NA,NA,NA,,point,paper map,Houet,,,yes,combination,yes,IRS,HRI,NA,,NA,,NA,,NA,NA,(Use of Pyrethrum spray catches-PSC),yes,no,no,10,10,2013,2013,,,NA,,funestus,,morph,genetic/molecular
NA,no,yes,no,none,1002234,10.1186/s12936-019-2747-5,Epopa,"Seasonal malaria vector and transmission 
dynamics in western Burkina Fas",Malaria Journal,2019,,,,,burkina faso,Pala,11.150.556,-4.423.333,NA,NA,NA,NA,NA,NA,NA,NA,NA,NA,NA,NA,NA,NA,,point,paper map,Houet,,,yes,combination,yes,IRS,HRI,NA,,NA,,NA,,NA,NA,(Use of Pyrethrum spray catches-PSC),yes,no,no,10,10,2013,2013,,,NA,,nili,,morph,genetic/molecular
NA,no,yes,no,none,1002234,10.1186/s12936-019-2747-5,Epopa,"Seasonal malaria vector and transmission 
dynamics in western Burkina Fas",Malaria Journal,2019,,,,,burkina faso,Bana,11.236.667,-4.477.778,NA,NA,NA,NA,NA,NA,NA,NA,NA,NA,NA,NA,NA,NA,,point,paper map,Houet,,,yes,combination,yes,IRS,HRI,NA,,NA,,NA,,NA,60,(Use of Pyrethrum spray catches-PSC),yes,no,no,11,11,2013,2013,,,NA,,gambiae complex,,morph,
NA,no,yes,no,none,1002234,10.1186/s12936-019-2747-5,Epopa,"Seasonal malaria vector and transmission 
dynamics in western Burkina Fas",Malaria Journal,2019,,,,,burkina faso,Bana,11.236.667,-4.477.778,NA,NA,NA,NA,NA,NA,NA,NA,NA,NA,NA,NA,NA,NA,,point,paper map,Houet,,,yes,combination,yes,IRS,HRI,NA,,NA,,NA,,NA,NA,(Use of Pyrethrum spray catches-PSC),yes,no,no,11,11,2013,2013,,,NA,,funestus,,morph,genetic/molecular
NA,no,yes,no,none,1002234,10.1186/s12936-019-2747-5,Epopa,"Seasonal malaria vector and transmission 
dynamics in western Burkina Fas",Malaria Journal,2019,,,,,burkina faso,Bana,11.236.667,-4.477.778,NA,NA,NA,NA,NA,NA,NA,NA,NA,NA,NA,NA,NA,NA,,point,paper map,Houet,,,yes,combination,yes,IRS,HRI,NA,,NA,,NA,,NA,NA,(Use of Pyrethrum spray catches-PSC),yes,no,no,11,11,2013,2013,,,NA,,nili,,morph,genetic/molecular
NA,no,yes,no,none,1002234,10.1186/s12936-019-2747-5,Epopa,"Seasonal malaria vector and transmission 
dynamics in western Burkina Fas",Malaria Journal,2019,,,,,burkina faso,Souroukoudingan,11.235.278,-45.336.389,NA,NA,NA,NA,NA,NA,NA,NA,NA,NA,NA,NA,NA,NA,,point,paper map,Houet,,,yes,combination,yes,IRS,HRI,NA,,NA,,NA,,NA,42,(Use of Pyrethrum spray catches-PSC),yes,no,no,11,11,2013,2013,,,NA,,gambiae complex,,morph,
NA,no,yes,no,none,1002234,10.1186/s12936-019-2747-5,Epopa,"Seasonal malaria vector and transmission 
dynamics in western Burkina Fas",Malaria Journal,2019,,,,,burkina faso,Souroukoudingan,11.235.278,-45.336.389,NA,NA,NA,NA,NA,NA,NA,NA,NA,NA,NA,NA,NA,NA,,point,paper map,Houet,,,yes,combination,yes,IRS,HRI,NA,,NA,,NA,,NA,0,(Use of Pyrethrum spray catches-PSC),no,yes,no,11,11,2013,2013,,,NA,,funestus,,morph,genetic/molecular
NA,no,yes,no,none,1002234,10.1186/s12936-019-2747-5,Epopa,"Seasonal malaria vector and transmission 
dynamics in western Burkina Fas",Malaria Journal,2019,,,,,burkina faso,Souroukoudingan,11.235.278,-45.336.389,NA,NA,NA,NA,NA,NA,NA,NA,NA,NA,NA,NA,NA,NA,,point,paper map,Houet,,,yes,combination,yes,IRS,HRI,NA,,NA,,NA,,NA,0,(Use of Pyrethrum spray catches-PSC),no,yes,no,11,11,2013,2013,,,NA,,nili,,morph,genetic/molecular
NA,no,yes,no,none,1002234,10.1186/s12936-019-2747-5,Epopa,"Seasonal malaria vector and transmission 
dynamics in western Burkina Fas",Malaria Journal,2019,,,,,burkina faso,Pala,11.150.556,-4.423.333,NA,NA,NA,NA,NA,NA,NA,NA,NA,NA,NA,NA,NA,NA,,point,paper map,Houet,,,yes,combination,yes,IRS,HRI,NA,,NA,,NA,,NA,105,(Use of Pyrethrum spray catches-PSC),yes,no,no,11,11,2013,2013,,,NA,,gambiae complex,,morph,
NA,no,yes,no,none,1002234,10.1186/s12936-019-2747-5,Epopa,"Seasonal malaria vector and transmission 
dynamics in western Burkina Fas",Malaria Journal,2019,,,,,burkina faso,Pala,11.150.556,-4.423.333,NA,NA,NA,NA,NA,NA,NA,NA,NA,NA,NA,NA,NA,NA,,point,paper map,Houet,,,yes,combination,yes,IRS,HRI,NA,,NA,,NA,,NA,NA,(Use of Pyrethrum spray catches-PSC),yes,no,no,11,11,2013,2013,,,NA,,funestus,,morph,genetic/molecular
NA,no,yes,no,none,1002234,10.1186/s12936-019-2747-5,Epopa,"Seasonal malaria vector and transmission 
dynamics in western Burkina Fas",Malaria Journal,2019,,,,,burkina faso,Pala,11.150.556,-4.423.333,NA,NA,NA,NA,NA,NA,NA,NA,NA,NA,NA,NA,NA,NA,,point,paper map,Houet,,,yes,combination,yes,IRS,HRI,NA,,NA,,NA,,NA,NA,(Use of Pyrethrum spray catches-PSC),yes,no,no,11,11,2013,2013,,,NA,,nili,,morph,genetic/molecular
NA,no,yes,no,none,1002234,10.1186/s12936-019-2747-5,Epopa,"Seasonal malaria vector and transmission 
dynamics in western Burkina Fas",Malaria Journal,2019,,,,,burkina faso,Bana,11.236.667,-4.477.778,NA,NA,NA,NA,NA,NA,NA,NA,NA,NA,NA,NA,NA,NA,,point,paper map,Houet,,,yes,combination,yes,IRS,HRI,NA,,NA,,NA,,NA,1,(Use of Pyrethrum spray catches-PSC),yes,no,no,12,12,2013,2013,,,NA,,gambiae complex,,morph,
NA,no,yes,no,none,1002234,10.1186/s12936-019-2747-5,Epopa,"Seasonal malaria vector and transmission 
dynamics in western Burkina Fas",Malaria Journal,2019,,,,,burkina faso,Bana,11.236.667,-4.477.778,NA,NA,NA,NA,NA,NA,NA,NA,NA,NA,NA,NA,NA,NA,,point,paper map,Houet,,,yes,combination,yes,IRS,HRI,NA,,NA,,NA,,NA,0,(Use of Pyrethrum spray catches-PSC),no,yes,no,12,12,2013,2013,,,NA,,funestus,,morph,genetic/molecular
NA,no,yes,no,none,1002234,10.1186/s12936-019-2747-5,Epopa,"Seasonal malaria vector and transmission 
dynamics in western Burkina Fas",Malaria Journal,2019,,,,,burkina faso,Bana,11.236.667,-4.477.778,NA,NA,NA,NA,NA,NA,NA,NA,NA,NA,NA,NA,NA,NA,,point,paper map,Houet,,,yes,combination,yes,IRS,HRI,NA,,NA,,NA,,NA,0,(Use of Pyrethrum spray catches-PSC),no,yes,no,12,12,2013,2013,,,NA,,nili,,morph,genetic/molecular
NA,no,yes,no,none,1002234,10.1186/s12936-019-2747-5,Epopa,"Seasonal malaria vector and transmission 
dynamics in western Burkina Fas",Malaria Journal,2019,,,,,burkina faso,Souroukoudingan,11.235.278,-45.336.389,NA,NA,NA,NA,NA,NA,NA,NA,NA,NA,NA,NA,NA,NA,,point,paper map,Houet,,,yes,combination,yes,IRS,HRI,NA,,NA,,NA,,NA,1,(Use of Pyrethrum spray catches-PSC),no,yes,no,12,12,2013,2013,,,NA,,gambiae complex,,morph,
NA,no,yes,no,none,1002234,10.1186/s12936-019-2747-5,Epopa,"Seasonal malaria vector and transmission 
dynamics in western Burkina Fas",Malaria Journal,2019,,,,,burkina faso,Souroukoudingan,11.235.278,-45.336.389,NA,NA,NA,NA,NA,NA,NA,NA,NA,NA,NA,NA,NA,NA,,point,paper map,Houet,,,yes,combination,yes,IRS,HRI,NA,,NA,,NA,,NA,0,(Use of Pyrethrum spray catches-PSC),no,yes,no,12,12,2013,2013,,,NA,,funestus,,morph,genetic/molecular
NA,no,yes,no,none,1002234,10.1186/s12936-019-2747-5,Epopa,"Seasonal malaria vector and transmission 
dynamics in western Burkina Fas",Malaria Journal,2019,,,,,burkina faso,Souroukoudingan,11.235.278,-45.336.389,NA,NA,NA,NA,NA,NA,NA,NA,NA,NA,NA,NA,NA,NA,,point,paper map,Houet,,,yes,combination,yes,IRS,HRI,NA,,NA,,NA,,NA,0,(Use of Pyrethrum spray catches-PSC),no,yes,no,12,12,2013,2013,,,NA,,nili,,morph,genetic/molecular
NA,no,yes,no,none,1002234,10.1186/s12936-019-2747-5,Epopa,"Seasonal malaria vector and transmission 
dynamics in western Burkina Fas",Malaria Journal,2019,,,,,burkina faso,Pala,11.150.556,-4.423.333,NA,NA,NA,NA,NA,NA,NA,NA,NA,NA,NA,NA,NA,NA,,point,paper map,Houet,,,yes,combination,yes,IRS,HRI,NA,,NA,,NA,,NA,6,(Use of Pyrethrum spray catches-PSC),yes,no,no,12,12,2013,2013,,,NA,,gambiae complex,,morph,
NA,no,yes,no,none,1002234,10.1186/s12936-019-2747-5,Epopa,"Seasonal malaria vector and transmission 
dynamics in western Burkina Fas",Malaria Journal,2019,,,,,burkina faso,Pala,11.150.556,-4.423.333,NA,NA,NA,NA,NA,NA,NA,NA,NA,NA,NA,NA,NA,NA,,point,paper map,Houet,,,yes,combination,yes,IRS,HRI,NA,,NA,,NA,,NA,0,(Use of Pyrethrum spray catches-PSC),no,yes,no,12,12,2013,2013,,,NA,,funestus,,morph,genetic/molecular
NA,no,yes,no,none,1002234,10.1186/s12936-019-2747-5,Epopa,"Seasonal malaria vector and transmission 
dynamics in western Burkina Fas",Malaria Journal,2019,,,,,burkina faso,Pala,11.150.556,-4.423.333,NA,NA,NA,NA,NA,NA,NA,NA,NA,NA,NA,NA,NA,NA,,point,paper map,Houet,,,yes,combination,yes,IRS,HRI,NA,,NA,,NA,,NA,0,(Use of Pyrethrum spray catches-PSC),no,yes,no,12,12,2013,2013,,,NA,,nili,,morph,genetic/molecular
